customer_id,first_name,last_name,gender,age,city,state,region,customer_segment,signup_date
10001,Nikhil,Nair,Female,21,Lucknow,Uttar Pradesh,North,Consumer,12/12/2025
10002,Vikram,Nair,Other,50,Hyderabad,Telangana,South,Consumer,8/27/2024
10003,Karan,Dutta,Male,48,Bhubaneswar,Odisha,East,Consumer,2/11/2023
10004,Sneha,Khan,Male,60,Jaipur,Rajasthan,North,Small Business,8/27/2025
10005,Meera,Jain,Female,45,Kolkata,West Bengal,East,Consumer,10/23/2025
10006,Riya,Roy,Male,50,Bhopal,Madhya Pradesh,Central,Consumer,10/28/2023
10007,Priya,Dutta,Female,35,Lucknow,Uttar Pradesh,North,Small Business,3/8/2024
10008,Tanya,Das,Female,36,Patna,Bihar,East,Corporate,1/29/2023
10009,Ishita,Jain,Female,37,Mumbai,Maharashtra,West,Consumer,5/15/2025
10010,Ananya,Patel,Male,64,Hyderabad,Telangana,South,Corporate,4/17/2025
10011,Aditya,Malhotra,Male,40,Chennai,Tamil Nadu,South,Consumer,1/23/2023
10012,Priya,Reddy,Female,59,Ludhiana,Punjab,North,Consumer,1/28/2025
10013,Vikram,Bose,Male,33,Ahmedabad,Gujarat,West,Consumer,3/20/2024
10014,Rahul,Jain,Female,50,Bhubaneswar,Odisha,East,Consumer,8/12/2024
10015,Sneha,Banerjee,Male,31,Hyderabad,Telangana,South,Consumer,8/24/2023
10016,Nikhil,Roy,Male,37,Mumbai,Maharashtra,West,Corporate,5/30/2025
10017,Riya,Reddy,Male,59,New Delhi,Delhi,North,Consumer,3/12/2024
10018,Kavya,Iyer,Male,50,Kolkata,West Bengal,East,Consumer,6/26/2025
10019,Riya,Bose,Female,41,Bhubaneswar,Odisha,East,Small Business,6/10/2023
10020,Ishita,Chatterjee,Female,37,Ahmedabad,Gujarat,West,Small Business,9/26/2024
10021,Pooja,Chatterjee,Female,56,Lucknow,Uttar Pradesh,North,Corporate,12/1/2023
10022,Tanya,Khan,Female,25,Chennai,Tamil Nadu,South,Corporate,11/9/2025
10023,Priya,Verma,Male,58,Bhopal,Madhya Pradesh,Central,Small Business,8/24/2024
10024,Riya,Verma,Male,47,Kochi,Kerala,South,Corporate,2/16/2025
10025,Kavya,Ghosh,Female,33,Lucknow,Uttar Pradesh,North,Consumer,4/4/2023
10026,Meera,Chatterjee,Male,51,Mumbai,Maharashtra,West,Consumer,1/1/2025
10027,Neha,Singh,Male,65,Hyderabad,Telangana,South,Consumer,4/20/2023
10028,Riya,Roy,Male,34,Kolkata,West Bengal,East,Consumer,1/26/2024
10029,Vikram,Sharma,Female,36,Mumbai,Maharashtra,West,Consumer,8/29/2023
10030,Sneha,Iyer,Male,62,Jaipur,Rajasthan,North,Consumer,1/3/2023
10031,Ishita,Nair,Male,34,Lucknow,Uttar Pradesh,North,Consumer,9/25/2024
10032,Riya,Roy,Female,59,Gurugram,Haryana,North,Consumer,9/18/2023
10033,Rohan,Chatterjee,Female,61,Bengaluru,Karnataka,South,Consumer,7/7/2024
10034,Tanya,Sharma,Male,45,Chennai,Tamil Nadu,South,Consumer,4/5/2025
10035,Arjun,Malhotra,Female,21,Hyderabad,Telangana,South,Consumer,7/12/2023
10036,Nikhil,Nair,Male,20,Mumbai,Maharashtra,West,Consumer,2/5/2025
10037,Vikram,Nair,Male,31,Mumbai,Maharashtra,West,Consumer,11/17/2023
10038,Neha,Chatterjee,Male,18,Hyderabad,Telangana,South,Consumer,12/24/2023
10039,Nikhil,Khan,Male,54,Mumbai,Maharashtra,West,Corporate,9/15/2024
10040,Rahul,Reddy,Male,48,Jaipur,Rajasthan,North,Small Business,11/6/2024
10041,Tanya,Chatterjee,Female,39,Hyderabad,Telangana,South,Consumer,12/8/2024
10042,Priya,Singh,Male,57,Bhubaneswar,Odisha,East,Corporate,7/30/2023
10043,Rohan,Dutta,Female,24,Lucknow,Uttar Pradesh,North,Small Business,9/17/2024
10044,Aditya,Chatterjee,Male,42,Bengaluru,Karnataka,South,Small Business,10/12/2023
10045,Karan,Sen,Male,34,Bhubaneswar,Odisha,East,Corporate,10/27/2023
10046,Rohan,Dutta,Female,19,Patna,Bihar,East,Consumer,10/20/2025
10047,Kavya,Roy,Female,40,Chennai,Tamil Nadu,South,Consumer,4/19/2023
10048,Arjun,Ghosh,Male,24,Bengaluru,Karnataka,South,Consumer,3/22/2024
10049,Pooja,Nair,Male,20,Jaipur,Rajasthan,North,Consumer,4/19/2024
10050,Pooja,Reddy,Female,28,Mumbai,Maharashtra,West,Consumer,9/22/2023
10051,Vikram,Mehta,Male,27,Mumbai,Maharashtra,West,Small Business,4/28/2025
10052,Karan,Reddy,Female,48,Kolkata,West Bengal,East,Consumer,6/10/2024
10053,Amit,Gupta,Female,56,Patna,Bihar,East,Consumer,2/15/2025
10054,Nikhil,Bose,Male,41,Jaipur,Rajasthan,North,Small Business,2/22/2024
10055,Rahul,Roy,Female,48,Lucknow,Uttar Pradesh,North,Consumer,8/26/2025
10056,Ishita,Reddy,Male,22,Patna,Bihar,East,Consumer,2/26/2025
10057,Neha,Jain,Female,55,Hyderabad,Telangana,South,Consumer,12/26/2023
10058,Rohan,Ghosh,Female,42,New Delhi,Delhi,North,Consumer,11/5/2025
10059,Tanya,Das,Female,38,Mumbai,Maharashtra,West,Consumer,7/23/2025
10060,Vikram,Banerjee,Other,59,Kolkata,West Bengal,East,Consumer,10/1/2024
10061,Neha,Patel,Female,33,Jaipur,Rajasthan,North,Consumer,1/18/2023
10062,Ananya,Dutta,Male,39,Hyderabad,Telangana,South,Consumer,9/30/2024
10063,Aditya,Khan,Male,62,New Delhi,Delhi,North,Corporate,1/16/2025
10064,Karan,Bose,Male,25,Lucknow,Uttar Pradesh,North,Consumer,1/30/2024
10065,Aditya,Dutta,Male,43,Ahmedabad,Gujarat,West,Consumer,6/5/2023
10066,Kavya,Patel,Female,45,New Delhi,Delhi,North,Consumer,9/1/2024
10067,Aarav,Jain,Male,51,New Delhi,Delhi,North,Corporate,5/15/2025
10068,Ananya,Sen,Female,62,Bengaluru,Karnataka,South,Consumer,12/11/2023
10069,Rohan,Patel,Male,34,Kolkata,West Bengal,East,Consumer,5/7/2024
10070,Rohan,Gupta,Male,23,Hyderabad,Telangana,South,Consumer,1/2/2023
10071,Sahil,Iyer,Male,37,Mumbai,Maharashtra,West,Consumer,1/30/2025
10072,Meera,Malhotra,Other,25,Chennai,Tamil Nadu,South,Corporate,7/24/2025
10073,Ishita,Nair,Male,52,Bhubaneswar,Odisha,East,Small Business,4/18/2025
10074,Vikram,Roy,Male,45,Mumbai,Maharashtra,West,Consumer,4/8/2024
10075,Priya,Gupta,Male,54,Kolkata,West Bengal,East,Consumer,2/18/2023
10076,Vikram,Sen,Other,34,Bengaluru,Karnataka,South,Consumer,6/15/2024
10077,Amit,Chatterjee,Male,63,Bengaluru,Karnataka,South,Corporate,10/12/2025
10078,Amit,Iyer,Female,60,Jaipur,Rajasthan,North,Consumer,4/1/2023
10079,Tanya,Sharma,Male,61,New Delhi,Delhi,North,Consumer,8/20/2023
10080,Neha,Das,Male,52,Patna,Bihar,East,Small Business,6/23/2025
10081,Rohan,Das,Female,26,Jaipur,Rajasthan,North,Consumer,9/5/2024
10082,Riya,Reddy,Female,25,Chennai,Tamil Nadu,South,Corporate,7/3/2023
10083,Pooja,Iyer,Female,63,Patna,Bihar,East,Consumer,1/27/2023
10084,Sahil,Banerjee,Male,59,Mumbai,Maharashtra,West,Small Business,3/19/2024
10085,Neha,Jain,Other,60,Kolkata,West Bengal,East,Corporate,10/4/2024
10086,Nikhil,Singh,Female,48,Kolkata,West Bengal,East,Consumer,6/26/2025
10087,Rohan,Sharma,Female,59,Lucknow,Uttar Pradesh,North,Consumer,8/12/2025
10088,Riya,Gupta,Male,41,Hyderabad,Telangana,South,Consumer,5/9/2024
10089,Karan,Roy,Male,25,Mumbai,Maharashtra,West,Consumer,4/1/2024
10090,Aarav,Jain,Male,30,New Delhi,Delhi,North,Consumer,10/2/2025
10091,Riya,Bose,Female,58,Mumbai,Maharashtra,West,Small Business,4/19/2025
10092,Amit,Ghosh,Female,49,Jaipur,Rajasthan,North,Corporate,8/15/2023
10093,Aditya,Dutta,Male,65,Hyderabad,Telangana,South,Small Business,1/5/2025
10094,Karan,Banerjee,Male,61,Chennai,Tamil Nadu,South,Consumer,2/11/2025
10095,Amit,Roy,Male,54,Bengaluru,Karnataka,South,Consumer,9/10/2023
10096,Sneha,Sen,Male,19,Ahmedabad,Gujarat,West,Consumer,11/22/2025
10097,Karan,Patel,Female,26,Chennai,Tamil Nadu,South,Consumer,11/17/2023
10098,Vikram,Dutta,Male,36,Kolkata,West Bengal,East,Consumer,8/16/2024
10099,Neha,Ghosh,Male,19,Kolkata,West Bengal,East,Consumer,6/17/2024
10100,Amit,Jain,Male,62,Gurugram,Haryana,North,Consumer,1/17/2025
10101,Sneha,Gupta,Male,28,Ludhiana,Punjab,North,Consumer,8/31/2025
10102,Vikram,Chatterjee,Female,36,Jaipur,Rajasthan,North,Consumer,2/29/2024
10103,Neha,Sen,Male,50,Bengaluru,Karnataka,South,Consumer,2/20/2024
10104,Aarav,Verma,Female,19,Gurugram,Haryana,North,Corporate,3/22/2025
10105,Rahul,Nair,Female,48,Lucknow,Uttar Pradesh,North,Corporate,10/25/2025
10106,Riya,Reddy,Female,22,Lucknow,Uttar Pradesh,North,Consumer,9/8/2025
10107,Ananya,Mehta,Male,61,Hyderabad,Telangana,South,Consumer,3/23/2025
10108,Aditya,Chatterjee,Female,51,Bengaluru,Karnataka,South,Consumer,1/29/2025
10109,Nikhil,Mehta,Female,34,Kolkata,West Bengal,East,Consumer,4/10/2025
10110,Nikhil,Verma,Male,51,Ludhiana,Punjab,North,Consumer,10/7/2025
10111,Kavya,Dutta,Female,33,Hyderabad,Telangana,South,Consumer,1/12/2023
10112,Neha,Reddy,Male,23,Mumbai,Maharashtra,West,Small Business,9/27/2024
10113,Rahul,Sen,Male,18,Bengaluru,Karnataka,South,Consumer,2/6/2023
10114,Sneha,Malhotra,Male,28,New Delhi,Delhi,North,Consumer,9/15/2024
10115,Kavya,Banerjee,Female,51,Mumbai,Maharashtra,West,Consumer,3/2/2024
10116,Nikhil,Chatterjee,Male,45,Bhubaneswar,Odisha,East,Small Business,11/25/2023
10117,Tanya,Iyer,Male,31,Lucknow,Uttar Pradesh,North,Consumer,8/20/2025
10118,Sneha,Jain,Male,50,Lucknow,Uttar Pradesh,North,Small Business,2/5/2025
10119,Ishita,Malhotra,Male,36,Hyderabad,Telangana,South,Corporate,9/4/2024
10120,Vikram,Verma,Male,25,Ahmedabad,Gujarat,West,Corporate,8/10/2025
10121,Riya,Chatterjee,Female,50,Ahmedabad,Gujarat,West,Consumer,4/16/2023
10122,Aarav,Iyer,Male,39,Ahmedabad,Gujarat,West,Consumer,11/29/2024
10123,Arjun,Jain,Female,49,Kolkata,West Bengal,East,Corporate,6/18/2023
10124,Amit,Singh,Female,44,Chennai,Tamil Nadu,South,Small Business,9/9/2023
10125,Rahul,Chatterjee,Female,22,Kolkata,West Bengal,East,Small Business,7/19/2023
10126,Amit,Mehta,Female,20,Hyderabad,Telangana,South,Small Business,8/10/2024
10127,Sneha,Banerjee,Male,22,Bengaluru,Karnataka,South,Consumer,11/10/2024
10128,Kavya,Khan,Female,28,Mumbai,Maharashtra,West,Consumer,3/27/2025
10129,Aarav,Chatterjee,Male,28,Kolkata,West Bengal,East,Consumer,4/20/2024
10130,Rohan,Sen,Male,62,Ahmedabad,Gujarat,West,Consumer,10/11/2025
10131,Rahul,Sharma,Male,55,Mumbai,Maharashtra,West,Consumer,2/8/2024
10132,Aditya,Dutta,Female,60,Ludhiana,Punjab,North,Consumer,6/19/2023
10133,Neha,Verma,Female,40,Ahmedabad,Gujarat,West,Consumer,2/9/2023
10134,Ananya,Singh,Male,33,Chennai,Tamil Nadu,South,Consumer,5/18/2023
10135,Pooja,Roy,Female,37,Ahmedabad,Gujarat,West,Consumer,4/25/2024
10136,Tanya,Bose,Male,59,Kolkata,West Bengal,East,Consumer,3/21/2024
10137,Arjun,Sen,Male,35,Gurugram,Haryana,North,Consumer,7/11/2025
10138,Riya,Gupta,Male,48,Hyderabad,Telangana,South,Consumer,5/16/2023
10139,Tanya,Banerjee,Female,24,Patna,Bihar,East,Corporate,10/11/2023
10140,Karan,Sharma,Female,65,Kolkata,West Bengal,East,Consumer,11/24/2025
10141,Nikhil,Mehta,Male,48,Hyderabad,Telangana,South,Consumer,1/31/2023
10142,Amit,Sharma,Male,64,Hyderabad,Telangana,South,Consumer,4/3/2024
10143,Amit,Bose,Female,32,Gurugram,Haryana,North,Consumer,8/3/2023
10144,Ananya,Verma,Female,47,New Delhi,Delhi,North,Consumer,7/30/2024
10145,Vikram,Roy,Male,31,Hyderabad,Telangana,South,Corporate,11/17/2025
10146,Sneha,Banerjee,Female,40,Bengaluru,Karnataka,South,Consumer,9/3/2023
10147,Sahil,Singh,Female,33,Bengaluru,Karnataka,South,Small Business,2/4/2024
10148,Arjun,Sen,Male,24,New Delhi,Delhi,North,Consumer,4/30/2024
10149,Arjun,Patel,Male,39,Hyderabad,Telangana,South,Consumer,5/12/2025
10150,Neha,Nair,Female,43,Kolkata,West Bengal,East,Small Business,11/29/2025
10151,Tanya,Reddy,Male,25,Bhubaneswar,Odisha,East,Corporate,4/15/2023
10152,Tanya,Banerjee,Male,37,Kochi,Kerala,South,Consumer,6/11/2024
10153,Neha,Das,Female,22,Mumbai,Maharashtra,West,Consumer,3/23/2025
10154,Aditya,Das,Female,48,New Delhi,Delhi,North,Consumer,1/10/2023
10155,Priya,Bose,Female,33,Kolkata,West Bengal,East,Corporate,5/20/2025
10156,Tanya,Sen,Female,22,Jaipur,Rajasthan,North,Consumer,9/19/2023
10157,Ananya,Gupta,Male,42,Bengaluru,Karnataka,South,Consumer,7/13/2024
10158,Aarav,Patel,Female,58,Jaipur,Rajasthan,North,Consumer,11/22/2025
10159,Vikram,Nair,Male,65,Lucknow,Uttar Pradesh,North,Small Business,11/16/2024
10160,Sneha,Das,Female,64,Lucknow,Uttar Pradesh,North,Consumer,12/4/2025
10161,Ishita,Dutta,Male,26,Kolkata,West Bengal,East,Small Business,10/13/2024
10162,Nikhil,Roy,Male,28,Ludhiana,Punjab,North,Consumer,8/16/2023
10163,Priya,Das,Male,60,Mumbai,Maharashtra,West,Consumer,1/18/2025
10164,Meera,Chatterjee,Female,48,Kolkata,West Bengal,East,Consumer,10/26/2024
10165,Rahul,Khan,Female,44,New Delhi,Delhi,North,Consumer,12/2/2023
10166,Rohan,Nair,Female,56,Chennai,Tamil Nadu,South,Consumer,3/25/2023
10167,Arjun,Sharma,Male,21,Bhubaneswar,Odisha,East,Consumer,12/1/2024
10168,Pooja,Malhotra,Male,44,Patna,Bihar,East,Consumer,9/15/2024
10169,Meera,Sen,Female,45,Bengaluru,Karnataka,South,Corporate,4/15/2025
10170,Meera,Jain,Male,62,Gurugram,Haryana,North,Consumer,5/16/2023
10171,Ananya,Dutta,Female,40,Bengaluru,Karnataka,South,Consumer,8/4/2024
10172,Kavya,Iyer,Female,42,New Delhi,Delhi,North,Consumer,6/3/2025
10173,Aarav,Sen,Female,56,Bengaluru,Karnataka,South,Consumer,8/20/2025
10174,Karan,Sen,Male,30,Gurugram,Haryana,North,Consumer,10/11/2025
10175,Amit,Nair,Female,21,Mumbai,Maharashtra,West,Consumer,8/17/2023
10176,Ananya,Sharma,Female,40,Kolkata,West Bengal,East,Corporate,7/6/2023
10177,Aarav,Patel,Female,47,Hyderabad,Telangana,South,Small Business,9/14/2024
10178,Riya,Ghosh,Female,41,Bhopal,Madhya Pradesh,Central,Consumer,5/14/2024
10179,Amit,Sharma,Male,51,Kochi,Kerala,South,Consumer,9/11/2023
10180,Karan,Gupta,Female,30,Lucknow,Uttar Pradesh,North,Small Business,4/21/2023
10181,Aarav,Ghosh,Male,18,Kochi,Kerala,South,Consumer,6/5/2023
10182,Vikram,Gupta,Female,55,Kochi,Kerala,South,Consumer,1/2/2024
10183,Kavya,Dutta,Female,58,New Delhi,Delhi,North,Consumer,3/9/2025
10184,Rahul,Reddy,Female,47,Bengaluru,Karnataka,South,Consumer,3/12/2023
10185,Karan,Sharma,Male,33,Lucknow,Uttar Pradesh,North,Consumer,4/24/2023
10186,Priya,Singh,Female,35,Jaipur,Rajasthan,North,Small Business,10/13/2023
10187,Priya,Dutta,Male,41,Chennai,Tamil Nadu,South,Consumer,8/1/2025
10188,Sneha,Sharma,Male,38,Kolkata,West Bengal,East,Consumer,12/5/2025
10189,Sneha,Banerjee,Female,28,Lucknow,Uttar Pradesh,North,Consumer,4/20/2024
10190,Ishita,Dutta,Male,35,Bengaluru,Karnataka,South,Consumer,2/18/2023
10191,Rahul,Mehta,Male,32,Gurugram,Haryana,North,Small Business,1/13/2023
10192,Sneha,Sen,Female,39,Bengaluru,Karnataka,South,Small Business,7/16/2025
10193,Karan,Sharma,Female,36,Mumbai,Maharashtra,West,Corporate,4/25/2024
10194,Sneha,Khan,Female,43,Bhubaneswar,Odisha,East,Consumer,3/25/2023
10195,Pooja,Iyer,Female,56,Mumbai,Maharashtra,West,Corporate,6/19/2025
10196,Aarav,Das,Female,33,Mumbai,Maharashtra,West,Consumer,7/25/2024
10197,Aarav,Iyer,Male,20,Ahmedabad,Gujarat,West,Consumer,1/13/2024
10198,Meera,Verma,Male,57,Kochi,Kerala,South,Consumer,5/3/2024
10199,Ishita,Sen,Female,26,Mumbai,Maharashtra,West,Consumer,9/1/2023
10200,Karan,Reddy,Female,62,Bengaluru,Karnataka,South,Consumer,10/3/2025
10201,Amit,Malhotra,Male,43,Lucknow,Uttar Pradesh,North,Corporate,4/30/2025
10202,Aarav,Nair,Male,43,Bhopal,Madhya Pradesh,Central,Small Business,8/3/2023
10203,Tanya,Mehta,Female,37,New Delhi,Delhi,North,Consumer,3/4/2025
10204,Aditya,Banerjee,Female,52,Mumbai,Maharashtra,West,Consumer,7/14/2023
10205,Meera,Das,Female,49,Kolkata,West Bengal,East,Consumer,5/4/2024
10206,Aditya,Sen,Female,62,Mumbai,Maharashtra,West,Consumer,3/19/2025
10207,Aditya,Sharma,Female,18,Mumbai,Maharashtra,West,Consumer,2/9/2023
10208,Karan,Khan,Female,27,Jaipur,Rajasthan,North,Consumer,2/22/2025
10209,Ananya,Banerjee,Male,31,Mumbai,Maharashtra,West,Consumer,9/2/2023
10210,Karan,Ghosh,Female,27,New Delhi,Delhi,North,Consumer,1/25/2025
10211,Tanya,Khan,Female,63,Jaipur,Rajasthan,North,Small Business,6/23/2024
10212,Karan,Gupta,Female,21,Ahmedabad,Gujarat,West,Corporate,1/29/2023
10213,Riya,Chatterjee,Male,23,Mumbai,Maharashtra,West,Consumer,4/2/2025
10214,Pooja,Singh,Female,39,Patna,Bihar,East,Consumer,10/8/2023
10215,Arjun,Patel,Female,30,Lucknow,Uttar Pradesh,North,Consumer,10/25/2025
10216,Aarav,Nair,Male,33,Lucknow,Uttar Pradesh,North,Consumer,6/26/2025
10217,Priya,Mehta,Other,46,Mumbai,Maharashtra,West,Corporate,7/28/2023
10218,Rohan,Malhotra,Female,44,Mumbai,Maharashtra,West,Consumer,10/10/2024
10219,Arjun,Chatterjee,Female,59,Ludhiana,Punjab,North,Consumer,1/26/2024
10220,Arjun,Dutta,Female,39,Chennai,Tamil Nadu,South,Consumer,10/12/2024
10221,Kavya,Nair,Male,62,Bengaluru,Karnataka,South,Corporate,8/24/2024
10222,Ishita,Bose,Female,27,Hyderabad,Telangana,South,Corporate,11/16/2023
10223,Ananya,Singh,Male,27,Jaipur,Rajasthan,North,Consumer,12/4/2024
10224,Aditya,Iyer,Female,36,Gurugram,Haryana,North,Small Business,10/8/2023
10225,Pooja,Dutta,Female,23,Bengaluru,Karnataka,South,Consumer,9/6/2025
10226,Amit,Jain,Female,19,Ludhiana,Punjab,North,Consumer,10/19/2025
10227,Priya,Verma,Female,35,Kolkata,West Bengal,East,Corporate,6/29/2023
10228,Ananya,Dutta,Female,43,New Delhi,Delhi,North,Consumer,2/24/2025
10229,Tanya,Sen,Male,31,Ahmedabad,Gujarat,West,Consumer,9/30/2025
10230,Karan,Sharma,Male,31,Kolkata,West Bengal,East,Consumer,5/18/2023
10231,Tanya,Jain,Male,22,Mumbai,Maharashtra,West,Consumer,3/9/2025
10232,Rohan,Verma,Female,23,Chennai,Tamil Nadu,South,Consumer,10/9/2025
10233,Aarav,Sharma,Female,60,Gurugram,Haryana,North,Consumer,9/1/2023
10234,Sneha,Roy,Female,21,Ahmedabad,Gujarat,West,Consumer,9/20/2024
10235,Rohan,Das,Male,51,Gurugram,Haryana,North,Consumer,5/11/2025
10236,Amit,Reddy,Female,52,Patna,Bihar,East,Consumer,12/27/2023
10237,Amit,Bose,Male,27,Hyderabad,Telangana,South,Corporate,9/14/2023
10238,Riya,Dutta,Other,29,Patna,Bihar,East,Small Business,3/4/2024
10239,Neha,Singh,Female,35,Kolkata,West Bengal,East,Consumer,12/29/2023
10240,Rohan,Bose,Female,49,Kolkata,West Bengal,East,Consumer,2/22/2025
10241,Karan,Mehta,Female,19,Bhubaneswar,Odisha,East,Consumer,2/5/2024
10242,Sneha,Gupta,Male,57,Patna,Bihar,East,Consumer,2/11/2024
10243,Vikram,Nair,Male,34,Mumbai,Maharashtra,West,Consumer,10/17/2025
10244,Amit,Reddy,Female,41,New Delhi,Delhi,North,Consumer,9/17/2024
10245,Priya,Banerjee,Female,61,Ahmedabad,Gujarat,West,Corporate,9/30/2025
10246,Ananya,Sharma,Male,24,Kochi,Kerala,South,Small Business,2/6/2025
10247,Amit,Bose,Male,63,Ahmedabad,Gujarat,West,Consumer,8/14/2025
10248,Nikhil,Singh,Female,47,Chennai,Tamil Nadu,South,Consumer,7/31/2023
10249,Aditya,Singh,Male,38,Chennai,Tamil Nadu,South,Corporate,10/10/2025
10250,Tanya,Ghosh,Male,21,Hyderabad,Telangana,South,Corporate,10/16/2025
10251,Ananya,Jain,Male,21,Jaipur,Rajasthan,North,Consumer,2/14/2023
10252,Sahil,Jain,Female,57,Kochi,Kerala,South,Consumer,1/20/2024
10253,Tanya,Malhotra,Male,37,Hyderabad,Telangana,South,Consumer,3/22/2024
10254,Priya,Malhotra,Male,54,Bengaluru,Karnataka,South,Consumer,3/28/2024
10255,Aarav,Patel,Male,57,Mumbai,Maharashtra,West,Corporate,4/20/2025
10256,Pooja,Sen,Male,37,Lucknow,Uttar Pradesh,North,Consumer,1/24/2025
10257,Meera,Chatterjee,Female,33,Patna,Bihar,East,Consumer,8/18/2023
10258,Riya,Khan,Male,30,Kolkata,West Bengal,East,Consumer,10/19/2024
10259,Karan,Chatterjee,Male,48,Kolkata,West Bengal,East,Consumer,11/18/2025
10260,Meera,Banerjee,Female,52,Ahmedabad,Gujarat,West,Small Business,4/20/2024
10261,Arjun,Banerjee,Female,34,Mumbai,Maharashtra,West,Consumer,9/29/2025
10262,Vikram,Sharma,Male,45,Bhubaneswar,Odisha,East,Corporate,12/2/2024
10263,Riya,Ghosh,Male,43,Bengaluru,Karnataka,South,Corporate,9/25/2025
10264,Ananya,Malhotra,Female,24,Mumbai,Maharashtra,West,Consumer,9/2/2025
10265,Ishita,Bose,Female,43,Ludhiana,Punjab,North,Consumer,1/19/2023
10266,Rohan,Sen,Female,54,Mumbai,Maharashtra,West,Consumer,5/14/2025
10267,Riya,Nair,Male,64,Bengaluru,Karnataka,South,Consumer,7/24/2023
10268,Sahil,Singh,Female,34,Mumbai,Maharashtra,West,Consumer,6/9/2025
10269,Rahul,Ghosh,Male,29,Kolkata,West Bengal,East,Consumer,5/22/2025
10270,Meera,Verma,Male,60,Kolkata,West Bengal,East,Consumer,10/7/2023
10271,Ananya,Dutta,Female,62,Kolkata,West Bengal,East,Small Business,3/13/2023
10272,Vikram,Chatterjee,Female,57,Mumbai,Maharashtra,West,Corporate,3/28/2024
10273,Amit,Das,Male,34,Kolkata,West Bengal,East,Corporate,11/24/2023
10274,Ishita,Malhotra,Male,31,Ahmedabad,Gujarat,West,Small Business,8/21/2024
10275,Aditya,Chatterjee,Female,47,Jaipur,Rajasthan,North,Corporate,3/30/2023
10276,Kavya,Roy,Male,30,Chennai,Tamil Nadu,South,Consumer,2/17/2023
10277,Arjun,Gupta,Male,54,Bengaluru,Karnataka,South,Consumer,4/17/2024
10278,Sahil,Singh,Male,37,New Delhi,Delhi,North,Corporate,4/11/2025
10279,Pooja,Sen,Male,33,Kochi,Kerala,South,Small Business,12/7/2023
10280,Kavya,Dutta,Female,56,Bhubaneswar,Odisha,East,Corporate,12/16/2023
10281,Aditya,Dutta,Male,35,Kolkata,West Bengal,East,Consumer,6/27/2023
10282,Sneha,Mehta,Female,24,Mumbai,Maharashtra,West,Corporate,11/2/2023
10283,Neha,Khan,Female,56,Mumbai,Maharashtra,West,Consumer,11/19/2023
10284,Karan,Khan,Male,33,Bengaluru,Karnataka,South,Consumer,10/8/2023
10285,Nikhil,Reddy,Female,49,New Delhi,Delhi,North,Consumer,1/7/2024
10286,Meera,Singh,Male,49,Chennai,Tamil Nadu,South,Consumer,11/3/2023
10287,Riya,Jain,Female,21,Kolkata,West Bengal,East,Consumer,1/5/2025
10288,Ananya,Reddy,Female,19,Chennai,Tamil Nadu,South,Corporate,1/1/2024
10289,Nikhil,Malhotra,Female,57,New Delhi,Delhi,North,Consumer,3/26/2025
10290,Sneha,Chatterjee,Male,20,Kolkata,West Bengal,East,Small Business,10/15/2024
10291,Neha,Malhotra,Female,33,Bhubaneswar,Odisha,East,Consumer,11/22/2024
10292,Riya,Roy,Female,54,Kolkata,West Bengal,East,Consumer,9/22/2024
10293,Aarav,Reddy,Male,26,Ludhiana,Punjab,North,Consumer,9/23/2025
10294,Aditya,Das,Male,43,Kolkata,West Bengal,East,Consumer,10/4/2023
10295,Amit,Sharma,Male,23,Bhubaneswar,Odisha,East,Consumer,11/26/2025
10296,Kavya,Singh,Male,44,Ludhiana,Punjab,North,Consumer,8/11/2023
10297,Meera,Ghosh,Male,52,Bhopal,Madhya Pradesh,Central,Consumer,5/30/2023
10298,Ananya,Roy,Female,29,Patna,Bihar,East,Consumer,6/11/2025
10299,Rahul,Ghosh,Other,31,Lucknow,Uttar Pradesh,North,Consumer,8/25/2025
10300,Vikram,Patel,Male,43,Ahmedabad,Gujarat,West,Consumer,4/11/2023
10301,Vikram,Nair,Female,55,Lucknow,Uttar Pradesh,North,Consumer,10/9/2024
10302,Arjun,Roy,Female,44,Mumbai,Maharashtra,West,Consumer,7/7/2024
10303,Aditya,Iyer,Female,51,New Delhi,Delhi,North,Consumer,8/26/2023
10304,Meera,Patel,Female,37,New Delhi,Delhi,North,Corporate,7/16/2024
10305,Ananya,Reddy,Female,24,Bhubaneswar,Odisha,East,Consumer,1/10/2025
10306,Sahil,Khan,Female,64,Hyderabad,Telangana,South,Consumer,9/12/2024
10307,Aditya,Ghosh,Male,56,Chennai,Tamil Nadu,South,Small Business,7/15/2024
10308,Vikram,Banerjee,Male,20,Ahmedabad,Gujarat,West,Consumer,8/14/2025
10309,Karan,Mehta,Female,31,Bengaluru,Karnataka,South,Small Business,9/1/2023
10310,Amit,Banerjee,Male,37,Mumbai,Maharashtra,West,Corporate,11/4/2024
10311,Karan,Das,Male,21,Hyderabad,Telangana,South,Corporate,12/8/2023
10312,Aarav,Bose,Male,59,Chennai,Tamil Nadu,South,Small Business,11/17/2025
10313,Priya,Ghosh,Male,26,Mumbai,Maharashtra,West,Consumer,9/29/2023
10314,Sahil,Gupta,Male,27,Chennai,Tamil Nadu,South,Consumer,7/30/2025
10315,Arjun,Das,Female,33,Chennai,Tamil Nadu,South,Consumer,11/13/2024
10316,Amit,Malhotra,Male,62,Bengaluru,Karnataka,South,Consumer,8/20/2023
10317,Vikram,Sen,Female,28,Chennai,Tamil Nadu,South,Consumer,3/30/2025
10318,Aarav,Dutta,Female,38,Jaipur,Rajasthan,North,Consumer,9/18/2023
10319,Aarav,Jain,Female,50,Bengaluru,Karnataka,South,Small Business,10/11/2023
10320,Tanya,Reddy,Male,25,Gurugram,Haryana,North,Consumer,1/8/2024
10321,Arjun,Nair,Male,22,Ludhiana,Punjab,North,Consumer,1/6/2025
10322,Arjun,Singh,Female,22,Hyderabad,Telangana,South,Consumer,2/27/2024
10323,Arjun,Sharma,Female,26,Bengaluru,Karnataka,South,Consumer,9/6/2024
10324,Karan,Roy,Male,33,New Delhi,Delhi,North,Consumer,8/20/2024
10325,Nikhil,Verma,Female,63,Bhubaneswar,Odisha,East,Consumer,8/1/2023
10326,Ananya,Ghosh,Female,62,Jaipur,Rajasthan,North,Small Business,9/9/2023
10327,Kavya,Malhotra,Male,45,Patna,Bihar,East,Consumer,11/28/2023
10328,Amit,Patel,Female,63,New Delhi,Delhi,North,Consumer,8/29/2023
10329,Rahul,Ghosh,Female,19,Ahmedabad,Gujarat,West,Consumer,9/19/2025
10330,Riya,Das,Female,45,Bengaluru,Karnataka,South,Consumer,2/16/2024
10331,Ishita,Banerjee,Male,39,Lucknow,Uttar Pradesh,North,Consumer,3/13/2024
10332,Riya,Das,Male,23,Mumbai,Maharashtra,West,Consumer,12/26/2024
10333,Aarav,Khan,Male,44,Jaipur,Rajasthan,North,Corporate,5/1/2025
10334,Ishita,Ghosh,Male,39,Kochi,Kerala,South,Consumer,1/13/2025
10335,Sahil,Chatterjee,Male,54,Mumbai,Maharashtra,West,Corporate,8/18/2024
10336,Tanya,Bose,Female,38,Ahmedabad,Gujarat,West,Corporate,11/20/2025
10337,Karan,Iyer,Female,38,Kolkata,West Bengal,East,Consumer,8/29/2025
10338,Priya,Gupta,Male,29,Lucknow,Uttar Pradesh,North,Consumer,8/7/2023
10339,Rohan,Dutta,Female,40,Kolkata,West Bengal,East,Corporate,6/22/2023
10340,Karan,Dutta,Male,21,Gurugram,Haryana,North,Consumer,2/29/2024
10341,Ananya,Reddy,Male,45,Mumbai,Maharashtra,West,Consumer,6/21/2025
10342,Vikram,Jain,Female,36,Gurugram,Haryana,North,Consumer,11/7/2025
10343,Kavya,Jain,Female,31,Patna,Bihar,East,Consumer,1/28/2025
10344,Sahil,Das,Male,35,Ahmedabad,Gujarat,West,Small Business,1/15/2025
10345,Riya,Mehta,Female,60,Patna,Bihar,East,Consumer,9/10/2023
10346,Priya,Verma,Female,51,Patna,Bihar,East,Consumer,10/1/2024
10347,Priya,Gupta,Female,58,Gurugram,Haryana,North,Consumer,7/19/2023
10348,Neha,Das,Other,36,Bengaluru,Karnataka,South,Consumer,8/5/2024
10349,Ananya,Roy,Male,36,Ahmedabad,Gujarat,West,Corporate,7/29/2023
10350,Tanya,Dutta,Male,18,Kolkata,West Bengal,East,Consumer,3/23/2023
10351,Nikhil,Dutta,Female,50,Ahmedabad,Gujarat,West,Corporate,11/10/2025
10352,Rohan,Chatterjee,Female,18,Mumbai,Maharashtra,West,Consumer,8/22/2025
10353,Aditya,Patel,Male,64,New Delhi,Delhi,North,Small Business,1/10/2025
10354,Aditya,Nair,Male,51,New Delhi,Delhi,North,Corporate,11/6/2024
10355,Arjun,Patel,Male,40,Hyderabad,Telangana,South,Consumer,9/17/2023
10356,Meera,Nair,Male,49,New Delhi,Delhi,North,Small Business,9/9/2024
10357,Kavya,Sharma,Male,65,Lucknow,Uttar Pradesh,North,Consumer,3/18/2025
10358,Rohan,Gupta,Female,25,Patna,Bihar,East,Consumer,8/5/2024
10359,Vikram,Patel,Male,53,Hyderabad,Telangana,South,Consumer,11/1/2023
10360,Sneha,Dutta,Female,59,Ahmedabad,Gujarat,West,Consumer,2/28/2024
10361,Rahul,Mehta,Male,46,Gurugram,Haryana,North,Small Business,6/27/2025
10362,Rohan,Dutta,Male,49,Kolkata,West Bengal,East,Corporate,10/3/2023
10363,Aarav,Sharma,Female,42,Kolkata,West Bengal,East,Consumer,11/4/2025
10364,Sahil,Chatterjee,Male,25,Kolkata,West Bengal,East,Small Business,3/26/2025
10365,Pooja,Banerjee,Male,65,Jaipur,Rajasthan,North,Consumer,8/19/2025
10366,Nikhil,Banerjee,Female,31,Chennai,Tamil Nadu,South,Consumer,7/4/2024
10367,Arjun,Malhotra,Male,36,Lucknow,Uttar Pradesh,North,Corporate,8/30/2023
10368,Karan,Sharma,Male,64,Jaipur,Rajasthan,North,Consumer,2/6/2023
10369,Neha,Dutta,Female,20,Bengaluru,Karnataka,South,Corporate,7/31/2024
10370,Karan,Sharma,Male,37,Kochi,Kerala,South,Consumer,3/7/2024
10371,Tanya,Khan,Female,44,Lucknow,Uttar Pradesh,North,Consumer,5/3/2023
10372,Sneha,Patel,Male,29,Bengaluru,Karnataka,South,Consumer,9/29/2025
10373,Aarav,Iyer,Male,50,Chennai,Tamil Nadu,South,Consumer,11/13/2025
10374,Arjun,Mehta,Male,43,Bengaluru,Karnataka,South,Consumer,2/8/2024
10375,Ishita,Ghosh,Female,30,Mumbai,Maharashtra,West,Consumer,12/22/2024
10376,Ananya,Jain,Male,27,Mumbai,Maharashtra,West,Consumer,3/22/2024
10377,Aarav,Jain,Female,31,Gurugram,Haryana,North,Corporate,6/20/2024
10378,Aarav,Dutta,Female,56,Hyderabad,Telangana,South,Consumer,11/4/2024
10379,Priya,Verma,Female,43,Chennai,Tamil Nadu,South,Consumer,3/25/2024
10380,Aarav,Singh,Male,56,Lucknow,Uttar Pradesh,North,Consumer,5/15/2025
10381,Ishita,Singh,Female,52,New Delhi,Delhi,North,Consumer,7/24/2023
10382,Pooja,Gupta,Female,56,Gurugram,Haryana,North,Consumer,12/22/2024
10383,Priya,Ghosh,Male,59,Patna,Bihar,East,Consumer,11/27/2025
10384,Aarav,Das,Female,47,Hyderabad,Telangana,South,Consumer,7/7/2025
10385,Neha,Reddy,Male,35,Chennai,Tamil Nadu,South,Small Business,2/19/2023
10386,Riya,Reddy,Female,51,Bhopal,Madhya Pradesh,Central,Consumer,5/4/2023
10387,Amit,Singh,Female,63,Lucknow,Uttar Pradesh,North,Consumer,11/10/2024
10388,Sneha,Jain,Male,33,Gurugram,Haryana,North,Corporate,9/25/2025
10389,Aditya,Mehta,Male,41,Kolkata,West Bengal,East,Consumer,6/30/2025
10390,Rahul,Banerjee,Female,60,Bhubaneswar,Odisha,East,Consumer,9/3/2025
10391,Priya,Chatterjee,Female,46,Ahmedabad,Gujarat,West,Consumer,6/11/2023
10392,Aarav,Mehta,Female,24,Mumbai,Maharashtra,West,Consumer,7/14/2024
10393,Neha,Sen,Male,34,Ahmedabad,Gujarat,West,Corporate,2/22/2025
10394,Aarav,Mehta,Female,30,Jaipur,Rajasthan,North,Consumer,11/5/2024
10395,Pooja,Patel,Female,40,Kolkata,West Bengal,East,Small Business,4/19/2025
10396,Priya,Gupta,Other,65,Hyderabad,Telangana,South,Consumer,8/18/2023
10397,Neha,Reddy,Male,58,Bhubaneswar,Odisha,East,Corporate,5/8/2024
10398,Vikram,Singh,Female,64,Bengaluru,Karnataka,South,Consumer,4/28/2024
10399,Karan,Mehta,Male,53,Hyderabad,Telangana,South,Small Business,10/12/2025
10400,Kavya,Gupta,Female,42,Hyderabad,Telangana,South,Consumer,8/7/2023
10401,Neha,Banerjee,Male,49,Bengaluru,Karnataka,South,Consumer,12/19/2023
10402,Meera,Roy,Female,41,Ludhiana,Punjab,North,Consumer,1/24/2023
10403,Priya,Mehta,Male,19,Patna,Bihar,East,Small Business,6/13/2023
10404,Kavya,Mehta,Male,23,Kolkata,West Bengal,East,Consumer,11/25/2025
10405,Rohan,Ghosh,Male,44,Bhopal,Madhya Pradesh,Central,Consumer,7/4/2025
10406,Karan,Sen,Female,49,Kochi,Kerala,South,Small Business,10/7/2023
10407,Ishita,Mehta,Female,30,Bengaluru,Karnataka,South,Corporate,1/28/2025
10408,Nikhil,Chatterjee,Female,19,Bhubaneswar,Odisha,East,Consumer,10/2/2024
10409,Priya,Chatterjee,Female,21,Kolkata,West Bengal,East,Consumer,9/6/2025
10410,Vikram,Mehta,Male,33,Bhopal,Madhya Pradesh,Central,Consumer,11/21/2023
10411,Ananya,Gupta,Male,59,Jaipur,Rajasthan,North,Small Business,12/9/2025
10412,Karan,Iyer,Male,38,Jaipur,Rajasthan,North,Consumer,2/5/2024
10413,Arjun,Iyer,Male,64,Kolkata,West Bengal,East,Corporate,2/13/2025
10414,Aditya,Reddy,Female,60,Kochi,Kerala,South,Consumer,3/5/2024
10415,Arjun,Khan,Male,59,Kolkata,West Bengal,East,Small Business,12/26/2024
10416,Rohan,Sen,Female,64,Bengaluru,Karnataka,South,Consumer,12/28/2023
10417,Ishita,Chatterjee,Female,29,Mumbai,Maharashtra,West,Consumer,6/29/2025
10418,Rohan,Ghosh,Female,64,Lucknow,Uttar Pradesh,North,Corporate,11/19/2024
10419,Sneha,Verma,Male,62,Mumbai,Maharashtra,West,Small Business,11/8/2023
10420,Aarav,Sharma,Female,56,Ludhiana,Punjab,North,Small Business,11/3/2025
10421,Amit,Chatterjee,Female,27,Jaipur,Rajasthan,North,Consumer,2/4/2025
10422,Kavya,Chatterjee,Female,31,Kolkata,West Bengal,East,Consumer,4/7/2024
10423,Ishita,Dutta,Female,49,Kolkata,West Bengal,East,Corporate,5/27/2023
10424,Riya,Iyer,Male,20,Kolkata,West Bengal,East,Consumer,11/17/2025
10425,Riya,Iyer,Female,57,Ahmedabad,Gujarat,West,Consumer,3/26/2025
10426,Pooja,Roy,Female,38,Patna,Bihar,East,Consumer,12/22/2024
10427,Nikhil,Banerjee,Female,19,Mumbai,Maharashtra,West,Consumer,6/18/2025
10428,Meera,Sharma,Female,32,Bhubaneswar,Odisha,East,Consumer,10/17/2024
10429,Aditya,Iyer,Female,36,Kolkata,West Bengal,East,Consumer,9/8/2023
10430,Ishita,Chatterjee,Male,49,Patna,Bihar,East,Small Business,9/14/2023
10431,Ananya,Jain,Male,46,Ludhiana,Punjab,North,Consumer,3/27/2023
10432,Riya,Nair,Female,35,Lucknow,Uttar Pradesh,North,Consumer,3/9/2023
10433,Kavya,Bose,Female,47,Jaipur,Rajasthan,North,Consumer,2/25/2025
10434,Aditya,Nair,Female,60,Bhubaneswar,Odisha,East,Consumer,7/9/2025
10435,Ishita,Jain,Male,34,Kolkata,West Bengal,East,Corporate,6/27/2023
10436,Rohan,Verma,Female,35,Mumbai,Maharashtra,West,Small Business,9/11/2024
10437,Rohan,Ghosh,Female,22,Mumbai,Maharashtra,West,Consumer,5/14/2023
10438,Tanya,Ghosh,Female,36,New Delhi,Delhi,North,Small Business,3/23/2024
10439,Sahil,Mehta,Male,31,Lucknow,Uttar Pradesh,North,Consumer,5/3/2025
10440,Pooja,Mehta,Male,54,Ahmedabad,Gujarat,West,Corporate,5/26/2025
10441,Sneha,Jain,Female,23,Bhubaneswar,Odisha,East,Small Business,10/21/2025
10442,Amit,Roy,Female,46,Mumbai,Maharashtra,West,Corporate,12/2/2023
10443,Rohan,Sen,Male,55,Lucknow,Uttar Pradesh,North,Consumer,10/21/2025
10444,Vikram,Iyer,Female,30,Mumbai,Maharashtra,West,Consumer,4/26/2025
10445,Aarav,Ghosh,Male,21,Bengaluru,Karnataka,South,Consumer,1/1/2024
10446,Amit,Iyer,Male,50,Lucknow,Uttar Pradesh,North,Consumer,12/21/2023
10447,Riya,Singh,Male,46,Bhopal,Madhya Pradesh,Central,Consumer,4/27/2023
10448,Amit,Bose,Male,45,Ahmedabad,Gujarat,West,Consumer,9/21/2025
10449,Karan,Iyer,Female,60,Kolkata,West Bengal,East,Consumer,8/8/2023
10450,Riya,Verma,Male,22,Ahmedabad,Gujarat,West,Consumer,10/17/2023
10451,Vikram,Malhotra,Female,27,Kolkata,West Bengal,East,Consumer,3/21/2024
10452,Rahul,Verma,Male,40,Kochi,Kerala,South,Corporate,5/29/2023
10453,Ishita,Singh,Male,44,Lucknow,Uttar Pradesh,North,Consumer,5/20/2025
10454,Arjun,Reddy,Male,62,Mumbai,Maharashtra,West,Consumer,1/23/2025
10455,Amit,Khan,Male,47,Kolkata,West Bengal,East,Corporate,6/19/2023
10456,Vikram,Malhotra,Female,28,Mumbai,Maharashtra,West,Consumer,6/25/2023
10457,Sneha,Iyer,Female,58,Bhopal,Madhya Pradesh,Central,Consumer,1/24/2023
10458,Meera,Roy,Female,37,Hyderabad,Telangana,South,Corporate,10/22/2025
10459,Karan,Khan,Female,59,Patna,Bihar,East,Consumer,4/15/2024
10460,Karan,Dutta,Female,31,Ahmedabad,Gujarat,West,Consumer,12/8/2024
10461,Aarav,Dutta,Female,55,New Delhi,Delhi,North,Corporate,6/11/2023
10462,Vikram,Patel,Female,43,Mumbai,Maharashtra,West,Corporate,9/7/2023
10463,Amit,Reddy,Female,44,Gurugram,Haryana,North,Consumer,8/7/2024
10464,Nikhil,Malhotra,Male,64,Bengaluru,Karnataka,South,Consumer,8/14/2023
10465,Karan,Ghosh,Male,25,New Delhi,Delhi,North,Corporate,10/23/2024
10466,Ananya,Singh,Female,32,Jaipur,Rajasthan,North,Consumer,9/24/2025
10467,Pooja,Mehta,Female,26,Ahmedabad,Gujarat,West,Corporate,11/26/2023
10468,Riya,Verma,Male,57,Gurugram,Haryana,North,Consumer,10/18/2024
10469,Rohan,Patel,Female,58,Mumbai,Maharashtra,West,Consumer,9/15/2025
10470,Nikhil,Reddy,Male,58,New Delhi,Delhi,North,Consumer,8/23/2025
10471,Sahil,Ghosh,Female,29,Chennai,Tamil Nadu,South,Corporate,1/9/2023
10472,Nikhil,Das,Female,30,Hyderabad,Telangana,South,Consumer,4/30/2023
10473,Sneha,Sen,Male,37,Kolkata,West Bengal,East,Small Business,12/1/2025
10474,Pooja,Bose,Female,55,Mumbai,Maharashtra,West,Corporate,9/26/2025
10475,Amit,Verma,Female,54,Bengaluru,Karnataka,South,Corporate,12/14/2023
10476,Rahul,Banerjee,Female,65,Bengaluru,Karnataka,South,Corporate,7/15/2024
10477,Nikhil,Patel,Female,55,Hyderabad,Telangana,South,Consumer,9/10/2024
10478,Tanya,Patel,Female,63,Ahmedabad,Gujarat,West,Consumer,12/22/2024
10479,Aarav,Reddy,Female,30,Ahmedabad,Gujarat,West,Consumer,3/21/2025
10480,Kavya,Reddy,Female,47,Chennai,Tamil Nadu,South,Consumer,2/7/2024
10481,Aditya,Das,Male,43,Chennai,Tamil Nadu,South,Consumer,8/19/2025
10482,Pooja,Iyer,Male,25,Mumbai,Maharashtra,West,Corporate,3/5/2023
10483,Neha,Nair,Male,63,Ahmedabad,Gujarat,West,Corporate,2/5/2023
10484,Rahul,Malhotra,Male,23,Bengaluru,Karnataka,South,Consumer,10/31/2025
10485,Riya,Mehta,Female,59,Kolkata,West Bengal,East,Consumer,7/11/2023
10486,Vikram,Malhotra,Female,30,Chennai,Tamil Nadu,South,Consumer,12/10/2025
10487,Sahil,Patel,Female,28,Hyderabad,Telangana,South,Corporate,11/5/2023
10488,Sahil,Sharma,Male,46,Mumbai,Maharashtra,West,Small Business,1/29/2024
10489,Priya,Banerjee,Female,40,New Delhi,Delhi,North,Consumer,1/31/2023
10490,Meera,Gupta,Female,36,New Delhi,Delhi,North,Consumer,10/16/2025
10491,Sneha,Jain,Male,61,Lucknow,Uttar Pradesh,North,Small Business,1/24/2024
10492,Neha,Sen,Female,51,Ahmedabad,Gujarat,West,Consumer,7/1/2023
10493,Rohan,Verma,Male,47,Jaipur,Rajasthan,North,Corporate,6/6/2024
10494,Vikram,Iyer,Female,55,Bengaluru,Karnataka,South,Consumer,6/17/2023
10495,Vikram,Reddy,Male,56,Patna,Bihar,East,Consumer,5/2/2025
10496,Pooja,Das,Female,26,New Delhi,Delhi,North,Consumer,3/20/2023
10497,Ishita,Mehta,Female,39,Hyderabad,Telangana,South,Corporate,6/23/2024
10498,Vikram,Khan,Female,61,Ahmedabad,Gujarat,West,Consumer,2/27/2024
10499,Pooja,Sharma,Male,57,Chennai,Tamil Nadu,South,Corporate,2/10/2023
10500,Aditya,Bose,Male,20,New Delhi,Delhi,North,Small Business,2/26/2023
10501,Vikram,Dutta,Female,29,Lucknow,Uttar Pradesh,North,Corporate,7/14/2024
10502,Riya,Singh,Male,30,Kochi,Kerala,South,Small Business,3/2/2024
10503,Meera,Jain,Male,42,Ludhiana,Punjab,North,Small Business,5/21/2023
10504,Aarav,Chatterjee,Female,57,New Delhi,Delhi,North,Corporate,5/30/2023
10505,Meera,Chatterjee,Female,41,New Delhi,Delhi,North,Consumer,5/19/2025
10506,Kavya,Banerjee,Female,26,Patna,Bihar,East,Corporate,2/27/2025
10507,Nikhil,Sen,Male,44,Bengaluru,Karnataka,South,Small Business,10/18/2024
10508,Arjun,Das,Male,28,Bhubaneswar,Odisha,East,Consumer,6/19/2025
10509,Rahul,Sharma,Female,50,Hyderabad,Telangana,South,Consumer,3/16/2023
10510,Riya,Singh,Male,64,Kolkata,West Bengal,East,Consumer,1/12/2025
10511,Aditya,Iyer,Male,48,Kolkata,West Bengal,East,Corporate,3/23/2025
10512,Nikhil,Patel,Male,61,Bhubaneswar,Odisha,East,Small Business,8/5/2023
10513,Kavya,Nair,Female,44,Kolkata,West Bengal,East,Consumer,8/2/2024
10514,Amit,Ghosh,Male,57,Bengaluru,Karnataka,South,Small Business,4/8/2025
10515,Sahil,Sen,Female,63,Bengaluru,Karnataka,South,Consumer,10/13/2024
10516,Arjun,Das,Male,26,Mumbai,Maharashtra,West,Consumer,9/27/2023
10517,Kavya,Iyer,Male,49,Bengaluru,Karnataka,South,Small Business,12/18/2024
10518,Rohan,Bose,Female,30,Lucknow,Uttar Pradesh,North,Small Business,3/31/2025
10519,Pooja,Khan,Female,22,Kolkata,West Bengal,East,Consumer,1/11/2023
10520,Kavya,Bose,Female,29,Bhubaneswar,Odisha,East,Small Business,9/4/2024
10521,Pooja,Gupta,Female,24,Bhubaneswar,Odisha,East,Corporate,6/28/2024
10522,Aditya,Das,Male,27,Chennai,Tamil Nadu,South,Small Business,2/1/2024
10523,Karan,Ghosh,Male,18,Mumbai,Maharashtra,West,Small Business,2/17/2023
10524,Ishita,Malhotra,Male,64,Ahmedabad,Gujarat,West,Consumer,4/1/2023
10525,Karan,Malhotra,Male,39,Kolkata,West Bengal,East,Consumer,3/21/2025
10526,Ishita,Reddy,Female,25,Chennai,Tamil Nadu,South,Consumer,6/12/2025
10527,Sneha,Patel,Female,34,Gurugram,Haryana,North,Consumer,3/28/2024
10528,Rahul,Sharma,Male,53,Bhopal,Madhya Pradesh,Central,Consumer,10/11/2025
10529,Sneha,Mehta,Male,48,Lucknow,Uttar Pradesh,North,Consumer,9/28/2025
10530,Amit,Reddy,Other,20,Bengaluru,Karnataka,South,Consumer,12/20/2024
10531,Meera,Reddy,Female,25,Jaipur,Rajasthan,North,Consumer,9/19/2024
10532,Aarav,Gupta,Male,44,Lucknow,Uttar Pradesh,North,Consumer,11/7/2025
10533,Ananya,Khan,Male,64,Chennai,Tamil Nadu,South,Consumer,10/20/2024
10534,Vikram,Nair,Male,21,Ahmedabad,Gujarat,West,Consumer,10/5/2025
10535,Amit,Dutta,Male,59,Kolkata,West Bengal,East,Consumer,11/23/2025
10536,Ananya,Singh,Male,20,Mumbai,Maharashtra,West,Consumer,7/30/2023
10537,Rohan,Reddy,Female,41,New Delhi,Delhi,North,Small Business,12/14/2024
10538,Arjun,Bose,Male,29,Mumbai,Maharashtra,West,Corporate,2/28/2025
10539,Riya,Das,Female,38,Mumbai,Maharashtra,West,Corporate,6/4/2025
10540,Aarav,Bose,Male,62,Bhubaneswar,Odisha,East,Small Business,1/13/2024
10541,Amit,Ghosh,Male,28,Bhopal,Madhya Pradesh,Central,Corporate,7/19/2025
10542,Meera,Reddy,Male,48,New Delhi,Delhi,North,Consumer,6/10/2024
10543,Ishita,Roy,Female,33,Bhubaneswar,Odisha,East,Consumer,2/22/2024
10544,Ananya,Reddy,Female,49,Bhopal,Madhya Pradesh,Central,Consumer,6/19/2023
10545,Nikhil,Sharma,Male,20,Mumbai,Maharashtra,West,Consumer,12/13/2023
10546,Priya,Das,Female,32,Hyderabad,Telangana,South,Corporate,11/18/2025
10547,Ananya,Verma,Female,63,Chennai,Tamil Nadu,South,Consumer,2/12/2025
10548,Aarav,Nair,Male,52,Kolkata,West Bengal,East,Small Business,2/23/2025
10549,Sneha,Singh,Female,62,Lucknow,Uttar Pradesh,North,Consumer,8/25/2025
10550,Amit,Gupta,Other,50,Hyderabad,Telangana,South,Small Business,10/16/2023
10551,Sneha,Khan,Male,26,Hyderabad,Telangana,South,Consumer,12/15/2024
10552,Aditya,Patel,Female,40,Mumbai,Maharashtra,West,Consumer,2/6/2024
10553,Rohan,Singh,Female,60,Mumbai,Maharashtra,West,Consumer,7/4/2025
10554,Nikhil,Patel,Female,50,Ludhiana,Punjab,North,Consumer,4/1/2024
10555,Pooja,Reddy,Male,42,Kolkata,West Bengal,East,Consumer,7/12/2025
10556,Pooja,Dutta,Female,59,Mumbai,Maharashtra,West,Small Business,3/18/2025
10557,Aditya,Ghosh,Male,23,Bengaluru,Karnataka,South,Consumer,4/13/2025
10558,Vikram,Nair,Female,64,Hyderabad,Telangana,South,Consumer,9/26/2025
10559,Meera,Patel,Female,24,Ahmedabad,Gujarat,West,Consumer,5/3/2025
10560,Pooja,Das,Male,65,Hyderabad,Telangana,South,Consumer,12/14/2023
10561,Sahil,Khan,Other,56,Kolkata,West Bengal,East,Consumer,7/17/2024
10562,Arjun,Reddy,Female,41,Bengaluru,Karnataka,South,Consumer,5/25/2024
10563,Meera,Banerjee,Female,40,Bhubaneswar,Odisha,East,Small Business,3/11/2023
10564,Tanya,Bose,Other,19,Ahmedabad,Gujarat,West,Consumer,10/2/2024
10565,Pooja,Khan,Female,33,Ahmedabad,Gujarat,West,Small Business,4/17/2024
10566,Tanya,Sen,Male,29,Jaipur,Rajasthan,North,Consumer,2/29/2024
10567,Neha,Bose,Female,51,Lucknow,Uttar Pradesh,North,Consumer,4/29/2023
10568,Priya,Banerjee,Female,27,Kolkata,West Bengal,East,Consumer,6/28/2024
10569,Karan,Chatterjee,Female,56,Chennai,Tamil Nadu,South,Consumer,9/17/2024
10570,Karan,Chatterjee,Female,32,New Delhi,Delhi,North,Consumer,4/25/2023
10571,Aarav,Chatterjee,Female,58,Bengaluru,Karnataka,South,Consumer,11/16/2024
10572,Rahul,Nair,Male,35,Bhubaneswar,Odisha,East,Consumer,7/1/2023
10573,Priya,Bose,Male,54,Hyderabad,Telangana,South,Small Business,6/6/2023
10574,Vikram,Banerjee,Female,50,Lucknow,Uttar Pradesh,North,Small Business,3/9/2024
10575,Aarav,Sen,Male,65,Bhubaneswar,Odisha,East,Consumer,2/25/2024
10576,Kavya,Iyer,Male,43,New Delhi,Delhi,North,Corporate,9/15/2025
10577,Aarav,Sen,Male,34,Ludhiana,Punjab,North,Consumer,3/15/2023
10578,Nikhil,Sharma,Female,49,Ahmedabad,Gujarat,West,Consumer,1/13/2024
10579,Pooja,Khan,Male,19,Bhubaneswar,Odisha,East,Consumer,3/4/2025
10580,Rohan,Iyer,Male,64,Chennai,Tamil Nadu,South,Consumer,9/27/2023
10581,Sneha,Iyer,Male,50,Hyderabad,Telangana,South,Corporate,11/26/2025
10582,Pooja,Sen,Male,20,New Delhi,Delhi,North,Consumer,3/13/2025
10583,Riya,Chatterjee,Male,26,Kolkata,West Bengal,East,Small Business,10/18/2025
10584,Amit,Gupta,Male,18,Chennai,Tamil Nadu,South,Corporate,10/22/2025
10585,Neha,Ghosh,Female,50,Ludhiana,Punjab,North,Consumer,4/28/2023
10586,Rahul,Gupta,Male,49,Ahmedabad,Gujarat,West,Consumer,5/10/2024
10587,Meera,Reddy,Male,25,Mumbai,Maharashtra,West,Consumer,3/15/2025
10588,Karan,Ghosh,Female,44,Bengaluru,Karnataka,South,Consumer,1/10/2023
10589,Ananya,Mehta,Male,41,Mumbai,Maharashtra,West,Consumer,5/3/2024
10590,Pooja,Verma,Male,41,Kolkata,West Bengal,East,Consumer,1/13/2025
10591,Aditya,Jain,Male,47,Ludhiana,Punjab,North,Consumer,5/6/2025
10592,Kavya,Verma,Male,58,Hyderabad,Telangana,South,Consumer,3/24/2024
10593,Ishita,Bose,Female,61,Bengaluru,Karnataka,South,Consumer,7/21/2025
10594,Tanya,Singh,Other,25,Ahmedabad,Gujarat,West,Corporate,12/28/2024
10595,Nikhil,Bose,Male,63,Kolkata,West Bengal,East,Small Business,2/19/2023
10596,Arjun,Reddy,Female,45,Bengaluru,Karnataka,South,Corporate,10/27/2023
10597,Aditya,Roy,Female,26,Lucknow,Uttar Pradesh,North,Consumer,10/9/2025
10598,Rahul,Roy,Male,62,Ahmedabad,Gujarat,West,Consumer,1/3/2023
10599,Ishita,Reddy,Female,35,Bhopal,Madhya Pradesh,Central,Consumer,4/27/2023
10600,Aarav,Verma,Female,39,Ahmedabad,Gujarat,West,Small Business,1/8/2024
10601,Vikram,Nair,Female,64,Hyderabad,Telangana,South,Consumer,12/9/2025
10602,Ananya,Singh,Female,45,Lucknow,Uttar Pradesh,North,Consumer,1/31/2025
10603,Karan,Verma,Male,24,Ludhiana,Punjab,North,Corporate,6/9/2023
10604,Ishita,Chatterjee,Female,21,Lucknow,Uttar Pradesh,North,Consumer,2/29/2024
10605,Tanya,Malhotra,Female,57,Gurugram,Haryana,North,Small Business,10/11/2025
10606,Meera,Verma,Female,34,Patna,Bihar,East,Consumer,8/25/2023
10607,Karan,Das,Male,22,Kochi,Kerala,South,Consumer,9/13/2024
10608,Aditya,Verma,Male,19,Kolkata,West Bengal,East,Small Business,5/16/2024
10609,Amit,Ghosh,Male,63,Lucknow,Uttar Pradesh,North,Consumer,4/1/2025
10610,Pooja,Malhotra,Female,45,Hyderabad,Telangana,South,Consumer,3/23/2025
10611,Aarav,Bose,Female,43,New Delhi,Delhi,North,Consumer,6/18/2025
10612,Sneha,Jain,Female,46,Jaipur,Rajasthan,North,Consumer,5/9/2023
10613,Tanya,Singh,Male,38,Gurugram,Haryana,North,Consumer,5/5/2024
10614,Rohan,Iyer,Male,63,Bhopal,Madhya Pradesh,Central,Consumer,1/17/2025
10615,Arjun,Mehta,Male,46,Bengaluru,Karnataka,South,Consumer,3/28/2024
10616,Sahil,Banerjee,Male,48,Lucknow,Uttar Pradesh,North,Consumer,12/21/2024
10617,Nikhil,Dutta,Female,60,Lucknow,Uttar Pradesh,North,Consumer,11/17/2024
10618,Pooja,Reddy,Female,18,Chennai,Tamil Nadu,South,Consumer,2/5/2024
10619,Karan,Roy,Female,33,Mumbai,Maharashtra,West,Corporate,4/19/2023
10620,Sneha,Reddy,Female,57,Kolkata,West Bengal,East,Consumer,11/13/2025
10621,Sneha,Bose,Male,22,Lucknow,Uttar Pradesh,North,Consumer,6/11/2025
10622,Nikhil,Chatterjee,Female,33,Hyderabad,Telangana,South,Consumer,8/24/2025
10623,Meera,Khan,Female,25,Bhopal,Madhya Pradesh,Central,Consumer,11/20/2023
10624,Ishita,Jain,Female,52,Hyderabad,Telangana,South,Consumer,12/8/2023
10625,Rohan,Mehta,Female,58,Bhopal,Madhya Pradesh,Central,Small Business,12/16/2023
10626,Ananya,Malhotra,Male,30,Chennai,Tamil Nadu,South,Consumer,2/3/2023
10627,Arjun,Chatterjee,Male,51,Patna,Bihar,East,Small Business,7/3/2023
10628,Ishita,Reddy,Female,54,Kolkata,West Bengal,East,Consumer,11/29/2023
10629,Neha,Verma,Female,61,New Delhi,Delhi,North,Corporate,12/2/2025
10630,Pooja,Das,Female,62,Patna,Bihar,East,Small Business,8/10/2023
10631,Sahil,Banerjee,Male,39,Ludhiana,Punjab,North,Corporate,7/2/2024
10632,Sneha,Reddy,Female,21,Bhubaneswar,Odisha,East,Consumer,8/14/2024
10633,Ananya,Nair,Male,53,Kolkata,West Bengal,East,Consumer,1/24/2024
10634,Sahil,Chatterjee,Female,44,Chennai,Tamil Nadu,South,Consumer,9/19/2025
10635,Kavya,Ghosh,Male,40,Kolkata,West Bengal,East,Consumer,4/11/2023
10636,Vikram,Mehta,Female,43,Kolkata,West Bengal,East,Consumer,7/28/2025
10637,Arjun,Das,Male,48,Jaipur,Rajasthan,North,Small Business,3/14/2025
10638,Ishita,Verma,Male,31,Lucknow,Uttar Pradesh,North,Consumer,11/27/2023
10639,Karan,Das,Male,33,Lucknow,Uttar Pradesh,North,Consumer,4/9/2025
10640,Meera,Sen,Female,34,Kochi,Kerala,South,Small Business,4/7/2024
10641,Vikram,Chatterjee,Female,41,Lucknow,Uttar Pradesh,North,Consumer,11/14/2025
10642,Ishita,Bose,Other,50,Patna,Bihar,East,Small Business,2/9/2023
10643,Sneha,Roy,Female,20,Kolkata,West Bengal,East,Corporate,2/2/2023
10644,Aditya,Nair,Female,32,Mumbai,Maharashtra,West,Consumer,8/10/2024
10645,Arjun,Roy,Female,52,Ahmedabad,Gujarat,West,Consumer,10/2/2025
10646,Aarav,Roy,Male,19,Bhubaneswar,Odisha,East,Small Business,3/10/2023
10647,Kavya,Reddy,Female,56,Kolkata,West Bengal,East,Consumer,4/20/2025
10648,Sneha,Ghosh,Female,54,New Delhi,Delhi,North,Small Business,10/10/2025
10649,Meera,Singh,Female,33,Jaipur,Rajasthan,North,Consumer,6/9/2024
10650,Sneha,Patel,Male,48,Kolkata,West Bengal,East,Consumer,7/25/2025
10651,Tanya,Sharma,Male,41,Chennai,Tamil Nadu,South,Consumer,3/28/2025
10652,Ananya,Banerjee,Male,30,Kochi,Kerala,South,Consumer,8/20/2023
10653,Ananya,Patel,Female,25,Jaipur,Rajasthan,North,Consumer,7/11/2025
10654,Neha,Mehta,Female,64,Mumbai,Maharashtra,West,Consumer,1/25/2025
10655,Sahil,Verma,Female,59,Bhubaneswar,Odisha,East,Consumer,1/14/2023
10656,Aarav,Ghosh,Male,61,Chennai,Tamil Nadu,South,Consumer,9/5/2024
10657,Vikram,Roy,Female,24,Bhubaneswar,Odisha,East,Corporate,12/7/2024
10658,Rahul,Patel,Male,64,Bengaluru,Karnataka,South,Consumer,5/15/2025
10659,Amit,Patel,Male,48,Ahmedabad,Gujarat,West,Corporate,4/12/2025
10660,Neha,Das,Female,42,Chennai,Tamil Nadu,South,Consumer,5/28/2024
10661,Pooja,Das,Male,34,Bengaluru,Karnataka,South,Consumer,11/19/2023
10662,Priya,Gupta,Male,29,Kochi,Kerala,South,Consumer,7/27/2023
10663,Priya,Bose,Male,33,Mumbai,Maharashtra,West,Small Business,4/7/2023
10664,Karan,Ghosh,Male,26,Kolkata,West Bengal,East,Consumer,11/22/2024
10665,Sneha,Gupta,Female,55,Chennai,Tamil Nadu,South,Small Business,11/2/2025
10666,Pooja,Dutta,Female,63,Lucknow,Uttar Pradesh,North,Corporate,3/28/2023
10667,Ananya,Jain,Other,64,Patna,Bihar,East,Corporate,1/28/2025
10668,Rohan,Jain,Female,60,Bhopal,Madhya Pradesh,Central,Consumer,9/23/2024
10669,Aarav,Malhotra,Male,24,Bengaluru,Karnataka,South,Consumer,7/5/2023
10670,Riya,Chatterjee,Male,53,Chennai,Tamil Nadu,South,Consumer,8/18/2023
10671,Priya,Reddy,Female,59,Mumbai,Maharashtra,West,Consumer,11/4/2023
10672,Ishita,Sen,Male,42,New Delhi,Delhi,North,Consumer,1/9/2025
10673,Aarav,Malhotra,Other,44,Bhopal,Madhya Pradesh,Central,Consumer,11/19/2023
10674,Riya,Patel,Male,36,Lucknow,Uttar Pradesh,North,Consumer,6/13/2025
10675,Meera,Sen,Female,57,Ahmedabad,Gujarat,West,Consumer,2/4/2024
10676,Vikram,Malhotra,Female,51,Chennai,Tamil Nadu,South,Consumer,4/29/2023
10677,Amit,Patel,Female,48,Ludhiana,Punjab,North,Consumer,4/14/2023
10678,Amit,Iyer,Female,18,Hyderabad,Telangana,South,Consumer,3/8/2024
10679,Aarav,Sen,Female,64,Mumbai,Maharashtra,West,Consumer,3/16/2024
10680,Karan,Patel,Male,43,Chennai,Tamil Nadu,South,Consumer,3/3/2025
10681,Meera,Roy,Female,63,Kolkata,West Bengal,East,Consumer,5/31/2024
10682,Aditya,Iyer,Female,50,Mumbai,Maharashtra,West,Small Business,6/26/2023
10683,Meera,Ghosh,Female,42,Kolkata,West Bengal,East,Consumer,8/19/2023
10684,Nikhil,Nair,Female,54,Hyderabad,Telangana,South,Corporate,9/3/2024
10685,Vikram,Patel,Male,29,Ahmedabad,Gujarat,West,Consumer,12/27/2023
10686,Aarav,Sen,Male,39,Chennai,Tamil Nadu,South,Consumer,12/26/2024
10687,Karan,Patel,Female,19,Hyderabad,Telangana,South,Consumer,9/23/2025
10688,Meera,Sharma,Male,53,Gurugram,Haryana,North,Corporate,1/19/2024
10689,Neha,Khan,Female,33,Lucknow,Uttar Pradesh,North,Corporate,8/19/2024
10690,Sahil,Ghosh,Female,22,New Delhi,Delhi,North,Corporate,6/17/2025
10691,Vikram,Khan,Female,56,Bengaluru,Karnataka,South,Consumer,8/16/2023
10692,Aditya,Sharma,Male,29,Kochi,Kerala,South,Corporate,7/5/2024
10693,Nikhil,Roy,Male,28,Mumbai,Maharashtra,West,Consumer,11/26/2023
10694,Ananya,Verma,Female,24,Bengaluru,Karnataka,South,Consumer,11/8/2024
10695,Aditya,Khan,Female,46,Ludhiana,Punjab,North,Corporate,3/13/2025
10696,Ananya,Bose,Female,34,New Delhi,Delhi,North,Consumer,6/2/2023
10697,Pooja,Mehta,Male,45,Lucknow,Uttar Pradesh,North,Corporate,7/22/2023
10698,Nikhil,Reddy,Male,34,Ahmedabad,Gujarat,West,Corporate,1/26/2023
10699,Tanya,Singh,Female,54,Jaipur,Rajasthan,North,Corporate,1/14/2023
10700,Rahul,Khan,Female,35,Bengaluru,Karnataka,South,Consumer,2/24/2023
10701,Amit,Das,Female,56,Bengaluru,Karnataka,South,Consumer,2/2/2025
10702,Meera,Sharma,Female,40,Bengaluru,Karnataka,South,Consumer,9/3/2025
10703,Sahil,Dutta,Female,18,Mumbai,Maharashtra,West,Consumer,3/18/2024
10704,Vikram,Banerjee,Female,38,Kochi,Kerala,South,Corporate,8/11/2025
10705,Ananya,Nair,Female,29,Bengaluru,Karnataka,South,Consumer,2/27/2025
10706,Ishita,Gupta,Female,41,New Delhi,Delhi,North,Corporate,5/22/2025
10707,Kavya,Das,Female,23,Patna,Bihar,East,Consumer,3/10/2025
10708,Karan,Malhotra,Male,54,Patna,Bihar,East,Consumer,8/4/2023
10709,Sneha,Nair,Female,47,Hyderabad,Telangana,South,Small Business,7/19/2024
10710,Rahul,Chatterjee,Female,24,Hyderabad,Telangana,South,Consumer,7/21/2024
10711,Pooja,Iyer,Female,64,Bhopal,Madhya Pradesh,Central,Consumer,11/23/2024
10712,Aditya,Verma,Male,34,Jaipur,Rajasthan,North,Corporate,5/9/2025
10713,Ishita,Verma,Male,28,Patna,Bihar,East,Consumer,5/2/2023
10714,Nikhil,Jain,Female,18,Ludhiana,Punjab,North,Consumer,12/29/2024
10715,Arjun,Roy,Female,29,Patna,Bihar,East,Corporate,6/18/2025
10716,Rahul,Sen,Male,19,Mumbai,Maharashtra,West,Consumer,5/5/2023
10717,Nikhil,Sen,Male,41,New Delhi,Delhi,North,Small Business,3/24/2024
10718,Nikhil,Iyer,Female,47,Kolkata,West Bengal,East,Small Business,8/25/2025
10719,Rohan,Reddy,Other,35,Jaipur,Rajasthan,North,Consumer,1/27/2023
10720,Tanya,Dutta,Male,60,Gurugram,Haryana,North,Small Business,6/23/2023
10721,Rahul,Iyer,Male,64,New Delhi,Delhi,North,Consumer,5/18/2025
10722,Riya,Roy,Male,32,Hyderabad,Telangana,South,Consumer,7/5/2023
10723,Rohan,Dutta,Male,48,Kolkata,West Bengal,East,Consumer,1/28/2025
10724,Vikram,Sen,Male,37,Gurugram,Haryana,North,Consumer,8/31/2025
10725,Arjun,Khan,Female,31,Kolkata,West Bengal,East,Consumer,6/22/2024
10726,Ananya,Malhotra,Female,28,Kolkata,West Bengal,East,Consumer,6/7/2024
10727,Kavya,Gupta,Male,43,Bengaluru,Karnataka,South,Consumer,4/8/2024
10728,Karan,Banerjee,Male,24,Kolkata,West Bengal,East,Consumer,2/7/2024
10729,Karan,Dutta,Other,50,Hyderabad,Telangana,South,Consumer,2/15/2024
10730,Tanya,Sen,Male,60,New Delhi,Delhi,North,Small Business,8/20/2024
10731,Rahul,Ghosh,Female,35,Bengaluru,Karnataka,South,Corporate,8/25/2025
10732,Meera,Sharma,Male,45,Kolkata,West Bengal,East,Consumer,11/25/2025
10733,Sneha,Reddy,Female,64,Kolkata,West Bengal,East,Consumer,7/24/2025
10734,Nikhil,Verma,Female,51,Chennai,Tamil Nadu,South,Consumer,5/10/2023
10735,Kavya,Nair,Male,37,Kolkata,West Bengal,East,Consumer,11/28/2023
10736,Rahul,Iyer,Female,60,Jaipur,Rajasthan,North,Consumer,3/28/2025
10737,Rahul,Verma,Female,20,Mumbai,Maharashtra,West,Corporate,8/12/2024
10738,Vikram,Verma,Male,46,Bengaluru,Karnataka,South,Consumer,12/28/2023
10739,Vikram,Sharma,Female,30,Chennai,Tamil Nadu,South,Small Business,12/3/2023
10740,Rahul,Gupta,Male,26,Chennai,Tamil Nadu,South,Corporate,5/7/2023
10741,Priya,Khan,Male,42,Kolkata,West Bengal,East,Consumer,12/26/2023
10742,Meera,Khan,Other,52,Kolkata,West Bengal,East,Small Business,3/31/2024
10743,Kavya,Gupta,Male,53,Kochi,Kerala,South,Consumer,3/25/2024
10744,Ananya,Ghosh,Male,53,Kolkata,West Bengal,East,Small Business,8/15/2024
10745,Amit,Bose,Male,31,New Delhi,Delhi,North,Consumer,10/22/2023
10746,Ananya,Malhotra,Other,37,Hyderabad,Telangana,South,Consumer,8/11/2023
10747,Aditya,Reddy,Male,23,Bengaluru,Karnataka,South,Consumer,8/16/2025
10748,Arjun,Ghosh,Male,47,Hyderabad,Telangana,South,Consumer,3/13/2024
10749,Karan,Verma,Female,56,Patna,Bihar,East,Corporate,10/3/2023
10750,Ananya,Ghosh,Female,41,Bhubaneswar,Odisha,East,Corporate,11/17/2024
10751,Rahul,Patel,Female,33,Bengaluru,Karnataka,South,Consumer,8/8/2024
10752,Ananya,Bose,Other,33,Bengaluru,Karnataka,South,Corporate,9/14/2024
10753,Ananya,Iyer,Male,49,Bengaluru,Karnataka,South,Consumer,8/28/2023
10754,Riya,Singh,Female,50,Hyderabad,Telangana,South,Consumer,2/20/2025
10755,Neha,Verma,Female,40,Jaipur,Rajasthan,North,Consumer,7/27/2023
10756,Meera,Sen,Male,29,Mumbai,Maharashtra,West,Corporate,6/22/2025
10757,Rohan,Sen,Female,37,Bengaluru,Karnataka,South,Consumer,4/2/2024
10758,Kavya,Das,Female,33,Gurugram,Haryana,North,Consumer,3/17/2024
10759,Vikram,Sharma,Male,22,Kolkata,West Bengal,East,Consumer,2/24/2024
10760,Priya,Sen,Male,37,Hyderabad,Telangana,South,Small Business,4/1/2024
10761,Riya,Sen,Male,58,Lucknow,Uttar Pradesh,North,Consumer,12/19/2024
10762,Kavya,Reddy,Female,47,Mumbai,Maharashtra,West,Consumer,6/20/2024
10763,Arjun,Gupta,Male,24,Kolkata,West Bengal,East,Consumer,5/17/2023
10764,Aditya,Sen,Female,58,Mumbai,Maharashtra,West,Consumer,9/3/2024
10765,Arjun,Dutta,Male,28,Ludhiana,Punjab,North,Consumer,10/16/2023
10766,Kavya,Malhotra,Other,47,Kolkata,West Bengal,East,Corporate,4/27/2023
10767,Tanya,Das,Female,45,Mumbai,Maharashtra,West,Consumer,6/26/2025
10768,Rohan,Das,Male,52,Kolkata,West Bengal,East,Corporate,12/4/2023
10769,Rohan,Das,Male,54,Kolkata,West Bengal,East,Small Business,10/4/2024
10770,Neha,Banerjee,Female,32,Ahmedabad,Gujarat,West,Consumer,7/5/2023
10771,Vikram,Mehta,Male,55,Bengaluru,Karnataka,South,Consumer,1/2/2024
10772,Sneha,Khan,Male,46,New Delhi,Delhi,North,Consumer,2/21/2024
10773,Sneha,Sharma,Female,34,Ahmedabad,Gujarat,West,Corporate,5/25/2023
10774,Ananya,Roy,Female,22,Bhubaneswar,Odisha,East,Consumer,11/17/2025
10775,Priya,Ghosh,Female,45,Kolkata,West Bengal,East,Consumer,12/3/2023
10776,Neha,Khan,Female,40,Bhubaneswar,Odisha,East,Corporate,9/21/2024
10777,Amit,Patel,Female,40,Ahmedabad,Gujarat,West,Corporate,9/2/2024
10778,Kavya,Nair,Female,51,Mumbai,Maharashtra,West,Consumer,4/8/2024
10779,Vikram,Ghosh,Male,52,Lucknow,Uttar Pradesh,North,Small Business,9/24/2024
10780,Kavya,Banerjee,Female,26,Bhubaneswar,Odisha,East,Small Business,9/3/2024
10781,Neha,Dutta,Female,32,Bengaluru,Karnataka,South,Consumer,3/28/2023
10782,Sneha,Bose,Female,61,Ludhiana,Punjab,North,Consumer,12/23/2024
10783,Sneha,Sharma,Other,46,Hyderabad,Telangana,South,Corporate,5/4/2023
10784,Vikram,Dutta,Male,38,Ahmedabad,Gujarat,West,Small Business,4/14/2024
10785,Rohan,Sharma,Female,64,Bhopal,Madhya Pradesh,Central,Consumer,1/29/2024
10786,Kavya,Banerjee,Female,50,Chennai,Tamil Nadu,South,Corporate,4/28/2024
10787,Ananya,Dutta,Male,58,Patna,Bihar,East,Consumer,3/19/2023
10788,Riya,Reddy,Male,40,Bengaluru,Karnataka,South,Consumer,1/27/2025
10789,Ishita,Sharma,Female,25,Patna,Bihar,East,Corporate,3/28/2024
10790,Riya,Das,Male,53,Ahmedabad,Gujarat,West,Small Business,3/7/2023
10791,Ananya,Roy,Female,57,Mumbai,Maharashtra,West,Consumer,1/4/2023
10792,Sneha,Gupta,Female,46,Chennai,Tamil Nadu,South,Consumer,8/6/2024
10793,Arjun,Gupta,Female,38,Bengaluru,Karnataka,South,Consumer,12/20/2024
10794,Rahul,Verma,Female,23,Kolkata,West Bengal,East,Consumer,8/14/2024
10795,Vikram,Sen,Male,29,Kolkata,West Bengal,East,Corporate,2/17/2025
10796,Sneha,Mehta,Male,62,Chennai,Tamil Nadu,South,Consumer,3/28/2025
10797,Meera,Malhotra,Female,26,Kolkata,West Bengal,East,Corporate,7/30/2025
10798,Riya,Iyer,Male,49,Mumbai,Maharashtra,West,Consumer,11/27/2025
10799,Amit,Sen,Female,49,Lucknow,Uttar Pradesh,North,Corporate,8/13/2025
10800,Neha,Mehta,Male,40,Lucknow,Uttar Pradesh,North,Consumer,5/9/2025
10801,Karan,Ghosh,Male,65,Lucknow,Uttar Pradesh,North,Corporate,4/10/2024
10802,Pooja,Malhotra,Other,50,Bengaluru,Karnataka,South,Consumer,6/28/2024
10803,Riya,Dutta,Female,64,Kochi,Kerala,South,Consumer,10/27/2024
10804,Kavya,Gupta,Female,30,Ahmedabad,Gujarat,West,Consumer,7/3/2023
10805,Rohan,Dutta,Male,53,Mumbai,Maharashtra,West,Consumer,1/1/2025
10806,Pooja,Bose,Other,54,Mumbai,Maharashtra,West,Consumer,9/27/2024
10807,Priya,Patel,Female,62,Jaipur,Rajasthan,North,Small Business,7/15/2024
10808,Sneha,Mehta,Female,37,Mumbai,Maharashtra,West,Corporate,6/20/2025
10809,Amit,Singh,Male,33,New Delhi,Delhi,North,Consumer,1/12/2025
10810,Nikhil,Banerjee,Male,56,Bhopal,Madhya Pradesh,Central,Corporate,10/4/2025
10811,Meera,Sharma,Female,52,Kolkata,West Bengal,East,Consumer,11/20/2025
10812,Amit,Gupta,Female,31,Kolkata,West Bengal,East,Consumer,6/10/2025
10813,Vikram,Mehta,Male,32,Bhopal,Madhya Pradesh,Central,Consumer,11/18/2023
10814,Vikram,Sen,Male,55,Ahmedabad,Gujarat,West,Consumer,7/24/2023
10815,Tanya,Sharma,Female,45,Mumbai,Maharashtra,West,Consumer,11/20/2023
10816,Rahul,Khan,Other,61,Kochi,Kerala,South,Consumer,2/8/2025
10817,Tanya,Iyer,Female,48,Kochi,Kerala,South,Consumer,7/22/2025
10818,Karan,Jain,Female,65,New Delhi,Delhi,North,Consumer,8/8/2025
10819,Karan,Patel,Female,33,Ahmedabad,Gujarat,West,Consumer,1/8/2025
10820,Neha,Banerjee,Female,55,Bengaluru,Karnataka,South,Consumer,1/5/2025
10821,Sahil,Singh,Female,27,Kolkata,West Bengal,East,Consumer,10/25/2025
10822,Pooja,Singh,Male,51,Ahmedabad,Gujarat,West,Consumer,1/10/2025
10823,Riya,Patel,Female,38,Bengaluru,Karnataka,South,Consumer,6/2/2023
10824,Kavya,Jain,Female,42,Jaipur,Rajasthan,North,Consumer,6/24/2024
10825,Amit,Dutta,Male,56,Bhubaneswar,Odisha,East,Consumer,1/23/2024
10826,Nikhil,Nair,Male,23,Kolkata,West Bengal,East,Corporate,11/18/2024
10827,Nikhil,Khan,Female,28,Ahmedabad,Gujarat,West,Consumer,11/17/2024
10828,Nikhil,Dutta,Female,44,Mumbai,Maharashtra,West,Corporate,11/14/2023
10829,Arjun,Banerjee,Male,37,Kochi,Kerala,South,Consumer,11/20/2023
10830,Karan,Iyer,Female,45,Bengaluru,Karnataka,South,Consumer,4/6/2023
10831,Nikhil,Ghosh,Male,38,Ahmedabad,Gujarat,West,Consumer,11/13/2023
10832,Tanya,Nair,Male,21,New Delhi,Delhi,North,Small Business,6/12/2025
10833,Vikram,Banerjee,Male,62,Chennai,Tamil Nadu,South,Consumer,12/8/2024
10834,Nikhil,Banerjee,Female,51,Jaipur,Rajasthan,North,Consumer,10/15/2025
10835,Meera,Sen,Male,47,Lucknow,Uttar Pradesh,North,Consumer,9/27/2025
10836,Arjun,Nair,Female,25,New Delhi,Delhi,North,Small Business,7/14/2025
10837,Meera,Nair,Female,27,Lucknow,Uttar Pradesh,North,Consumer,7/14/2023
10838,Karan,Verma,Female,46,Bhopal,Madhya Pradesh,Central,Consumer,12/27/2023
10839,Neha,Chatterjee,Female,20,Chennai,Tamil Nadu,South,Consumer,3/4/2023
10840,Ananya,Patel,Female,40,New Delhi,Delhi,North,Corporate,4/12/2023
10841,Nikhil,Verma,Male,60,Kolkata,West Bengal,East,Corporate,9/7/2023
10842,Priya,Reddy,Male,60,Patna,Bihar,East,Corporate,10/30/2023
10843,Aditya,Chatterjee,Male,42,New Delhi,Delhi,North,Corporate,1/17/2023
10844,Priya,Chatterjee,Female,29,Chennai,Tamil Nadu,South,Consumer,6/29/2025
10845,Tanya,Malhotra,Male,21,Kolkata,West Bengal,East,Consumer,7/23/2024
10846,Ishita,Ghosh,Female,26,Kochi,Kerala,South,Small Business,12/9/2024
10847,Aarav,Nair,Female,31,Chennai,Tamil Nadu,South,Consumer,12/6/2024
10848,Arjun,Banerjee,Female,44,Jaipur,Rajasthan,North,Consumer,11/10/2025
10849,Tanya,Bose,Male,52,Mumbai,Maharashtra,West,Consumer,6/9/2023
10850,Rahul,Chatterjee,Male,40,Gurugram,Haryana,North,Consumer,1/6/2024
10851,Kavya,Iyer,Male,57,Mumbai,Maharashtra,West,Consumer,11/30/2023
10852,Arjun,Patel,Female,25,Mumbai,Maharashtra,West,Consumer,8/18/2024
10853,Meera,Bose,Female,38,Bhubaneswar,Odisha,East,Consumer,7/22/2024
10854,Pooja,Sen,Female,47,Ludhiana,Punjab,North,Consumer,5/3/2025
10855,Rahul,Khan,Female,20,Mumbai,Maharashtra,West,Consumer,8/28/2024
10856,Meera,Patel,Female,61,Hyderabad,Telangana,South,Small Business,9/10/2023
10857,Priya,Roy,Male,65,Lucknow,Uttar Pradesh,North,Corporate,9/1/2024
10858,Tanya,Patel,Male,53,Kochi,Kerala,South,Small Business,11/7/2025
10859,Neha,Das,Male,51,Chennai,Tamil Nadu,South,Consumer,9/17/2024
10860,Aditya,Sharma,Male,28,New Delhi,Delhi,North,Small Business,10/1/2024
10861,Riya,Gupta,Male,26,Lucknow,Uttar Pradesh,North,Small Business,7/10/2023
10862,Priya,Jain,Female,29,Lucknow,Uttar Pradesh,North,Consumer,1/9/2023
10863,Riya,Malhotra,Male,24,Patna,Bihar,East,Consumer,8/15/2023
10864,Meera,Roy,Male,44,New Delhi,Delhi,North,Consumer,1/28/2023
10865,Aarav,Verma,Male,63,Kolkata,West Bengal,East,Consumer,5/3/2024
10866,Aarav,Bose,Male,50,Ludhiana,Punjab,North,Corporate,8/10/2025
10867,Aarav,Chatterjee,Male,60,Kochi,Kerala,South,Consumer,4/27/2024
10868,Tanya,Dutta,Male,64,Patna,Bihar,East,Consumer,11/27/2024
10869,Tanya,Verma,Male,49,Kolkata,West Bengal,East,Consumer,7/13/2025
10870,Amit,Singh,Other,23,Mumbai,Maharashtra,West,Corporate,4/4/2025
10871,Riya,Patel,Male,62,Lucknow,Uttar Pradesh,North,Corporate,12/3/2024
10872,Vikram,Chatterjee,Male,44,Kolkata,West Bengal,East,Consumer,4/26/2025
10873,Nikhil,Sharma,Female,44,Bhopal,Madhya Pradesh,Central,Small Business,10/31/2023
10874,Riya,Banerjee,Male,65,Chennai,Tamil Nadu,South,Consumer,3/30/2024
10875,Kavya,Khan,Female,50,Lucknow,Uttar Pradesh,North,Consumer,3/6/2024
10876,Arjun,Dutta,Male,23,Kochi,Kerala,South,Consumer,5/12/2025
10877,Sahil,Reddy,Female,54,Chennai,Tamil Nadu,South,Corporate,3/17/2024
10878,Vikram,Banerjee,Female,64,Bengaluru,Karnataka,South,Corporate,10/9/2025
10879,Meera,Mehta,Female,29,Ahmedabad,Gujarat,West,Corporate,7/21/2023
10880,Aditya,Khan,Male,40,Ahmedabad,Gujarat,West,Small Business,7/5/2023
10881,Kavya,Jain,Male,22,Chennai,Tamil Nadu,South,Consumer,2/12/2025
10882,Sahil,Gupta,Male,52,Ahmedabad,Gujarat,West,Consumer,4/5/2025
10883,Rohan,Chatterjee,Female,24,Gurugram,Haryana,North,Consumer,1/3/2025
10884,Karan,Dutta,Male,38,Hyderabad,Telangana,South,Consumer,11/29/2023
10885,Ishita,Singh,Female,49,Mumbai,Maharashtra,West,Consumer,1/10/2023
10886,Aditya,Roy,Male,58,Chennai,Tamil Nadu,South,Consumer,12/14/2023
10887,Kavya,Khan,Male,33,Chennai,Tamil Nadu,South,Consumer,5/18/2024
10888,Rahul,Bose,Male,61,Mumbai,Maharashtra,West,Consumer,3/21/2024
10889,Aarav,Ghosh,Male,19,Mumbai,Maharashtra,West,Consumer,9/22/2025
10890,Ishita,Singh,Female,25,Jaipur,Rajasthan,North,Small Business,7/21/2025
10891,Sahil,Khan,Female,23,Bengaluru,Karnataka,South,Consumer,4/17/2025
10892,Ananya,Ghosh,Male,53,Gurugram,Haryana,North,Small Business,1/24/2023
10893,Rohan,Reddy,Male,35,Bengaluru,Karnataka,South,Consumer,5/18/2023
10894,Pooja,Banerjee,Female,18,Kolkata,West Bengal,East,Small Business,4/13/2024
10895,Ishita,Das,Female,55,Lucknow,Uttar Pradesh,North,Consumer,11/2/2024
10896,Karan,Patel,Female,31,Kochi,Kerala,South,Consumer,1/4/2025
10897,Vikram,Sharma,Male,50,Bengaluru,Karnataka,South,Consumer,11/16/2023
10898,Sahil,Patel,Female,44,Mumbai,Maharashtra,West,Consumer,4/30/2023
10899,Meera,Verma,Female,23,Mumbai,Maharashtra,West,Corporate,12/21/2023
10900,Aditya,Gupta,Male,46,New Delhi,Delhi,North,Consumer,5/5/2025
10901,Aditya,Sen,Female,59,Hyderabad,Telangana,South,Consumer,12/1/2025
10902,Priya,Jain,Female,35,Bengaluru,Karnataka,South,Corporate,10/14/2025
10903,Aditya,Banerjee,Male,58,Kolkata,West Bengal,East,Consumer,10/2/2024
10904,Sahil,Chatterjee,Female,30,Hyderabad,Telangana,South,Consumer,4/9/2023
10905,Vikram,Iyer,Male,31,Gurugram,Haryana,North,Consumer,11/11/2025
10906,Pooja,Roy,Male,26,Jaipur,Rajasthan,North,Consumer,6/15/2023
10907,Aditya,Dutta,Female,28,Hyderabad,Telangana,South,Consumer,10/17/2023
10908,Amit,Banerjee,Female,29,Kolkata,West Bengal,East,Consumer,11/18/2025
10909,Amit,Bose,Male,49,Bengaluru,Karnataka,South,Consumer,6/28/2024
10910,Vikram,Das,Female,24,Bengaluru,Karnataka,South,Small Business,8/2/2023
10911,Nikhil,Bose,Male,44,Lucknow,Uttar Pradesh,North,Consumer,6/26/2024
10912,Meera,Chatterjee,Female,30,Kochi,Kerala,South,Consumer,3/27/2023
10913,Ananya,Roy,Male,25,Ludhiana,Punjab,North,Corporate,12/7/2023
10914,Rahul,Jain,Female,57,Bhopal,Madhya Pradesh,Central,Small Business,10/25/2025
10915,Tanya,Chatterjee,Male,43,Bhopal,Madhya Pradesh,Central,Corporate,11/19/2023
10916,Aditya,Malhotra,Male,31,Gurugram,Haryana,North,Consumer,8/22/2025
10917,Rohan,Roy,Female,48,Kolkata,West Bengal,East,Small Business,8/9/2024
10918,Kavya,Malhotra,Male,61,Mumbai,Maharashtra,West,Consumer,12/9/2024
10919,Karan,Jain,Male,31,Bengaluru,Karnataka,South,Corporate,1/29/2025
10920,Aarav,Sen,Male,29,New Delhi,Delhi,North,Consumer,8/18/2024
10921,Riya,Khan,Female,50,Kolkata,West Bengal,East,Consumer,2/7/2023
10922,Sahil,Gupta,Male,41,Bhubaneswar,Odisha,East,Small Business,9/19/2025
10923,Kavya,Banerjee,Female,50,Ahmedabad,Gujarat,West,Corporate,5/28/2024
10924,Sneha,Malhotra,Male,26,New Delhi,Delhi,North,Corporate,12/8/2024
10925,Meera,Bose,Female,62,Mumbai,Maharashtra,West,Small Business,8/21/2024
10926,Aarav,Patel,Female,18,Bengaluru,Karnataka,South,Corporate,12/12/2024
10927,Meera,Patel,Male,31,Mumbai,Maharashtra,West,Consumer,1/19/2024
10928,Riya,Das,Female,48,Bhubaneswar,Odisha,East,Consumer,6/30/2025
10929,Karan,Ghosh,Male,42,Ahmedabad,Gujarat,West,Consumer,8/31/2023
10930,Sahil,Sen,Male,34,Lucknow,Uttar Pradesh,North,Consumer,12/6/2024
10931,Karan,Jain,Female,64,Bengaluru,Karnataka,South,Corporate,9/16/2024
10932,Kavya,Jain,Female,34,Chennai,Tamil Nadu,South,Corporate,6/27/2024
10933,Rohan,Singh,Female,50,Chennai,Tamil Nadu,South,Consumer,1/24/2023
10934,Priya,Nair,Female,37,Lucknow,Uttar Pradesh,North,Small Business,2/25/2024
10935,Priya,Jain,Male,39,Lucknow,Uttar Pradesh,North,Corporate,2/21/2023
10936,Aarav,Reddy,Female,55,Mumbai,Maharashtra,West,Small Business,6/27/2024
10937,Priya,Chatterjee,Male,35,Gurugram,Haryana,North,Consumer,1/12/2025
10938,Rahul,Khan,Female,37,Mumbai,Maharashtra,West,Consumer,7/18/2024
10939,Kavya,Reddy,Female,55,Kochi,Kerala,South,Consumer,3/28/2025
10940,Rahul,Gupta,Male,22,Kolkata,West Bengal,East,Corporate,1/25/2024
10941,Ananya,Bose,Female,38,Bengaluru,Karnataka,South,Small Business,11/27/2023
10942,Amit,Khan,Female,31,Bhubaneswar,Odisha,East,Small Business,4/28/2024
10943,Vikram,Dutta,Female,41,Mumbai,Maharashtra,West,Consumer,9/5/2023
10944,Rahul,Jain,Female,45,Chennai,Tamil Nadu,South,Consumer,5/16/2025
10945,Amit,Mehta,Female,38,Hyderabad,Telangana,South,Corporate,5/24/2025
10946,Rahul,Roy,Female,65,Bengaluru,Karnataka,South,Consumer,3/25/2024
10947,Kavya,Singh,Female,61,Lucknow,Uttar Pradesh,North,Small Business,5/5/2025
10948,Arjun,Dutta,Female,24,Bhubaneswar,Odisha,East,Corporate,1/28/2023
10949,Neha,Bose,Male,48,Kochi,Kerala,South,Corporate,6/17/2023
10950,Neha,Iyer,Male,33,Bengaluru,Karnataka,South,Small Business,11/2/2023
10951,Sneha,Malhotra,Other,52,New Delhi,Delhi,North,Consumer,2/23/2024
10952,Pooja,Jain,Female,41,Bengaluru,Karnataka,South,Consumer,9/8/2023
10953,Sneha,Khan,Female,63,Bengaluru,Karnataka,South,Consumer,7/7/2024
10954,Pooja,Bose,Male,63,Mumbai,Maharashtra,West,Corporate,5/7/2025
10955,Rahul,Jain,Male,20,Gurugram,Haryana,North,Corporate,5/7/2024
10956,Neha,Banerjee,Female,23,Kochi,Kerala,South,Consumer,4/30/2024
10957,Kavya,Sharma,Male,19,Lucknow,Uttar Pradesh,North,Consumer,3/6/2023
10958,Tanya,Chatterjee,Male,56,New Delhi,Delhi,North,Consumer,10/30/2023
10959,Sneha,Sen,Male,28,Hyderabad,Telangana,South,Consumer,5/21/2025
10960,Ishita,Khan,Female,52,New Delhi,Delhi,North,Small Business,5/25/2025
10961,Ishita,Chatterjee,Female,33,New Delhi,Delhi,North,Consumer,4/23/2023
10962,Meera,Bose,Male,32,Hyderabad,Telangana,South,Consumer,1/21/2023
10963,Tanya,Das,Female,46,Mumbai,Maharashtra,West,Consumer,6/16/2025
10964,Karan,Bose,Male,55,Mumbai,Maharashtra,West,Small Business,7/8/2023
10965,Sahil,Gupta,Female,45,Gurugram,Haryana,North,Consumer,9/12/2024
10966,Riya,Mehta,Female,45,Hyderabad,Telangana,South,Consumer,6/12/2025
10967,Kavya,Malhotra,Female,53,Gurugram,Haryana,North,Consumer,4/30/2025
10968,Sahil,Roy,Male,26,Mumbai,Maharashtra,West,Consumer,8/17/2024
10969,Amit,Roy,Male,46,New Delhi,Delhi,North,Consumer,2/11/2024
10970,Neha,Reddy,Male,31,Mumbai,Maharashtra,West,Corporate,4/15/2025
10971,Meera,Khan,Female,25,Bengaluru,Karnataka,South,Corporate,1/20/2025
10972,Pooja,Dutta,Male,33,Kolkata,West Bengal,East,Consumer,6/24/2025
10973,Sahil,Khan,Female,27,Kolkata,West Bengal,East,Consumer,7/8/2024
10974,Ananya,Ghosh,Male,33,Ludhiana,Punjab,North,Consumer,10/14/2025
10975,Pooja,Iyer,Other,19,Bengaluru,Karnataka,South,Consumer,4/11/2025
10976,Aditya,Reddy,Female,53,Ahmedabad,Gujarat,West,Consumer,3/10/2023
10977,Meera,Mehta,Male,34,Hyderabad,Telangana,South,Corporate,11/14/2023
10978,Meera,Iyer,Female,49,Chennai,Tamil Nadu,South,Consumer,5/13/2025
10979,Sahil,Banerjee,Male,53,New Delhi,Delhi,North,Consumer,5/6/2023
10980,Rahul,Khan,Female,57,Mumbai,Maharashtra,West,Consumer,2/4/2025
10981,Ishita,Verma,Other,21,Bhopal,Madhya Pradesh,Central,Consumer,1/3/2024
10982,Arjun,Banerjee,Female,42,Patna,Bihar,East,Consumer,8/12/2023
10983,Tanya,Jain,Female,38,Lucknow,Uttar Pradesh,North,Consumer,8/6/2024
10984,Priya,Sharma,Female,34,Hyderabad,Telangana,South,Corporate,10/3/2025
10985,Karan,Iyer,Male,56,Mumbai,Maharashtra,West,Consumer,8/27/2025
10986,Ishita,Iyer,Female,21,Ludhiana,Punjab,North,Consumer,3/12/2024
10987,Nikhil,Jain,Female,32,Chennai,Tamil Nadu,South,Small Business,1/4/2023
10988,Sahil,Nair,Male,56,Kolkata,West Bengal,East,Consumer,8/16/2025
10989,Kavya,Verma,Female,36,Chennai,Tamil Nadu,South,Corporate,8/27/2025
10990,Karan,Patel,Male,21,Patna,Bihar,East,Consumer,10/15/2024
10991,Aarav,Khan,Male,26,Ahmedabad,Gujarat,West,Consumer,11/9/2024
10992,Nikhil,Gupta,Female,32,Lucknow,Uttar Pradesh,North,Consumer,7/22/2024
10993,Riya,Roy,Male,29,Patna,Bihar,East,Corporate,1/14/2023
10994,Ishita,Chatterjee,Female,50,Mumbai,Maharashtra,West,Small Business,6/22/2023
10995,Sneha,Banerjee,Male,26,Ludhiana,Punjab,North,Consumer,6/4/2023
10996,Sneha,Jain,Female,54,Hyderabad,Telangana,South,Consumer,9/14/2025
10997,Tanya,Patel,Female,32,Ahmedabad,Gujarat,West,Consumer,2/23/2023
10998,Rahul,Reddy,Female,21,Kolkata,West Bengal,East,Consumer,8/24/2024
10999,Neha,Banerjee,Female,18,Bhopal,Madhya Pradesh,Central,Consumer,1/27/2024
11000,Rahul,Gupta,Male,47,Bengaluru,Karnataka,South,Small Business,1/7/2023
11001,Nikhil,Khan,Male,53,Kolkata,West Bengal,East,Consumer,9/19/2025
11002,Amit,Bose,Female,24,Hyderabad,Telangana,South,Consumer,1/20/2023
11003,Aditya,Chatterjee,Female,32,Mumbai,Maharashtra,West,Corporate,7/13/2025
11004,Riya,Singh,Female,54,Mumbai,Maharashtra,West,Consumer,4/19/2025
11005,Ananya,Reddy,Female,59,Ahmedabad,Gujarat,West,Small Business,5/7/2025
11006,Rahul,Patel,Male,53,Chennai,Tamil Nadu,South,Consumer,6/24/2023
11007,Aditya,Gupta,Male,47,Ludhiana,Punjab,North,Small Business,8/9/2025
11008,Meera,Chatterjee,Female,53,Bengaluru,Karnataka,South,Consumer,10/8/2024
11009,Aarav,Iyer,Female,32,Lucknow,Uttar Pradesh,North,Consumer,3/10/2024
11010,Neha,Verma,Female,21,Hyderabad,Telangana,South,Consumer,1/5/2025
11011,Rohan,Dutta,Female,45,Jaipur,Rajasthan,North,Small Business,1/4/2024
11012,Arjun,Jain,Female,44,Ahmedabad,Gujarat,West,Consumer,10/29/2023
11013,Karan,Reddy,Female,56,Hyderabad,Telangana,South,Consumer,11/8/2023
11014,Amit,Gupta,Male,29,Gurugram,Haryana,North,Consumer,9/6/2024
11015,Tanya,Malhotra,Female,60,Chennai,Tamil Nadu,South,Consumer,10/11/2024
11016,Vikram,Roy,Male,41,Mumbai,Maharashtra,West,Corporate,9/17/2023
11017,Rohan,Bose,Male,39,Jaipur,Rajasthan,North,Small Business,9/23/2023
11018,Meera,Iyer,Female,65,Bhubaneswar,Odisha,East,Consumer,10/19/2025
11019,Rahul,Mehta,Male,44,Kolkata,West Bengal,East,Consumer,7/10/2024
11020,Pooja,Patel,Male,22,Hyderabad,Telangana,South,Consumer,7/17/2025
11021,Nikhil,Malhotra,Female,30,Kochi,Kerala,South,Consumer,12/23/2023
11022,Arjun,Gupta,Other,46,Lucknow,Uttar Pradesh,North,Consumer,11/8/2023
11023,Nikhil,Mehta,Male,29,Bhopal,Madhya Pradesh,Central,Consumer,11/2/2023
11024,Rahul,Singh,Female,25,New Delhi,Delhi,North,Consumer,7/25/2024
11025,Ishita,Dutta,Female,32,Jaipur,Rajasthan,North,Corporate,4/21/2025
11026,Priya,Sen,Male,42,Bengaluru,Karnataka,South,Consumer,6/24/2024
11027,Aarav,Jain,Female,22,Gurugram,Haryana,North,Corporate,11/15/2023
11028,Amit,Jain,Female,43,Chennai,Tamil Nadu,South,Corporate,11/2/2025
11029,Ishita,Mehta,Female,52,Lucknow,Uttar Pradesh,North,Small Business,9/10/2024
11030,Vikram,Patel,Female,39,Chennai,Tamil Nadu,South,Small Business,3/1/2024
11031,Ishita,Gupta,Other,51,New Delhi,Delhi,North,Consumer,1/11/2023
11032,Amit,Ghosh,Female,48,Lucknow,Uttar Pradesh,North,Consumer,8/30/2024
11033,Tanya,Iyer,Male,41,New Delhi,Delhi,North,Corporate,11/1/2024
11034,Vikram,Mehta,Female,64,Ludhiana,Punjab,North,Corporate,9/30/2025
11035,Ananya,Roy,Female,47,Chennai,Tamil Nadu,South,Consumer,9/7/2023
11036,Rohan,Iyer,Male,56,Ahmedabad,Gujarat,West,Consumer,6/25/2023
11037,Ishita,Das,Female,48,Chennai,Tamil Nadu,South,Small Business,12/15/2025
11038,Aarav,Banerjee,Female,64,Chennai,Tamil Nadu,South,Consumer,8/17/2024
11039,Rahul,Das,Male,38,Hyderabad,Telangana,South,Consumer,1/30/2023
11040,Rahul,Nair,Male,27,Mumbai,Maharashtra,West,Consumer,4/25/2023
11041,Tanya,Mehta,Female,26,Kolkata,West Bengal,East,Consumer,5/28/2024
11042,Aditya,Malhotra,Male,65,Jaipur,Rajasthan,North,Consumer,10/28/2024
11043,Meera,Banerjee,Female,56,Jaipur,Rajasthan,North,Consumer,9/21/2023
11044,Neha,Singh,Male,32,Jaipur,Rajasthan,North,Corporate,1/30/2024
11045,Vikram,Roy,Female,39,Kolkata,West Bengal,East,Consumer,3/6/2025
11046,Nikhil,Bose,Female,19,Bengaluru,Karnataka,South,Corporate,11/11/2025
11047,Pooja,Reddy,Male,63,Mumbai,Maharashtra,West,Consumer,6/14/2024
11048,Rahul,Das,Female,38,Lucknow,Uttar Pradesh,North,Corporate,3/24/2024
11049,Priya,Nair,Male,36,Kochi,Kerala,South,Consumer,1/26/2024
11050,Pooja,Banerjee,Male,29,Bengaluru,Karnataka,South,Consumer,5/28/2023
11051,Arjun,Gupta,Female,21,Jaipur,Rajasthan,North,Consumer,2/26/2023
11052,Ananya,Iyer,Male,54,Mumbai,Maharashtra,West,Consumer,6/19/2025
11053,Riya,Dutta,Female,28,Bengaluru,Karnataka,South,Consumer,2/10/2023
11054,Amit,Singh,Female,22,Mumbai,Maharashtra,West,Consumer,6/5/2025
11055,Aditya,Bose,Male,64,Bengaluru,Karnataka,South,Corporate,9/25/2023
11056,Arjun,Das,Male,44,Jaipur,Rajasthan,North,Consumer,1/20/2025
11057,Amit,Chatterjee,Female,21,Ludhiana,Punjab,North,Small Business,10/24/2025
11058,Pooja,Das,Male,31,Mumbai,Maharashtra,West,Consumer,3/19/2025
11059,Amit,Das,Female,44,New Delhi,Delhi,North,Consumer,2/26/2025
11060,Ananya,Sharma,Male,27,Lucknow,Uttar Pradesh,North,Small Business,10/13/2023
11061,Meera,Bose,Female,65,Gurugram,Haryana,North,Consumer,10/8/2024
11062,Ananya,Mehta,Male,60,Ahmedabad,Gujarat,West,Corporate,11/24/2024
11063,Neha,Nair,Female,60,Bengaluru,Karnataka,South,Consumer,4/4/2024
11064,Neha,Singh,Female,42,Ahmedabad,Gujarat,West,Consumer,2/11/2023
11065,Rahul,Dutta,Male,65,Bengaluru,Karnataka,South,Corporate,9/12/2025
11066,Sneha,Bose,Female,33,Bhopal,Madhya Pradesh,Central,Consumer,8/1/2023
11067,Riya,Banerjee,Male,44,Chennai,Tamil Nadu,South,Corporate,11/17/2025
11068,Ishita,Malhotra,Male,53,Jaipur,Rajasthan,North,Consumer,10/3/2025
11069,Pooja,Patel,Male,42,Kolkata,West Bengal,East,Corporate,1/21/2023
11070,Rohan,Gupta,Female,58,Chennai,Tamil Nadu,South,Consumer,3/9/2025
11071,Vikram,Sharma,Female,22,Kochi,Kerala,South,Consumer,11/15/2024
11072,Tanya,Singh,Male,39,Ahmedabad,Gujarat,West,Consumer,9/7/2023
11073,Rahul,Bose,Female,57,Hyderabad,Telangana,South,Consumer,5/27/2025
11074,Priya,Verma,Female,26,Gurugram,Haryana,North,Small Business,5/1/2023
11075,Aarav,Ghosh,Male,36,Bhubaneswar,Odisha,East,Small Business,9/26/2023
11076,Vikram,Malhotra,Male,65,Bengaluru,Karnataka,South,Corporate,10/21/2025
11077,Rahul,Jain,Male,47,New Delhi,Delhi,North,Corporate,3/13/2025
11078,Meera,Khan,Male,35,Hyderabad,Telangana,South,Small Business,5/2/2023
11079,Priya,Sen,Female,35,Ahmedabad,Gujarat,West,Consumer,6/5/2023
11080,Pooja,Patel,Female,27,Bengaluru,Karnataka,South,Consumer,10/5/2023
11081,Ananya,Bose,Male,53,Bengaluru,Karnataka,South,Consumer,3/18/2023
11082,Rohan,Reddy,Female,22,Ludhiana,Punjab,North,Consumer,7/17/2023
11083,Ananya,Iyer,Male,27,Ludhiana,Punjab,North,Corporate,9/9/2024
11084,Neha,Banerjee,Female,23,Bhubaneswar,Odisha,East,Consumer,1/9/2023
11085,Arjun,Bose,Female,54,Bhopal,Madhya Pradesh,Central,Consumer,11/7/2023
11086,Riya,Sen,Male,63,Lucknow,Uttar Pradesh,North,Corporate,12/6/2023
11087,Vikram,Verma,Female,22,Lucknow,Uttar Pradesh,North,Consumer,11/14/2025
11088,Vikram,Malhotra,Male,63,Lucknow,Uttar Pradesh,North,Small Business,11/18/2025
11089,Rohan,Khan,Other,61,Hyderabad,Telangana,South,Small Business,7/2/2025
11090,Aditya,Dutta,Male,42,Hyderabad,Telangana,South,Consumer,1/5/2024
11091,Aditya,Singh,Female,19,Bengaluru,Karnataka,South,Corporate,7/23/2024
11092,Kavya,Banerjee,Female,51,Ahmedabad,Gujarat,West,Consumer,6/28/2024
11093,Aditya,Banerjee,Female,43,Bengaluru,Karnataka,South,Consumer,7/17/2025
11094,Sahil,Sen,Female,57,Bengaluru,Karnataka,South,Small Business,3/16/2025
11095,Rahul,Reddy,Female,32,Ahmedabad,Gujarat,West,Consumer,9/6/2025
11096,Ananya,Banerjee,Male,44,Chennai,Tamil Nadu,South,Consumer,8/18/2024
11097,Aditya,Malhotra,Female,60,Mumbai,Maharashtra,West,Consumer,9/19/2025
11098,Riya,Roy,Male,50,Patna,Bihar,East,Consumer,3/14/2025
11099,Pooja,Sen,Female,49,Kochi,Kerala,South,Corporate,3/8/2025
11100,Sneha,Banerjee,Female,64,Mumbai,Maharashtra,West,Consumer,12/15/2024
11101,Sneha,Mehta,Male,41,Kolkata,West Bengal,East,Consumer,12/29/2023
11102,Vikram,Roy,Male,26,Bengaluru,Karnataka,South,Corporate,10/19/2024
11103,Riya,Sen,Male,64,Patna,Bihar,East,Consumer,1/21/2024
11104,Sneha,Ghosh,Male,24,Bhubaneswar,Odisha,East,Consumer,12/2/2024
11105,Tanya,Gupta,Female,44,Mumbai,Maharashtra,West,Consumer,10/3/2023
11106,Karan,Jain,Male,54,Lucknow,Uttar Pradesh,North,Corporate,5/13/2025
11107,Neha,Banerjee,Female,55,Kolkata,West Bengal,East,Consumer,9/9/2024
11108,Vikram,Reddy,Male,51,Chennai,Tamil Nadu,South,Consumer,2/6/2025
11109,Ishita,Roy,Male,38,Bhopal,Madhya Pradesh,Central,Consumer,8/28/2023
11110,Nikhil,Bose,Male,26,Mumbai,Maharashtra,West,Consumer,5/5/2025
11111,Nikhil,Banerjee,Male,19,Mumbai,Maharashtra,West,Small Business,5/16/2025
11112,Aditya,Das,Female,32,Hyderabad,Telangana,South,Small Business,6/7/2023
11113,Nikhil,Chatterjee,Male,64,Ahmedabad,Gujarat,West,Consumer,1/14/2024
11114,Riya,Roy,Female,50,Gurugram,Haryana,North,Consumer,1/1/2025
11115,Rohan,Patel,Female,37,Bhopal,Madhya Pradesh,Central,Consumer,8/1/2025
11116,Rohan,Iyer,Male,41,Kolkata,West Bengal,East,Consumer,3/6/2025
11117,Pooja,Jain,Male,34,Mumbai,Maharashtra,West,Consumer,5/24/2024
11118,Karan,Gupta,Male,60,Patna,Bihar,East,Consumer,11/20/2023
11119,Ishita,Ghosh,Male,39,Bengaluru,Karnataka,South,Consumer,9/9/2025
11120,Priya,Sharma,Female,58,Kochi,Kerala,South,Corporate,8/2/2025
11121,Vikram,Singh,Male,20,Jaipur,Rajasthan,North,Consumer,8/26/2025
11122,Priya,Jain,Male,41,Kolkata,West Bengal,East,Consumer,11/26/2023
11123,Ishita,Sharma,Female,46,Bhubaneswar,Odisha,East,Consumer,4/16/2024
11124,Rohan,Khan,Male,50,Mumbai,Maharashtra,West,Consumer,9/21/2023
11125,Meera,Iyer,Female,19,Hyderabad,Telangana,South,Consumer,10/27/2025
11126,Amit,Das,Female,48,New Delhi,Delhi,North,Consumer,7/25/2025
11127,Ananya,Reddy,Female,58,New Delhi,Delhi,North,Small Business,7/7/2023
11128,Nikhil,Iyer,Female,22,Jaipur,Rajasthan,North,Consumer,9/24/2023
11129,Pooja,Sen,Male,33,Jaipur,Rajasthan,North,Consumer,8/19/2024
11130,Sneha,Reddy,Male,38,Bhopal,Madhya Pradesh,Central,Consumer,3/24/2024
11131,Vikram,Mehta,Female,30,Bhopal,Madhya Pradesh,Central,Consumer,5/11/2024
11132,Ananya,Nair,Male,39,New Delhi,Delhi,North,Small Business,2/2/2024
11133,Arjun,Das,Male,60,Kolkata,West Bengal,East,Consumer,12/28/2024
11134,Aditya,Singh,Female,61,Lucknow,Uttar Pradesh,North,Small Business,8/27/2025
11135,Kavya,Sharma,Female,46,Bhopal,Madhya Pradesh,Central,Consumer,9/17/2025
11136,Sneha,Iyer,Female,60,Bengaluru,Karnataka,South,Consumer,5/6/2024
11137,Sneha,Bose,Male,57,Hyderabad,Telangana,South,Consumer,6/13/2025
11138,Tanya,Dutta,Female,20,Hyderabad,Telangana,South,Consumer,1/19/2025
11139,Tanya,Mehta,Male,36,Kolkata,West Bengal,East,Consumer,8/1/2023
11140,Ishita,Das,Female,58,Jaipur,Rajasthan,North,Consumer,5/7/2025
11141,Arjun,Ghosh,Male,39,Chennai,Tamil Nadu,South,Consumer,1/14/2024
11142,Pooja,Ghosh,Female,47,Patna,Bihar,East,Corporate,11/9/2024
11143,Amit,Mehta,Female,37,Bhubaneswar,Odisha,East,Consumer,2/17/2025
11144,Nikhil,Chatterjee,Male,18,Bhubaneswar,Odisha,East,Consumer,10/16/2025
11145,Nikhil,Mehta,Female,45,Chennai,Tamil Nadu,South,Small Business,10/21/2025
11146,Karan,Chatterjee,Male,36,Bengaluru,Karnataka,South,Consumer,5/16/2025
11147,Aarav,Banerjee,Male,55,Lucknow,Uttar Pradesh,North,Consumer,6/30/2024
11148,Rahul,Singh,Male,60,Patna,Bihar,East,Consumer,3/8/2024
11149,Amit,Das,Female,23,Hyderabad,Telangana,South,Consumer,4/21/2024
11150,Karan,Dutta,Male,35,Kochi,Kerala,South,Consumer,10/23/2025
11151,Aditya,Verma,Female,36,Mumbai,Maharashtra,West,Consumer,8/10/2023
11152,Aditya,Sen,Female,50,Kochi,Kerala,South,Corporate,7/20/2024
11153,Amit,Gupta,Female,37,Kolkata,West Bengal,East,Consumer,1/3/2025
11154,Aditya,Das,Male,45,Mumbai,Maharashtra,West,Corporate,1/25/2023
11155,Ananya,Dutta,Female,61,New Delhi,Delhi,North,Consumer,11/16/2024
11156,Tanya,Das,Male,46,Kolkata,West Bengal,East,Consumer,10/8/2023
11157,Rohan,Roy,Male,22,Kolkata,West Bengal,East,Consumer,10/31/2023
11158,Priya,Banerjee,Female,41,Kolkata,West Bengal,East,Consumer,11/2/2024
11159,Riya,Khan,Other,60,Hyderabad,Telangana,South,Consumer,1/10/2023
11160,Ishita,Sharma,Male,41,Lucknow,Uttar Pradesh,North,Consumer,6/19/2023
11161,Tanya,Sen,Male,65,Kolkata,West Bengal,East,Consumer,5/6/2024
11162,Ananya,Jain,Male,61,Jaipur,Rajasthan,North,Consumer,9/22/2024
11163,Rahul,Gupta,Male,30,Bhubaneswar,Odisha,East,Consumer,4/28/2023
11164,Ananya,Malhotra,Male,37,Mumbai,Maharashtra,West,Consumer,1/26/2024
11165,Riya,Khan,Male,26,Mumbai,Maharashtra,West,Consumer,11/29/2023
11166,Karan,Sharma,Male,27,Kochi,Kerala,South,Consumer,7/31/2024
11167,Priya,Patel,Male,35,Bhubaneswar,Odisha,East,Consumer,11/21/2023
11168,Kavya,Bose,Female,38,New Delhi,Delhi,North,Consumer,1/3/2023
11169,Aditya,Verma,Female,34,Patna,Bihar,East,Consumer,7/26/2024
11170,Karan,Reddy,Female,53,Kolkata,West Bengal,East,Small Business,7/5/2025
11171,Riya,Jain,Male,25,Chennai,Tamil Nadu,South,Corporate,9/23/2024
11172,Rohan,Sharma,Female,40,Lucknow,Uttar Pradesh,North,Consumer,1/26/2024
11173,Aditya,Sen,Male,60,Bengaluru,Karnataka,South,Consumer,6/4/2024
11174,Riya,Chatterjee,Female,53,Lucknow,Uttar Pradesh,North,Small Business,6/1/2023
11175,Aditya,Das,Male,27,New Delhi,Delhi,North,Consumer,9/13/2023
11176,Ishita,Reddy,Female,29,Lucknow,Uttar Pradesh,North,Consumer,4/17/2024
11177,Aditya,Singh,Male,62,Hyderabad,Telangana,South,Consumer,10/1/2024
11178,Vikram,Jain,Female,45,Chennai,Tamil Nadu,South,Consumer,6/9/2024
11179,Kavya,Bose,Male,60,Mumbai,Maharashtra,West,Consumer,11/5/2025
11180,Kavya,Iyer,Female,59,Mumbai,Maharashtra,West,Consumer,11/19/2024
11181,Arjun,Bose,Female,39,Lucknow,Uttar Pradesh,North,Consumer,1/25/2023
11182,Karan,Malhotra,Male,43,Kolkata,West Bengal,East,Consumer,7/20/2024
11183,Nikhil,Chatterjee,Female,35,Kolkata,West Bengal,East,Consumer,9/21/2024
11184,Meera,Chatterjee,Male,48,Mumbai,Maharashtra,West,Consumer,2/17/2023
11185,Rohan,Khan,Female,49,Mumbai,Maharashtra,West,Consumer,2/20/2024
11186,Kavya,Gupta,Male,50,Bhubaneswar,Odisha,East,Consumer,7/30/2025
11187,Sahil,Malhotra,Female,59,Chennai,Tamil Nadu,South,Consumer,1/21/2024
11188,Sneha,Roy,Female,53,Bhopal,Madhya Pradesh,Central,Small Business,5/8/2024
11189,Meera,Verma,Male,22,Mumbai,Maharashtra,West,Consumer,8/27/2023
11190,Karan,Iyer,Female,34,Jaipur,Rajasthan,North,Consumer,3/25/2023
11191,Kavya,Khan,Female,45,Hyderabad,Telangana,South,Consumer,12/10/2023
11192,Amit,Khan,Female,48,Chennai,Tamil Nadu,South,Consumer,4/14/2025
11193,Kavya,Mehta,Male,59,Kochi,Kerala,South,Consumer,11/27/2025
11194,Tanya,Sen,Male,37,Bhopal,Madhya Pradesh,Central,Consumer,12/13/2024
11195,Meera,Reddy,Male,57,Kochi,Kerala,South,Small Business,6/16/2025
11196,Aditya,Singh,Male,36,Mumbai,Maharashtra,West,Consumer,12/2/2024
11197,Neha,Khan,Male,25,Mumbai,Maharashtra,West,Consumer,12/12/2024
11198,Karan,Bose,Female,40,Jaipur,Rajasthan,North,Small Business,4/6/2024
11199,Meera,Banerjee,Female,25,Bengaluru,Karnataka,South,Consumer,3/8/2023
11200,Sneha,Chatterjee,Female,37,Lucknow,Uttar Pradesh,North,Consumer,3/19/2024
11201,Rohan,Ghosh,Male,29,New Delhi,Delhi,North,Consumer,7/23/2025
11202,Amit,Sen,Male,19,New Delhi,Delhi,North,Consumer,8/2/2024
11203,Tanya,Chatterjee,Female,49,Bhubaneswar,Odisha,East,Consumer,4/2/2025
11204,Nikhil,Roy,Female,53,Lucknow,Uttar Pradesh,North,Corporate,2/24/2023
11205,Aarav,Chatterjee,Female,24,Kolkata,West Bengal,East,Consumer,8/6/2023
11206,Nikhil,Patel,Female,46,Kolkata,West Bengal,East,Consumer,11/19/2023
11207,Kavya,Nair,Male,42,Ahmedabad,Gujarat,West,Consumer,1/24/2024
11208,Ananya,Patel,Female,24,Hyderabad,Telangana,South,Consumer,12/2/2025
11209,Arjun,Malhotra,Female,47,Bengaluru,Karnataka,South,Small Business,5/13/2024
11210,Rahul,Ghosh,Male,30,Chennai,Tamil Nadu,South,Consumer,12/16/2024
11211,Nikhil,Sharma,Female,57,Lucknow,Uttar Pradesh,North,Consumer,11/27/2024
11212,Kavya,Patel,Male,47,Bhubaneswar,Odisha,East,Consumer,3/28/2024
11213,Neha,Singh,Male,23,New Delhi,Delhi,North,Corporate,11/9/2025
11214,Karan,Reddy,Male,42,Chennai,Tamil Nadu,South,Consumer,8/29/2023
11215,Aditya,Mehta,Female,23,Bengaluru,Karnataka,South,Consumer,2/7/2023
11216,Nikhil,Gupta,Female,52,New Delhi,Delhi,North,Corporate,3/15/2025
11217,Ananya,Gupta,Male,32,Bengaluru,Karnataka,South,Consumer,12/7/2024
11218,Rohan,Sharma,Female,41,New Delhi,Delhi,North,Consumer,10/9/2023
11219,Rahul,Roy,Female,51,Jaipur,Rajasthan,North,Consumer,7/26/2025
11220,Sahil,Malhotra,Male,58,Kolkata,West Bengal,East,Corporate,6/25/2023
11221,Vikram,Mehta,Male,42,Kolkata,West Bengal,East,Small Business,9/29/2023
11222,Pooja,Khan,Male,21,Mumbai,Maharashtra,West,Small Business,6/16/2023
11223,Nikhil,Sharma,Male,30,Kochi,Kerala,South,Consumer,7/21/2023
11224,Ananya,Sen,Female,47,Ahmedabad,Gujarat,West,Corporate,2/26/2025
11225,Tanya,Khan,Female,20,Mumbai,Maharashtra,West,Consumer,1/29/2025
11226,Aarav,Patel,Male,35,Kochi,Kerala,South,Consumer,11/25/2024
11227,Kavya,Ghosh,Female,33,Hyderabad,Telangana,South,Small Business,7/18/2025
11228,Amit,Nair,Male,32,Hyderabad,Telangana,South,Small Business,3/17/2023
11229,Sahil,Reddy,Male,63,Gurugram,Haryana,North,Corporate,11/1/2024
11230,Ananya,Khan,Male,63,Kolkata,West Bengal,East,Consumer,5/5/2023
11231,Tanya,Gupta,Male,61,Mumbai,Maharashtra,West,Consumer,10/29/2025
11232,Kavya,Bose,Male,59,Ahmedabad,Gujarat,West,Small Business,11/15/2024
11233,Aarav,Khan,Male,60,Mumbai,Maharashtra,West,Small Business,3/31/2025
11234,Neha,Ghosh,Male,26,Jaipur,Rajasthan,North,Consumer,9/8/2024
11235,Sahil,Chatterjee,Male,36,Mumbai,Maharashtra,West,Consumer,2/19/2024
11236,Ishita,Malhotra,Female,20,Kolkata,West Bengal,East,Consumer,1/10/2025
11237,Sneha,Sen,Male,56,Mumbai,Maharashtra,West,Consumer,6/21/2025
11238,Priya,Ghosh,Female,59,Hyderabad,Telangana,South,Consumer,7/12/2023
11239,Vikram,Patel,Male,19,Mumbai,Maharashtra,West,Small Business,7/30/2025
11240,Tanya,Jain,Female,26,Mumbai,Maharashtra,West,Consumer,2/23/2025
11241,Karan,Sharma,Male,26,Kochi,Kerala,South,Corporate,4/3/2023
11242,Amit,Nair,Female,62,Bengaluru,Karnataka,South,Consumer,10/7/2025
11243,Kavya,Roy,Male,55,Chennai,Tamil Nadu,South,Consumer,7/14/2023
11244,Kavya,Banerjee,Male,31,Kolkata,West Bengal,East,Consumer,10/11/2024
11245,Aditya,Das,Female,20,Chennai,Tamil Nadu,South,Consumer,5/20/2023
11246,Kavya,Nair,Female,37,Bengaluru,Karnataka,South,Corporate,7/31/2023
11247,Rohan,Banerjee,Female,46,Ahmedabad,Gujarat,West,Consumer,11/25/2024
11248,Neha,Nair,Female,20,Mumbai,Maharashtra,West,Small Business,1/3/2025
11249,Rohan,Sen,Male,40,Kochi,Kerala,South,Consumer,1/11/2025
11250,Nikhil,Sharma,Female,43,Ludhiana,Punjab,North,Small Business,1/6/2024
11251,Amit,Mehta,Male,65,Kolkata,West Bengal,East,Consumer,6/4/2025
11252,Neha,Nair,Female,27,Kolkata,West Bengal,East,Consumer,2/23/2023
11253,Ishita,Nair,Female,26,Kolkata,West Bengal,East,Consumer,7/11/2025
11254,Vikram,Gupta,Male,38,Ahmedabad,Gujarat,West,Consumer,11/23/2023
11255,Kavya,Chatterjee,Female,33,Mumbai,Maharashtra,West,Consumer,11/1/2024
11256,Priya,Iyer,Male,62,Bhubaneswar,Odisha,East,Small Business,9/5/2025
11257,Sahil,Roy,Male,55,Lucknow,Uttar Pradesh,North,Corporate,10/3/2023
11258,Priya,Patel,Other,30,Patna,Bihar,East,Consumer,3/20/2024
11259,Aarav,Sen,Male,34,New Delhi,Delhi,North,Consumer,6/13/2025
11260,Amit,Sharma,Male,48,Bhopal,Madhya Pradesh,Central,Consumer,7/22/2025
11261,Amit,Chatterjee,Female,59,Kolkata,West Bengal,East,Small Business,9/12/2023
11262,Rohan,Sharma,Male,27,Chennai,Tamil Nadu,South,Corporate,7/3/2024
11263,Karan,Sharma,Male,32,Bengaluru,Karnataka,South,Consumer,12/26/2023
11264,Amit,Singh,Male,47,Gurugram,Haryana,North,Consumer,7/12/2024
11265,Kavya,Sen,Female,59,New Delhi,Delhi,North,Consumer,2/14/2024
11266,Tanya,Sharma,Male,31,Patna,Bihar,East,Consumer,1/6/2023
11267,Meera,Ghosh,Female,40,Mumbai,Maharashtra,West,Consumer,9/25/2025
11268,Aditya,Patel,Male,50,Bhopal,Madhya Pradesh,Central,Consumer,11/19/2024
11269,Rahul,Bose,Female,38,Hyderabad,Telangana,South,Corporate,5/13/2024
11270,Riya,Mehta,Male,54,Hyderabad,Telangana,South,Consumer,4/27/2023
11271,Neha,Das,Male,42,Bhopal,Madhya Pradesh,Central,Small Business,3/18/2023
11272,Pooja,Verma,Female,60,Chennai,Tamil Nadu,South,Corporate,6/1/2024
11273,Pooja,Patel,Female,47,Chennai,Tamil Nadu,South,Consumer,12/2/2024
11274,Arjun,Reddy,Male,62,Ahmedabad,Gujarat,West,Consumer,10/9/2023
11275,Amit,Mehta,Male,59,Mumbai,Maharashtra,West,Consumer,3/14/2025
11276,Kavya,Bose,Female,29,Bengaluru,Karnataka,South,Corporate,2/28/2024
11277,Amit,Khan,Male,61,Mumbai,Maharashtra,West,Consumer,1/12/2023
11278,Vikram,Patel,Male,24,Kolkata,West Bengal,East,Small Business,8/3/2024
11279,Arjun,Roy,Female,31,Kochi,Kerala,South,Corporate,7/15/2023
11280,Ishita,Verma,Female,20,Ahmedabad,Gujarat,West,Consumer,1/16/2023
11281,Karan,Jain,Female,23,Chennai,Tamil Nadu,South,Consumer,5/21/2023
11282,Neha,Verma,Male,52,Chennai,Tamil Nadu,South,Consumer,11/4/2023
11283,Neha,Dutta,Female,23,Hyderabad,Telangana,South,Consumer,7/10/2024
11284,Vikram,Khan,Male,26,Ahmedabad,Gujarat,West,Consumer,12/4/2025
11285,Neha,Roy,Female,37,Ludhiana,Punjab,North,Corporate,8/24/2023
11286,Rohan,Banerjee,Male,56,Gurugram,Haryana,North,Consumer,3/3/2023
11287,Karan,Patel,Female,56,Chennai,Tamil Nadu,South,Consumer,7/26/2023
11288,Priya,Nair,Female,64,Bengaluru,Karnataka,South,Corporate,12/11/2023
11289,Ishita,Patel,Male,20,Hyderabad,Telangana,South,Consumer,8/10/2023
11290,Aditya,Ghosh,Female,25,New Delhi,Delhi,North,Consumer,12/14/2023
11291,Amit,Khan,Female,37,Hyderabad,Telangana,South,Consumer,11/12/2025
11292,Meera,Khan,Male,31,Jaipur,Rajasthan,North,Corporate,2/14/2024
11293,Karan,Ghosh,Male,22,New Delhi,Delhi,North,Consumer,11/16/2024
11294,Aarav,Chatterjee,Male,43,Bengaluru,Karnataka,South,Consumer,1/9/2025
11295,Pooja,Dutta,Female,40,Chennai,Tamil Nadu,South,Corporate,5/21/2023
11296,Rohan,Gupta,Female,38,Chennai,Tamil Nadu,South,Corporate,9/25/2023
11297,Arjun,Bose,Male,19,Kolkata,West Bengal,East,Consumer,3/24/2024
11298,Ananya,Bose,Male,38,Mumbai,Maharashtra,West,Consumer,5/12/2024
11299,Tanya,Reddy,Female,39,Lucknow,Uttar Pradesh,North,Consumer,1/15/2023
11300,Aditya,Reddy,Male,28,Chennai,Tamil Nadu,South,Consumer,11/27/2024
11301,Rahul,Jain,Male,56,Mumbai,Maharashtra,West,Small Business,11/21/2023
11302,Aarav,Gupta,Male,60,New Delhi,Delhi,North,Consumer,12/15/2023
11303,Pooja,Nair,Female,62,Lucknow,Uttar Pradesh,North,Corporate,10/13/2024
11304,Kavya,Jain,Female,50,Bengaluru,Karnataka,South,Small Business,10/21/2025
11305,Sneha,Gupta,Female,50,Bhubaneswar,Odisha,East,Consumer,7/23/2025
11306,Aarav,Bose,Male,25,Ludhiana,Punjab,North,Consumer,11/24/2025
11307,Sneha,Chatterjee,Female,36,Ahmedabad,Gujarat,West,Consumer,3/22/2024
11308,Pooja,Banerjee,Male,18,Jaipur,Rajasthan,North,Consumer,5/10/2023
11309,Aarav,Malhotra,Female,44,Kolkata,West Bengal,East,Small Business,8/22/2023
11310,Priya,Das,Male,54,Gurugram,Haryana,North,Small Business,1/7/2024
11311,Arjun,Nair,Female,50,Chennai,Tamil Nadu,South,Consumer,11/21/2023
11312,Ishita,Jain,Female,18,Ludhiana,Punjab,North,Corporate,8/13/2023
11313,Ananya,Sharma,Female,44,New Delhi,Delhi,North,Corporate,6/12/2023
11314,Ananya,Verma,Male,60,Kolkata,West Bengal,East,Consumer,7/21/2023
11315,Aarav,Iyer,Female,22,Kolkata,West Bengal,East,Corporate,12/11/2024
11316,Amit,Roy,Female,43,Jaipur,Rajasthan,North,Consumer,6/14/2024
11317,Ishita,Malhotra,Male,30,New Delhi,Delhi,North,Small Business,2/10/2023
11318,Nikhil,Ghosh,Female,62,Kolkata,West Bengal,East,Small Business,8/31/2024
11319,Sneha,Gupta,Female,44,Lucknow,Uttar Pradesh,North,Consumer,6/28/2025
11320,Rahul,Verma,Female,55,Bhubaneswar,Odisha,East,Consumer,4/4/2024
11321,Rahul,Patel,Female,43,Hyderabad,Telangana,South,Small Business,12/11/2023
11322,Tanya,Das,Male,60,Hyderabad,Telangana,South,Consumer,10/22/2023
11323,Neha,Chatterjee,Female,31,Kolkata,West Bengal,East,Consumer,2/14/2024
11324,Rohan,Reddy,Male,53,Patna,Bihar,East,Consumer,10/28/2023
11325,Pooja,Gupta,Male,38,Bengaluru,Karnataka,South,Consumer,9/25/2025
11326,Neha,Roy,Female,45,Kochi,Kerala,South,Consumer,12/7/2025
11327,Aarav,Nair,Female,50,Chennai,Tamil Nadu,South,Consumer,1/6/2024
11328,Amit,Iyer,Female,26,New Delhi,Delhi,North,Small Business,9/24/2025
11329,Aarav,Patel,Female,59,Bengaluru,Karnataka,South,Corporate,7/10/2025
11330,Ananya,Nair,Male,52,Mumbai,Maharashtra,West,Corporate,3/23/2023
11331,Amit,Roy,Female,37,Lucknow,Uttar Pradesh,North,Consumer,6/14/2024
11332,Aditya,Patel,Male,46,Hyderabad,Telangana,South,Consumer,12/10/2024
11333,Rahul,Banerjee,Female,49,New Delhi,Delhi,North,Consumer,3/31/2024
11334,Riya,Chatterjee,Female,39,Gurugram,Haryana,North,Consumer,5/8/2024
11335,Neha,Iyer,Female,48,Gurugram,Haryana,North,Small Business,6/17/2024
11336,Pooja,Ghosh,Female,44,Bhubaneswar,Odisha,East,Consumer,1/13/2025
11337,Rahul,Roy,Female,55,Mumbai,Maharashtra,West,Small Business,11/14/2023
11338,Aditya,Banerjee,Female,29,Ahmedabad,Gujarat,West,Small Business,10/6/2024
11339,Rohan,Chatterjee,Female,18,Kochi,Kerala,South,Consumer,9/20/2023
11340,Meera,Iyer,Male,37,Chennai,Tamil Nadu,South,Small Business,8/18/2025
11341,Kavya,Roy,Female,57,Kolkata,West Bengal,East,Small Business,4/2/2023
11342,Priya,Reddy,Male,23,Patna,Bihar,East,Consumer,3/14/2023
11343,Vikram,Das,Female,59,Hyderabad,Telangana,South,Consumer,2/10/2023
11344,Nikhil,Dutta,Female,37,New Delhi,Delhi,North,Corporate,1/13/2024
11345,Rohan,Chatterjee,Female,28,Bhopal,Madhya Pradesh,Central,Corporate,10/16/2024
11346,Aarav,Patel,Female,40,Ahmedabad,Gujarat,West,Consumer,11/30/2025
11347,Priya,Gupta,Female,56,Hyderabad,Telangana,South,Consumer,5/6/2024
11348,Karan,Khan,Female,59,Chennai,Tamil Nadu,South,Consumer,7/16/2023
11349,Tanya,Reddy,Male,47,Chennai,Tamil Nadu,South,Consumer,2/2/2024
11350,Rohan,Iyer,Male,43,Kolkata,West Bengal,East,Consumer,5/18/2023
11351,Riya,Gupta,Male,56,Patna,Bihar,East,Consumer,5/24/2024
11352,Ananya,Dutta,Female,61,Bhubaneswar,Odisha,East,Corporate,2/26/2025
11353,Aditya,Patel,Female,56,Bengaluru,Karnataka,South,Consumer,2/8/2023
11354,Riya,Bose,Female,64,Bengaluru,Karnataka,South,Consumer,4/19/2025
11355,Arjun,Bose,Male,57,Kochi,Kerala,South,Consumer,9/4/2023
11356,Pooja,Khan,Male,20,Kolkata,West Bengal,East,Small Business,12/27/2024
11357,Sahil,Sharma,Female,18,New Delhi,Delhi,North,Small Business,5/30/2025
11358,Rahul,Malhotra,Female,46,Hyderabad,Telangana,South,Small Business,4/18/2025
11359,Vikram,Reddy,Male,63,Jaipur,Rajasthan,North,Consumer,12/24/2024
11360,Neha,Khan,Male,32,Mumbai,Maharashtra,West,Consumer,1/19/2025
11361,Pooja,Singh,Male,64,Jaipur,Rajasthan,North,Consumer,7/22/2023
11362,Tanya,Gupta,Female,58,Chennai,Tamil Nadu,South,Consumer,5/27/2023
11363,Meera,Patel,Female,24,Ahmedabad,Gujarat,West,Consumer,2/16/2024
11364,Rohan,Ghosh,Female,41,Kolkata,West Bengal,East,Consumer,10/18/2024
11365,Tanya,Iyer,Female,28,Hyderabad,Telangana,South,Consumer,10/29/2024
11366,Arjun,Khan,Female,21,New Delhi,Delhi,North,Consumer,4/19/2025
11367,Tanya,Nair,Male,51,Mumbai,Maharashtra,West,Consumer,11/30/2023
11368,Aarav,Ghosh,Male,28,Mumbai,Maharashtra,West,Small Business,7/23/2025
11369,Aarav,Sharma,Male,44,Mumbai,Maharashtra,West,Consumer,4/30/2024
11370,Aarav,Verma,Other,50,Chennai,Tamil Nadu,South,Consumer,9/23/2023
11371,Aarav,Malhotra,Female,38,Kolkata,West Bengal,East,Consumer,3/5/2025
11372,Ishita,Jain,Female,21,Gurugram,Haryana,North,Consumer,5/18/2023
11373,Karan,Malhotra,Female,21,Chennai,Tamil Nadu,South,Small Business,3/13/2024
11374,Amit,Reddy,Male,36,Patna,Bihar,East,Consumer,4/23/2025
11375,Arjun,Das,Male,20,Bhopal,Madhya Pradesh,Central,Consumer,4/12/2025
11376,Priya,Gupta,Female,59,Kolkata,West Bengal,East,Corporate,10/5/2023
11377,Aarav,Banerjee,Other,25,Jaipur,Rajasthan,North,Consumer,6/29/2023
11378,Aarav,Iyer,Male,19,Kochi,Kerala,South,Consumer,2/4/2023
11379,Amit,Jain,Male,24,Ahmedabad,Gujarat,West,Consumer,4/7/2023
11380,Karan,Chatterjee,Female,51,Hyderabad,Telangana,South,Consumer,6/10/2025
11381,Rahul,Chatterjee,Female,46,Hyderabad,Telangana,South,Consumer,4/26/2025
11382,Rohan,Singh,Female,50,Kolkata,West Bengal,East,Corporate,6/30/2024
11383,Nikhil,Nair,Male,34,New Delhi,Delhi,North,Consumer,9/7/2024
11384,Neha,Jain,Male,33,Bhopal,Madhya Pradesh,Central,Consumer,12/19/2023
11385,Rahul,Jain,Male,50,Gurugram,Haryana,North,Consumer,7/27/2023
11386,Nikhil,Mehta,Male,23,Kolkata,West Bengal,East,Consumer,1/13/2023
11387,Ananya,Das,Female,36,Lucknow,Uttar Pradesh,North,Consumer,12/26/2024
11388,Priya,Patel,Female,22,Bengaluru,Karnataka,South,Small Business,2/8/2023
11389,Pooja,Chatterjee,Female,38,Ludhiana,Punjab,North,Consumer,4/24/2023
11390,Vikram,Malhotra,Male,64,Kolkata,West Bengal,East,Small Business,5/6/2025
11391,Riya,Bose,Male,58,Gurugram,Haryana,North,Consumer,9/21/2024
11392,Sahil,Verma,Female,50,Bhubaneswar,Odisha,East,Consumer,6/12/2024
11393,Rahul,Mehta,Male,49,Kolkata,West Bengal,East,Consumer,8/24/2023
11394,Pooja,Singh,Male,36,Kolkata,West Bengal,East,Consumer,6/11/2023
11395,Rohan,Mehta,Male,51,Bhubaneswar,Odisha,East,Consumer,5/18/2024
11396,Kavya,Singh,Male,58,Mumbai,Maharashtra,West,Consumer,1/23/2024
11397,Meera,Jain,Male,44,New Delhi,Delhi,North,Small Business,7/30/2024
11398,Kavya,Jain,Male,22,Ludhiana,Punjab,North,Corporate,6/28/2023
11399,Nikhil,Das,Female,51,New Delhi,Delhi,North,Consumer,9/7/2023
11400,Vikram,Dutta,Male,24,Chennai,Tamil Nadu,South,Consumer,5/2/2023
11401,Riya,Jain,Female,33,Hyderabad,Telangana,South,Consumer,4/3/2024
11402,Vikram,Khan,Female,27,Kolkata,West Bengal,East,Consumer,10/26/2023
11403,Ishita,Banerjee,Female,20,Gurugram,Haryana,North,Consumer,8/30/2023
11404,Amit,Das,Female,54,Bengaluru,Karnataka,South,Corporate,8/16/2024
11405,Rahul,Dutta,Male,48,Mumbai,Maharashtra,West,Consumer,6/21/2024
11406,Pooja,Patel,Male,37,Bengaluru,Karnataka,South,Corporate,8/15/2023
11407,Aditya,Dutta,Female,36,Gurugram,Haryana,North,Small Business,1/24/2025
11408,Pooja,Nair,Female,48,Kolkata,West Bengal,East,Consumer,1/7/2024
11409,Aditya,Dutta,Male,43,Kochi,Kerala,South,Small Business,1/4/2024
11410,Sneha,Khan,Male,29,Lucknow,Uttar Pradesh,North,Small Business,5/31/2024
11411,Rahul,Malhotra,Other,41,Bhubaneswar,Odisha,East,Consumer,5/31/2023
11412,Sahil,Verma,Female,55,Bhopal,Madhya Pradesh,Central,Consumer,3/29/2024
11413,Riya,Khan,Female,44,Bhubaneswar,Odisha,East,Consumer,9/20/2024
11414,Rahul,Sen,Female,56,Gurugram,Haryana,North,Consumer,5/19/2023
11415,Aditya,Reddy,Female,42,Mumbai,Maharashtra,West,Small Business,9/2/2024
11416,Ananya,Banerjee,Female,37,Patna,Bihar,East,Consumer,2/11/2023
11417,Nikhil,Banerjee,Female,53,New Delhi,Delhi,North,Corporate,10/13/2024
11418,Rohan,Ghosh,Female,28,New Delhi,Delhi,North,Consumer,2/8/2023
11419,Rahul,Mehta,Male,48,Kochi,Kerala,South,Consumer,7/9/2023
11420,Priya,Iyer,Female,48,Bhopal,Madhya Pradesh,Central,Consumer,1/14/2024
11421,Ananya,Khan,Other,31,Lucknow,Uttar Pradesh,North,Small Business,10/25/2024
11422,Pooja,Singh,Female,30,Hyderabad,Telangana,South,Consumer,2/15/2025
11423,Ishita,Reddy,Male,22,Hyderabad,Telangana,South,Consumer,5/21/2024
11424,Rahul,Banerjee,Female,25,Chennai,Tamil Nadu,South,Small Business,5/22/2023
11425,Meera,Reddy,Male,22,Chennai,Tamil Nadu,South,Consumer,2/23/2024
11426,Pooja,Banerjee,Female,47,Chennai,Tamil Nadu,South,Small Business,4/29/2025
11427,Aditya,Mehta,Male,23,Kolkata,West Bengal,East,Consumer,4/8/2023
11428,Vikram,Iyer,Female,42,Kolkata,West Bengal,East,Corporate,2/11/2025
11429,Pooja,Reddy,Female,23,Lucknow,Uttar Pradesh,North,Consumer,2/21/2024
11430,Ananya,Patel,Male,55,Hyderabad,Telangana,South,Consumer,1/5/2023
11431,Sahil,Iyer,Female,50,Gurugram,Haryana,North,Consumer,1/20/2025
11432,Priya,Singh,Female,32,Ahmedabad,Gujarat,West,Consumer,1/29/2023
11433,Arjun,Malhotra,Male,53,Kolkata,West Bengal,East,Consumer,2/4/2024
11434,Vikram,Iyer,Male,28,Mumbai,Maharashtra,West,Consumer,7/30/2023
11435,Meera,Dutta,Male,48,Mumbai,Maharashtra,West,Consumer,9/22/2024
11436,Amit,Gupta,Female,48,Bhopal,Madhya Pradesh,Central,Consumer,3/2/2023
11437,Rohan,Singh,Female,38,Mumbai,Maharashtra,West,Small Business,4/9/2023
11438,Sneha,Ghosh,Male,51,New Delhi,Delhi,North,Consumer,7/27/2024
11439,Neha,Patel,Male,63,Gurugram,Haryana,North,Consumer,12/9/2025
11440,Rahul,Khan,Male,37,Bhopal,Madhya Pradesh,Central,Small Business,2/12/2023
11441,Sahil,Sen,Male,31,Mumbai,Maharashtra,West,Consumer,5/12/2024
11442,Priya,Roy,Female,39,Kolkata,West Bengal,East,Small Business,5/16/2025
11443,Rahul,Patel,Male,45,Mumbai,Maharashtra,West,Consumer,11/11/2023
11444,Riya,Nair,Female,23,Kolkata,West Bengal,East,Consumer,6/16/2024
11445,Pooja,Jain,Female,64,Mumbai,Maharashtra,West,Corporate,6/24/2025
11446,Arjun,Khan,Female,40,New Delhi,Delhi,North,Consumer,2/25/2025
11447,Sahil,Gupta,Male,64,Ludhiana,Punjab,North,Consumer,11/13/2023
11448,Tanya,Singh,Female,64,New Delhi,Delhi,North,Consumer,3/21/2025
11449,Aarav,Nair,Female,21,Ahmedabad,Gujarat,West,Consumer,12/30/2024
11450,Riya,Bose,Female,23,Mumbai,Maharashtra,West,Consumer,7/1/2024
11451,Nikhil,Iyer,Male,26,Patna,Bihar,East,Corporate,4/21/2024
11452,Aarav,Verma,Male,45,Ahmedabad,Gujarat,West,Consumer,9/26/2025
11453,Aditya,Ghosh,Female,34,Kochi,Kerala,South,Consumer,8/2/2025
11454,Meera,Dutta,Female,18,Gurugram,Haryana,North,Consumer,12/5/2025
11455,Aarav,Reddy,Female,45,Chennai,Tamil Nadu,South,Consumer,12/30/2024
11456,Pooja,Singh,Female,33,Kolkata,West Bengal,East,Consumer,1/23/2024
11457,Sneha,Banerjee,Female,58,Mumbai,Maharashtra,West,Consumer,4/29/2023
11458,Aditya,Malhotra,Other,54,Hyderabad,Telangana,South,Consumer,5/16/2023
11459,Nikhil,Ghosh,Female,58,Gurugram,Haryana,North,Consumer,10/24/2025
11460,Karan,Bose,Male,45,Chennai,Tamil Nadu,South,Small Business,1/28/2024
11461,Rohan,Reddy,Male,51,Lucknow,Uttar Pradesh,North,Small Business,4/30/2023
11462,Nikhil,Patel,Female,21,New Delhi,Delhi,North,Consumer,8/30/2023
11463,Neha,Ghosh,Male,54,Mumbai,Maharashtra,West,Consumer,1/23/2023
11464,Riya,Iyer,Female,39,Bengaluru,Karnataka,South,Consumer,7/27/2024
11465,Sneha,Gupta,Male,18,Jaipur,Rajasthan,North,Consumer,9/30/2024
11466,Rahul,Nair,Male,21,Jaipur,Rajasthan,North,Corporate,2/13/2024
11467,Karan,Patel,Female,32,Hyderabad,Telangana,South,Consumer,3/14/2025
11468,Meera,Banerjee,Female,35,Mumbai,Maharashtra,West,Consumer,6/2/2024
11469,Arjun,Verma,Female,28,Lucknow,Uttar Pradesh,North,Small Business,11/2/2025
11470,Kavya,Khan,Male,54,Mumbai,Maharashtra,West,Corporate,4/4/2025
11471,Nikhil,Ghosh,Male,39,Gurugram,Haryana,North,Consumer,3/23/2023
11472,Tanya,Dutta,Female,30,Mumbai,Maharashtra,West,Consumer,10/23/2023
11473,Pooja,Dutta,Female,50,Kolkata,West Bengal,East,Consumer,3/25/2025
11474,Rohan,Chatterjee,Male,39,Hyderabad,Telangana,South,Consumer,8/3/2024
11475,Aarav,Sen,Female,55,New Delhi,Delhi,North,Consumer,3/24/2025
11476,Nikhil,Reddy,Male,42,New Delhi,Delhi,North,Consumer,12/28/2023
11477,Aditya,Reddy,Female,53,Hyderabad,Telangana,South,Consumer,2/11/2023
11478,Rohan,Bose,Male,58,Bhopal,Madhya Pradesh,Central,Consumer,4/27/2025
11479,Amit,Malhotra,Other,21,Hyderabad,Telangana,South,Consumer,4/27/2025
11480,Amit,Bose,Male,23,Hyderabad,Telangana,South,Corporate,11/21/2024
11481,Sahil,Jain,Female,53,Hyderabad,Telangana,South,Consumer,3/12/2024
11482,Meera,Chatterjee,Female,44,Kolkata,West Bengal,East,Small Business,1/10/2023
11483,Meera,Ghosh,Male,29,Ahmedabad,Gujarat,West,Consumer,2/25/2025
11484,Ananya,Ghosh,Male,19,Mumbai,Maharashtra,West,Small Business,12/13/2024
11485,Ananya,Khan,Female,63,Ahmedabad,Gujarat,West,Consumer,12/22/2024
11486,Rahul,Malhotra,Female,22,Kolkata,West Bengal,East,Consumer,7/3/2023
11487,Karan,Ghosh,Female,40,Bhopal,Madhya Pradesh,Central,Consumer,2/28/2025
11488,Neha,Ghosh,Female,28,Hyderabad,Telangana,South,Consumer,2/21/2025
11489,Meera,Chatterjee,Male,36,Kochi,Kerala,South,Consumer,7/15/2025
11490,Sahil,Das,Female,52,Hyderabad,Telangana,South,Consumer,9/4/2024
11491,Sahil,Dutta,Male,42,Kolkata,West Bengal,East,Consumer,3/1/2025
11492,Riya,Mehta,Female,19,Bhubaneswar,Odisha,East,Consumer,3/9/2024
11493,Pooja,Dutta,Female,22,Ahmedabad,Gujarat,West,Consumer,1/22/2025
11494,Meera,Patel,Female,63,Patna,Bihar,East,Consumer,1/19/2025
11495,Tanya,Roy,Male,30,Hyderabad,Telangana,South,Consumer,4/21/2025
11496,Rohan,Dutta,Male,38,Ahmedabad,Gujarat,West,Consumer,7/14/2025
11497,Kavya,Nair,Female,55,Bhubaneswar,Odisha,East,Consumer,1/4/2023
11498,Aditya,Ghosh,Male,58,Ahmedabad,Gujarat,West,Corporate,4/21/2025
11499,Ananya,Verma,Female,31,Chennai,Tamil Nadu,South,Corporate,5/5/2025
11500,Rohan,Mehta,Female,28,Jaipur,Rajasthan,North,Consumer,8/12/2024
11501,Priya,Iyer,Male,38,Jaipur,Rajasthan,North,Consumer,7/15/2024
11502,Nikhil,Singh,Male,34,Gurugram,Haryana,North,Consumer,2/19/2025
11503,Ananya,Mehta,Female,51,Chennai,Tamil Nadu,South,Consumer,5/6/2024
11504,Aarav,Iyer,Female,52,Hyderabad,Telangana,South,Corporate,3/23/2024
11505,Neha,Sen,Male,30,Patna,Bihar,East,Corporate,5/17/2025
11506,Neha,Sen,Male,36,New Delhi,Delhi,North,Consumer,5/2/2025
11507,Neha,Jain,Male,53,Lucknow,Uttar Pradesh,North,Consumer,8/12/2023
11508,Aarav,Nair,Female,42,Hyderabad,Telangana,South,Consumer,6/14/2025
11509,Ishita,Banerjee,Female,44,Mumbai,Maharashtra,West,Corporate,12/19/2023
11510,Nikhil,Ghosh,Female,56,Lucknow,Uttar Pradesh,North,Corporate,5/29/2023
11511,Riya,Roy,Female,49,Mumbai,Maharashtra,West,Corporate,8/6/2025
11512,Kavya,Banerjee,Female,49,Mumbai,Maharashtra,West,Consumer,9/15/2023
11513,Aarav,Mehta,Female,41,Ahmedabad,Gujarat,West,Consumer,8/8/2023
11514,Rahul,Gupta,Male,58,Lucknow,Uttar Pradesh,North,Consumer,10/19/2023
11515,Meera,Singh,Female,19,Kochi,Kerala,South,Consumer,6/14/2024
11516,Priya,Iyer,Female,22,Bengaluru,Karnataka,South,Consumer,6/29/2023
11517,Vikram,Dutta,Female,50,Kolkata,West Bengal,East,Consumer,6/22/2023
11518,Sneha,Banerjee,Female,47,Gurugram,Haryana,North,Consumer,2/28/2024
11519,Karan,Dutta,Male,31,Mumbai,Maharashtra,West,Consumer,8/24/2023
11520,Aditya,Malhotra,Female,46,Mumbai,Maharashtra,West,Consumer,7/28/2023
11521,Aditya,Chatterjee,Female,23,Bengaluru,Karnataka,South,Consumer,9/12/2025
11522,Sahil,Malhotra,Female,47,New Delhi,Delhi,North,Consumer,10/5/2024
11523,Neha,Verma,Male,35,Kochi,Kerala,South,Consumer,1/15/2023
11524,Neha,Jain,Other,46,Lucknow,Uttar Pradesh,North,Corporate,4/20/2023
11525,Sahil,Patel,Female,34,Lucknow,Uttar Pradesh,North,Consumer,5/29/2025
11526,Aditya,Sen,Female,52,Mumbai,Maharashtra,West,Consumer,10/19/2023
11527,Sahil,Mehta,Male,23,Chennai,Tamil Nadu,South,Consumer,6/14/2023
11528,Amit,Sharma,Female,58,Hyderabad,Telangana,South,Consumer,12/19/2024
11529,Meera,Jain,Female,41,Mumbai,Maharashtra,West,Small Business,6/24/2025
11530,Ishita,Dutta,Female,29,Bengaluru,Karnataka,South,Small Business,3/6/2024
11531,Neha,Patel,Other,64,Bengaluru,Karnataka,South,Consumer,3/13/2025
11532,Aarav,Reddy,Male,23,Mumbai,Maharashtra,West,Consumer,3/31/2024
11533,Aarav,Das,Female,43,New Delhi,Delhi,North,Consumer,4/28/2023
11534,Aarav,Patel,Male,21,Lucknow,Uttar Pradesh,North,Corporate,5/11/2025
11535,Karan,Jain,Male,61,Kolkata,West Bengal,East,Consumer,9/19/2025
11536,Rohan,Nair,Male,25,Hyderabad,Telangana,South,Consumer,11/29/2025
11537,Priya,Dutta,Male,30,Patna,Bihar,East,Consumer,4/19/2023
11538,Karan,Verma,Male,49,Lucknow,Uttar Pradesh,North,Consumer,9/2/2024
11539,Sneha,Mehta,Male,60,Patna,Bihar,East,Small Business,11/4/2024
11540,Aarav,Patel,Male,37,Hyderabad,Telangana,South,Consumer,3/27/2023
11541,Neha,Nair,Female,30,Bhubaneswar,Odisha,East,Small Business,10/24/2025
11542,Neha,Reddy,Male,34,Bengaluru,Karnataka,South,Consumer,4/22/2023
11543,Aarav,Mehta,Male,62,Chennai,Tamil Nadu,South,Consumer,10/18/2023
11544,Priya,Dutta,Male,61,Mumbai,Maharashtra,West,Corporate,11/11/2025
11545,Rahul,Khan,Male,23,Hyderabad,Telangana,South,Consumer,8/23/2024
11546,Pooja,Reddy,Male,61,Chennai,Tamil Nadu,South,Small Business,1/3/2025
11547,Rahul,Iyer,Female,58,Bengaluru,Karnataka,South,Consumer,6/17/2024
11548,Arjun,Patel,Female,43,Lucknow,Uttar Pradesh,North,Consumer,3/23/2025
11549,Priya,Khan,Male,30,Bengaluru,Karnataka,South,Consumer,3/29/2023
11550,Ishita,Banerjee,Female,40,Bengaluru,Karnataka,South,Small Business,12/30/2024
11551,Kavya,Das,Male,55,Mumbai,Maharashtra,West,Consumer,3/13/2023
11552,Riya,Malhotra,Female,30,Hyderabad,Telangana,South,Consumer,7/13/2023
11553,Meera,Roy,Female,34,Bengaluru,Karnataka,South,Corporate,6/30/2024
11554,Rohan,Nair,Male,40,Chennai,Tamil Nadu,South,Consumer,4/29/2024
11555,Rohan,Dutta,Male,21,Mumbai,Maharashtra,West,Small Business,6/14/2023
11556,Arjun,Verma,Female,37,Lucknow,Uttar Pradesh,North,Consumer,5/11/2025
11557,Priya,Ghosh,Male,24,Gurugram,Haryana,North,Corporate,11/23/2023
11558,Ishita,Iyer,Male,18,Hyderabad,Telangana,South,Corporate,7/24/2025
11559,Karan,Jain,Female,36,Ahmedabad,Gujarat,West,Consumer,1/17/2023
11560,Kavya,Sharma,Female,54,Kochi,Kerala,South,Corporate,9/14/2023
11561,Vikram,Khan,Male,65,Bhopal,Madhya Pradesh,Central,Corporate,11/17/2023
11562,Aarav,Ghosh,Female,39,Ahmedabad,Gujarat,West,Consumer,10/5/2024
11563,Sneha,Das,Male,54,Kochi,Kerala,South,Corporate,3/9/2024
11564,Amit,Malhotra,Male,28,Ludhiana,Punjab,North,Consumer,6/19/2023
11565,Karan,Ghosh,Female,48,Patna,Bihar,East,Corporate,9/8/2024
11566,Neha,Sharma,Female,49,Hyderabad,Telangana,South,Corporate,10/31/2025
11567,Vikram,Sharma,Female,33,Kolkata,West Bengal,East,Consumer,5/25/2023
11568,Vikram,Singh,Female,39,Kolkata,West Bengal,East,Consumer,9/30/2023
11569,Tanya,Nair,Female,50,Hyderabad,Telangana,South,Consumer,5/31/2024
11570,Neha,Iyer,Female,33,Hyderabad,Telangana,South,Corporate,2/23/2025
11571,Neha,Banerjee,Female,46,Chennai,Tamil Nadu,South,Small Business,5/28/2023
11572,Rohan,Mehta,Male,29,New Delhi,Delhi,North,Corporate,9/7/2023
11573,Ishita,Banerjee,Female,43,New Delhi,Delhi,North,Corporate,9/12/2023
11574,Amit,Sen,Male,20,Bhubaneswar,Odisha,East,Consumer,10/27/2024
11575,Meera,Sharma,Female,39,Kolkata,West Bengal,East,Consumer,3/31/2023
11576,Kavya,Sharma,Male,42,Mumbai,Maharashtra,West,Small Business,12/13/2024
11577,Pooja,Nair,Male,57,Patna,Bihar,East,Consumer,4/4/2024
11578,Kavya,Chatterjee,Female,36,Bhubaneswar,Odisha,East,Consumer,12/21/2023
11579,Arjun,Roy,Female,18,Bhopal,Madhya Pradesh,Central,Consumer,7/20/2025
11580,Priya,Roy,Male,19,Kochi,Kerala,South,Consumer,6/3/2025
11581,Rahul,Verma,Male,43,Kochi,Kerala,South,Consumer,5/17/2025
11582,Pooja,Ghosh,Female,56,Bengaluru,Karnataka,South,Consumer,8/14/2025
11583,Kavya,Mehta,Other,60,Chennai,Tamil Nadu,South,Consumer,9/10/2023
11584,Aarav,Mehta,Male,56,Bengaluru,Karnataka,South,Consumer,7/12/2025
11585,Ananya,Sharma,Male,34,Ahmedabad,Gujarat,West,Consumer,7/10/2023
11586,Ishita,Verma,Male,41,Gurugram,Haryana,North,Consumer,12/24/2023
11587,Tanya,Jain,Male,60,Chennai,Tamil Nadu,South,Small Business,8/22/2024
11588,Arjun,Mehta,Male,58,New Delhi,Delhi,North,Consumer,3/14/2025
11589,Meera,Bose,Female,39,Bengaluru,Karnataka,South,Corporate,9/15/2024
11590,Ananya,Nair,Female,41,Mumbai,Maharashtra,West,Consumer,8/27/2024
11591,Priya,Malhotra,Male,21,Mumbai,Maharashtra,West,Consumer,2/11/2024
11592,Karan,Mehta,Male,26,Kolkata,West Bengal,East,Corporate,10/2/2024
11593,Amit,Mehta,Male,43,Gurugram,Haryana,North,Consumer,5/28/2024
11594,Meera,Mehta,Female,42,Chennai,Tamil Nadu,South,Consumer,5/30/2024
11595,Arjun,Gupta,Male,45,Bhubaneswar,Odisha,East,Consumer,9/24/2024
11596,Arjun,Verma,Male,33,Jaipur,Rajasthan,North,Corporate,10/10/2024
11597,Ishita,Singh,Female,28,Mumbai,Maharashtra,West,Small Business,12/23/2023
11598,Neha,Verma,Male,39,Mumbai,Maharashtra,West,Consumer,5/27/2023
11599,Priya,Patel,Female,60,Patna,Bihar,East,Consumer,11/20/2023
11600,Karan,Banerjee,Female,64,Bengaluru,Karnataka,South,Consumer,3/17/2024
11601,Priya,Reddy,Male,20,Ludhiana,Punjab,North,Corporate,6/23/2023
11602,Nikhil,Banerjee,Male,35,Mumbai,Maharashtra,West,Small Business,7/11/2023
11603,Ananya,Chatterjee,Female,43,Jaipur,Rajasthan,North,Consumer,10/24/2025
11604,Pooja,Verma,Male,28,Patna,Bihar,East,Consumer,10/30/2023
11605,Vikram,Dutta,Male,34,Mumbai,Maharashtra,West,Corporate,3/9/2025
11606,Aarav,Roy,Female,24,Bengaluru,Karnataka,South,Consumer,5/19/2023
11607,Karan,Bose,Female,40,Gurugram,Haryana,North,Small Business,11/16/2025
11608,Aarav,Chatterjee,Female,60,Bengaluru,Karnataka,South,Consumer,8/18/2023
11609,Vikram,Malhotra,Male,62,Hyderabad,Telangana,South,Small Business,3/1/2024
11610,Karan,Patel,Male,18,Hyderabad,Telangana,South,Consumer,4/24/2025
11611,Riya,Malhotra,Male,48,Bengaluru,Karnataka,South,Corporate,8/6/2023
11612,Rahul,Dutta,Male,61,Lucknow,Uttar Pradesh,North,Consumer,8/16/2024
11613,Priya,Gupta,Female,54,Lucknow,Uttar Pradesh,North,Consumer,4/28/2025
11614,Nikhil,Ghosh,Male,20,Chennai,Tamil Nadu,South,Small Business,1/26/2023
11615,Rahul,Mehta,Male,36,Bhubaneswar,Odisha,East,Consumer,1/28/2023
11616,Nikhil,Sharma,Male,54,Mumbai,Maharashtra,West,Corporate,5/1/2025
11617,Vikram,Iyer,Male,65,Kolkata,West Bengal,East,Consumer,10/11/2023
11618,Nikhil,Nair,Male,32,New Delhi,Delhi,North,Consumer,9/9/2025
11619,Sahil,Roy,Female,31,Bhopal,Madhya Pradesh,Central,Consumer,9/28/2025
11620,Priya,Khan,Male,29,Kolkata,West Bengal,East,Consumer,8/8/2025
11621,Neha,Mehta,Female,60,Mumbai,Maharashtra,West,Consumer,12/12/2025
11622,Amit,Dutta,Male,26,New Delhi,Delhi,North,Corporate,6/7/2025
11623,Riya,Das,Male,35,Patna,Bihar,East,Corporate,2/19/2024
11624,Pooja,Dutta,Female,24,Kolkata,West Bengal,East,Consumer,12/7/2025
11625,Ishita,Bose,Female,63,Chennai,Tamil Nadu,South,Consumer,1/9/2024
11626,Arjun,Bose,Male,21,Lucknow,Uttar Pradesh,North,Consumer,9/25/2024
11627,Meera,Sharma,Male,42,Chennai,Tamil Nadu,South,Consumer,1/7/2023
11628,Priya,Mehta,Female,25,Mumbai,Maharashtra,West,Small Business,11/5/2025
11629,Meera,Khan,Female,37,Mumbai,Maharashtra,West,Consumer,10/1/2024
11630,Rahul,Dutta,Male,46,Chennai,Tamil Nadu,South,Consumer,10/21/2025
11631,Vikram,Chatterjee,Male,51,Hyderabad,Telangana,South,Corporate,1/17/2024
11632,Sneha,Ghosh,Male,45,Kochi,Kerala,South,Consumer,12/5/2023
11633,Meera,Sharma,Female,38,Ahmedabad,Gujarat,West,Consumer,7/18/2024
11634,Tanya,Malhotra,Female,31,Jaipur,Rajasthan,North,Consumer,7/21/2025
11635,Kavya,Banerjee,Male,56,Bhopal,Madhya Pradesh,Central,Small Business,8/15/2024
11636,Sahil,Singh,Male,50,Chennai,Tamil Nadu,South,Corporate,5/5/2025
11637,Kavya,Malhotra,Male,50,Chennai,Tamil Nadu,South,Consumer,8/20/2023
11638,Priya,Dutta,Female,54,Ludhiana,Punjab,North,Consumer,4/17/2025
11639,Nikhil,Banerjee,Female,28,Bengaluru,Karnataka,South,Consumer,3/2/2025
11640,Vikram,Nair,Female,65,Lucknow,Uttar Pradesh,North,Consumer,8/25/2025
11641,Rohan,Ghosh,Female,62,Lucknow,Uttar Pradesh,North,Consumer,3/4/2023
11642,Ananya,Sen,Male,39,Kolkata,West Bengal,East,Consumer,2/19/2024
11643,Amit,Chatterjee,Female,27,Hyderabad,Telangana,South,Corporate,4/6/2023
11644,Priya,Reddy,Male,35,Mumbai,Maharashtra,West,Consumer,3/8/2024
11645,Pooja,Dutta,Male,36,Mumbai,Maharashtra,West,Consumer,3/30/2025
11646,Riya,Nair,Male,64,Hyderabad,Telangana,South,Small Business,11/22/2024
11647,Karan,Khan,Female,31,Bengaluru,Karnataka,South,Consumer,3/24/2025
11648,Karan,Dutta,Male,63,Patna,Bihar,East,Consumer,3/7/2025
11649,Vikram,Dutta,Male,29,Ludhiana,Punjab,North,Corporate,12/7/2025
11650,Pooja,Sharma,Female,62,Patna,Bihar,East,Corporate,8/8/2025
11651,Tanya,Sen,Female,62,Bengaluru,Karnataka,South,Consumer,9/25/2024
11652,Sahil,Mehta,Female,47,Bengaluru,Karnataka,South,Small Business,8/3/2025
11653,Aditya,Mehta,Male,23,Bengaluru,Karnataka,South,Consumer,2/21/2023
11654,Meera,Chatterjee,Female,47,Mumbai,Maharashtra,West,Consumer,2/18/2025
11655,Tanya,Iyer,Male,61,Gurugram,Haryana,North,Consumer,7/17/2024
11656,Ananya,Sharma,Male,62,Chennai,Tamil Nadu,South,Consumer,10/30/2025
11657,Sneha,Singh,Male,39,Mumbai,Maharashtra,West,Consumer,6/28/2024
11658,Amit,Jain,Male,41,Bhubaneswar,Odisha,East,Consumer,7/12/2023
11659,Vikram,Nair,Female,36,Chennai,Tamil Nadu,South,Corporate,2/21/2025
11660,Aarav,Nair,Female,28,Kolkata,West Bengal,East,Consumer,10/23/2025
11661,Ishita,Verma,Male,49,Mumbai,Maharashtra,West,Corporate,1/18/2023
11662,Sneha,Gupta,Female,65,Ahmedabad,Gujarat,West,Consumer,3/11/2023
11663,Amit,Sen,Female,30,Patna,Bihar,East,Consumer,12/15/2024
11664,Vikram,Nair,Female,58,Mumbai,Maharashtra,West,Consumer,8/23/2024
11665,Aarav,Iyer,Male,22,Ludhiana,Punjab,North,Consumer,8/15/2024
11666,Arjun,Patel,Male,20,Bhubaneswar,Odisha,East,Corporate,4/8/2023
11667,Priya,Khan,Female,61,Bhubaneswar,Odisha,East,Consumer,9/9/2024
11668,Ananya,Bose,Female,23,Mumbai,Maharashtra,West,Corporate,9/5/2024
11669,Meera,Mehta,Male,37,Kolkata,West Bengal,East,Corporate,7/6/2025
11670,Priya,Malhotra,Male,60,Kochi,Kerala,South,Consumer,2/26/2024
11671,Karan,Iyer,Male,34,Bengaluru,Karnataka,South,Consumer,1/11/2024
11672,Aarav,Banerjee,Male,32,Ahmedabad,Gujarat,West,Small Business,3/30/2023
11673,Aditya,Dutta,Male,19,Lucknow,Uttar Pradesh,North,Consumer,9/4/2024
11674,Nikhil,Iyer,Male,51,Mumbai,Maharashtra,West,Small Business,11/30/2024
11675,Karan,Patel,Male,33,Patna,Bihar,East,Consumer,10/31/2023
11676,Priya,Verma,Female,23,Gurugram,Haryana,North,Consumer,2/28/2025
11677,Amit,Ghosh,Female,40,Lucknow,Uttar Pradesh,North,Small Business,10/10/2025
11678,Vikram,Sen,Male,26,Hyderabad,Telangana,South,Consumer,7/8/2023
11679,Rahul,Verma,Male,58,Kochi,Kerala,South,Corporate,9/10/2024
11680,Tanya,Malhotra,Female,53,New Delhi,Delhi,North,Consumer,1/19/2025
11681,Nikhil,Verma,Male,65,Lucknow,Uttar Pradesh,North,Small Business,1/20/2023
11682,Neha,Sen,Female,65,Bhubaneswar,Odisha,East,Consumer,7/13/2023
11683,Arjun,Patel,Male,58,Lucknow,Uttar Pradesh,North,Consumer,3/3/2024
11684,Aditya,Verma,Female,42,Bengaluru,Karnataka,South,Consumer,5/29/2023
11685,Vikram,Jain,Male,26,Kolkata,West Bengal,East,Consumer,1/19/2024
11686,Nikhil,Gupta,Female,20,Mumbai,Maharashtra,West,Corporate,6/9/2023
11687,Amit,Banerjee,Female,22,New Delhi,Delhi,North,Corporate,8/26/2025
11688,Rahul,Nair,Female,29,New Delhi,Delhi,North,Corporate,10/9/2024
11689,Vikram,Dutta,Female,60,Ahmedabad,Gujarat,West,Corporate,12/22/2023
11690,Ananya,Bose,Male,28,Chennai,Tamil Nadu,South,Corporate,4/21/2025
11691,Ishita,Gupta,Male,22,Patna,Bihar,East,Consumer,1/20/2023
11692,Vikram,Singh,Female,62,Ludhiana,Punjab,North,Consumer,10/6/2024
11693,Vikram,Nair,Female,38,Bengaluru,Karnataka,South,Corporate,1/8/2025
11694,Aditya,Gupta,Female,38,Lucknow,Uttar Pradesh,North,Consumer,5/24/2025
11695,Aditya,Khan,Male,32,Jaipur,Rajasthan,North,Consumer,8/29/2023
11696,Kavya,Patel,Female,63,New Delhi,Delhi,North,Consumer,9/30/2024
11697,Vikram,Jain,Male,34,Mumbai,Maharashtra,West,Consumer,4/9/2025
11698,Arjun,Singh,Male,59,Patna,Bihar,East,Corporate,5/11/2025
11699,Amit,Khan,Female,65,Gurugram,Haryana,North,Consumer,7/9/2023
11700,Karan,Verma,Male,39,Lucknow,Uttar Pradesh,North,Consumer,11/20/2025
11701,Pooja,Sharma,Male,51,Ludhiana,Punjab,North,Corporate,10/23/2023
11702,Amit,Jain,Female,19,Bhopal,Madhya Pradesh,Central,Small Business,2/27/2024
11703,Ananya,Ghosh,Female,55,Chennai,Tamil Nadu,South,Consumer,7/27/2023
11704,Tanya,Iyer,Female,64,Ahmedabad,Gujarat,West,Small Business,6/11/2023
11705,Tanya,Singh,Male,27,Hyderabad,Telangana,South,Consumer,10/3/2023
11706,Aarav,Das,Male,18,Bhopal,Madhya Pradesh,Central,Consumer,5/27/2023
11707,Rahul,Das,Female,20,Kolkata,West Bengal,East,Consumer,3/2/2025
11708,Rahul,Ghosh,Female,59,Chennai,Tamil Nadu,South,Consumer,10/7/2024
11709,Tanya,Chatterjee,Male,29,Kochi,Kerala,South,Consumer,2/26/2024
11710,Nikhil,Jain,Female,37,Bengaluru,Karnataka,South,Consumer,8/13/2024
11711,Priya,Bose,Female,34,Patna,Bihar,East,Consumer,10/14/2024
11712,Karan,Khan,Female,32,Chennai,Tamil Nadu,South,Corporate,7/18/2023
11713,Rahul,Sharma,Female,25,Bhopal,Madhya Pradesh,Central,Consumer,11/17/2023
11714,Arjun,Roy,Male,37,Kochi,Kerala,South,Consumer,8/10/2025
11715,Rahul,Jain,Female,62,Bengaluru,Karnataka,South,Consumer,1/14/2023
11716,Riya,Jain,Male,35,Lucknow,Uttar Pradesh,North,Small Business,10/30/2025
11717,Sahil,Iyer,Male,56,Bengaluru,Karnataka,South,Small Business,11/7/2025
11718,Kavya,Sharma,Male,51,Ahmedabad,Gujarat,West,Small Business,10/1/2023
11719,Ananya,Jain,Male,56,Jaipur,Rajasthan,North,Small Business,12/13/2023
11720,Neha,Bose,Female,45,Bhubaneswar,Odisha,East,Consumer,8/12/2023
11721,Rahul,Roy,Female,35,Kolkata,West Bengal,East,Consumer,8/28/2024
11722,Neha,Bose,Male,30,Mumbai,Maharashtra,West,Consumer,8/20/2023
11723,Meera,Ghosh,Male,31,Lucknow,Uttar Pradesh,North,Small Business,5/3/2025
11724,Meera,Malhotra,Female,43,New Delhi,Delhi,North,Consumer,2/23/2024
11725,Sahil,Ghosh,Male,37,Hyderabad,Telangana,South,Consumer,11/10/2025
11726,Rahul,Das,Male,37,Kolkata,West Bengal,East,Consumer,7/10/2025
11727,Ananya,Ghosh,Female,35,Chennai,Tamil Nadu,South,Small Business,3/9/2024
11728,Ananya,Patel,Female,62,Kochi,Kerala,South,Consumer,10/5/2024
11729,Aarav,Gupta,Female,48,Kolkata,West Bengal,East,Small Business,1/27/2023
11730,Karan,Malhotra,Male,60,Chennai,Tamil Nadu,South,Small Business,3/14/2023
11731,Pooja,Reddy,Female,62,Gurugram,Haryana,North,Consumer,6/30/2024
11732,Meera,Banerjee,Female,47,Kolkata,West Bengal,East,Corporate,5/25/2024
11733,Riya,Gupta,Female,22,Lucknow,Uttar Pradesh,North,Consumer,3/6/2024
11734,Priya,Khan,Male,64,Bengaluru,Karnataka,South,Consumer,4/8/2023
11735,Amit,Roy,Female,40,Kochi,Kerala,South,Consumer,6/26/2025
11736,Pooja,Mehta,Female,36,Lucknow,Uttar Pradesh,North,Consumer,3/14/2024
11737,Aditya,Verma,Male,37,Kochi,Kerala,South,Consumer,5/22/2024
11738,Ananya,Das,Male,22,Mumbai,Maharashtra,West,Corporate,3/11/2024
11739,Ishita,Ghosh,Male,49,New Delhi,Delhi,North,Corporate,6/21/2024
11740,Ananya,Ghosh,Female,20,Lucknow,Uttar Pradesh,North,Consumer,12/1/2024
11741,Vikram,Nair,Male,52,Bengaluru,Karnataka,South,Consumer,4/5/2025
11742,Nikhil,Dutta,Female,58,Mumbai,Maharashtra,West,Consumer,8/16/2024
11743,Ananya,Chatterjee,Male,38,Kolkata,West Bengal,East,Consumer,6/29/2023
11744,Aarav,Nair,Female,36,Gurugram,Haryana,North,Small Business,8/2/2025
11745,Amit,Roy,Male,50,Lucknow,Uttar Pradesh,North,Consumer,11/4/2023
11746,Arjun,Banerjee,Female,59,Ahmedabad,Gujarat,West,Corporate,1/18/2023
11747,Tanya,Verma,Female,22,Lucknow,Uttar Pradesh,North,Small Business,2/12/2023
11748,Kavya,Reddy,Female,40,New Delhi,Delhi,North,Consumer,4/15/2025
11749,Aditya,Banerjee,Female,33,Hyderabad,Telangana,South,Consumer,2/22/2024
11750,Sneha,Nair,Female,18,Hyderabad,Telangana,South,Small Business,1/25/2023
11751,Sneha,Iyer,Female,18,Ahmedabad,Gujarat,West,Consumer,5/26/2025
11752,Sneha,Das,Female,43,Mumbai,Maharashtra,West,Consumer,11/25/2023
11753,Sahil,Dutta,Female,54,Kochi,Kerala,South,Corporate,11/22/2025
11754,Kavya,Nair,Male,46,Patna,Bihar,East,Small Business,8/8/2025
11755,Rahul,Roy,Female,29,Chennai,Tamil Nadu,South,Corporate,2/22/2023
11756,Ananya,Das,Female,39,New Delhi,Delhi,North,Corporate,1/15/2025
11757,Vikram,Dutta,Female,64,Mumbai,Maharashtra,West,Corporate,10/13/2024
11758,Pooja,Sen,Male,58,Bhopal,Madhya Pradesh,Central,Consumer,7/5/2023
11759,Amit,Sharma,Male,23,Ludhiana,Punjab,North,Consumer,1/6/2024
11760,Rohan,Ghosh,Female,48,Ludhiana,Punjab,North,Small Business,6/14/2024
11761,Ishita,Sharma,Male,47,Bengaluru,Karnataka,South,Consumer,6/7/2023
11762,Aarav,Roy,Female,35,Mumbai,Maharashtra,West,Corporate,2/18/2025
11763,Ishita,Malhotra,Male,35,Mumbai,Maharashtra,West,Consumer,10/27/2023
11764,Pooja,Sharma,Male,52,Kolkata,West Bengal,East,Consumer,10/9/2025
11765,Rohan,Jain,Female,62,Mumbai,Maharashtra,West,Corporate,5/15/2025
11766,Rohan,Ghosh,Male,33,Kolkata,West Bengal,East,Corporate,11/16/2024
11767,Ishita,Sen,Male,62,Bhopal,Madhya Pradesh,Central,Consumer,5/10/2023
11768,Meera,Gupta,Male,58,Kolkata,West Bengal,East,Consumer,1/27/2023
11769,Karan,Banerjee,Other,20,Mumbai,Maharashtra,West,Consumer,6/7/2023
11770,Nikhil,Iyer,Female,31,Bhubaneswar,Odisha,East,Consumer,6/23/2024
11771,Riya,Malhotra,Other,39,Ahmedabad,Gujarat,West,Consumer,4/23/2025
11772,Sahil,Gupta,Male,49,Lucknow,Uttar Pradesh,North,Small Business,6/15/2023
11773,Arjun,Mehta,Male,28,Ahmedabad,Gujarat,West,Small Business,2/2/2025
11774,Rohan,Nair,Male,37,Kochi,Kerala,South,Consumer,2/21/2023
11775,Aditya,Sharma,Male,22,Ahmedabad,Gujarat,West,Corporate,10/14/2023
11776,Rahul,Malhotra,Male,22,New Delhi,Delhi,North,Consumer,10/8/2024
11777,Tanya,Reddy,Male,38,Lucknow,Uttar Pradesh,North,Consumer,6/13/2025
11778,Meera,Das,Male,48,Hyderabad,Telangana,South,Corporate,4/19/2025
11779,Neha,Gupta,Female,39,Chennai,Tamil Nadu,South,Corporate,7/29/2024
11780,Ishita,Jain,Male,36,Hyderabad,Telangana,South,Corporate,2/8/2023
11781,Kavya,Bose,Female,41,Mumbai,Maharashtra,West,Consumer,11/13/2023
11782,Amit,Singh,Male,48,Patna,Bihar,East,Consumer,4/26/2025
11783,Ishita,Dutta,Female,52,Bengaluru,Karnataka,South,Consumer,3/29/2023
11784,Sahil,Sen,Female,43,Mumbai,Maharashtra,West,Corporate,2/1/2025
11785,Ananya,Gupta,Female,22,Bengaluru,Karnataka,South,Consumer,1/30/2025
11786,Priya,Khan,Female,19,Bhubaneswar,Odisha,East,Consumer,3/23/2025
11787,Arjun,Nair,Male,34,Bengaluru,Karnataka,South,Consumer,8/23/2023
11788,Aarav,Roy,Male,27,Jaipur,Rajasthan,North,Consumer,9/22/2023
11789,Ananya,Iyer,Female,43,Bhubaneswar,Odisha,East,Consumer,8/3/2023
11790,Karan,Das,Female,51,Kolkata,West Bengal,East,Corporate,3/1/2024
11791,Meera,Patel,Female,30,Lucknow,Uttar Pradesh,North,Consumer,7/19/2024
11792,Neha,Jain,Female,40,Bengaluru,Karnataka,South,Consumer,5/10/2023
11793,Aditya,Khan,Female,28,Mumbai,Maharashtra,West,Small Business,9/4/2024
11794,Priya,Jain,Other,40,Jaipur,Rajasthan,North,Consumer,9/16/2023
11795,Aarav,Chatterjee,Male,36,Ludhiana,Punjab,North,Consumer,8/30/2024
11796,Neha,Reddy,Male,18,Bengaluru,Karnataka,South,Corporate,11/24/2023
11797,Aarav,Patel,Female,49,New Delhi,Delhi,North,Consumer,10/28/2025
11798,Kavya,Dutta,Female,32,Bengaluru,Karnataka,South,Small Business,12/11/2023
11799,Aditya,Malhotra,Male,53,New Delhi,Delhi,North,Consumer,7/30/2025
11800,Sneha,Verma,Male,50,Ahmedabad,Gujarat,West,Small Business,7/9/2023
11801,Arjun,Patel,Female,27,Ahmedabad,Gujarat,West,Consumer,4/2/2023
11802,Rahul,Patel,Female,60,Ahmedabad,Gujarat,West,Consumer,7/23/2023
11803,Arjun,Iyer,Female,19,Mumbai,Maharashtra,West,Consumer,3/28/2024
11804,Amit,Sharma,Male,45,Jaipur,Rajasthan,North,Consumer,8/31/2025
11805,Ishita,Das,Male,56,Jaipur,Rajasthan,North,Consumer,7/10/2023
11806,Kavya,Iyer,Female,43,Jaipur,Rajasthan,North,Consumer,4/26/2025
11807,Neha,Mehta,Male,44,Kolkata,West Bengal,East,Consumer,1/22/2025
11808,Tanya,Malhotra,Female,40,Hyderabad,Telangana,South,Consumer,1/8/2024
11809,Kavya,Reddy,Female,20,Chennai,Tamil Nadu,South,Consumer,12/30/2023
11810,Aarav,Gupta,Male,50,Kolkata,West Bengal,East,Consumer,10/20/2025
11811,Aarav,Sen,Female,63,Mumbai,Maharashtra,West,Consumer,2/10/2025
11812,Meera,Singh,Male,56,Hyderabad,Telangana,South,Corporate,9/16/2023
11813,Priya,Roy,Female,20,Lucknow,Uttar Pradesh,North,Small Business,9/11/2025
11814,Kavya,Verma,Female,28,Mumbai,Maharashtra,West,Consumer,3/15/2024
11815,Karan,Reddy,Female,57,Bhubaneswar,Odisha,East,Small Business,3/28/2023
11816,Amit,Malhotra,Female,52,New Delhi,Delhi,North,Corporate,5/28/2025
11817,Priya,Dutta,Male,35,Lucknow,Uttar Pradesh,North,Small Business,7/27/2025
11818,Rohan,Banerjee,Female,29,Hyderabad,Telangana,South,Consumer,4/23/2024
11819,Neha,Nair,Male,40,Hyderabad,Telangana,South,Consumer,1/30/2025
11820,Arjun,Chatterjee,Other,19,Ahmedabad,Gujarat,West,Corporate,9/11/2023
11821,Rohan,Roy,Male,22,Ludhiana,Punjab,North,Consumer,7/7/2025
11822,Vikram,Banerjee,Female,21,Hyderabad,Telangana,South,Small Business,2/3/2024
11823,Rahul,Mehta,Male,57,New Delhi,Delhi,North,Small Business,10/16/2023
11824,Priya,Khan,Male,20,Ahmedabad,Gujarat,West,Consumer,6/24/2024
11825,Tanya,Banerjee,Male,44,Lucknow,Uttar Pradesh,North,Consumer,10/16/2023
11826,Priya,Verma,Male,31,Kolkata,West Bengal,East,Consumer,11/1/2024
11827,Nikhil,Das,Male,54,New Delhi,Delhi,North,Corporate,3/18/2025
11828,Nikhil,Jain,Male,24,Hyderabad,Telangana,South,Corporate,3/14/2024
11829,Pooja,Dutta,Female,61,Ludhiana,Punjab,North,Consumer,4/26/2025
11830,Ananya,Jain,Male,22,Hyderabad,Telangana,South,Consumer,4/10/2024
11831,Rahul,Dutta,Male,58,Hyderabad,Telangana,South,Small Business,11/13/2025
11832,Nikhil,Verma,Female,25,Gurugram,Haryana,North,Consumer,10/13/2023
11833,Arjun,Das,Female,19,Hyderabad,Telangana,South,Consumer,1/31/2025
11834,Vikram,Gupta,Male,19,Mumbai,Maharashtra,West,Consumer,8/1/2024
11835,Neha,Malhotra,Male,55,Mumbai,Maharashtra,West,Consumer,10/16/2025
11836,Sahil,Patel,Male,34,Kolkata,West Bengal,East,Consumer,8/26/2023
11837,Meera,Iyer,Female,38,Kolkata,West Bengal,East,Consumer,8/1/2023
11838,Priya,Sharma,Female,57,Hyderabad,Telangana,South,Consumer,7/25/2025
11839,Vikram,Sen,Female,30,Lucknow,Uttar Pradesh,North,Consumer,8/31/2025
11840,Karan,Patel,Female,44,Lucknow,Uttar Pradesh,North,Consumer,3/18/2025
11841,Tanya,Patel,Female,32,Kolkata,West Bengal,East,Small Business,5/27/2024
11842,Neha,Singh,Other,21,New Delhi,Delhi,North,Consumer,3/19/2024
11843,Aarav,Iyer,Female,65,Mumbai,Maharashtra,West,Consumer,12/20/2024
11844,Nikhil,Nair,Female,35,Gurugram,Haryana,North,Consumer,3/18/2025
11845,Vikram,Gupta,Female,58,Mumbai,Maharashtra,West,Consumer,10/26/2023
11846,Ananya,Bose,Female,38,Ahmedabad,Gujarat,West,Consumer,1/8/2023
11847,Ananya,Khan,Male,59,Bengaluru,Karnataka,South,Consumer,3/21/2023
11848,Rahul,Chatterjee,Male,26,Ahmedabad,Gujarat,West,Consumer,1/8/2024
11849,Amit,Iyer,Male,43,Chennai,Tamil Nadu,South,Consumer,1/6/2025
11850,Nikhil,Chatterjee,Male,35,Lucknow,Uttar Pradesh,North,Consumer,4/20/2024
11851,Aditya,Reddy,Female,65,Mumbai,Maharashtra,West,Small Business,10/29/2024
11852,Riya,Reddy,Female,34,Ludhiana,Punjab,North,Consumer,5/22/2024
11853,Meera,Mehta,Male,55,New Delhi,Delhi,North,Consumer,9/29/2023
11854,Karan,Reddy,Male,41,Lucknow,Uttar Pradesh,North,Consumer,3/19/2025
11855,Neha,Chatterjee,Male,37,Bhubaneswar,Odisha,East,Corporate,2/20/2025
11856,Riya,Gupta,Female,51,Bhopal,Madhya Pradesh,Central,Consumer,11/5/2025
11857,Tanya,Dutta,Female,48,Mumbai,Maharashtra,West,Consumer,6/10/2025
11858,Riya,Patel,Male,40,Bengaluru,Karnataka,South,Consumer,2/15/2024
11859,Karan,Banerjee,Male,20,Bengaluru,Karnataka,South,Consumer,1/31/2025
11860,Neha,Singh,Female,21,Bengaluru,Karnataka,South,Consumer,1/14/2024
11861,Vikram,Jain,Female,46,Ahmedabad,Gujarat,West,Consumer,7/31/2025
11862,Neha,Malhotra,Female,20,Bhopal,Madhya Pradesh,Central,Consumer,10/21/2024
11863,Sneha,Bose,Male,47,Bhopal,Madhya Pradesh,Central,Consumer,6/20/2025
11864,Neha,Patel,Male,60,New Delhi,Delhi,North,Small Business,10/31/2023
11865,Sneha,Gupta,Female,55,Ahmedabad,Gujarat,West,Consumer,1/17/2023
11866,Ishita,Sen,Male,51,Bhubaneswar,Odisha,East,Consumer,6/2/2023
11867,Pooja,Patel,Female,31,Gurugram,Haryana,North,Consumer,7/27/2024
11868,Amit,Iyer,Female,49,Mumbai,Maharashtra,West,Corporate,11/4/2025
11869,Ananya,Sharma,Male,26,New Delhi,Delhi,North,Corporate,11/8/2024
11870,Tanya,Ghosh,Female,61,Bhubaneswar,Odisha,East,Consumer,5/24/2025
11871,Riya,Mehta,Female,22,Bengaluru,Karnataka,South,Consumer,5/21/2024
11872,Priya,Mehta,Female,43,Hyderabad,Telangana,South,Consumer,11/1/2025
11873,Rohan,Dutta,Male,41,Bhopal,Madhya Pradesh,Central,Consumer,10/13/2025
11874,Rohan,Jain,Female,21,Bhopal,Madhya Pradesh,Central,Consumer,8/24/2023
11875,Sneha,Gupta,Male,26,Ludhiana,Punjab,North,Consumer,7/20/2025
11876,Rohan,Mehta,Female,52,Patna,Bihar,East,Corporate,1/20/2023
11877,Aditya,Bose,Female,46,Bengaluru,Karnataka,South,Consumer,10/2/2024
11878,Kavya,Malhotra,Male,25,Bengaluru,Karnataka,South,Consumer,4/17/2024
11879,Sahil,Ghosh,Female,24,New Delhi,Delhi,North,Consumer,11/22/2023
11880,Rohan,Das,Female,49,New Delhi,Delhi,North,Consumer,10/5/2025
11881,Priya,Verma,Female,49,New Delhi,Delhi,North,Consumer,12/16/2024
11882,Pooja,Malhotra,Male,37,Ahmedabad,Gujarat,West,Consumer,5/30/2023
11883,Riya,Das,Female,18,Chennai,Tamil Nadu,South,Consumer,5/31/2023
11884,Aditya,Mehta,Female,19,Lucknow,Uttar Pradesh,North,Consumer,5/7/2023
11885,Rahul,Iyer,Male,25,Bengaluru,Karnataka,South,Consumer,11/25/2023
11886,Karan,Roy,Male,20,Bengaluru,Karnataka,South,Small Business,3/16/2023
11887,Riya,Sen,Female,44,Mumbai,Maharashtra,West,Small Business,10/13/2023
11888,Sahil,Reddy,Female,36,Mumbai,Maharashtra,West,Consumer,4/6/2025
11889,Priya,Mehta,Male,28,Bhubaneswar,Odisha,East,Consumer,8/1/2025
11890,Vikram,Dutta,Female,46,Hyderabad,Telangana,South,Consumer,4/28/2025
11891,Neha,Banerjee,Male,51,Mumbai,Maharashtra,West,Consumer,6/19/2024
11892,Ishita,Bose,Female,26,Lucknow,Uttar Pradesh,North,Consumer,1/21/2025
11893,Aditya,Ghosh,Female,48,New Delhi,Delhi,North,Corporate,10/16/2025
11894,Priya,Dutta,Male,23,Kolkata,West Bengal,East,Small Business,2/27/2023
11895,Kavya,Sen,Female,46,Bengaluru,Karnataka,South,Corporate,9/3/2025
11896,Vikram,Khan,Female,36,Mumbai,Maharashtra,West,Corporate,2/20/2025
11897,Rahul,Sharma,Male,23,Jaipur,Rajasthan,North,Consumer,2/22/2024
11898,Priya,Roy,Female,56,Bengaluru,Karnataka,South,Small Business,4/29/2024
11899,Aditya,Patel,Female,26,Kolkata,West Bengal,East,Consumer,4/18/2024
11900,Sahil,Singh,Female,55,Kolkata,West Bengal,East,Small Business,6/20/2023
11901,Tanya,Sen,Male,35,Ahmedabad,Gujarat,West,Consumer,9/6/2023
11902,Sneha,Malhotra,Male,50,Kolkata,West Bengal,East,Consumer,11/15/2023
11903,Sneha,Khan,Female,51,Bhubaneswar,Odisha,East,Consumer,1/7/2023
11904,Aarav,Bose,Female,38,Mumbai,Maharashtra,West,Consumer,6/25/2024
11905,Vikram,Bose,Male,50,Ahmedabad,Gujarat,West,Consumer,5/29/2024
11906,Rahul,Reddy,Male,39,Hyderabad,Telangana,South,Consumer,12/23/2023
11907,Sahil,Iyer,Male,47,Hyderabad,Telangana,South,Corporate,7/10/2023
11908,Vikram,Bose,Male,28,Kolkata,West Bengal,East,Consumer,11/13/2025
11909,Rahul,Verma,Female,38,Patna,Bihar,East,Consumer,1/2/2025
11910,Nikhil,Ghosh,Male,24,Kochi,Kerala,South,Consumer,5/27/2024
11911,Sahil,Bose,Female,37,Kolkata,West Bengal,East,Consumer,2/19/2025
11912,Rohan,Patel,Female,18,Mumbai,Maharashtra,West,Consumer,2/6/2024
11913,Aarav,Das,Male,37,Ludhiana,Punjab,North,Consumer,8/21/2023
11914,Priya,Singh,Female,59,New Delhi,Delhi,North,Small Business,12/28/2024
11915,Sneha,Chatterjee,Male,35,Mumbai,Maharashtra,West,Consumer,4/12/2025
11916,Aditya,Banerjee,Male,41,Mumbai,Maharashtra,West,Corporate,12/3/2024
11917,Sahil,Gupta,Female,59,Jaipur,Rajasthan,North,Consumer,9/3/2024
11918,Tanya,Jain,Female,18,Lucknow,Uttar Pradesh,North,Corporate,1/3/2023
11919,Amit,Sharma,Male,50,Ahmedabad,Gujarat,West,Corporate,11/19/2024
11920,Sahil,Singh,Female,43,Gurugram,Haryana,North,Consumer,10/29/2024
11921,Aarav,Banerjee,Male,34,Hyderabad,Telangana,South,Consumer,3/21/2024
11922,Aarav,Dutta,Male,30,Bengaluru,Karnataka,South,Small Business,9/21/2023
11923,Nikhil,Chatterjee,Female,46,Hyderabad,Telangana,South,Consumer,11/23/2025
11924,Karan,Nair,Female,38,Chennai,Tamil Nadu,South,Consumer,2/10/2024
11925,Rahul,Chatterjee,Female,36,Mumbai,Maharashtra,West,Consumer,10/21/2023
11926,Kavya,Sen,Male,50,Kolkata,West Bengal,East,Consumer,2/1/2025
11927,Ananya,Verma,Male,37,Chennai,Tamil Nadu,South,Consumer,6/4/2024
11928,Kavya,Malhotra,Male,56,Lucknow,Uttar Pradesh,North,Consumer,8/24/2024
11929,Meera,Chatterjee,Female,31,Kolkata,West Bengal,East,Consumer,12/1/2024
11930,Ishita,Mehta,Female,51,Hyderabad,Telangana,South,Consumer,2/3/2024
11931,Pooja,Das,Male,45,Ahmedabad,Gujarat,West,Corporate,6/14/2023
11932,Amit,Chatterjee,Female,61,Ahmedabad,Gujarat,West,Consumer,6/30/2023
11933,Meera,Khan,Female,37,Lucknow,Uttar Pradesh,North,Corporate,10/11/2025
11934,Neha,Khan,Male,29,Patna,Bihar,East,Consumer,6/29/2024
11935,Priya,Nair,Male,37,Lucknow,Uttar Pradesh,North,Consumer,3/26/2024
11936,Rahul,Khan,Female,49,Kolkata,West Bengal,East,Consumer,12/11/2023
11937,Sneha,Mehta,Male,38,Hyderabad,Telangana,South,Corporate,2/18/2025
11938,Riya,Sharma,Male,60,Ahmedabad,Gujarat,West,Consumer,9/12/2025
11939,Pooja,Singh,Male,25,Bengaluru,Karnataka,South,Consumer,4/10/2025
11940,Sneha,Iyer,Female,32,Kolkata,West Bengal,East,Small Business,7/31/2024
11941,Amit,Reddy,Female,65,Mumbai,Maharashtra,West,Consumer,5/28/2024
11942,Riya,Jain,Female,56,Hyderabad,Telangana,South,Consumer,7/24/2025
11943,Rohan,Verma,Male,21,Chennai,Tamil Nadu,South,Corporate,7/13/2025
11944,Sneha,Reddy,Female,63,Mumbai,Maharashtra,West,Consumer,2/26/2024
11945,Riya,Gupta,Male,38,Bhubaneswar,Odisha,East,Consumer,11/7/2025
11946,Sahil,Malhotra,Female,48,Ludhiana,Punjab,North,Small Business,6/12/2025
11947,Neha,Verma,Other,18,Mumbai,Maharashtra,West,Corporate,7/2/2025
11948,Sahil,Das,Female,25,Ludhiana,Punjab,North,Consumer,3/3/2023
11949,Sahil,Sharma,Male,51,Kolkata,West Bengal,East,Consumer,5/21/2023
11950,Arjun,Reddy,Female,30,Ludhiana,Punjab,North,Small Business,11/18/2023
11951,Meera,Ghosh,Male,23,Gurugram,Haryana,North,Consumer,4/2/2025
11952,Riya,Patel,Male,50,Kolkata,West Bengal,East,Consumer,3/26/2023
11953,Meera,Reddy,Female,28,Lucknow,Uttar Pradesh,North,Small Business,3/31/2023
11954,Pooja,Sharma,Male,59,Bhopal,Madhya Pradesh,Central,Corporate,2/4/2023
11955,Sahil,Sen,Male,26,Ludhiana,Punjab,North,Consumer,7/27/2023
11956,Ishita,Chatterjee,Female,19,Bhopal,Madhya Pradesh,Central,Corporate,9/19/2025
11957,Ananya,Das,Female,36,New Delhi,Delhi,North,Consumer,2/17/2025
11958,Aarav,Dutta,Female,33,Kolkata,West Bengal,East,Small Business,2/13/2025
11959,Aarav,Nair,Male,48,Bhubaneswar,Odisha,East,Consumer,11/12/2023
11960,Sahil,Dutta,Female,29,Ahmedabad,Gujarat,West,Consumer,11/6/2024
11961,Vikram,Bose,Male,65,Ahmedabad,Gujarat,West,Consumer,4/21/2025
11962,Rahul,Bose,Female,38,Chennai,Tamil Nadu,South,Consumer,7/29/2024
11963,Aarav,Roy,Male,52,New Delhi,Delhi,North,Consumer,7/13/2025
11964,Riya,Roy,Male,54,Mumbai,Maharashtra,West,Corporate,9/7/2024
11965,Priya,Roy,Female,60,Lucknow,Uttar Pradesh,North,Consumer,12/17/2023
11966,Amit,Singh,Male,42,Kolkata,West Bengal,East,Small Business,11/20/2024
11967,Meera,Nair,Female,28,Lucknow,Uttar Pradesh,North,Consumer,10/15/2025
11968,Karan,Das,Male,42,Bhubaneswar,Odisha,East,Consumer,6/11/2025
11969,Tanya,Verma,Male,38,Hyderabad,Telangana,South,Consumer,6/22/2024
11970,Sneha,Mehta,Male,47,New Delhi,Delhi,North,Consumer,10/6/2024
11971,Rohan,Iyer,Male,29,Bengaluru,Karnataka,South,Consumer,11/20/2025
11972,Pooja,Banerjee,Male,42,Gurugram,Haryana,North,Consumer,3/19/2025
11973,Aarav,Roy,Male,63,Lucknow,Uttar Pradesh,North,Consumer,6/26/2024
11974,Nikhil,Patel,Male,51,Chennai,Tamil Nadu,South,Corporate,10/31/2023
11975,Kavya,Reddy,Female,63,Mumbai,Maharashtra,West,Small Business,9/5/2025
11976,Arjun,Banerjee,Female,23,Mumbai,Maharashtra,West,Corporate,11/20/2025
11977,Ananya,Mehta,Male,49,Hyderabad,Telangana,South,Corporate,3/18/2023
11978,Karan,Mehta,Male,19,Gurugram,Haryana,North,Consumer,2/4/2023
11979,Amit,Khan,Male,27,Lucknow,Uttar Pradesh,North,Corporate,5/5/2023
11980,Rahul,Chatterjee,Male,57,Mumbai,Maharashtra,West,Corporate,2/22/2024
11981,Amit,Khan,Male,22,Bhubaneswar,Odisha,East,Consumer,6/22/2023
11982,Ishita,Verma,Male,40,Chennai,Tamil Nadu,South,Consumer,8/10/2025
11983,Pooja,Bose,Female,21,Bhubaneswar,Odisha,East,Small Business,9/14/2025
11984,Aditya,Sen,Female,32,Bengaluru,Karnataka,South,Small Business,7/14/2023
11985,Ishita,Nair,Male,23,Ahmedabad,Gujarat,West,Corporate,6/14/2025
11986,Sneha,Nair,Male,39,Ludhiana,Punjab,North,Consumer,6/2/2023
11987,Ananya,Sharma,Male,48,Bengaluru,Karnataka,South,Corporate,4/30/2025
11988,Ananya,Nair,Male,49,Jaipur,Rajasthan,North,Consumer,1/30/2024
11989,Ananya,Bose,Female,62,Bhopal,Madhya Pradesh,Central,Consumer,2/13/2023
11990,Sahil,Gupta,Male,23,Mumbai,Maharashtra,West,Consumer,4/7/2024
11991,Aditya,Dutta,Male,37,Kolkata,West Bengal,East,Consumer,6/7/2025
11992,Sneha,Sharma,Male,43,Jaipur,Rajasthan,North,Consumer,10/5/2025
11993,Meera,Singh,Female,22,Bengaluru,Karnataka,South,Consumer,5/11/2023
11994,Meera,Dutta,Male,23,Kolkata,West Bengal,East,Corporate,6/22/2025
11995,Rahul,Malhotra,Female,32,Hyderabad,Telangana,South,Consumer,11/13/2023
11996,Sneha,Jain,Male,59,Lucknow,Uttar Pradesh,North,Consumer,5/16/2024
11997,Aditya,Ghosh,Male,46,Bengaluru,Karnataka,South,Corporate,4/28/2023
11998,Sahil,Roy,Male,44,Bengaluru,Karnataka,South,Small Business,11/16/2025
11999,Pooja,Banerjee,Female,44,Bhubaneswar,Odisha,East,Small Business,5/3/2025
12000,Vikram,Mehta,Male,56,New Delhi,Delhi,North,Consumer,11/24/2024
12001,Rahul,Das,Male,44,Bhubaneswar,Odisha,East,Consumer,2/24/2025
12002,Sneha,Mehta,Male,52,Hyderabad,Telangana,South,Corporate,8/1/2025
12003,Arjun,Das,Male,32,Gurugram,Haryana,North,Consumer,6/4/2023
12004,Amit,Patel,Male,57,Jaipur,Rajasthan,North,Consumer,9/23/2023
12005,Nikhil,Singh,Female,19,Kolkata,West Bengal,East,Consumer,2/10/2023
12006,Kavya,Singh,Female,34,Kochi,Kerala,South,Consumer,6/12/2024
12007,Rohan,Das,Female,30,Hyderabad,Telangana,South,Consumer,6/17/2024
12008,Ishita,Reddy,Female,24,Mumbai,Maharashtra,West,Consumer,2/2/2023
12009,Tanya,Bose,Male,43,Mumbai,Maharashtra,West,Consumer,12/15/2024
12010,Aditya,Iyer,Female,60,Jaipur,Rajasthan,North,Consumer,1/10/2023
12011,Sahil,Khan,Male,25,Kolkata,West Bengal,East,Consumer,5/6/2025
12012,Neha,Singh,Male,60,Bengaluru,Karnataka,South,Consumer,1/31/2025
12013,Ishita,Dutta,Female,59,Mumbai,Maharashtra,West,Consumer,5/30/2025
12014,Neha,Jain,Male,60,Hyderabad,Telangana,South,Consumer,5/8/2023
12015,Rahul,Jain,Male,18,Chennai,Tamil Nadu,South,Consumer,7/29/2025
12016,Aditya,Banerjee,Female,65,New Delhi,Delhi,North,Consumer,8/14/2024
12017,Rohan,Sharma,Male,38,Bengaluru,Karnataka,South,Small Business,7/21/2025
12018,Kavya,Ghosh,Male,46,Kolkata,West Bengal,East,Consumer,1/21/2025
12019,Karan,Banerjee,Female,32,Ahmedabad,Gujarat,West,Consumer,12/9/2024
12020,Sneha,Gupta,Male,42,Chennai,Tamil Nadu,South,Consumer,2/4/2023
12021,Sahil,Sen,Male,44,Jaipur,Rajasthan,North,Consumer,1/17/2025
12022,Ishita,Das,Male,56,Kolkata,West Bengal,East,Small Business,4/29/2024
12023,Tanya,Malhotra,Female,34,Kolkata,West Bengal,East,Consumer,7/6/2025
12024,Karan,Singh,Female,23,Bengaluru,Karnataka,South,Consumer,1/8/2025
12025,Meera,Bose,Female,46,Hyderabad,Telangana,South,Consumer,3/22/2023
12026,Tanya,Reddy,Male,55,Chennai,Tamil Nadu,South,Consumer,8/18/2025
12027,Rohan,Sharma,Male,18,Patna,Bihar,East,Consumer,3/9/2023
12028,Priya,Ghosh,Male,56,Chennai,Tamil Nadu,South,Consumer,11/20/2023
12029,Sahil,Das,Female,56,New Delhi,Delhi,North,Small Business,8/23/2023
12030,Rahul,Bose,Female,45,Ahmedabad,Gujarat,West,Consumer,11/18/2025
12031,Kavya,Iyer,Female,63,Kolkata,West Bengal,East,Consumer,6/15/2023
12032,Ananya,Sharma,Male,36,New Delhi,Delhi,North,Consumer,7/1/2025
12033,Meera,Jain,Female,24,Chennai,Tamil Nadu,South,Consumer,8/28/2023
12034,Pooja,Jain,Male,49,Hyderabad,Telangana,South,Consumer,12/3/2024
12035,Vikram,Dutta,Male,47,Kolkata,West Bengal,East,Consumer,4/8/2023
12036,Aditya,Banerjee,Male,61,Patna,Bihar,East,Small Business,2/28/2024
12037,Karan,Dutta,Female,28,Gurugram,Haryana,North,Consumer,11/3/2024
12038,Sneha,Nair,Female,25,Kolkata,West Bengal,East,Consumer,2/6/2025
12039,Sneha,Iyer,Male,50,Ahmedabad,Gujarat,West,Consumer,7/31/2025
12040,Rahul,Khan,Female,32,Lucknow,Uttar Pradesh,North,Consumer,5/31/2025
12041,Ananya,Gupta,Male,26,Bengaluru,Karnataka,South,Consumer,7/14/2024
12042,Meera,Ghosh,Male,50,Patna,Bihar,East,Small Business,11/24/2023
12043,Amit,Chatterjee,Male,26,Ahmedabad,Gujarat,West,Consumer,10/10/2023
12044,Aditya,Sharma,Male,57,Ludhiana,Punjab,North,Consumer,12/8/2025
12045,Sahil,Verma,Female,32,Bhopal,Madhya Pradesh,Central,Corporate,10/18/2024
12046,Karan,Sharma,Male,49,Kolkata,West Bengal,East,Consumer,9/8/2025
12047,Neha,Khan,Male,45,Hyderabad,Telangana,South,Consumer,4/13/2024
12048,Aarav,Jain,Male,46,New Delhi,Delhi,North,Consumer,6/8/2024
12049,Vikram,Nair,Female,32,Mumbai,Maharashtra,West,Consumer,6/10/2025
12050,Aarav,Patel,Female,22,Bengaluru,Karnataka,South,Consumer,2/19/2025
12051,Pooja,Chatterjee,Female,48,Bhopal,Madhya Pradesh,Central,Small Business,8/5/2023
12052,Riya,Sharma,Male,38,Kolkata,West Bengal,East,Corporate,7/19/2024
12053,Vikram,Sharma,Male,64,Hyderabad,Telangana,South,Consumer,8/19/2023
12054,Sneha,Dutta,Male,60,Bhubaneswar,Odisha,East,Small Business,4/1/2025
12055,Aarav,Sharma,Female,21,Bengaluru,Karnataka,South,Consumer,2/2/2023
12056,Ishita,Gupta,Male,35,Hyderabad,Telangana,South,Corporate,6/12/2025
12057,Rahul,Patel,Female,37,Bhopal,Madhya Pradesh,Central,Consumer,9/30/2025
12058,Rahul,Mehta,Female,36,Hyderabad,Telangana,South,Consumer,1/26/2023
12059,Meera,Iyer,Female,52,Mumbai,Maharashtra,West,Consumer,11/11/2024
12060,Rohan,Bose,Female,35,Kolkata,West Bengal,East,Consumer,3/27/2023
12061,Aditya,Reddy,Male,25,Gurugram,Haryana,North,Small Business,1/24/2024
12062,Arjun,Chatterjee,Male,35,Bengaluru,Karnataka,South,Consumer,12/30/2023
12063,Rohan,Banerjee,Male,55,New Delhi,Delhi,North,Small Business,7/15/2024
12064,Sneha,Sharma,Male,37,Kolkata,West Bengal,East,Consumer,9/18/2025
12065,Amit,Dutta,Female,31,Hyderabad,Telangana,South,Consumer,5/13/2024
12066,Aarav,Mehta,Male,55,Gurugram,Haryana,North,Consumer,3/6/2024
12067,Nikhil,Roy,Female,21,New Delhi,Delhi,North,Consumer,4/11/2023
12068,Aarav,Iyer,Female,39,Bhopal,Madhya Pradesh,Central,Consumer,8/16/2025
12069,Pooja,Khan,Male,22,Bengaluru,Karnataka,South,Consumer,12/6/2023
12070,Arjun,Khan,Male,47,New Delhi,Delhi,North,Corporate,5/14/2024
12071,Sahil,Banerjee,Male,61,Bhubaneswar,Odisha,East,Consumer,4/10/2023
12072,Pooja,Jain,Male,39,Hyderabad,Telangana,South,Consumer,11/8/2023
12073,Sahil,Singh,Female,65,Bengaluru,Karnataka,South,Consumer,8/20/2024
12074,Nikhil,Reddy,Female,59,Bhubaneswar,Odisha,East,Consumer,8/30/2025
12075,Sahil,Das,Female,52,Chennai,Tamil Nadu,South,Small Business,12/22/2023
12076,Karan,Patel,Male,26,New Delhi,Delhi,North,Consumer,8/28/2024
12077,Sahil,Nair,Female,19,Bhopal,Madhya Pradesh,Central,Consumer,8/3/2025
12078,Riya,Patel,Female,23,Mumbai,Maharashtra,West,Consumer,1/25/2024
12079,Karan,Jain,Other,34,Bengaluru,Karnataka,South,Consumer,11/15/2023
12080,Tanya,Chatterjee,Female,37,Kolkata,West Bengal,East,Consumer,2/17/2023
12081,Sneha,Verma,Female,28,Chennai,Tamil Nadu,South,Consumer,9/7/2025
12082,Tanya,Banerjee,Male,64,Mumbai,Maharashtra,West,Corporate,4/30/2023
12083,Vikram,Reddy,Female,53,Jaipur,Rajasthan,North,Consumer,8/21/2023
12084,Ishita,Jain,Male,51,Mumbai,Maharashtra,West,Consumer,5/31/2023
12085,Rohan,Ghosh,Male,49,Jaipur,Rajasthan,North,Consumer,2/3/2025
12086,Aarav,Patel,Male,47,Bengaluru,Karnataka,South,Consumer,1/30/2024
12087,Meera,Mehta,Male,60,Chennai,Tamil Nadu,South,Corporate,1/31/2025
12088,Amit,Sharma,Male,36,Chennai,Tamil Nadu,South,Small Business,10/17/2024
12089,Aditya,Gupta,Male,24,Lucknow,Uttar Pradesh,North,Consumer,1/17/2023
12090,Tanya,Nair,Female,32,Hyderabad,Telangana,South,Consumer,11/29/2023
12091,Ananya,Verma,Female,28,Chennai,Tamil Nadu,South,Corporate,1/5/2023
12092,Kavya,Reddy,Female,63,Bhubaneswar,Odisha,East,Corporate,3/12/2023
12093,Ishita,Dutta,Female,45,New Delhi,Delhi,North,Corporate,5/25/2024
12094,Karan,Das,Male,38,Mumbai,Maharashtra,West,Consumer,10/13/2023
12095,Arjun,Malhotra,Female,19,Ludhiana,Punjab,North,Consumer,4/7/2023
12096,Karan,Malhotra,Female,52,Chennai,Tamil Nadu,South,Consumer,3/17/2024
12097,Pooja,Patel,Male,49,Kolkata,West Bengal,East,Consumer,5/3/2024
12098,Tanya,Khan,Female,56,Hyderabad,Telangana,South,Small Business,12/7/2025
12099,Rohan,Dutta,Female,24,Mumbai,Maharashtra,West,Consumer,12/15/2024
12100,Riya,Sharma,Male,49,Mumbai,Maharashtra,West,Consumer,2/29/2024
12101,Riya,Das,Female,35,Lucknow,Uttar Pradesh,North,Consumer,5/26/2024
12102,Aarav,Iyer,Male,29,Mumbai,Maharashtra,West,Consumer,4/7/2023
12103,Priya,Reddy,Female,28,Patna,Bihar,East,Small Business,2/22/2024
12104,Sahil,Gupta,Female,31,Gurugram,Haryana,North,Consumer,9/19/2024
12105,Ananya,Jain,Male,53,Ahmedabad,Gujarat,West,Consumer,1/23/2023
12106,Aarav,Nair,Female,19,Lucknow,Uttar Pradesh,North,Corporate,9/20/2025
12107,Arjun,Patel,Female,63,Lucknow,Uttar Pradesh,North,Consumer,7/10/2024
12108,Sneha,Gupta,Male,64,Bhopal,Madhya Pradesh,Central,Consumer,4/29/2025
12109,Karan,Ghosh,Female,64,Chennai,Tamil Nadu,South,Consumer,10/25/2023
12110,Priya,Banerjee,Female,58,Mumbai,Maharashtra,West,Consumer,6/22/2025
12111,Ishita,Roy,Male,33,New Delhi,Delhi,North,Consumer,2/1/2024
12112,Rahul,Roy,Female,37,New Delhi,Delhi,North,Consumer,9/29/2025
12113,Sahil,Mehta,Male,24,Mumbai,Maharashtra,West,Consumer,7/17/2024
12114,Arjun,Bose,Male,60,Ahmedabad,Gujarat,West,Consumer,11/18/2024
12115,Rahul,Verma,Female,54,Kolkata,West Bengal,East,Small Business,8/9/2023
12116,Neha,Dutta,Male,25,Ludhiana,Punjab,North,Consumer,12/10/2025
12117,Sahil,Nair,Male,65,Bengaluru,Karnataka,South,Consumer,7/28/2023
12118,Aditya,Verma,Female,20,Kolkata,West Bengal,East,Consumer,2/5/2023
12119,Riya,Chatterjee,Female,54,Kolkata,West Bengal,East,Consumer,4/20/2024
12120,Neha,Verma,Female,24,Bengaluru,Karnataka,South,Consumer,6/20/2025
12121,Priya,Jain,Female,53,Bengaluru,Karnataka,South,Consumer,9/21/2025
12122,Rohan,Reddy,Female,60,Kolkata,West Bengal,East,Consumer,7/14/2025
12123,Nikhil,Jain,Female,63,Bengaluru,Karnataka,South,Consumer,8/20/2024
12124,Nikhil,Patel,Male,25,Mumbai,Maharashtra,West,Consumer,9/17/2025
12125,Priya,Das,Male,25,Chennai,Tamil Nadu,South,Corporate,6/15/2024
12126,Neha,Bose,Male,21,Chennai,Tamil Nadu,South,Consumer,5/31/2024
12127,Vikram,Bose,Male,57,Bengaluru,Karnataka,South,Corporate,7/15/2023
12128,Tanya,Mehta,Male,26,Bengaluru,Karnataka,South,Consumer,4/30/2025
12129,Nikhil,Roy,Female,36,Kolkata,West Bengal,East,Consumer,12/8/2023
12130,Sneha,Malhotra,Female,37,Kolkata,West Bengal,East,Consumer,7/30/2023
12131,Arjun,Verma,Female,34,Mumbai,Maharashtra,West,Consumer,2/4/2024
12132,Arjun,Gupta,Male,41,Lucknow,Uttar Pradesh,North,Corporate,10/13/2024
12133,Arjun,Khan,Male,34,Bhopal,Madhya Pradesh,Central,Consumer,10/19/2023
12134,Kavya,Gupta,Male,29,Ludhiana,Punjab,North,Consumer,1/23/2024
12135,Amit,Gupta,Male,36,New Delhi,Delhi,North,Consumer,12/23/2023
12136,Sahil,Sen,Male,56,New Delhi,Delhi,North,Consumer,10/5/2024
12137,Aarav,Nair,Female,23,Bengaluru,Karnataka,South,Corporate,2/10/2025
12138,Riya,Sharma,Male,64,Lucknow,Uttar Pradesh,North,Consumer,12/30/2024
12139,Ananya,Khan,Female,37,Lucknow,Uttar Pradesh,North,Consumer,6/2/2023
12140,Karan,Singh,Male,31,Bhubaneswar,Odisha,East,Consumer,1/10/2024
12141,Arjun,Ghosh,Female,39,Kochi,Kerala,South,Consumer,12/1/2024
12142,Pooja,Reddy,Female,62,Hyderabad,Telangana,South,Consumer,8/22/2023
12143,Meera,Jain,Female,56,Lucknow,Uttar Pradesh,North,Consumer,3/17/2023
12144,Aarav,Roy,Male,57,Patna,Bihar,East,Consumer,12/14/2023
12145,Amit,Iyer,Female,28,Bengaluru,Karnataka,South,Corporate,1/3/2025
12146,Neha,Sharma,Male,60,Ludhiana,Punjab,North,Consumer,12/18/2024
12147,Nikhil,Verma,Female,51,Kolkata,West Bengal,East,Corporate,5/21/2023
12148,Rahul,Gupta,Male,20,Bhopal,Madhya Pradesh,Central,Small Business,1/1/2025
12149,Rahul,Iyer,Female,38,Lucknow,Uttar Pradesh,North,Consumer,7/29/2023
12150,Arjun,Verma,Female,58,Kolkata,West Bengal,East,Corporate,3/11/2025
12151,Amit,Nair,Female,43,Jaipur,Rajasthan,North,Consumer,9/3/2024
12152,Meera,Iyer,Female,46,Kolkata,West Bengal,East,Consumer,5/17/2023
12153,Arjun,Dutta,Male,35,Lucknow,Uttar Pradesh,North,Small Business,1/14/2024
12154,Ishita,Das,Female,19,Patna,Bihar,East,Consumer,6/2/2025
12155,Amit,Dutta,Male,60,Ahmedabad,Gujarat,West,Small Business,4/12/2024
12156,Kavya,Jain,Male,54,Bhubaneswar,Odisha,East,Corporate,1/13/2025
12157,Nikhil,Chatterjee,Male,31,Kolkata,West Bengal,East,Small Business,3/19/2025
12158,Amit,Bose,Male,29,Bengaluru,Karnataka,South,Consumer,2/2/2023
12159,Nikhil,Das,Male,42,Chennai,Tamil Nadu,South,Consumer,10/2/2025
12160,Tanya,Roy,Female,56,Kolkata,West Bengal,East,Consumer,12/29/2023
12161,Nikhil,Sharma,Male,22,Hyderabad,Telangana,South,Consumer,5/6/2025
12162,Aditya,Jain,Female,48,Bengaluru,Karnataka,South,Small Business,5/19/2024
12163,Aditya,Khan,Male,58,Chennai,Tamil Nadu,South,Consumer,9/15/2024
12164,Aditya,Khan,Female,41,Hyderabad,Telangana,South,Consumer,1/25/2024
12165,Tanya,Ghosh,Male,20,Kochi,Kerala,South,Small Business,7/10/2025
12166,Priya,Verma,Male,19,Bengaluru,Karnataka,South,Consumer,5/7/2023
12167,Kavya,Ghosh,Female,25,Kochi,Kerala,South,Corporate,8/25/2025
12168,Karan,Dutta,Female,60,Hyderabad,Telangana,South,Consumer,8/12/2023
12169,Riya,Sen,Other,39,Bengaluru,Karnataka,South,Consumer,8/11/2025
12170,Ishita,Malhotra,Male,25,New Delhi,Delhi,North,Consumer,1/27/2023
12171,Ananya,Iyer,Female,61,Chennai,Tamil Nadu,South,Consumer,1/15/2023
12172,Amit,Khan,Female,57,Bengaluru,Karnataka,South,Corporate,4/11/2023
12173,Aditya,Dutta,Female,25,New Delhi,Delhi,North,Consumer,8/14/2024
12174,Sneha,Banerjee,Male,51,Mumbai,Maharashtra,West,Consumer,10/15/2023
12175,Riya,Patel,Male,33,Chennai,Tamil Nadu,South,Small Business,10/7/2024
12176,Aarav,Gupta,Male,21,New Delhi,Delhi,North,Consumer,6/4/2025
12177,Kavya,Bose,Female,20,Chennai,Tamil Nadu,South,Consumer,1/30/2023
12178,Meera,Iyer,Male,44,Bhubaneswar,Odisha,East,Consumer,7/22/2024
12179,Priya,Mehta,Male,58,Bengaluru,Karnataka,South,Small Business,3/9/2025
12180,Sahil,Nair,Female,64,Gurugram,Haryana,North,Small Business,4/3/2024
12181,Neha,Singh,Female,51,Patna,Bihar,East,Consumer,9/26/2025
12182,Sneha,Das,Female,62,Gurugram,Haryana,North,Consumer,12/16/2024
12183,Ishita,Verma,Female,29,Bhubaneswar,Odisha,East,Small Business,2/7/2023
12184,Pooja,Dutta,Male,25,Mumbai,Maharashtra,West,Small Business,8/7/2024
12185,Nikhil,Patel,Female,23,New Delhi,Delhi,North,Consumer,2/19/2024
12186,Ishita,Chatterjee,Male,26,Mumbai,Maharashtra,West,Consumer,5/23/2023
12187,Rohan,Reddy,Male,54,Patna,Bihar,East,Consumer,10/23/2025
12188,Kavya,Das,Male,25,Ahmedabad,Gujarat,West,Consumer,8/29/2023
12189,Vikram,Patel,Male,38,Bengaluru,Karnataka,South,Corporate,4/1/2023
12190,Sneha,Malhotra,Female,54,Ludhiana,Punjab,North,Consumer,8/29/2023
12191,Ishita,Patel,Female,62,Kolkata,West Bengal,East,Consumer,6/7/2025
12192,Vikram,Chatterjee,Male,25,New Delhi,Delhi,North,Corporate,10/9/2024
12193,Aarav,Jain,Male,26,Lucknow,Uttar Pradesh,North,Consumer,6/4/2025
12194,Riya,Sen,Male,21,Kolkata,West Bengal,East,Small Business,5/13/2024
12195,Pooja,Gupta,Male,23,Ahmedabad,Gujarat,West,Consumer,5/7/2023
12196,Ananya,Iyer,Female,36,Patna,Bihar,East,Small Business,2/23/2024
12197,Vikram,Iyer,Female,33,Kolkata,West Bengal,East,Consumer,8/4/2023
12198,Kavya,Malhotra,Male,64,New Delhi,Delhi,North,Consumer,8/24/2024
12199,Rahul,Mehta,Male,39,Bengaluru,Karnataka,South,Consumer,10/18/2023
12200,Sneha,Reddy,Female,32,Jaipur,Rajasthan,North,Consumer,11/13/2025
12201,Tanya,Roy,Female,40,Kolkata,West Bengal,East,Consumer,2/12/2024
12202,Arjun,Gupta,Female,52,Gurugram,Haryana,North,Corporate,12/6/2023
12203,Kavya,Roy,Male,34,Kochi,Kerala,South,Consumer,11/29/2025
12204,Ananya,Nair,Female,24,Mumbai,Maharashtra,West,Corporate,7/15/2024
12205,Nikhil,Sharma,Male,38,Bengaluru,Karnataka,South,Consumer,7/4/2023
12206,Aditya,Malhotra,Female,47,Ahmedabad,Gujarat,West,Consumer,6/2/2024
12207,Arjun,Jain,Male,33,Lucknow,Uttar Pradesh,North,Consumer,10/3/2023
12208,Amit,Reddy,Female,45,Hyderabad,Telangana,South,Consumer,2/12/2025
12209,Aarav,Reddy,Male,33,Mumbai,Maharashtra,West,Consumer,9/11/2024
12210,Sneha,Das,Female,61,Kolkata,West Bengal,East,Consumer,2/27/2025
12211,Vikram,Chatterjee,Male,60,Bhopal,Madhya Pradesh,Central,Consumer,10/12/2025
12212,Amit,Iyer,Female,52,Hyderabad,Telangana,South,Consumer,2/26/2025
12213,Aditya,Chatterjee,Male,58,Kochi,Kerala,South,Consumer,1/3/2024
12214,Meera,Malhotra,Female,23,Hyderabad,Telangana,South,Consumer,8/6/2023
12215,Ishita,Mehta,Male,49,Ludhiana,Punjab,North,Consumer,7/25/2024
12216,Rohan,Sharma,Female,37,Kolkata,West Bengal,East,Consumer,4/30/2024
12217,Rohan,Malhotra,Female,55,Kolkata,West Bengal,East,Small Business,12/5/2023
12218,Sahil,Verma,Male,18,Ludhiana,Punjab,North,Consumer,5/26/2025
12219,Pooja,Banerjee,Male,27,Gurugram,Haryana,North,Small Business,9/9/2025
12220,Aarav,Mehta,Male,29,Bengaluru,Karnataka,South,Consumer,2/17/2024
12221,Kavya,Dutta,Male,44,Chennai,Tamil Nadu,South,Small Business,1/5/2025
12222,Aditya,Iyer,Female,64,Hyderabad,Telangana,South,Consumer,11/28/2025
12223,Rohan,Roy,Male,61,Chennai,Tamil Nadu,South,Consumer,1/13/2023
12224,Riya,Chatterjee,Male,39,Mumbai,Maharashtra,West,Consumer,1/29/2024
12225,Tanya,Ghosh,Male,18,Kochi,Kerala,South,Small Business,3/7/2025
12226,Riya,Das,Male,59,Bengaluru,Karnataka,South,Consumer,6/21/2024
12227,Tanya,Iyer,Male,45,Lucknow,Uttar Pradesh,North,Corporate,5/5/2025
12228,Riya,Jain,Female,19,Kolkata,West Bengal,East,Consumer,5/27/2024
12229,Vikram,Malhotra,Male,48,Kolkata,West Bengal,East,Consumer,3/11/2023
12230,Aarav,Gupta,Female,60,Jaipur,Rajasthan,North,Corporate,4/13/2024
12231,Ishita,Iyer,Female,59,Bengaluru,Karnataka,South,Consumer,3/12/2024
12232,Sahil,Bose,Male,60,Jaipur,Rajasthan,North,Consumer,7/2/2025
12233,Neha,Mehta,Female,64,Kolkata,West Bengal,East,Corporate,6/9/2023
12234,Vikram,Verma,Female,49,Gurugram,Haryana,North,Consumer,6/17/2023
12235,Aarav,Singh,Female,47,Lucknow,Uttar Pradesh,North,Consumer,6/2/2023
12236,Nikhil,Sharma,Male,23,Kochi,Kerala,South,Consumer,9/5/2024
12237,Sneha,Nair,Female,48,Mumbai,Maharashtra,West,Corporate,12/11/2025
12238,Vikram,Reddy,Male,60,Bengaluru,Karnataka,South,Consumer,10/30/2024
12239,Meera,Ghosh,Female,57,Chennai,Tamil Nadu,South,Consumer,5/31/2025
12240,Karan,Jain,Male,61,New Delhi,Delhi,North,Consumer,7/8/2025
12241,Amit,Nair,Male,26,Bengaluru,Karnataka,South,Small Business,10/10/2024
12242,Ananya,Sen,Female,27,Kolkata,West Bengal,East,Consumer,10/19/2024
12243,Ishita,Iyer,Male,59,Chennai,Tamil Nadu,South,Consumer,9/20/2023
12244,Vikram,Gupta,Male,63,Bengaluru,Karnataka,South,Corporate,11/2/2025
12245,Ananya,Roy,Female,43,Chennai,Tamil Nadu,South,Corporate,4/30/2025
12246,Sneha,Mehta,Male,60,Mumbai,Maharashtra,West,Consumer,7/30/2025
12247,Sahil,Ghosh,Male,50,Bengaluru,Karnataka,South,Consumer,11/28/2025
12248,Nikhil,Reddy,Male,27,Ahmedabad,Gujarat,West,Consumer,1/12/2024
12249,Sahil,Roy,Female,42,Chennai,Tamil Nadu,South,Consumer,6/5/2023
12250,Nikhil,Gupta,Female,36,Chennai,Tamil Nadu,South,Consumer,7/17/2025
12251,Tanya,Singh,Female,55,New Delhi,Delhi,North,Consumer,5/25/2024
12252,Ananya,Dutta,Female,34,Lucknow,Uttar Pradesh,North,Consumer,11/1/2025
12253,Meera,Jain,Female,26,Chennai,Tamil Nadu,South,Consumer,1/20/2025
12254,Karan,Sen,Female,41,Ahmedabad,Gujarat,West,Consumer,10/5/2023
12255,Meera,Reddy,Female,41,Gurugram,Haryana,North,Consumer,1/19/2024
12256,Karan,Chatterjee,Female,60,New Delhi,Delhi,North,Consumer,10/21/2024
12257,Aarav,Banerjee,Female,18,Ludhiana,Punjab,North,Consumer,3/1/2024
12258,Neha,Khan,Male,59,Patna,Bihar,East,Consumer,11/1/2023
12259,Kavya,Mehta,Male,28,Kolkata,West Bengal,East,Corporate,8/15/2023
12260,Aarav,Das,Male,26,Hyderabad,Telangana,South,Consumer,12/2/2024
12261,Vikram,Singh,Female,38,Jaipur,Rajasthan,North,Small Business,2/7/2023
12262,Pooja,Dutta,Female,44,Bhopal,Madhya Pradesh,Central,Small Business,4/12/2023
12263,Ishita,Roy,Female,62,Hyderabad,Telangana,South,Consumer,2/15/2023
12264,Kavya,Singh,Female,43,Kolkata,West Bengal,East,Corporate,3/3/2025
12265,Aarav,Malhotra,Female,24,New Delhi,Delhi,North,Consumer,2/1/2023
12266,Rohan,Dutta,Female,39,Mumbai,Maharashtra,West,Corporate,3/29/2024
12267,Tanya,Bose,Female,62,Lucknow,Uttar Pradesh,North,Consumer,5/12/2023
12268,Vikram,Patel,Male,52,New Delhi,Delhi,North,Consumer,9/26/2024
12269,Ananya,Bose,Female,28,Lucknow,Uttar Pradesh,North,Consumer,2/7/2023
12270,Aarav,Gupta,Male,49,Kochi,Kerala,South,Small Business,1/28/2023
12271,Neha,Sharma,Male,53,Ahmedabad,Gujarat,West,Consumer,3/19/2024
12272,Nikhil,Dutta,Male,31,Ahmedabad,Gujarat,West,Corporate,1/21/2025
12273,Arjun,Gupta,Male,43,Lucknow,Uttar Pradesh,North,Small Business,4/29/2023
12274,Aarav,Nair,Male,34,Bhubaneswar,Odisha,East,Small Business,6/19/2024
12275,Sneha,Das,Male,26,Kochi,Kerala,South,Consumer,5/25/2025
12276,Rahul,Singh,Female,60,Kolkata,West Bengal,East,Consumer,11/6/2024
12277,Aarav,Malhotra,Male,33,New Delhi,Delhi,North,Consumer,3/21/2025
12278,Priya,Mehta,Female,33,Mumbai,Maharashtra,West,Consumer,12/7/2023
12279,Karan,Reddy,Male,22,Kochi,Kerala,South,Consumer,10/14/2025
12280,Sahil,Singh,Other,39,Ahmedabad,Gujarat,West,Consumer,6/7/2023
12281,Rohan,Malhotra,Female,48,Hyderabad,Telangana,South,Small Business,10/15/2024
12282,Amit,Malhotra,Female,64,Mumbai,Maharashtra,West,Consumer,4/15/2024
12283,Sahil,Dutta,Female,55,Bengaluru,Karnataka,South,Consumer,2/4/2023
12284,Arjun,Sharma,Female,59,Lucknow,Uttar Pradesh,North,Consumer,10/16/2025
12285,Meera,Patel,Male,65,Mumbai,Maharashtra,West,Consumer,1/28/2025
12286,Ananya,Iyer,Male,51,Kolkata,West Bengal,East,Small Business,9/4/2023
12287,Pooja,Patel,Female,59,Kochi,Kerala,South,Corporate,2/26/2023
12288,Kavya,Das,Male,32,Lucknow,Uttar Pradesh,North,Consumer,12/30/2024
12289,Sahil,Bose,Male,52,Mumbai,Maharashtra,West,Consumer,8/11/2024
12290,Aditya,Nair,Female,48,Bengaluru,Karnataka,South,Small Business,2/23/2023
12291,Pooja,Bose,Male,39,Bhopal,Madhya Pradesh,Central,Consumer,11/30/2025
12292,Arjun,Dutta,Female,48,Lucknow,Uttar Pradesh,North,Consumer,2/14/2025
12293,Aditya,Patel,Male,52,Ahmedabad,Gujarat,West,Consumer,5/14/2024
12294,Tanya,Bose,Male,37,Bengaluru,Karnataka,South,Consumer,9/15/2023
12295,Ananya,Sharma,Male,58,Bengaluru,Karnataka,South,Small Business,10/20/2023
12296,Ananya,Khan,Female,19,Kolkata,West Bengal,East,Consumer,5/2/2024
12297,Amit,Gupta,Female,33,Lucknow,Uttar Pradesh,North,Consumer,3/3/2023
12298,Vikram,Roy,Female,35,Kolkata,West Bengal,East,Small Business,2/2/2024
12299,Ishita,Chatterjee,Male,57,Kolkata,West Bengal,East,Consumer,8/23/2023
12300,Rahul,Patel,Male,42,Lucknow,Uttar Pradesh,North,Consumer,5/2/2023
12301,Ananya,Bose,Female,62,Gurugram,Haryana,North,Consumer,5/16/2023
12302,Amit,Malhotra,Male,63,Lucknow,Uttar Pradesh,North,Small Business,1/9/2024
12303,Sneha,Nair,Male,40,Hyderabad,Telangana,South,Small Business,2/18/2024
12304,Kavya,Das,Male,52,Hyderabad,Telangana,South,Consumer,1/14/2024
12305,Aditya,Mehta,Female,29,Hyderabad,Telangana,South,Corporate,1/15/2025
12306,Sneha,Ghosh,Male,23,Bengaluru,Karnataka,South,Corporate,7/17/2024
12307,Rahul,Khan,Male,41,New Delhi,Delhi,North,Consumer,7/28/2023
12308,Pooja,Khan,Female,32,Hyderabad,Telangana,South,Consumer,11/16/2025
12309,Priya,Banerjee,Female,53,Ahmedabad,Gujarat,West,Small Business,2/27/2025
12310,Nikhil,Reddy,Female,43,Kochi,Kerala,South,Consumer,5/22/2024
12311,Aditya,Sharma,Female,24,Bhopal,Madhya Pradesh,Central,Consumer,2/23/2023
12312,Sahil,Iyer,Female,39,Kolkata,West Bengal,East,Consumer,9/14/2025
12313,Ishita,Sen,Female,37,Chennai,Tamil Nadu,South,Consumer,3/15/2025
12314,Aditya,Iyer,Female,18,Mumbai,Maharashtra,West,Consumer,5/13/2024
12315,Ishita,Sharma,Male,44,Chennai,Tamil Nadu,South,Consumer,6/24/2023
12316,Aditya,Dutta,Male,62,Bengaluru,Karnataka,South,Consumer,4/27/2023
12317,Ishita,Banerjee,Female,61,Mumbai,Maharashtra,West,Small Business,11/10/2023
12318,Meera,Reddy,Female,61,Lucknow,Uttar Pradesh,North,Consumer,9/6/2023
12319,Amit,Singh,Male,60,Hyderabad,Telangana,South,Consumer,8/15/2023
12320,Arjun,Mehta,Female,62,Ludhiana,Punjab,North,Consumer,3/16/2024
12321,Riya,Nair,Female,22,Kolkata,West Bengal,East,Consumer,2/20/2023
12322,Arjun,Jain,Male,38,Kolkata,West Bengal,East,Corporate,12/18/2023
12323,Pooja,Sharma,Female,44,Chennai,Tamil Nadu,South,Consumer,7/29/2025
12324,Rahul,Ghosh,Male,58,Kolkata,West Bengal,East,Consumer,7/24/2025
12325,Sneha,Patel,Female,35,Bengaluru,Karnataka,South,Consumer,1/10/2023
12326,Sahil,Verma,Other,52,Bhopal,Madhya Pradesh,Central,Small Business,1/2/2025
12327,Aarav,Das,Female,55,Mumbai,Maharashtra,West,Corporate,12/6/2025
12328,Ananya,Das,Female,42,Mumbai,Maharashtra,West,Consumer,9/16/2024
12329,Riya,Jain,Female,29,New Delhi,Delhi,North,Corporate,2/26/2024
12330,Priya,Chatterjee,Male,21,Hyderabad,Telangana,South,Corporate,6/14/2024
12331,Riya,Malhotra,Female,39,Ahmedabad,Gujarat,West,Small Business,8/19/2023
12332,Karan,Chatterjee,Male,26,Chennai,Tamil Nadu,South,Small Business,3/5/2024
12333,Amit,Mehta,Female,48,Bhubaneswar,Odisha,East,Corporate,10/8/2025
12334,Ananya,Patel,Female,29,Mumbai,Maharashtra,West,Consumer,10/23/2024
12335,Vikram,Jain,Female,60,Hyderabad,Telangana,South,Consumer,4/10/2024
12336,Rohan,Roy,Male,61,Jaipur,Rajasthan,North,Small Business,5/15/2023
12337,Riya,Patel,Male,58,Kochi,Kerala,South,Small Business,9/5/2025
12338,Ishita,Chatterjee,Male,49,Chennai,Tamil Nadu,South,Consumer,6/25/2023
12339,Pooja,Mehta,Male,23,New Delhi,Delhi,North,Consumer,2/18/2025
12340,Rahul,Patel,Male,65,Kolkata,West Bengal,East,Consumer,11/24/2023
12341,Kavya,Iyer,Male,21,Mumbai,Maharashtra,West,Consumer,10/28/2023
12342,Tanya,Nair,Female,45,Kolkata,West Bengal,East,Consumer,7/4/2023
12343,Riya,Banerjee,Male,56,Lucknow,Uttar Pradesh,North,Consumer,2/10/2024
12344,Ananya,Chatterjee,Female,22,Bengaluru,Karnataka,South,Corporate,1/1/2025
12345,Priya,Iyer,Male,41,Lucknow,Uttar Pradesh,North,Consumer,3/25/2024
12346,Sahil,Khan,Female,40,Kolkata,West Bengal,East,Consumer,1/27/2023
12347,Aarav,Roy,Female,27,Kochi,Kerala,South,Consumer,10/13/2023
12348,Ishita,Gupta,Female,23,Bhubaneswar,Odisha,East,Corporate,6/22/2023
12349,Vikram,Bose,Female,61,Kolkata,West Bengal,East,Consumer,3/9/2024
12350,Aarav,Khan,Female,61,Kolkata,West Bengal,East,Consumer,9/1/2025
12351,Arjun,Chatterjee,Male,22,Kolkata,West Bengal,East,Corporate,11/5/2025
12352,Aarav,Khan,Female,31,Bhubaneswar,Odisha,East,Corporate,12/13/2025
12353,Riya,Iyer,Male,36,Mumbai,Maharashtra,West,Consumer,5/2/2023
12354,Vikram,Ghosh,Female,27,New Delhi,Delhi,North,Consumer,6/10/2024
12355,Nikhil,Banerjee,Female,21,Hyderabad,Telangana,South,Small Business,2/19/2023
12356,Sneha,Chatterjee,Male,42,Patna,Bihar,East,Consumer,6/18/2024
12357,Priya,Dutta,Female,39,Hyderabad,Telangana,South,Consumer,9/14/2024
12358,Rahul,Malhotra,Male,56,New Delhi,Delhi,North,Small Business,4/15/2025
12359,Tanya,Dutta,Female,32,Bhopal,Madhya Pradesh,Central,Corporate,12/30/2023
12360,Tanya,Sharma,Female,42,Mumbai,Maharashtra,West,Consumer,2/9/2023
12361,Karan,Jain,Female,33,Bhubaneswar,Odisha,East,Small Business,5/5/2024
12362,Ishita,Chatterjee,Female,19,Kolkata,West Bengal,East,Consumer,4/6/2024
12363,Ananya,Verma,Male,52,Hyderabad,Telangana,South,Corporate,11/5/2024
12364,Nikhil,Sen,Female,53,Kochi,Kerala,South,Consumer,4/18/2023
12365,Arjun,Das,Female,49,Jaipur,Rajasthan,North,Consumer,10/24/2024
12366,Ananya,Bose,Male,19,Jaipur,Rajasthan,North,Small Business,3/9/2024
12367,Pooja,Bose,Male,51,Bengaluru,Karnataka,South,Corporate,3/9/2025
12368,Ananya,Das,Male,47,Chennai,Tamil Nadu,South,Consumer,11/28/2025
12369,Aarav,Mehta,Female,39,Chennai,Tamil Nadu,South,Corporate,9/3/2023
12370,Neha,Mehta,Female,47,New Delhi,Delhi,North,Corporate,3/24/2025
12371,Arjun,Singh,Male,23,Hyderabad,Telangana,South,Consumer,5/18/2023
12372,Priya,Iyer,Male,28,Bengaluru,Karnataka,South,Consumer,11/29/2025
12373,Karan,Bose,Male,24,Bengaluru,Karnataka,South,Consumer,6/3/2024
12374,Ananya,Sen,Male,39,Bengaluru,Karnataka,South,Small Business,3/16/2025
12375,Kavya,Chatterjee,Male,60,Chennai,Tamil Nadu,South,Consumer,4/19/2025
12376,Riya,Reddy,Female,18,Mumbai,Maharashtra,West,Consumer,10/18/2024
12377,Karan,Banerjee,Male,39,Kochi,Kerala,South,Consumer,2/20/2024
12378,Riya,Patel,Female,31,Ahmedabad,Gujarat,West,Consumer,3/25/2025
12379,Amit,Gupta,Male,63,Mumbai,Maharashtra,West,Consumer,5/29/2024
12380,Kavya,Patel,Female,47,Jaipur,Rajasthan,North,Consumer,12/12/2024
12381,Kavya,Khan,Male,28,Bhubaneswar,Odisha,East,Consumer,10/24/2024
12382,Priya,Ghosh,Male,31,Mumbai,Maharashtra,West,Small Business,5/16/2024
12383,Rahul,Roy,Male,45,Mumbai,Maharashtra,West,Consumer,5/7/2023
12384,Tanya,Iyer,Female,20,Kolkata,West Bengal,East,Consumer,11/12/2023
12385,Amit,Reddy,Female,21,Kolkata,West Bengal,East,Consumer,10/9/2025
12386,Ananya,Gupta,Male,50,Lucknow,Uttar Pradesh,North,Small Business,7/15/2024
12387,Arjun,Malhotra,Female,56,Bhopal,Madhya Pradesh,Central,Consumer,11/17/2024
12388,Sneha,Sen,Female,53,Kolkata,West Bengal,East,Consumer,10/7/2023
12389,Pooja,Ghosh,Male,26,Lucknow,Uttar Pradesh,North,Corporate,2/1/2025
12390,Sneha,Singh,Female,59,Kolkata,West Bengal,East,Consumer,6/9/2024
12391,Sahil,Gupta,Male,28,Ahmedabad,Gujarat,West,Consumer,8/25/2023
12392,Vikram,Malhotra,Female,60,Lucknow,Uttar Pradesh,North,Consumer,6/7/2023
12393,Tanya,Mehta,Female,32,Chennai,Tamil Nadu,South,Small Business,3/2/2024
12394,Meera,Mehta,Male,41,Kolkata,West Bengal,East,Consumer,9/2/2024
12395,Ishita,Iyer,Female,63,Ahmedabad,Gujarat,West,Corporate,10/30/2023
12396,Sahil,Roy,Male,37,Bhopal,Madhya Pradesh,Central,Small Business,9/22/2023
12397,Aditya,Dutta,Female,50,Bengaluru,Karnataka,South,Corporate,10/19/2023
12398,Arjun,Khan,Female,46,Mumbai,Maharashtra,West,Consumer,11/14/2023
12399,Rohan,Sharma,Female,21,Mumbai,Maharashtra,West,Corporate,3/9/2025
12400,Aditya,Dutta,Male,56,New Delhi,Delhi,North,Consumer,6/22/2024
12401,Tanya,Sharma,Male,35,Ahmedabad,Gujarat,West,Consumer,5/21/2024
12402,Sahil,Malhotra,Female,40,Patna,Bihar,East,Consumer,6/25/2023
12403,Aarav,Gupta,Female,32,Lucknow,Uttar Pradesh,North,Consumer,8/11/2024
12404,Arjun,Das,Female,65,Kochi,Kerala,South,Small Business,11/5/2025
12405,Vikram,Roy,Male,44,Patna,Bihar,East,Corporate,3/16/2025
12406,Vikram,Nair,Female,48,Bengaluru,Karnataka,South,Corporate,4/27/2024
12407,Amit,Iyer,Female,43,New Delhi,Delhi,North,Corporate,11/28/2023
12408,Priya,Singh,Female,32,Bengaluru,Karnataka,South,Consumer,1/16/2024
12409,Sahil,Sen,Male,46,Bengaluru,Karnataka,South,Small Business,1/30/2023
12410,Aditya,Roy,Male,56,Gurugram,Haryana,North,Consumer,2/1/2023
12411,Rohan,Nair,Male,22,Jaipur,Rajasthan,North,Consumer,4/18/2025
12412,Aditya,Malhotra,Female,25,Bhopal,Madhya Pradesh,Central,Consumer,6/29/2025
12413,Nikhil,Gupta,Female,25,Chennai,Tamil Nadu,South,Corporate,11/12/2025
12414,Sneha,Malhotra,Female,62,New Delhi,Delhi,North,Corporate,11/6/2024
12415,Neha,Verma,Male,45,Hyderabad,Telangana,South,Small Business,9/30/2025
12416,Meera,Das,Female,34,Kolkata,West Bengal,East,Corporate,3/25/2024
12417,Arjun,Sen,Female,27,Mumbai,Maharashtra,West,Consumer,10/2/2023
12418,Vikram,Malhotra,Male,50,New Delhi,Delhi,North,Consumer,9/23/2023
12419,Amit,Bose,Male,43,Kolkata,West Bengal,East,Consumer,9/13/2023
12420,Nikhil,Chatterjee,Male,48,Gurugram,Haryana,North,Consumer,3/15/2025
12421,Riya,Khan,Female,52,Mumbai,Maharashtra,West,Consumer,1/11/2023
12422,Amit,Jain,Male,22,Mumbai,Maharashtra,West,Consumer,10/18/2025
12423,Sahil,Chatterjee,Male,50,Lucknow,Uttar Pradesh,North,Consumer,4/16/2025
12424,Sneha,Jain,Female,52,Kolkata,West Bengal,East,Corporate,2/16/2024
12425,Amit,Mehta,Female,31,Ludhiana,Punjab,North,Consumer,1/28/2025
12426,Ishita,Iyer,Female,32,Lucknow,Uttar Pradesh,North,Consumer,5/26/2023
12427,Pooja,Reddy,Female,46,Kolkata,West Bengal,East,Consumer,4/10/2024
12428,Sneha,Dutta,Female,36,Jaipur,Rajasthan,North,Consumer,4/28/2023
12429,Ananya,Iyer,Female,62,Ahmedabad,Gujarat,West,Corporate,5/2/2023
12430,Sahil,Roy,Female,22,Lucknow,Uttar Pradesh,North,Consumer,1/7/2023
12431,Rahul,Verma,Male,26,Bhubaneswar,Odisha,East,Corporate,5/9/2025
12432,Ananya,Iyer,Female,56,Lucknow,Uttar Pradesh,North,Consumer,3/14/2025
12433,Meera,Nair,Female,50,Ahmedabad,Gujarat,West,Consumer,8/22/2025
12434,Nikhil,Sen,Female,59,Bengaluru,Karnataka,South,Small Business,11/25/2025
12435,Karan,Sharma,Male,19,Jaipur,Rajasthan,North,Corporate,11/7/2025
12436,Neha,Bose,Male,24,Gurugram,Haryana,North,Consumer,12/8/2025
12437,Sneha,Dutta,Male,58,Ahmedabad,Gujarat,West,Consumer,1/18/2023
12438,Karan,Das,Male,57,Jaipur,Rajasthan,North,Consumer,4/26/2025
12439,Karan,Sen,Male,57,Hyderabad,Telangana,South,Consumer,2/20/2025
12440,Vikram,Verma,Male,61,Lucknow,Uttar Pradesh,North,Consumer,6/25/2023
12441,Pooja,Jain,Male,29,Bhopal,Madhya Pradesh,Central,Consumer,5/28/2023
12442,Neha,Jain,Female,22,Mumbai,Maharashtra,West,Small Business,11/21/2025
12443,Meera,Sen,Female,32,Mumbai,Maharashtra,West,Consumer,8/11/2025
12444,Pooja,Sen,Female,65,New Delhi,Delhi,North,Corporate,12/21/2023
12445,Sneha,Verma,Male,42,Hyderabad,Telangana,South,Consumer,3/22/2023
12446,Pooja,Roy,Male,18,New Delhi,Delhi,North,Consumer,12/27/2023
12447,Rahul,Verma,Male,53,Kolkata,West Bengal,East,Corporate,1/6/2023
12448,Rahul,Gupta,Female,58,Chennai,Tamil Nadu,South,Consumer,1/12/2025
12449,Sahil,Das,Male,23,Ahmedabad,Gujarat,West,Consumer,2/15/2024
12450,Neha,Chatterjee,Female,44,Ahmedabad,Gujarat,West,Consumer,2/22/2023
12451,Riya,Jain,Male,53,Jaipur,Rajasthan,North,Consumer,11/24/2025
12452,Sneha,Gupta,Male,63,Lucknow,Uttar Pradesh,North,Consumer,6/10/2025
12453,Tanya,Verma,Male,47,Ahmedabad,Gujarat,West,Consumer,9/4/2025
12454,Karan,Verma,Male,34,Patna,Bihar,East,Consumer,12/13/2025
12455,Meera,Sharma,Male,61,Ahmedabad,Gujarat,West,Consumer,1/16/2023
12456,Vikram,Iyer,Female,35,New Delhi,Delhi,North,Consumer,4/17/2025
12457,Arjun,Banerjee,Male,48,Ahmedabad,Gujarat,West,Consumer,4/30/2025
12458,Ananya,Dutta,Male,58,Kolkata,West Bengal,East,Consumer,4/24/2025
12459,Riya,Khan,Male,43,Bengaluru,Karnataka,South,Consumer,10/14/2023
12460,Amit,Jain,Other,52,New Delhi,Delhi,North,Consumer,2/26/2024
12461,Kavya,Khan,Female,58,Kochi,Kerala,South,Consumer,9/30/2025
12462,Ishita,Singh,Female,46,Jaipur,Rajasthan,North,Small Business,3/13/2023
12463,Amit,Sen,Female,38,Kolkata,West Bengal,East,Small Business,11/23/2024
12464,Neha,Malhotra,Female,48,Ahmedabad,Gujarat,West,Small Business,5/6/2025
12465,Amit,Gupta,Male,37,Mumbai,Maharashtra,West,Corporate,5/11/2025
12466,Pooja,Bose,Female,50,Lucknow,Uttar Pradesh,North,Consumer,10/6/2024
12467,Ishita,Nair,Female,21,Bhubaneswar,Odisha,East,Consumer,4/8/2025
12468,Pooja,Chatterjee,Male,20,Ahmedabad,Gujarat,West,Small Business,9/9/2025
12469,Rohan,Jain,Male,40,Ahmedabad,Gujarat,West,Small Business,4/7/2025
12470,Amit,Iyer,Female,23,Bengaluru,Karnataka,South,Consumer,5/6/2023
12471,Nikhil,Ghosh,Male,53,Hyderabad,Telangana,South,Consumer,9/22/2023
12472,Rahul,Das,Male,26,Kochi,Kerala,South,Consumer,11/26/2023
12473,Pooja,Nair,Male,41,Lucknow,Uttar Pradesh,North,Consumer,1/6/2024
12474,Aarav,Chatterjee,Male,26,New Delhi,Delhi,North,Consumer,1/25/2024
12475,Sneha,Patel,Female,62,Chennai,Tamil Nadu,South,Consumer,8/26/2023
12476,Pooja,Iyer,Female,58,Kolkata,West Bengal,East,Consumer,1/7/2025
12477,Priya,Iyer,Female,18,Mumbai,Maharashtra,West,Corporate,4/30/2023
12478,Rahul,Sen,Male,36,Mumbai,Maharashtra,West,Corporate,4/30/2025
12479,Sneha,Das,Male,63,Chennai,Tamil Nadu,South,Small Business,12/12/2024
12480,Aarav,Sharma,Female,41,Gurugram,Haryana,North,Consumer,11/3/2025
12481,Karan,Roy,Female,58,New Delhi,Delhi,North,Consumer,1/8/2023
12482,Aarav,Roy,Male,22,Mumbai,Maharashtra,West,Consumer,11/16/2023
12483,Rohan,Roy,Female,38,Kolkata,West Bengal,East,Consumer,8/28/2025
12484,Rohan,Ghosh,Female,59,Bengaluru,Karnataka,South,Small Business,6/17/2024
12485,Tanya,Verma,Female,27,Patna,Bihar,East,Consumer,8/28/2024
12486,Tanya,Patel,Male,18,Chennai,Tamil Nadu,South,Consumer,2/1/2023
12487,Riya,Das,Male,53,Lucknow,Uttar Pradesh,North,Consumer,4/3/2025
12488,Ananya,Nair,Female,21,Patna,Bihar,East,Consumer,10/1/2023
12489,Amit,Dutta,Female,32,Kolkata,West Bengal,East,Consumer,11/6/2025
12490,Priya,Bose,Female,56,Ahmedabad,Gujarat,West,Consumer,2/8/2024
12491,Karan,Jain,Female,60,Gurugram,Haryana,North,Consumer,7/23/2023
12492,Nikhil,Sen,Male,24,Chennai,Tamil Nadu,South,Consumer,10/3/2024
12493,Ananya,Chatterjee,Female,41,Kolkata,West Bengal,East,Corporate,5/30/2024
12494,Tanya,Das,Female,56,Ludhiana,Punjab,North,Consumer,5/23/2024
12495,Riya,Singh,Other,36,Kochi,Kerala,South,Small Business,10/22/2025
12496,Rahul,Patel,Female,34,New Delhi,Delhi,North,Consumer,1/29/2024
12497,Vikram,Singh,Male,44,New Delhi,Delhi,North,Consumer,3/5/2024
12498,Meera,Khan,Female,55,Mumbai,Maharashtra,West,Consumer,11/5/2024
12499,Neha,Sharma,Female,19,Patna,Bihar,East,Consumer,7/4/2023
12500,Aarav,Bose,Male,20,Hyderabad,Telangana,South,Consumer,6/13/2025
12501,Rahul,Chatterjee,Female,23,Kolkata,West Bengal,East,Consumer,9/6/2023
12502,Kavya,Ghosh,Male,34,Jaipur,Rajasthan,North,Small Business,9/19/2023
12503,Neha,Singh,Male,31,Gurugram,Haryana,North,Consumer,1/12/2023
12504,Arjun,Malhotra,Female,41,Bhubaneswar,Odisha,East,Consumer,1/6/2024
12505,Vikram,Sharma,Male,32,Bengaluru,Karnataka,South,Small Business,9/21/2024
12506,Aditya,Reddy,Female,48,Kolkata,West Bengal,East,Consumer,1/31/2025
12507,Arjun,Chatterjee,Male,33,Gurugram,Haryana,North,Consumer,8/28/2025
12508,Rahul,Roy,Female,58,Gurugram,Haryana,North,Consumer,4/20/2025
12509,Nikhil,Singh,Female,32,New Delhi,Delhi,North,Consumer,12/13/2023
12510,Amit,Nair,Female,29,Ahmedabad,Gujarat,West,Consumer,6/10/2025
12511,Riya,Bose,Male,59,Hyderabad,Telangana,South,Small Business,7/30/2023
12512,Arjun,Banerjee,Female,49,Chennai,Tamil Nadu,South,Consumer,8/15/2023
12513,Rohan,Das,Male,20,Kolkata,West Bengal,East,Consumer,1/22/2024
12514,Ishita,Banerjee,Female,25,Kolkata,West Bengal,East,Small Business,8/5/2024
12515,Ishita,Banerjee,Male,20,Mumbai,Maharashtra,West,Consumer,8/8/2023
12516,Pooja,Sen,Male,56,Bhubaneswar,Odisha,East,Consumer,8/30/2025
12517,Ananya,Dutta,Female,48,Mumbai,Maharashtra,West,Small Business,10/19/2023
12518,Arjun,Sen,Male,62,Mumbai,Maharashtra,West,Consumer,2/28/2024
12519,Pooja,Roy,Male,33,New Delhi,Delhi,North,Corporate,10/15/2024
12520,Meera,Nair,Male,20,Mumbai,Maharashtra,West,Consumer,4/9/2024
12521,Ananya,Ghosh,Male,40,Mumbai,Maharashtra,West,Consumer,3/12/2024
12522,Sneha,Ghosh,Other,21,New Delhi,Delhi,North,Small Business,11/29/2025
12523,Karan,Iyer,Female,24,Chennai,Tamil Nadu,South,Consumer,4/15/2024
12524,Ananya,Sen,Male,55,Ahmedabad,Gujarat,West,Small Business,5/3/2023
12525,Meera,Gupta,Female,36,Ludhiana,Punjab,North,Corporate,2/27/2025
12526,Rahul,Patel,Female,60,Mumbai,Maharashtra,West,Consumer,2/1/2025
12527,Vikram,Singh,Female,42,Ludhiana,Punjab,North,Small Business,8/25/2023
12528,Rohan,Mehta,Female,49,Ludhiana,Punjab,North,Small Business,7/7/2025
12529,Pooja,Verma,Male,58,Bhubaneswar,Odisha,East,Small Business,2/28/2024
12530,Ananya,Chatterjee,Male,40,Ahmedabad,Gujarat,West,Consumer,6/12/2023
12531,Riya,Bose,Female,33,Ahmedabad,Gujarat,West,Consumer,7/6/2023
12532,Vikram,Mehta,Female,54,Ahmedabad,Gujarat,West,Consumer,2/10/2025
12533,Meera,Patel,Female,57,Jaipur,Rajasthan,North,Consumer,8/22/2023
12534,Karan,Sharma,Male,32,Kolkata,West Bengal,East,Small Business,5/22/2024
12535,Kavya,Roy,Female,57,Gurugram,Haryana,North,Small Business,3/3/2025
12536,Aditya,Gupta,Male,65,Ahmedabad,Gujarat,West,Consumer,7/10/2025
12537,Aarav,Das,Female,27,Patna,Bihar,East,Corporate,6/12/2024
12538,Aditya,Jain,Male,58,Chennai,Tamil Nadu,South,Small Business,9/7/2025
12539,Tanya,Khan,Female,22,Kolkata,West Bengal,East,Consumer,11/23/2023
12540,Kavya,Chatterjee,Other,60,New Delhi,Delhi,North,Consumer,7/31/2025
12541,Amit,Roy,Male,60,New Delhi,Delhi,North,Consumer,9/28/2023
12542,Rohan,Sharma,Female,59,Hyderabad,Telangana,South,Consumer,3/11/2023
12543,Neha,Patel,Female,34,Bengaluru,Karnataka,South,Small Business,2/22/2025
12544,Karan,Banerjee,Male,62,Bengaluru,Karnataka,South,Consumer,3/28/2025
12545,Pooja,Banerjee,Male,44,New Delhi,Delhi,North,Consumer,9/27/2025
12546,Meera,Verma,Female,21,Chennai,Tamil Nadu,South,Corporate,9/22/2025
12547,Pooja,Reddy,Male,58,Gurugram,Haryana,North,Corporate,4/21/2023
12548,Rahul,Nair,Male,61,Mumbai,Maharashtra,West,Small Business,11/2/2024
12549,Rahul,Chatterjee,Female,32,Bengaluru,Karnataka,South,Corporate,1/30/2025
12550,Karan,Patel,Female,29,Bengaluru,Karnataka,South,Consumer,10/10/2024
12551,Meera,Banerjee,Female,45,New Delhi,Delhi,North,Small Business,1/21/2023
12552,Nikhil,Ghosh,Female,35,Hyderabad,Telangana,South,Consumer,2/18/2023
12553,Karan,Mehta,Female,48,Ahmedabad,Gujarat,West,Consumer,12/25/2024
12554,Vikram,Dutta,Female,35,Gurugram,Haryana,North,Consumer,7/13/2025
12555,Sahil,Banerjee,Male,28,Bengaluru,Karnataka,South,Consumer,7/13/2023
12556,Tanya,Khan,Male,29,Jaipur,Rajasthan,North,Consumer,2/20/2023
12557,Arjun,Dutta,Female,49,Kolkata,West Bengal,East,Small Business,3/12/2024
12558,Rohan,Sen,Female,39,Bengaluru,Karnataka,South,Consumer,12/5/2023
12559,Rohan,Mehta,Male,18,Hyderabad,Telangana,South,Consumer,11/27/2025
12560,Neha,Sharma,Female,42,Kolkata,West Bengal,East,Small Business,9/26/2025
12561,Priya,Singh,Female,55,Ahmedabad,Gujarat,West,Corporate,8/25/2024
12562,Rohan,Das,Male,25,Jaipur,Rajasthan,North,Corporate,10/22/2025
12563,Arjun,Verma,Male,29,Lucknow,Uttar Pradesh,North,Corporate,9/5/2023
12564,Arjun,Dutta,Male,35,New Delhi,Delhi,North,Consumer,12/7/2025
12565,Aditya,Das,Female,62,Ahmedabad,Gujarat,West,Consumer,4/27/2024
12566,Tanya,Reddy,Male,34,Chennai,Tamil Nadu,South,Corporate,5/29/2024
12567,Priya,Malhotra,Male,58,Kolkata,West Bengal,East,Small Business,2/24/2023
12568,Rahul,Sharma,Male,50,Kolkata,West Bengal,East,Consumer,7/11/2023
12569,Priya,Sharma,Female,65,Jaipur,Rajasthan,North,Consumer,7/29/2023
12570,Tanya,Dutta,Male,45,Bhopal,Madhya Pradesh,Central,Consumer,6/10/2024
12571,Pooja,Mehta,Male,33,Kolkata,West Bengal,East,Consumer,7/24/2023
12572,Pooja,Singh,Male,52,New Delhi,Delhi,North,Consumer,4/21/2023
12573,Ananya,Reddy,Male,22,Lucknow,Uttar Pradesh,North,Consumer,10/15/2024
12574,Nikhil,Mehta,Male,55,Bhubaneswar,Odisha,East,Consumer,7/31/2025
12575,Ananya,Ghosh,Female,29,New Delhi,Delhi,North,Consumer,3/17/2023
12576,Tanya,Nair,Female,50,Ahmedabad,Gujarat,West,Consumer,8/28/2024
12577,Tanya,Roy,Male,45,Jaipur,Rajasthan,North,Consumer,11/3/2025
12578,Neha,Khan,Female,29,Bhubaneswar,Odisha,East,Consumer,3/12/2024
12579,Meera,Patel,Male,41,Mumbai,Maharashtra,West,Consumer,7/17/2023
12580,Tanya,Iyer,Female,42,Ludhiana,Punjab,North,Consumer,3/27/2023
12581,Neha,Reddy,Male,54,Kolkata,West Bengal,East,Consumer,10/8/2025
12582,Kavya,Ghosh,Female,40,Bhubaneswar,Odisha,East,Small Business,3/13/2024
12583,Neha,Nair,Female,20,Kolkata,West Bengal,East,Consumer,4/24/2023
12584,Vikram,Singh,Female,21,Mumbai,Maharashtra,West,Corporate,7/24/2025
12585,Rohan,Iyer,Male,49,Kolkata,West Bengal,East,Consumer,5/16/2025
12586,Pooja,Reddy,Female,60,Hyderabad,Telangana,South,Consumer,1/29/2025
12587,Priya,Das,Female,38,Bengaluru,Karnataka,South,Corporate,4/2/2023
12588,Ananya,Roy,Female,22,Mumbai,Maharashtra,West,Consumer,3/31/2023
12589,Priya,Chatterjee,Male,26,Hyderabad,Telangana,South,Consumer,8/25/2023
12590,Arjun,Sharma,Male,64,Chennai,Tamil Nadu,South,Consumer,6/22/2023
12591,Nikhil,Roy,Male,51,Lucknow,Uttar Pradesh,North,Consumer,7/28/2024
12592,Priya,Dutta,Female,19,Kochi,Kerala,South,Small Business,2/28/2024
12593,Kavya,Sharma,Male,30,Jaipur,Rajasthan,North,Consumer,4/6/2025
12594,Aditya,Verma,Female,53,Mumbai,Maharashtra,West,Corporate,4/20/2023
12595,Rohan,Sen,Male,48,Bengaluru,Karnataka,South,Consumer,2/25/2025
12596,Rahul,Khan,Male,31,Ludhiana,Punjab,North,Consumer,10/5/2025
12597,Sahil,Gupta,Male,51,Kolkata,West Bengal,East,Corporate,5/22/2023
12598,Vikram,Gupta,Female,61,Chennai,Tamil Nadu,South,Consumer,12/5/2024
12599,Aditya,Jain,Female,61,Gurugram,Haryana,North,Consumer,7/3/2024
12600,Pooja,Sharma,Female,57,Gurugram,Haryana,North,Consumer,4/13/2023
12601,Sahil,Patel,Female,35,Chennai,Tamil Nadu,South,Consumer,11/13/2023
12602,Pooja,Gupta,Female,19,Jaipur,Rajasthan,North,Small Business,5/1/2025
12603,Ishita,Bose,Male,36,Hyderabad,Telangana,South,Consumer,7/27/2025
12604,Meera,Khan,Female,19,Lucknow,Uttar Pradesh,North,Consumer,2/2/2024
12605,Meera,Sharma,Male,45,Kolkata,West Bengal,East,Consumer,4/26/2023
12606,Tanya,Iyer,Female,46,Mumbai,Maharashtra,West,Consumer,9/22/2023
12607,Riya,Ghosh,Male,34,Ahmedabad,Gujarat,West,Consumer,6/29/2025
12608,Meera,Banerjee,Female,25,Mumbai,Maharashtra,West,Consumer,9/7/2024
12609,Ananya,Das,Female,43,Jaipur,Rajasthan,North,Consumer,4/9/2024
12610,Karan,Malhotra,Male,18,Chennai,Tamil Nadu,South,Consumer,1/15/2023
12611,Pooja,Malhotra,Female,31,Kochi,Kerala,South,Corporate,4/25/2025
12612,Rahul,Dutta,Male,64,Patna,Bihar,East,Consumer,5/17/2024
12613,Arjun,Reddy,Male,61,Hyderabad,Telangana,South,Corporate,8/11/2024
12614,Nikhil,Sen,Female,48,Lucknow,Uttar Pradesh,North,Consumer,6/30/2025
12615,Meera,Verma,Female,35,Bengaluru,Karnataka,South,Consumer,8/30/2024
12616,Ananya,Reddy,Female,18,Hyderabad,Telangana,South,Small Business,9/29/2025
12617,Karan,Verma,Male,49,Mumbai,Maharashtra,West,Consumer,8/27/2024
12618,Ananya,Malhotra,Male,41,Kochi,Kerala,South,Consumer,1/5/2024
12619,Neha,Ghosh,Male,52,Bhubaneswar,Odisha,East,Consumer,9/23/2025
12620,Rohan,Dutta,Female,25,Ludhiana,Punjab,North,Consumer,11/24/2024
12621,Kavya,Sharma,Female,57,Kochi,Kerala,South,Consumer,4/1/2025
12622,Neha,Chatterjee,Male,56,Gurugram,Haryana,North,Consumer,9/2/2023
12623,Ishita,Bose,Male,38,Mumbai,Maharashtra,West,Consumer,12/25/2024
12624,Pooja,Singh,Male,19,Gurugram,Haryana,North,Consumer,8/28/2024
12625,Ishita,Chatterjee,Male,40,New Delhi,Delhi,North,Consumer,4/24/2023
12626,Arjun,Singh,Male,35,Hyderabad,Telangana,South,Consumer,10/2/2023
12627,Neha,Dutta,Male,54,New Delhi,Delhi,North,Corporate,9/11/2025
12628,Kavya,Dutta,Male,29,Chennai,Tamil Nadu,South,Corporate,9/9/2024
12629,Ishita,Sharma,Male,18,Bengaluru,Karnataka,South,Consumer,4/16/2025
12630,Ananya,Iyer,Male,65,Bengaluru,Karnataka,South,Consumer,7/5/2023
12631,Arjun,Khan,Female,29,Kolkata,West Bengal,East,Corporate,8/24/2023
12632,Priya,Malhotra,Female,21,Hyderabad,Telangana,South,Consumer,10/13/2025
12633,Kavya,Sen,Male,59,Kochi,Kerala,South,Small Business,3/29/2024
12634,Rohan,Chatterjee,Male,52,Ahmedabad,Gujarat,West,Corporate,8/15/2025
12635,Tanya,Patel,Female,30,New Delhi,Delhi,North,Consumer,5/23/2025
12636,Rohan,Roy,Male,40,Hyderabad,Telangana,South,Corporate,12/30/2023
12637,Aditya,Reddy,Male,51,Hyderabad,Telangana,South,Consumer,10/22/2025
12638,Kavya,Khan,Male,57,Mumbai,Maharashtra,West,Consumer,4/18/2025
12639,Karan,Jain,Male,35,Bhubaneswar,Odisha,East,Small Business,5/18/2023
12640,Arjun,Reddy,Female,28,Mumbai,Maharashtra,West,Corporate,4/14/2023
12641,Riya,Reddy,Female,18,Lucknow,Uttar Pradesh,North,Consumer,5/17/2023
12642,Ananya,Sharma,Male,59,Lucknow,Uttar Pradesh,North,Corporate,3/10/2025
12643,Meera,Roy,Male,57,New Delhi,Delhi,North,Consumer,6/4/2023
12644,Arjun,Chatterjee,Female,63,Kochi,Kerala,South,Corporate,11/2/2023
12645,Riya,Dutta,Female,53,Bengaluru,Karnataka,South,Small Business,4/14/2024
12646,Kavya,Reddy,Other,28,Kochi,Kerala,South,Corporate,5/27/2023
12647,Karan,Chatterjee,Female,29,Lucknow,Uttar Pradesh,North,Consumer,12/23/2023
12648,Tanya,Patel,Male,29,Patna,Bihar,East,Consumer,1/2/2025
12649,Rahul,Chatterjee,Male,39,Jaipur,Rajasthan,North,Small Business,11/15/2025
12650,Pooja,Gupta,Male,64,Bhubaneswar,Odisha,East,Consumer,5/22/2024
12651,Aarav,Bose,Female,51,Bhopal,Madhya Pradesh,Central,Small Business,3/17/2025
12652,Neha,Iyer,Male,38,Hyderabad,Telangana,South,Consumer,7/26/2024
12653,Aarav,Singh,Female,53,Patna,Bihar,East,Consumer,5/18/2024
12654,Nikhil,Bose,Female,58,Lucknow,Uttar Pradesh,North,Consumer,7/16/2024
12655,Aditya,Reddy,Female,37,Hyderabad,Telangana,South,Consumer,11/1/2025
12656,Priya,Iyer,Female,58,Ludhiana,Punjab,North,Consumer,3/6/2023
12657,Tanya,Bose,Male,18,Chennai,Tamil Nadu,South,Consumer,7/8/2024
12658,Riya,Das,Male,32,New Delhi,Delhi,North,Small Business,2/25/2023
12659,Kavya,Gupta,Female,26,Kolkata,West Bengal,East,Consumer,8/3/2025
12660,Vikram,Patel,Female,26,Mumbai,Maharashtra,West,Consumer,10/11/2024
12661,Pooja,Gupta,Female,27,Bhubaneswar,Odisha,East,Consumer,2/21/2023
12662,Priya,Khan,Female,35,Chennai,Tamil Nadu,South,Consumer,11/4/2024
12663,Meera,Verma,Female,52,Chennai,Tamil Nadu,South,Consumer,4/15/2024
12664,Ishita,Sen,Male,46,Bengaluru,Karnataka,South,Small Business,2/20/2023
12665,Aditya,Iyer,Male,39,Hyderabad,Telangana,South,Consumer,11/22/2025
12666,Ishita,Roy,Female,41,Patna,Bihar,East,Consumer,2/13/2024
12667,Priya,Sen,Female,26,Kochi,Kerala,South,Consumer,1/26/2023
12668,Rohan,Bose,Female,53,Kolkata,West Bengal,East,Consumer,10/23/2024
12669,Aarav,Mehta,Male,54,New Delhi,Delhi,North,Consumer,2/10/2024
12670,Ishita,Sharma,Female,44,Hyderabad,Telangana,South,Consumer,12/10/2024
12671,Ishita,Sen,Male,57,Ahmedabad,Gujarat,West,Consumer,6/25/2023
12672,Sneha,Bose,Male,56,Hyderabad,Telangana,South,Corporate,6/13/2025
12673,Tanya,Singh,Male,56,Chennai,Tamil Nadu,South,Consumer,3/29/2024
12674,Aarav,Dutta,Female,22,Hyderabad,Telangana,South,Consumer,3/30/2024
12675,Nikhil,Gupta,Male,22,Ahmedabad,Gujarat,West,Consumer,5/18/2025
12676,Meera,Ghosh,Male,39,New Delhi,Delhi,North,Corporate,8/15/2024
12677,Arjun,Banerjee,Male,20,Hyderabad,Telangana,South,Small Business,1/2/2023
12678,Amit,Ghosh,Male,18,Patna,Bihar,East,Consumer,9/16/2024
12679,Rahul,Jain,Female,24,Lucknow,Uttar Pradesh,North,Consumer,11/28/2024
12680,Arjun,Patel,Female,23,Chennai,Tamil Nadu,South,Consumer,12/4/2023
12681,Meera,Khan,Female,33,Patna,Bihar,East,Consumer,7/15/2023
12682,Aarav,Mehta,Male,33,Bhubaneswar,Odisha,East,Consumer,2/28/2023
12683,Priya,Gupta,Male,57,Mumbai,Maharashtra,West,Consumer,7/2/2025
12684,Riya,Khan,Male,61,Ahmedabad,Gujarat,West,Consumer,1/5/2023
12685,Aarav,Malhotra,Female,26,Bengaluru,Karnataka,South,Small Business,9/22/2024
12686,Riya,Roy,Female,36,Lucknow,Uttar Pradesh,North,Consumer,6/22/2025
12687,Sahil,Singh,Male,42,Mumbai,Maharashtra,West,Consumer,1/16/2024
12688,Riya,Mehta,Female,31,Jaipur,Rajasthan,North,Consumer,8/5/2023
12689,Kavya,Das,Male,33,Bengaluru,Karnataka,South,Consumer,2/11/2025
12690,Ananya,Sharma,Female,50,New Delhi,Delhi,North,Consumer,11/11/2024
12691,Nikhil,Malhotra,Female,38,Gurugram,Haryana,North,Corporate,1/17/2023
12692,Sahil,Gupta,Female,51,Chennai,Tamil Nadu,South,Small Business,9/15/2024
12693,Karan,Patel,Female,21,Kochi,Kerala,South,Consumer,1/1/2023
12694,Sahil,Nair,Male,41,Bhopal,Madhya Pradesh,Central,Consumer,3/7/2024
12695,Priya,Banerjee,Female,32,Kochi,Kerala,South,Consumer,11/25/2023
12696,Kavya,Banerjee,Female,31,Mumbai,Maharashtra,West,Consumer,6/19/2025
12697,Rahul,Verma,Female,40,Patna,Bihar,East,Corporate,11/21/2025
12698,Karan,Patel,Male,32,Kolkata,West Bengal,East,Corporate,1/24/2025
12699,Nikhil,Malhotra,Male,54,Chennai,Tamil Nadu,South,Small Business,3/4/2025
12700,Amit,Sharma,Female,26,Kochi,Kerala,South,Consumer,1/25/2023
12701,Priya,Banerjee,Male,60,Jaipur,Rajasthan,North,Small Business,3/11/2023
12702,Amit,Gupta,Male,35,New Delhi,Delhi,North,Small Business,4/18/2025
12703,Meera,Ghosh,Male,43,Chennai,Tamil Nadu,South,Consumer,4/7/2024
12704,Meera,Iyer,Female,26,Patna,Bihar,East,Consumer,7/1/2024
12705,Amit,Khan,Female,62,Lucknow,Uttar Pradesh,North,Corporate,1/17/2025
12706,Amit,Iyer,Female,48,Hyderabad,Telangana,South,Consumer,1/10/2024
12707,Kavya,Roy,Female,54,Kochi,Kerala,South,Consumer,1/6/2025
12708,Amit,Patel,Male,60,Mumbai,Maharashtra,West,Consumer,2/24/2025
12709,Aarav,Dutta,Male,65,Mumbai,Maharashtra,West,Consumer,9/17/2023
12710,Sahil,Ghosh,Male,30,Ahmedabad,Gujarat,West,Small Business,1/10/2025
12711,Ananya,Nair,Female,33,Bhopal,Madhya Pradesh,Central,Corporate,7/2/2023
12712,Neha,Reddy,Female,29,Bengaluru,Karnataka,South,Small Business,12/2/2023
12713,Rohan,Dutta,Male,42,Bengaluru,Karnataka,South,Consumer,4/22/2025
12714,Rahul,Mehta,Male,61,Mumbai,Maharashtra,West,Corporate,11/27/2025
12715,Priya,Jain,Female,53,Kochi,Kerala,South,Consumer,3/11/2023
12716,Riya,Iyer,Female,45,Mumbai,Maharashtra,West,Consumer,12/1/2024
12717,Aditya,Roy,Female,40,New Delhi,Delhi,North,Small Business,9/7/2024
12718,Aditya,Ghosh,Male,53,Bhopal,Madhya Pradesh,Central,Corporate,10/16/2024
12719,Aditya,Dutta,Male,40,Kolkata,West Bengal,East,Consumer,4/29/2025
12720,Riya,Malhotra,Male,60,New Delhi,Delhi,North,Consumer,3/17/2023
12721,Karan,Iyer,Male,44,New Delhi,Delhi,North,Consumer,3/9/2025
12722,Ananya,Dutta,Female,49,Patna,Bihar,East,Consumer,10/29/2023
12723,Meera,Singh,Male,50,Chennai,Tamil Nadu,South,Consumer,6/16/2023
12724,Arjun,Sharma,Female,53,Chennai,Tamil Nadu,South,Consumer,4/27/2024
12725,Riya,Verma,Female,40,Mumbai,Maharashtra,West,Corporate,1/30/2023
12726,Rohan,Roy,Female,36,Lucknow,Uttar Pradesh,North,Consumer,11/12/2024
12727,Aditya,Reddy,Male,37,Patna,Bihar,East,Consumer,9/2/2024
12728,Tanya,Patel,Female,63,Mumbai,Maharashtra,West,Consumer,7/7/2024
12729,Vikram,Iyer,Male,23,Chennai,Tamil Nadu,South,Consumer,2/3/2023
12730,Sneha,Jain,Female,51,Kochi,Kerala,South,Consumer,4/4/2025
12731,Sahil,Patel,Male,64,Kolkata,West Bengal,East,Consumer,2/7/2023
12732,Rahul,Sharma,Female,21,Bengaluru,Karnataka,South,Consumer,10/11/2023
12733,Meera,Mehta,Male,47,New Delhi,Delhi,North,Consumer,3/3/2024
12734,Aditya,Dutta,Male,46,Bengaluru,Karnataka,South,Consumer,1/28/2025
12735,Rohan,Sharma,Female,34,Bengaluru,Karnataka,South,Small Business,3/16/2024
12736,Rohan,Sharma,Female,22,Hyderabad,Telangana,South,Consumer,5/31/2025
12737,Arjun,Dutta,Male,50,Mumbai,Maharashtra,West,Consumer,10/6/2025
12738,Pooja,Ghosh,Male,43,New Delhi,Delhi,North,Consumer,4/6/2025
12739,Neha,Chatterjee,Male,54,Lucknow,Uttar Pradesh,North,Consumer,2/12/2023
12740,Karan,Gupta,Male,22,New Delhi,Delhi,North,Consumer,4/12/2025
12741,Pooja,Sen,Female,62,Kolkata,West Bengal,East,Small Business,8/11/2023
12742,Arjun,Banerjee,Male,48,Bhubaneswar,Odisha,East,Consumer,8/17/2025
12743,Meera,Roy,Female,39,Mumbai,Maharashtra,West,Consumer,11/22/2025
12744,Vikram,Verma,Female,39,Lucknow,Uttar Pradesh,North,Consumer,4/1/2023
12745,Pooja,Reddy,Female,63,Chennai,Tamil Nadu,South,Corporate,4/17/2023
12746,Arjun,Chatterjee,Female,44,Patna,Bihar,East,Consumer,1/22/2025
12747,Kavya,Malhotra,Male,45,Mumbai,Maharashtra,West,Consumer,6/4/2023
12748,Pooja,Banerjee,Female,49,Mumbai,Maharashtra,West,Consumer,11/12/2025
12749,Sneha,Jain,Male,33,Hyderabad,Telangana,South,Corporate,8/6/2024
12750,Nikhil,Verma,Male,30,Kolkata,West Bengal,East,Consumer,9/11/2024
12751,Pooja,Ghosh,Female,54,Mumbai,Maharashtra,West,Small Business,7/18/2025
12752,Nikhil,Chatterjee,Female,33,Lucknow,Uttar Pradesh,North,Corporate,8/23/2023
12753,Sahil,Bose,Male,19,Bhubaneswar,Odisha,East,Consumer,8/23/2024
12754,Rahul,Dutta,Male,41,Kolkata,West Bengal,East,Consumer,12/14/2025
12755,Tanya,Patel,Male,18,Kochi,Kerala,South,Small Business,1/24/2023
12756,Amit,Jain,Female,45,Patna,Bihar,East,Consumer,7/8/2023
12757,Ananya,Chatterjee,Male,48,Kochi,Kerala,South,Consumer,6/7/2023
12758,Kavya,Chatterjee,Female,62,Jaipur,Rajasthan,North,Consumer,12/29/2023
12759,Aditya,Sharma,Female,47,Jaipur,Rajasthan,North,Consumer,5/21/2023
12760,Meera,Banerjee,Male,34,New Delhi,Delhi,North,Consumer,7/5/2023
12761,Ananya,Reddy,Female,48,Jaipur,Rajasthan,North,Corporate,7/9/2025
12762,Priya,Dutta,Female,46,Ludhiana,Punjab,North,Consumer,5/16/2024
12763,Rohan,Roy,Female,53,Kolkata,West Bengal,East,Consumer,1/22/2024
12764,Ishita,Banerjee,Female,62,Bengaluru,Karnataka,South,Consumer,3/28/2024
12765,Karan,Malhotra,Male,22,Kolkata,West Bengal,East,Consumer,11/14/2025
12766,Rahul,Dutta,Female,52,Gurugram,Haryana,North,Consumer,6/14/2024
12767,Amit,Sen,Female,56,Hyderabad,Telangana,South,Consumer,5/21/2024
12768,Arjun,Bose,Female,33,Jaipur,Rajasthan,North,Small Business,9/29/2025
12769,Rohan,Bose,Male,37,Bhubaneswar,Odisha,East,Corporate,2/10/2023
12770,Pooja,Singh,Female,37,Bhopal,Madhya Pradesh,Central,Corporate,5/31/2024
12771,Priya,Sharma,Male,35,Mumbai,Maharashtra,West,Consumer,3/19/2025
12772,Aditya,Sharma,Male,60,Patna,Bihar,East,Consumer,7/9/2024
12773,Karan,Patel,Male,33,Kochi,Kerala,South,Consumer,7/26/2025
12774,Rahul,Chatterjee,Male,39,Kolkata,West Bengal,East,Corporate,8/15/2025
12775,Tanya,Khan,Female,46,Lucknow,Uttar Pradesh,North,Small Business,12/30/2023
12776,Sahil,Nair,Male,30,Chennai,Tamil Nadu,South,Small Business,6/2/2025
12777,Tanya,Das,Female,51,Ahmedabad,Gujarat,West,Consumer,9/21/2023
12778,Ishita,Ghosh,Female,43,New Delhi,Delhi,North,Corporate,9/16/2023
12779,Rohan,Chatterjee,Male,26,Bengaluru,Karnataka,South,Consumer,11/21/2025
12780,Tanya,Reddy,Female,26,Mumbai,Maharashtra,West,Consumer,1/14/2023
12781,Amit,Sen,Male,19,Kolkata,West Bengal,East,Corporate,1/17/2024
12782,Kavya,Iyer,Male,45,Kolkata,West Bengal,East,Small Business,11/10/2024
12783,Ananya,Banerjee,Female,56,Ahmedabad,Gujarat,West,Small Business,3/22/2024
12784,Meera,Sen,Male,65,Chennai,Tamil Nadu,South,Small Business,7/1/2025
12785,Vikram,Ghosh,Male,49,Mumbai,Maharashtra,West,Consumer,9/29/2023
12786,Kavya,Mehta,Female,64,Jaipur,Rajasthan,North,Corporate,8/20/2024
12787,Sahil,Bose,Male,65,Jaipur,Rajasthan,North,Consumer,5/16/2023
12788,Aarav,Sharma,Male,47,New Delhi,Delhi,North,Consumer,8/17/2023
12789,Riya,Roy,Female,36,Gurugram,Haryana,North,Consumer,7/7/2023
12790,Riya,Mehta,Female,60,Chennai,Tamil Nadu,South,Consumer,3/11/2025
12791,Karan,Mehta,Female,48,Bhubaneswar,Odisha,East,Consumer,8/7/2023
12792,Nikhil,Dutta,Female,57,Kolkata,West Bengal,East,Corporate,12/24/2024
12793,Arjun,Nair,Male,28,Lucknow,Uttar Pradesh,North,Small Business,1/9/2024
12794,Aarav,Sharma,Male,63,Bhopal,Madhya Pradesh,Central,Corporate,9/2/2024
12795,Ishita,Banerjee,Male,38,Bhubaneswar,Odisha,East,Consumer,8/1/2025
12796,Sneha,Bose,Male,59,New Delhi,Delhi,North,Consumer,7/21/2025
12797,Aarav,Malhotra,Female,36,Ahmedabad,Gujarat,West,Consumer,1/13/2023
12798,Karan,Bose,Female,61,Chennai,Tamil Nadu,South,Corporate,4/26/2025
12799,Nikhil,Banerjee,Male,50,Jaipur,Rajasthan,North,Consumer,10/29/2025
12800,Rahul,Patel,Male,29,Lucknow,Uttar Pradesh,North,Consumer,12/22/2024
12801,Arjun,Roy,Male,25,Bhopal,Madhya Pradesh,Central,Small Business,7/22/2023
12802,Rahul,Bose,Female,25,Hyderabad,Telangana,South,Consumer,12/18/2024
12803,Ananya,Sen,Male,35,Kolkata,West Bengal,East,Corporate,11/18/2024
12804,Ishita,Jain,Female,20,Ahmedabad,Gujarat,West,Small Business,12/16/2024
12805,Aarav,Sharma,Male,44,Kolkata,West Bengal,East,Corporate,4/8/2024
12806,Sneha,Banerjee,Male,49,Bengaluru,Karnataka,South,Small Business,7/21/2024
12807,Aarav,Reddy,Female,53,Bengaluru,Karnataka,South,Corporate,12/5/2024
12808,Pooja,Roy,Female,62,Lucknow,Uttar Pradesh,North,Consumer,5/16/2024
12809,Ishita,Sharma,Male,56,Mumbai,Maharashtra,West,Consumer,4/15/2025
12810,Riya,Gupta,Male,65,Mumbai,Maharashtra,West,Consumer,2/5/2025
12811,Arjun,Das,Female,46,Kolkata,West Bengal,East,Consumer,11/24/2023
12812,Ishita,Ghosh,Female,58,Kochi,Kerala,South,Consumer,10/21/2024
12813,Neha,Singh,Female,55,Jaipur,Rajasthan,North,Consumer,3/28/2025
12814,Ananya,Roy,Female,57,Kolkata,West Bengal,East,Consumer,6/13/2024
12815,Rohan,Mehta,Female,37,Kolkata,West Bengal,East,Corporate,2/11/2025
12816,Karan,Sen,Female,42,New Delhi,Delhi,North,Consumer,5/17/2023
12817,Ishita,Nair,Male,61,Bengaluru,Karnataka,South,Consumer,2/22/2024
12818,Aarav,Dutta,Male,39,Ahmedabad,Gujarat,West,Corporate,1/28/2025
12819,Sneha,Dutta,Female,47,Hyderabad,Telangana,South,Consumer,8/24/2025
12820,Ananya,Chatterjee,Female,48,Ludhiana,Punjab,North,Consumer,11/28/2024
12821,Nikhil,Reddy,Male,26,Bengaluru,Karnataka,South,Consumer,12/17/2024
12822,Sahil,Chatterjee,Female,19,Jaipur,Rajasthan,North,Corporate,1/5/2024
12823,Rohan,Das,Male,51,Kolkata,West Bengal,East,Consumer,1/27/2025
12824,Rahul,Reddy,Female,56,Gurugram,Haryana,North,Consumer,1/20/2024
12825,Aarav,Mehta,Male,45,Bhopal,Madhya Pradesh,Central,Consumer,2/26/2023
12826,Amit,Sharma,Female,49,Lucknow,Uttar Pradesh,North,Corporate,9/24/2023
12827,Nikhil,Ghosh,Female,21,Hyderabad,Telangana,South,Consumer,10/22/2024
12828,Priya,Roy,Male,26,Mumbai,Maharashtra,West,Consumer,11/4/2025
12829,Karan,Iyer,Male,53,Patna,Bihar,East,Consumer,6/19/2024
12830,Rahul,Nair,Male,48,Lucknow,Uttar Pradesh,North,Consumer,7/18/2025
12831,Nikhil,Sharma,Female,27,Mumbai,Maharashtra,West,Consumer,4/20/2025
12832,Priya,Verma,Female,46,Hyderabad,Telangana,South,Consumer,8/28/2024
12833,Riya,Das,Male,19,Hyderabad,Telangana,South,Consumer,5/18/2025
12834,Meera,Patel,Female,55,Bhubaneswar,Odisha,East,Consumer,3/9/2024
12835,Nikhil,Roy,Female,19,Jaipur,Rajasthan,North,Small Business,4/23/2024
12836,Sneha,Jain,Male,58,Ahmedabad,Gujarat,West,Consumer,3/6/2025
12837,Nikhil,Verma,Female,28,Ahmedabad,Gujarat,West,Consumer,11/20/2024
12838,Rahul,Sharma,Male,30,Bengaluru,Karnataka,South,Consumer,7/23/2024
12839,Priya,Chatterjee,Male,62,Chennai,Tamil Nadu,South,Consumer,4/12/2024
12840,Vikram,Iyer,Female,57,Kolkata,West Bengal,East,Small Business,11/19/2025
12841,Karan,Patel,Male,34,Patna,Bihar,East,Consumer,3/12/2023
12842,Sneha,Mehta,Female,26,Hyderabad,Telangana,South,Corporate,3/1/2023
12843,Kavya,Roy,Female,23,Hyderabad,Telangana,South,Consumer,6/1/2024
12844,Kavya,Ghosh,Female,36,Bengaluru,Karnataka,South,Consumer,2/7/2023
12845,Aarav,Dutta,Female,45,Mumbai,Maharashtra,West,Corporate,1/4/2024
12846,Tanya,Sen,Female,41,Ahmedabad,Gujarat,West,Corporate,9/6/2024
12847,Ananya,Chatterjee,Female,61,Mumbai,Maharashtra,West,Small Business,3/13/2024
12848,Vikram,Sharma,Female,56,Kolkata,West Bengal,East,Consumer,8/8/2023
12849,Aditya,Verma,Female,30,Lucknow,Uttar Pradesh,North,Consumer,11/4/2023
12850,Ishita,Malhotra,Female,61,Chennai,Tamil Nadu,South,Consumer,10/14/2024
12851,Aarav,Das,Male,40,Chennai,Tamil Nadu,South,Consumer,10/24/2025
12852,Rohan,Dutta,Male,18,Hyderabad,Telangana,South,Consumer,4/23/2025
12853,Arjun,Das,Male,58,Patna,Bihar,East,Consumer,8/14/2024
12854,Tanya,Banerjee,Male,53,Bengaluru,Karnataka,South,Consumer,5/30/2023
12855,Aarav,Singh,Male,35,Lucknow,Uttar Pradesh,North,Small Business,9/20/2023
12856,Ishita,Sharma,Male,60,Gurugram,Haryana,North,Small Business,4/20/2024
12857,Rahul,Sen,Male,61,Jaipur,Rajasthan,North,Consumer,9/24/2023
12858,Ananya,Mehta,Female,63,Hyderabad,Telangana,South,Consumer,1/13/2025
12859,Sneha,Chatterjee,Female,61,Lucknow,Uttar Pradesh,North,Consumer,1/31/2024
12860,Tanya,Sen,Male,30,Hyderabad,Telangana,South,Consumer,6/19/2025
12861,Ishita,Banerjee,Female,44,Chennai,Tamil Nadu,South,Consumer,10/18/2023
12862,Tanya,Singh,Female,26,New Delhi,Delhi,North,Small Business,6/20/2024
12863,Sahil,Chatterjee,Female,50,Bengaluru,Karnataka,South,Consumer,2/10/2025
12864,Aditya,Singh,Male,41,Kolkata,West Bengal,East,Consumer,8/11/2023
12865,Nikhil,Malhotra,Male,60,Chennai,Tamil Nadu,South,Consumer,4/2/2025
12866,Rohan,Singh,Male,61,Mumbai,Maharashtra,West,Consumer,9/24/2024
12867,Vikram,Nair,Female,33,Chennai,Tamil Nadu,South,Corporate,11/30/2024
12868,Pooja,Sen,Female,33,New Delhi,Delhi,North,Corporate,5/5/2024
12869,Neha,Reddy,Female,19,Gurugram,Haryana,North,Consumer,10/6/2025
12870,Sahil,Gupta,Female,42,Kolkata,West Bengal,East,Consumer,4/13/2025
12871,Ananya,Dutta,Female,36,Ahmedabad,Gujarat,West,Small Business,7/27/2023
12872,Ishita,Bose,Female,65,Hyderabad,Telangana,South,Consumer,8/23/2024
12873,Pooja,Banerjee,Female,57,Kolkata,West Bengal,East,Consumer,9/2/2025
12874,Rohan,Banerjee,Female,39,Bengaluru,Karnataka,South,Consumer,10/29/2023
12875,Meera,Khan,Male,45,Kolkata,West Bengal,East,Consumer,8/2/2024
12876,Rohan,Verma,Female,48,Mumbai,Maharashtra,West,Consumer,3/25/2025
12877,Rohan,Banerjee,Male,61,Bengaluru,Karnataka,South,Consumer,10/23/2023
12878,Rohan,Patel,Male,65,Chennai,Tamil Nadu,South,Corporate,7/13/2024
12879,Pooja,Sen,Other,38,New Delhi,Delhi,North,Consumer,8/20/2024
12880,Aarav,Malhotra,Male,35,Kolkata,West Bengal,East,Corporate,7/11/2023
12881,Aarav,Reddy,Male,52,Mumbai,Maharashtra,West,Corporate,7/11/2023
12882,Kavya,Das,Female,31,Kolkata,West Bengal,East,Corporate,8/31/2024
12883,Rahul,Chatterjee,Male,24,New Delhi,Delhi,North,Consumer,7/13/2023
12884,Aarav,Roy,Male,31,Bengaluru,Karnataka,South,Consumer,10/21/2025
12885,Priya,Nair,Male,33,New Delhi,Delhi,North,Corporate,7/19/2024
12886,Sneha,Ghosh,Female,47,Mumbai,Maharashtra,West,Corporate,1/31/2025
12887,Arjun,Malhotra,Male,53,Kolkata,West Bengal,East,Consumer,3/4/2024
12888,Sahil,Chatterjee,Male,25,Gurugram,Haryana,North,Small Business,11/19/2023
12889,Aarav,Bose,Female,20,Kolkata,West Bengal,East,Small Business,6/9/2024
12890,Aditya,Bose,Male,25,Mumbai,Maharashtra,West,Consumer,2/6/2025
12891,Rahul,Ghosh,Female,61,Mumbai,Maharashtra,West,Consumer,3/5/2024
12892,Priya,Verma,Male,30,Bhopal,Madhya Pradesh,Central,Consumer,11/2/2023
12893,Arjun,Sen,Female,43,Ahmedabad,Gujarat,West,Consumer,6/5/2023
12894,Nikhil,Sen,Female,43,Ahmedabad,Gujarat,West,Consumer,8/9/2024
12895,Nikhil,Khan,Male,31,Bhopal,Madhya Pradesh,Central,Consumer,1/4/2025
12896,Aarav,Gupta,Male,58,Kolkata,West Bengal,East,Corporate,7/22/2024
12897,Ananya,Sen,Male,21,Bhopal,Madhya Pradesh,Central,Consumer,10/3/2023
12898,Meera,Mehta,Male,43,Mumbai,Maharashtra,West,Consumer,9/25/2023
12899,Aditya,Gupta,Male,37,Ahmedabad,Gujarat,West,Consumer,2/12/2024
12900,Riya,Sen,Female,55,Hyderabad,Telangana,South,Consumer,1/11/2024
12901,Aarav,Chatterjee,Male,27,Chennai,Tamil Nadu,South,Consumer,8/9/2023
12902,Aditya,Sen,Male,63,Gurugram,Haryana,North,Consumer,10/14/2025
12903,Neha,Patel,Male,56,Mumbai,Maharashtra,West,Consumer,12/23/2023
12904,Karan,Sharma,Female,53,Bhopal,Madhya Pradesh,Central,Consumer,9/28/2023
12905,Ananya,Jain,Male,41,Chennai,Tamil Nadu,South,Consumer,10/17/2024
12906,Sneha,Dutta,Female,48,Ahmedabad,Gujarat,West,Corporate,5/15/2025
12907,Priya,Nair,Female,27,Gurugram,Haryana,North,Consumer,5/16/2024
12908,Vikram,Das,Male,18,Kolkata,West Bengal,East,Corporate,12/21/2024
12909,Rohan,Mehta,Male,53,Ludhiana,Punjab,North,Consumer,4/13/2023
12910,Rahul,Gupta,Male,39,New Delhi,Delhi,North,Consumer,7/29/2024
12911,Sahil,Sen,Female,34,Lucknow,Uttar Pradesh,North,Consumer,3/13/2023
12912,Neha,Dutta,Male,30,Mumbai,Maharashtra,West,Consumer,5/29/2023
12913,Ishita,Bose,Male,47,New Delhi,Delhi,North,Consumer,10/1/2024
12914,Aarav,Chatterjee,Female,42,Jaipur,Rajasthan,North,Corporate,8/9/2023
12915,Riya,Iyer,Female,50,Hyderabad,Telangana,South,Consumer,2/9/2023
12916,Kavya,Mehta,Male,63,Mumbai,Maharashtra,West,Consumer,7/13/2023
12917,Tanya,Dutta,Female,58,Bengaluru,Karnataka,South,Consumer,4/14/2025
12918,Neha,Nair,Male,33,Bhubaneswar,Odisha,East,Consumer,9/25/2024
12919,Arjun,Mehta,Male,29,Kolkata,West Bengal,East,Consumer,2/17/2024
12920,Ishita,Das,Male,25,Lucknow,Uttar Pradesh,North,Consumer,11/17/2025
12921,Priya,Reddy,Female,45,Bhopal,Madhya Pradesh,Central,Consumer,2/21/2024
12922,Riya,Bose,Male,57,Kolkata,West Bengal,East,Corporate,8/5/2025
12923,Aarav,Khan,Female,30,Mumbai,Maharashtra,West,Consumer,1/8/2024
12924,Ishita,Gupta,Female,65,Jaipur,Rajasthan,North,Consumer,1/28/2023
12925,Aditya,Reddy,Female,38,Kolkata,West Bengal,East,Corporate,4/30/2023
12926,Neha,Reddy,Male,55,Ahmedabad,Gujarat,West,Consumer,10/23/2023
12927,Pooja,Verma,Male,32,Jaipur,Rajasthan,North,Small Business,7/21/2023
12928,Priya,Roy,Female,24,Ahmedabad,Gujarat,West,Corporate,6/19/2023
12929,Priya,Jain,Male,42,Chennai,Tamil Nadu,South,Consumer,2/19/2024
12930,Pooja,Ghosh,Female,44,Jaipur,Rajasthan,North,Consumer,11/19/2025
12931,Ananya,Dutta,Male,40,Ahmedabad,Gujarat,West,Consumer,8/5/2023
12932,Riya,Iyer,Female,37,Mumbai,Maharashtra,West,Corporate,9/12/2023
12933,Meera,Mehta,Female,49,New Delhi,Delhi,North,Consumer,12/10/2025
12934,Rahul,Patel,Female,48,Kochi,Kerala,South,Consumer,8/6/2023
12935,Aarav,Ghosh,Female,25,Jaipur,Rajasthan,North,Consumer,6/15/2025
12936,Amit,Khan,Male,50,Hyderabad,Telangana,South,Corporate,11/1/2024
12937,Vikram,Roy,Male,33,Bengaluru,Karnataka,South,Small Business,9/28/2025
12938,Aarav,Jain,Male,56,Kolkata,West Bengal,East,Consumer,8/23/2024
12939,Meera,Sen,Female,41,Bengaluru,Karnataka,South,Consumer,10/2/2024
12940,Rahul,Roy,Male,29,Kolkata,West Bengal,East,Consumer,9/1/2023
12941,Pooja,Reddy,Male,26,Bhopal,Madhya Pradesh,Central,Consumer,9/12/2024
12942,Pooja,Reddy,Male,64,Mumbai,Maharashtra,West,Consumer,12/24/2024
12943,Sahil,Banerjee,Male,52,Patna,Bihar,East,Consumer,12/1/2025
12944,Amit,Gupta,Female,28,Mumbai,Maharashtra,West,Corporate,4/15/2023
12945,Amit,Singh,Female,42,Bengaluru,Karnataka,South,Small Business,6/19/2023
12946,Riya,Ghosh,Male,23,Chennai,Tamil Nadu,South,Corporate,1/21/2023
12947,Nikhil,Ghosh,Male,58,Bengaluru,Karnataka,South,Consumer,5/3/2025
12948,Aarav,Ghosh,Female,57,Patna,Bihar,East,Consumer,3/31/2023
12949,Priya,Jain,Female,56,Gurugram,Haryana,North,Consumer,9/15/2025
12950,Aditya,Banerjee,Female,40,Kochi,Kerala,South,Consumer,1/30/2024
12951,Priya,Nair,Female,25,Mumbai,Maharashtra,West,Consumer,11/8/2023
12952,Neha,Nair,Female,41,Lucknow,Uttar Pradesh,North,Corporate,11/19/2025
12953,Riya,Jain,Female,42,Mumbai,Maharashtra,West,Consumer,2/16/2025
12954,Ishita,Chatterjee,Female,33,Ludhiana,Punjab,North,Consumer,8/14/2024
12955,Rohan,Sharma,Female,36,New Delhi,Delhi,North,Consumer,8/18/2025
12956,Karan,Ghosh,Female,20,Bengaluru,Karnataka,South,Consumer,3/26/2025
12957,Vikram,Reddy,Female,43,Mumbai,Maharashtra,West,Consumer,11/19/2024
12958,Kavya,Mehta,Male,27,Kolkata,West Bengal,East,Consumer,12/14/2023
12959,Ananya,Iyer,Male,58,Bengaluru,Karnataka,South,Consumer,11/30/2025
12960,Nikhil,Ghosh,Female,54,Ludhiana,Punjab,North,Consumer,2/15/2025
12961,Sneha,Mehta,Female,46,Patna,Bihar,East,Consumer,10/18/2025
12962,Rohan,Verma,Male,28,Gurugram,Haryana,North,Small Business,11/9/2025
12963,Vikram,Reddy,Male,50,Kolkata,West Bengal,East,Small Business,8/16/2024
12964,Ananya,Das,Male,65,Ahmedabad,Gujarat,West,Consumer,1/22/2024
12965,Sahil,Bose,Male,48,Bengaluru,Karnataka,South,Corporate,10/19/2025
12966,Priya,Singh,Female,55,New Delhi,Delhi,North,Consumer,12/14/2025
12967,Nikhil,Roy,Female,61,Bengaluru,Karnataka,South,Small Business,5/12/2023
12968,Aarav,Ghosh,Female,58,Bengaluru,Karnataka,South,Consumer,11/20/2024
12969,Meera,Ghosh,Male,25,New Delhi,Delhi,North,Consumer,10/12/2024
12970,Sneha,Dutta,Male,59,Mumbai,Maharashtra,West,Consumer,3/19/2025
12971,Karan,Gupta,Male,54,Hyderabad,Telangana,South,Small Business,11/19/2025
12972,Meera,Sharma,Male,52,Jaipur,Rajasthan,North,Small Business,9/30/2023
12973,Aarav,Gupta,Female,28,Mumbai,Maharashtra,West,Consumer,11/19/2025
12974,Rohan,Iyer,Male,40,Gurugram,Haryana,North,Consumer,11/25/2024
12975,Nikhil,Khan,Female,61,New Delhi,Delhi,North,Consumer,3/31/2023
12976,Aarav,Gupta,Female,62,Patna,Bihar,East,Corporate,7/5/2024
12977,Aarav,Dutta,Male,23,Jaipur,Rajasthan,North,Consumer,5/25/2023
12978,Vikram,Mehta,Male,38,Lucknow,Uttar Pradesh,North,Consumer,10/29/2025
12979,Arjun,Nair,Male,47,Lucknow,Uttar Pradesh,North,Consumer,4/4/2025
12980,Tanya,Chatterjee,Male,22,Kochi,Kerala,South,Consumer,9/4/2025
12981,Nikhil,Verma,Female,29,Ahmedabad,Gujarat,West,Consumer,10/12/2024
12982,Ananya,Chatterjee,Female,46,Bengaluru,Karnataka,South,Corporate,3/4/2024
12983,Ananya,Reddy,Female,49,Kolkata,West Bengal,East,Small Business,4/7/2024
12984,Kavya,Chatterjee,Female,23,Ahmedabad,Gujarat,West,Consumer,10/19/2025
12985,Vikram,Gupta,Female,38,Kolkata,West Bengal,East,Small Business,6/13/2023
12986,Sahil,Jain,Female,49,Bengaluru,Karnataka,South,Corporate,8/13/2025
12987,Tanya,Roy,Male,65,Kolkata,West Bengal,East,Consumer,3/31/2024
12988,Aditya,Das,Male,65,New Delhi,Delhi,North,Consumer,9/29/2024
12989,Priya,Verma,Male,32,Mumbai,Maharashtra,West,Consumer,12/21/2024
12990,Karan,Iyer,Male,50,Ahmedabad,Gujarat,West,Small Business,3/30/2023
12991,Karan,Banerjee,Female,44,Patna,Bihar,East,Consumer,6/10/2023
12992,Aditya,Gupta,Male,28,Bhubaneswar,Odisha,East,Consumer,6/23/2023
12993,Priya,Gupta,Female,42,Bengaluru,Karnataka,South,Consumer,4/20/2025
12994,Priya,Dutta,Male,24,New Delhi,Delhi,North,Consumer,3/25/2023
12995,Vikram,Gupta,Female,23,New Delhi,Delhi,North,Consumer,10/21/2024
12996,Aditya,Jain,Male,35,Hyderabad,Telangana,South,Consumer,4/27/2023
12997,Ishita,Gupta,Male,30,Jaipur,Rajasthan,North,Small Business,4/9/2025
12998,Riya,Patel,Female,24,Mumbai,Maharashtra,West,Consumer,11/21/2025
12999,Meera,Das,Male,20,Bhopal,Madhya Pradesh,Central,Consumer,3/23/2024
13000,Amit,Roy,Female,45,Kolkata,West Bengal,East,Consumer,8/18/2023
13001,Nikhil,Bose,Female,18,Bhubaneswar,Odisha,East,Consumer,4/25/2024
13002,Sahil,Banerjee,Male,55,Ahmedabad,Gujarat,West,Consumer,1/16/2025
13003,Karan,Nair,Male,21,Bengaluru,Karnataka,South,Consumer,2/24/2025
13004,Rohan,Reddy,Male,49,Lucknow,Uttar Pradesh,North,Corporate,11/18/2024
13005,Pooja,Sharma,Male,25,Kolkata,West Bengal,East,Consumer,9/20/2024
13006,Neha,Patel,Female,47,Lucknow,Uttar Pradesh,North,Small Business,11/12/2024
13007,Nikhil,Dutta,Female,24,Ahmedabad,Gujarat,West,Small Business,8/23/2023
13008,Rahul,Mehta,Male,38,Kolkata,West Bengal,East,Consumer,8/12/2023
13009,Arjun,Ghosh,Female,49,Kolkata,West Bengal,East,Corporate,10/2/2025
13010,Aarav,Sen,Female,26,Lucknow,Uttar Pradesh,North,Consumer,9/17/2024
13011,Ananya,Bose,Male,24,Bengaluru,Karnataka,South,Consumer,7/19/2025
13012,Pooja,Ghosh,Male,48,Kochi,Kerala,South,Consumer,11/6/2024
13013,Aarav,Gupta,Female,48,Lucknow,Uttar Pradesh,North,Consumer,5/6/2024
13014,Aarav,Ghosh,Female,38,Jaipur,Rajasthan,North,Consumer,9/8/2024
13015,Sneha,Sharma,Male,23,Bengaluru,Karnataka,South,Corporate,1/17/2025
13016,Kavya,Roy,Male,32,Lucknow,Uttar Pradesh,North,Consumer,7/21/2023
13017,Aditya,Roy,Male,28,Gurugram,Haryana,North,Consumer,5/14/2024
13018,Priya,Jain,Female,49,Kolkata,West Bengal,East,Corporate,2/19/2025
13019,Priya,Chatterjee,Female,32,Bengaluru,Karnataka,South,Corporate,4/5/2023
13020,Sahil,Das,Male,36,Mumbai,Maharashtra,West,Small Business,3/21/2023
13021,Aditya,Dutta,Female,30,Chennai,Tamil Nadu,South,Corporate,6/22/2023
13022,Sneha,Bose,Male,26,Lucknow,Uttar Pradesh,North,Consumer,9/30/2024
13023,Kavya,Verma,Female,56,Hyderabad,Telangana,South,Consumer,9/15/2023
13024,Sneha,Roy,Female,41,New Delhi,Delhi,North,Consumer,4/16/2024
13025,Sneha,Verma,Male,45,Bengaluru,Karnataka,South,Consumer,5/25/2023
13026,Kavya,Mehta,Male,31,Mumbai,Maharashtra,West,Corporate,9/28/2023
13027,Rohan,Ghosh,Male,22,Bengaluru,Karnataka,South,Small Business,1/20/2023
13028,Vikram,Sen,Female,53,Bhubaneswar,Odisha,East,Small Business,5/21/2025
13029,Pooja,Patel,Female,52,Ahmedabad,Gujarat,West,Consumer,5/18/2024
13030,Rahul,Ghosh,Male,20,Chennai,Tamil Nadu,South,Consumer,7/9/2023
13031,Aarav,Chatterjee,Female,60,Patna,Bihar,East,Consumer,7/22/2024
13032,Meera,Gupta,Female,58,Kolkata,West Bengal,East,Corporate,10/4/2025
13033,Priya,Ghosh,Male,58,Bengaluru,Karnataka,South,Consumer,6/9/2025
13034,Rohan,Mehta,Male,40,Mumbai,Maharashtra,West,Corporate,8/13/2025
13035,Neha,Iyer,Female,51,Bhopal,Madhya Pradesh,Central,Small Business,3/14/2024
13036,Aarav,Sharma,Male,18,Lucknow,Uttar Pradesh,North,Consumer,1/25/2024
13037,Arjun,Sen,Female,46,Ahmedabad,Gujarat,West,Consumer,12/8/2023
13038,Aditya,Khan,Female,24,Kolkata,West Bengal,East,Corporate,11/26/2023
13039,Tanya,Bose,Male,61,Mumbai,Maharashtra,West,Consumer,9/20/2025
13040,Neha,Bose,Male,63,Ahmedabad,Gujarat,West,Consumer,5/29/2023
13041,Neha,Malhotra,Male,25,Chennai,Tamil Nadu,South,Consumer,7/8/2025
13042,Karan,Banerjee,Female,43,Ludhiana,Punjab,North,Consumer,9/16/2025
13043,Meera,Sen,Male,46,Lucknow,Uttar Pradesh,North,Small Business,6/30/2025
13044,Sahil,Banerjee,Female,54,Hyderabad,Telangana,South,Consumer,11/8/2024
13045,Arjun,Jain,Female,41,Lucknow,Uttar Pradesh,North,Consumer,7/13/2025
13046,Vikram,Ghosh,Female,60,Bhopal,Madhya Pradesh,Central,Small Business,2/4/2023
13047,Vikram,Ghosh,Male,34,Hyderabad,Telangana,South,Consumer,6/1/2025
13048,Rahul,Verma,Male,33,Ahmedabad,Gujarat,West,Corporate,7/5/2024
13049,Tanya,Nair,Female,52,Ludhiana,Punjab,North,Small Business,11/1/2025
13050,Priya,Malhotra,Male,44,Bengaluru,Karnataka,South,Consumer,4/3/2023
13051,Sahil,Nair,Male,21,Kochi,Kerala,South,Consumer,10/1/2025
13052,Aarav,Verma,Other,49,Kolkata,West Bengal,East,Consumer,9/11/2024
13053,Karan,Bose,Female,31,Ahmedabad,Gujarat,West,Consumer,4/23/2023
13054,Amit,Dutta,Female,58,Patna,Bihar,East,Consumer,7/3/2024
13055,Vikram,Jain,Male,58,Ahmedabad,Gujarat,West,Consumer,2/10/2023
13056,Aarav,Malhotra,Female,38,Hyderabad,Telangana,South,Consumer,3/31/2023
13057,Aarav,Gupta,Male,58,Ahmedabad,Gujarat,West,Corporate,7/28/2024
13058,Karan,Verma,Male,63,Mumbai,Maharashtra,West,Consumer,5/31/2025
13059,Meera,Roy,Male,53,Mumbai,Maharashtra,West,Consumer,4/27/2023
13060,Neha,Khan,Female,47,Bengaluru,Karnataka,South,Consumer,10/11/2023
13061,Aarav,Chatterjee,Male,62,Ahmedabad,Gujarat,West,Corporate,2/27/2024
13062,Kavya,Nair,Female,59,Hyderabad,Telangana,South,Consumer,8/7/2024
13063,Ishita,Sharma,Female,40,Bengaluru,Karnataka,South,Consumer,1/1/2023
13064,Riya,Jain,Female,22,Kochi,Kerala,South,Small Business,11/21/2024
13065,Sneha,Singh,Male,46,Chennai,Tamil Nadu,South,Corporate,6/21/2024
13066,Rahul,Singh,Female,40,Hyderabad,Telangana,South,Consumer,11/5/2025
13067,Tanya,Iyer,Female,35,Chennai,Tamil Nadu,South,Corporate,11/22/2023
13068,Nikhil,Roy,Male,26,Mumbai,Maharashtra,West,Consumer,6/17/2024
13069,Aarav,Reddy,Male,52,Lucknow,Uttar Pradesh,North,Consumer,3/30/2023
13070,Neha,Patel,Female,61,Hyderabad,Telangana,South,Consumer,9/17/2025
13071,Arjun,Singh,Female,46,Kolkata,West Bengal,East,Corporate,6/19/2025
13072,Ishita,Jain,Female,29,Gurugram,Haryana,North,Small Business,1/19/2024
13073,Ananya,Gupta,Male,18,Patna,Bihar,East,Consumer,5/12/2024
13074,Amit,Chatterjee,Male,52,Lucknow,Uttar Pradesh,North,Consumer,7/15/2025
13075,Riya,Nair,Male,25,Kochi,Kerala,South,Corporate,11/16/2023
13076,Nikhil,Singh,Other,21,Ludhiana,Punjab,North,Corporate,9/12/2023
13077,Rahul,Mehta,Female,27,Bengaluru,Karnataka,South,Consumer,9/19/2023
13078,Priya,Iyer,Female,27,Ahmedabad,Gujarat,West,Consumer,2/3/2025
13079,Meera,Das,Female,34,Ahmedabad,Gujarat,West,Consumer,8/16/2023
13080,Nikhil,Jain,Male,33,Bengaluru,Karnataka,South,Consumer,4/6/2023
13081,Riya,Malhotra,Female,27,Mumbai,Maharashtra,West,Corporate,6/28/2023
13082,Aarav,Dutta,Male,55,Kolkata,West Bengal,East,Consumer,11/30/2025
13083,Meera,Das,Male,57,Jaipur,Rajasthan,North,Consumer,7/31/2025
13084,Tanya,Singh,Male,30,Patna,Bihar,East,Consumer,10/27/2025
13085,Ishita,Bose,Male,35,Lucknow,Uttar Pradesh,North,Consumer,10/27/2023
13086,Ananya,Sen,Male,57,Bengaluru,Karnataka,South,Corporate,4/22/2024
13087,Ananya,Ghosh,Female,63,Mumbai,Maharashtra,West,Consumer,6/14/2024
13088,Priya,Sen,Female,55,Hyderabad,Telangana,South,Corporate,7/19/2024
13089,Pooja,Roy,Female,44,New Delhi,Delhi,North,Consumer,1/29/2023
13090,Riya,Ghosh,Male,65,Ludhiana,Punjab,North,Corporate,10/7/2024
13091,Karan,Roy,Female,52,Kochi,Kerala,South,Consumer,2/11/2023
13092,Sahil,Patel,Male,50,Ludhiana,Punjab,North,Consumer,10/25/2023
13093,Aarav,Iyer,Male,19,Bhubaneswar,Odisha,East,Consumer,11/12/2023
13094,Tanya,Singh,Male,48,Gurugram,Haryana,North,Corporate,12/29/2024
13095,Tanya,Singh,Male,31,Hyderabad,Telangana,South,Consumer,8/26/2025
13096,Priya,Jain,Female,46,Kolkata,West Bengal,East,Consumer,1/24/2025
13097,Aarav,Iyer,Female,45,Kolkata,West Bengal,East,Consumer,4/15/2024
13098,Rohan,Iyer,Male,23,Chennai,Tamil Nadu,South,Corporate,7/21/2024
13099,Priya,Patel,Female,40,Bengaluru,Karnataka,South,Consumer,7/7/2024
13100,Priya,Singh,Male,42,Mumbai,Maharashtra,West,Consumer,6/9/2023
13101,Nikhil,Khan,Male,20,Gurugram,Haryana,North,Corporate,10/30/2025
13102,Ananya,Khan,Female,58,Mumbai,Maharashtra,West,Consumer,9/19/2025
13103,Rohan,Banerjee,Female,63,Gurugram,Haryana,North,Consumer,9/17/2023
13104,Kavya,Patel,Female,19,Lucknow,Uttar Pradesh,North,Small Business,5/5/2023
13105,Riya,Malhotra,Male,23,Ahmedabad,Gujarat,West,Consumer,6/28/2023
13106,Riya,Khan,Female,24,Jaipur,Rajasthan,North,Consumer,11/10/2024
13107,Rohan,Bose,Male,39,Bengaluru,Karnataka,South,Consumer,2/1/2023
13108,Tanya,Verma,Male,46,Ahmedabad,Gujarat,West,Consumer,4/22/2023
13109,Sahil,Banerjee,Male,29,Mumbai,Maharashtra,West,Corporate,12/1/2024
13110,Nikhil,Patel,Male,58,Gurugram,Haryana,North,Consumer,6/7/2023
13111,Meera,Nair,Male,32,Bengaluru,Karnataka,South,Consumer,3/16/2023
13112,Aarav,Das,Male,32,Bengaluru,Karnataka,South,Consumer,1/23/2023
13113,Aditya,Chatterjee,Female,46,Lucknow,Uttar Pradesh,North,Consumer,2/1/2025
13114,Vikram,Malhotra,Male,59,Jaipur,Rajasthan,North,Consumer,1/28/2024
13115,Ananya,Khan,Male,29,Hyderabad,Telangana,South,Consumer,11/4/2023
13116,Tanya,Malhotra,Female,34,Ahmedabad,Gujarat,West,Small Business,11/21/2024
13117,Karan,Nair,Female,34,Mumbai,Maharashtra,West,Consumer,7/4/2023
13118,Meera,Sharma,Male,40,Jaipur,Rajasthan,North,Consumer,7/17/2024
13119,Priya,Roy,Male,38,Bengaluru,Karnataka,South,Corporate,6/6/2024
13120,Amit,Ghosh,Male,63,Bengaluru,Karnataka,South,Consumer,12/29/2024
13121,Aarav,Chatterjee,Female,25,Mumbai,Maharashtra,West,Consumer,11/4/2024
13122,Arjun,Das,Male,38,Bengaluru,Karnataka,South,Small Business,12/30/2024
13123,Karan,Nair,Male,30,Bengaluru,Karnataka,South,Corporate,8/19/2023
13124,Riya,Bose,Female,46,Hyderabad,Telangana,South,Consumer,6/1/2023
13125,Priya,Das,Female,55,Mumbai,Maharashtra,West,Consumer,7/30/2024
13126,Kavya,Malhotra,Male,62,Mumbai,Maharashtra,West,Consumer,3/3/2023
13127,Ishita,Iyer,Male,39,New Delhi,Delhi,North,Consumer,5/5/2024
13128,Sneha,Ghosh,Male,30,Mumbai,Maharashtra,West,Consumer,11/6/2024
13129,Priya,Das,Male,64,Jaipur,Rajasthan,North,Consumer,6/5/2025
13130,Pooja,Ghosh,Male,22,Gurugram,Haryana,North,Corporate,12/6/2024
13131,Tanya,Banerjee,Female,24,Hyderabad,Telangana,South,Consumer,12/10/2025
13132,Amit,Khan,Female,63,Ludhiana,Punjab,North,Corporate,8/24/2024
13133,Sneha,Jain,Female,60,Kolkata,West Bengal,East,Consumer,4/26/2024
13134,Aditya,Roy,Female,44,Kolkata,West Bengal,East,Consumer,9/23/2023
13135,Aarav,Das,Female,33,Lucknow,Uttar Pradesh,North,Consumer,12/27/2024
13136,Aarav,Banerjee,Male,64,Lucknow,Uttar Pradesh,North,Consumer,5/25/2025
13137,Priya,Chatterjee,Female,63,Bhubaneswar,Odisha,East,Consumer,12/13/2023
13138,Sneha,Patel,Male,59,Kolkata,West Bengal,East,Consumer,3/23/2023
13139,Tanya,Reddy,Male,55,Lucknow,Uttar Pradesh,North,Small Business,1/12/2023
13140,Meera,Nair,Male,46,Chennai,Tamil Nadu,South,Corporate,11/13/2024
13141,Aarav,Dutta,Female,35,Bengaluru,Karnataka,South,Consumer,12/17/2024
13142,Rohan,Banerjee,Female,40,Mumbai,Maharashtra,West,Consumer,5/11/2023
13143,Riya,Patel,Male,44,Bhopal,Madhya Pradesh,Central,Small Business,1/25/2023
13144,Riya,Singh,Male,41,Kolkata,West Bengal,East,Consumer,12/7/2024
13145,Sneha,Iyer,Female,59,Bhubaneswar,Odisha,East,Consumer,3/5/2024
13146,Tanya,Mehta,Male,25,Ahmedabad,Gujarat,West,Corporate,3/27/2024
13147,Ananya,Chatterjee,Male,21,Lucknow,Uttar Pradesh,North,Consumer,10/11/2023
13148,Pooja,Jain,Female,39,Lucknow,Uttar Pradesh,North,Corporate,2/14/2025
13149,Sneha,Jain,Female,27,Bhubaneswar,Odisha,East,Consumer,3/15/2025
13150,Vikram,Mehta,Male,57,Mumbai,Maharashtra,West,Corporate,2/26/2023
13151,Meera,Sharma,Male,58,Kolkata,West Bengal,East,Consumer,4/7/2023
13152,Sahil,Iyer,Female,65,Ahmedabad,Gujarat,West,Consumer,8/22/2024
13153,Sahil,Bose,Male,36,Chennai,Tamil Nadu,South,Small Business,10/13/2024
13154,Aditya,Bose,Female,64,Mumbai,Maharashtra,West,Consumer,6/6/2023
13155,Arjun,Bose,Female,22,Mumbai,Maharashtra,West,Consumer,6/20/2023
13156,Tanya,Sharma,Female,64,Bengaluru,Karnataka,South,Corporate,1/6/2025
13157,Tanya,Verma,Male,29,Kolkata,West Bengal,East,Consumer,5/6/2024
13158,Meera,Ghosh,Male,18,Kolkata,West Bengal,East,Consumer,5/10/2023
13159,Ishita,Roy,Male,57,Ludhiana,Punjab,North,Consumer,10/20/2024
13160,Priya,Verma,Male,42,Bengaluru,Karnataka,South,Small Business,3/21/2023
13161,Ananya,Das,Male,37,Bhopal,Madhya Pradesh,Central,Consumer,9/7/2023
13162,Sneha,Singh,Male,27,Gurugram,Haryana,North,Small Business,2/9/2025
13163,Rohan,Sharma,Male,37,Mumbai,Maharashtra,West,Consumer,8/29/2023
13164,Priya,Reddy,Female,47,Lucknow,Uttar Pradesh,North,Consumer,3/10/2023
13165,Tanya,Malhotra,Male,24,Ahmedabad,Gujarat,West,Corporate,11/2/2025
13166,Pooja,Verma,Male,63,Jaipur,Rajasthan,North,Consumer,8/31/2023
13167,Rahul,Sharma,Male,52,Kolkata,West Bengal,East,Corporate,7/10/2024
13168,Karan,Sen,Female,60,Mumbai,Maharashtra,West,Consumer,6/9/2025
13169,Amit,Verma,Male,20,Kolkata,West Bengal,East,Consumer,12/5/2025
13170,Vikram,Singh,Female,59,Ahmedabad,Gujarat,West,Consumer,5/24/2025
13171,Nikhil,Nair,Male,59,Bhopal,Madhya Pradesh,Central,Consumer,1/2/2024
13172,Tanya,Reddy,Female,35,Jaipur,Rajasthan,North,Consumer,7/11/2025
13173,Aditya,Bose,Female,45,Lucknow,Uttar Pradesh,North,Small Business,1/14/2023
13174,Ishita,Malhotra,Female,42,Bhopal,Madhya Pradesh,Central,Corporate,12/19/2023
13175,Rahul,Bose,Female,57,Jaipur,Rajasthan,North,Corporate,8/4/2023
13176,Kavya,Das,Female,31,Kolkata,West Bengal,East,Consumer,7/24/2024
13177,Nikhil,Mehta,Male,62,Kochi,Kerala,South,Consumer,8/20/2025
13178,Pooja,Mehta,Male,44,Chennai,Tamil Nadu,South,Corporate,4/15/2025
13179,Rahul,Patel,Female,18,Kolkata,West Bengal,East,Consumer,12/14/2025
13180,Vikram,Patel,Female,32,New Delhi,Delhi,North,Consumer,5/28/2023
13181,Kavya,Mehta,Female,24,Gurugram,Haryana,North,Consumer,3/23/2025
13182,Arjun,Chatterjee,Male,56,Bengaluru,Karnataka,South,Small Business,2/21/2025
13183,Neha,Roy,Male,37,Hyderabad,Telangana,South,Corporate,5/7/2024
13184,Pooja,Banerjee,Female,40,Mumbai,Maharashtra,West,Consumer,4/16/2023
13185,Vikram,Das,Female,34,Kolkata,West Bengal,East,Small Business,4/23/2023
13186,Karan,Patel,Male,51,Kolkata,West Bengal,East,Corporate,9/13/2025
13187,Meera,Mehta,Male,65,Lucknow,Uttar Pradesh,North,Consumer,11/15/2023
13188,Aarav,Mehta,Female,59,Kochi,Kerala,South,Consumer,11/19/2024
13189,Neha,Jain,Female,65,Mumbai,Maharashtra,West,Consumer,10/18/2025
13190,Kavya,Dutta,Female,32,Bengaluru,Karnataka,South,Consumer,6/16/2024
13191,Sahil,Singh,Male,49,Mumbai,Maharashtra,West,Consumer,8/15/2023
13192,Ishita,Sen,Male,47,Kolkata,West Bengal,East,Consumer,6/7/2024
13193,Tanya,Malhotra,Male,32,New Delhi,Delhi,North,Consumer,9/5/2023
13194,Rohan,Das,Male,58,Jaipur,Rajasthan,North,Consumer,7/15/2023
13195,Aditya,Bose,Male,62,Ahmedabad,Gujarat,West,Consumer,5/25/2025
13196,Sahil,Dutta,Male,63,Chennai,Tamil Nadu,South,Corporate,1/9/2024
13197,Aditya,Das,Male,65,New Delhi,Delhi,North,Consumer,1/9/2025
13198,Rohan,Patel,Male,25,Kolkata,West Bengal,East,Corporate,2/24/2025
13199,Neha,Nair,Female,25,Mumbai,Maharashtra,West,Small Business,8/16/2024
13200,Karan,Banerjee,Male,50,Gurugram,Haryana,North,Corporate,8/7/2024
13201,Tanya,Reddy,Male,52,Lucknow,Uttar Pradesh,North,Consumer,7/14/2023
13202,Karan,Iyer,Female,38,Ludhiana,Punjab,North,Corporate,7/25/2024
13203,Ananya,Nair,Male,25,Ludhiana,Punjab,North,Small Business,3/22/2025
13204,Riya,Roy,Female,31,Ahmedabad,Gujarat,West,Corporate,7/30/2023
13205,Tanya,Sen,Female,24,Ludhiana,Punjab,North,Consumer,9/8/2023
13206,Aditya,Singh,Female,25,Chennai,Tamil Nadu,South,Consumer,1/15/2025
13207,Rahul,Patel,Male,27,Kolkata,West Bengal,East,Consumer,11/26/2025
13208,Rahul,Patel,Female,46,Kolkata,West Bengal,East,Consumer,2/28/2024
13209,Aarav,Malhotra,Female,42,Kolkata,West Bengal,East,Corporate,6/13/2025
13210,Ananya,Das,Female,34,Kolkata,West Bengal,East,Consumer,7/17/2023
13211,Kavya,Iyer,Male,44,Chennai,Tamil Nadu,South,Corporate,9/7/2024
13212,Pooja,Iyer,Female,50,Lucknow,Uttar Pradesh,North,Consumer,10/16/2025
13213,Neha,Das,Female,22,Patna,Bihar,East,Consumer,4/21/2024
13214,Arjun,Bose,Male,31,Ahmedabad,Gujarat,West,Consumer,7/1/2024
13215,Pooja,Iyer,Male,27,Mumbai,Maharashtra,West,Consumer,6/17/2023
13216,Tanya,Patel,Female,18,Lucknow,Uttar Pradesh,North,Consumer,7/24/2024
13217,Nikhil,Patel,Male,23,Chennai,Tamil Nadu,South,Small Business,9/24/2024
13218,Sneha,Chatterjee,Female,54,Kolkata,West Bengal,East,Consumer,11/25/2025
13219,Karan,Ghosh,Other,60,Bengaluru,Karnataka,South,Consumer,8/6/2023
13220,Priya,Verma,Male,25,Bengaluru,Karnataka,South,Consumer,1/31/2024
13221,Meera,Verma,Male,54,Bengaluru,Karnataka,South,Consumer,11/30/2024
13222,Nikhil,Sharma,Female,30,Patna,Bihar,East,Consumer,10/15/2025
13223,Rahul,Sharma,Male,24,Lucknow,Uttar Pradesh,North,Small Business,9/14/2023
13224,Ishita,Iyer,Female,29,Jaipur,Rajasthan,North,Consumer,1/20/2025
13225,Rahul,Khan,Male,62,Mumbai,Maharashtra,West,Consumer,8/7/2025
13226,Karan,Gupta,Male,34,Patna,Bihar,East,Corporate,11/14/2024
13227,Priya,Khan,Male,53,Jaipur,Rajasthan,North,Consumer,4/5/2024
13228,Pooja,Ghosh,Male,41,Mumbai,Maharashtra,West,Consumer,9/11/2023
13229,Tanya,Gupta,Female,38,Ahmedabad,Gujarat,West,Small Business,11/8/2023
13230,Meera,Sen,Male,56,Hyderabad,Telangana,South,Consumer,2/25/2023
13231,Ananya,Gupta,Male,65,Hyderabad,Telangana,South,Consumer,6/14/2023
13232,Aarav,Nair,Female,49,Kolkata,West Bengal,East,Small Business,4/17/2024
13233,Sahil,Das,Female,58,New Delhi,Delhi,North,Consumer,6/1/2023
13234,Riya,Dutta,Male,25,Kolkata,West Bengal,East,Consumer,1/11/2023
13235,Aditya,Mehta,Female,61,Mumbai,Maharashtra,West,Consumer,1/18/2025
13236,Tanya,Roy,Male,26,Mumbai,Maharashtra,West,Consumer,3/18/2023
13237,Aditya,Jain,Female,27,Gurugram,Haryana,North,Consumer,6/2/2023
13238,Arjun,Dutta,Female,58,Bengaluru,Karnataka,South,Corporate,10/4/2024
13239,Tanya,Das,Female,41,Chennai,Tamil Nadu,South,Small Business,9/22/2025
13240,Amit,Roy,Female,29,Bengaluru,Karnataka,South,Corporate,2/21/2025
13241,Rohan,Patel,Female,19,Kochi,Kerala,South,Small Business,2/5/2023
13242,Karan,Das,Male,28,New Delhi,Delhi,North,Consumer,7/1/2023
13243,Karan,Chatterjee,Female,57,Ludhiana,Punjab,North,Consumer,3/10/2025
13244,Neha,Singh,Female,18,Bengaluru,Karnataka,South,Consumer,3/2/2025
13245,Tanya,Khan,Male,62,Kolkata,West Bengal,East,Consumer,2/27/2024
13246,Kavya,Bose,Female,55,New Delhi,Delhi,North,Consumer,10/22/2025
13247,Priya,Ghosh,Female,27,Chennai,Tamil Nadu,South,Consumer,8/17/2025
13248,Tanya,Nair,Female,53,Patna,Bihar,East,Small Business,3/13/2025
13249,Tanya,Das,Male,42,Kochi,Kerala,South,Consumer,3/19/2025
13250,Arjun,Reddy,Female,34,Hyderabad,Telangana,South,Corporate,4/27/2025
13251,Priya,Das,Male,42,Bhopal,Madhya Pradesh,Central,Consumer,6/10/2023
13252,Karan,Chatterjee,Female,18,New Delhi,Delhi,North,Consumer,1/26/2025
13253,Meera,Ghosh,Male,60,Bengaluru,Karnataka,South,Consumer,10/12/2025
13254,Amit,Verma,Female,55,Hyderabad,Telangana,South,Consumer,8/31/2023
13255,Neha,Bose,Male,26,Kolkata,West Bengal,East,Consumer,1/16/2023
13256,Rohan,Malhotra,Female,22,Patna,Bihar,East,Consumer,1/25/2024
13257,Riya,Das,Male,38,Kolkata,West Bengal,East,Consumer,10/19/2023
13258,Meera,Reddy,Female,40,Bengaluru,Karnataka,South,Consumer,10/22/2025
13259,Vikram,Roy,Female,55,New Delhi,Delhi,North,Consumer,4/26/2024
13260,Ishita,Jain,Male,58,Kolkata,West Bengal,East,Consumer,12/15/2024
13261,Tanya,Bose,Female,21,Kolkata,West Bengal,East,Consumer,11/26/2025
13262,Ananya,Mehta,Female,29,Jaipur,Rajasthan,North,Small Business,5/2/2025
13263,Priya,Malhotra,Male,46,Kolkata,West Bengal,East,Consumer,3/20/2025
13264,Meera,Bose,Male,36,Hyderabad,Telangana,South,Consumer,11/12/2025
13265,Priya,Iyer,Male,65,Bengaluru,Karnataka,South,Consumer,1/13/2025
13266,Nikhil,Singh,Male,49,Mumbai,Maharashtra,West,Corporate,9/7/2023
13267,Meera,Verma,Female,33,Mumbai,Maharashtra,West,Consumer,2/23/2025
13268,Riya,Dutta,Female,50,Lucknow,Uttar Pradesh,North,Consumer,12/14/2023
13269,Ishita,Roy,Male,38,Gurugram,Haryana,North,Consumer,12/24/2023
13270,Kavya,Reddy,Female,40,Mumbai,Maharashtra,West,Consumer,11/27/2024
13271,Ishita,Singh,Male,52,Gurugram,Haryana,North,Consumer,12/7/2023
13272,Rahul,Nair,Female,38,Ahmedabad,Gujarat,West,Corporate,1/27/2023
13273,Arjun,Ghosh,Female,51,Ahmedabad,Gujarat,West,Consumer,12/15/2025
13274,Arjun,Singh,Female,38,Lucknow,Uttar Pradesh,North,Consumer,9/8/2024
13275,Ananya,Banerjee,Female,46,Lucknow,Uttar Pradesh,North,Consumer,12/24/2024
13276,Priya,Patel,Male,41,Patna,Bihar,East,Consumer,5/23/2025
13277,Rohan,Khan,Female,45,Hyderabad,Telangana,South,Consumer,11/16/2024
13278,Meera,Reddy,Female,34,New Delhi,Delhi,North,Consumer,10/21/2024
13279,Vikram,Das,Female,23,Bengaluru,Karnataka,South,Consumer,5/5/2025
13280,Aarav,Malhotra,Male,30,Kolkata,West Bengal,East,Consumer,11/16/2023
13281,Riya,Nair,Female,35,Jaipur,Rajasthan,North,Consumer,6/13/2025
13282,Aarav,Chatterjee,Male,33,Kolkata,West Bengal,East,Consumer,2/21/2025
13283,Rohan,Gupta,Female,38,Bengaluru,Karnataka,South,Consumer,7/16/2023
13284,Amit,Dutta,Female,40,Kolkata,West Bengal,East,Corporate,6/7/2023
13285,Arjun,Gupta,Male,30,Mumbai,Maharashtra,West,Consumer,8/8/2025
13286,Aditya,Iyer,Male,36,Ahmedabad,Gujarat,West,Consumer,8/24/2025
13287,Aditya,Sharma,Male,31,Ahmedabad,Gujarat,West,Consumer,12/9/2025
13288,Aarav,Malhotra,Male,46,Hyderabad,Telangana,South,Small Business,4/19/2023
13289,Riya,Chatterjee,Male,40,Kolkata,West Bengal,East,Consumer,8/25/2025
13290,Rahul,Singh,Male,48,Hyderabad,Telangana,South,Consumer,7/21/2025
13291,Ananya,Nair,Male,38,Chennai,Tamil Nadu,South,Corporate,4/9/2025
13292,Kavya,Singh,Female,65,Lucknow,Uttar Pradesh,North,Corporate,6/21/2024
13293,Nikhil,Verma,Female,41,New Delhi,Delhi,North,Small Business,7/3/2024
13294,Karan,Iyer,Male,47,Hyderabad,Telangana,South,Consumer,4/7/2024
13295,Kavya,Dutta,Male,39,Hyderabad,Telangana,South,Small Business,2/1/2023
13296,Kavya,Sen,Female,53,Gurugram,Haryana,North,Consumer,6/24/2024
13297,Meera,Sharma,Male,44,Lucknow,Uttar Pradesh,North,Corporate,9/14/2023
13298,Riya,Verma,Male,22,Hyderabad,Telangana,South,Consumer,8/5/2023
13299,Tanya,Dutta,Male,53,Hyderabad,Telangana,South,Small Business,3/2/2023
13300,Ishita,Jain,Female,54,Kolkata,West Bengal,East,Small Business,5/9/2024
13301,Vikram,Das,Male,37,Gurugram,Haryana,North,Corporate,2/21/2023
13302,Kavya,Das,Female,42,Bengaluru,Karnataka,South,Consumer,7/6/2025
13303,Ishita,Jain,Male,18,Bengaluru,Karnataka,South,Consumer,8/18/2025
13304,Priya,Chatterjee,Male,59,Bhopal,Madhya Pradesh,Central,Consumer,5/15/2025
13305,Arjun,Mehta,Male,55,Lucknow,Uttar Pradesh,North,Consumer,11/22/2023
13306,Ananya,Das,Female,64,Kolkata,West Bengal,East,Corporate,6/26/2023
13307,Riya,Gupta,Female,46,Kolkata,West Bengal,East,Consumer,6/29/2024
13308,Sneha,Bose,Female,29,Kolkata,West Bengal,East,Consumer,12/28/2024
13309,Kavya,Patel,Female,31,Ahmedabad,Gujarat,West,Consumer,1/23/2023
13310,Rohan,Roy,Female,62,Kolkata,West Bengal,East,Corporate,7/14/2025
13311,Neha,Banerjee,Male,20,Gurugram,Haryana,North,Consumer,4/18/2024
13312,Ananya,Chatterjee,Female,50,Gurugram,Haryana,North,Consumer,6/4/2025
13313,Neha,Bose,Male,21,New Delhi,Delhi,North,Consumer,3/26/2023
13314,Tanya,Mehta,Female,53,Ahmedabad,Gujarat,West,Consumer,4/4/2024
13315,Rohan,Banerjee,Female,45,Bengaluru,Karnataka,South,Consumer,5/9/2024
13316,Ishita,Khan,Male,40,Kolkata,West Bengal,East,Consumer,2/21/2023
13317,Tanya,Sharma,Male,51,Lucknow,Uttar Pradesh,North,Corporate,2/3/2025
13318,Karan,Gupta,Female,35,Kolkata,West Bengal,East,Consumer,10/2/2025
13319,Sneha,Roy,Male,45,Kolkata,West Bengal,East,Small Business,8/6/2024
13320,Aarav,Das,Male,56,Bengaluru,Karnataka,South,Consumer,3/3/2024
13321,Nikhil,Chatterjee,Female,40,Kolkata,West Bengal,East,Consumer,11/17/2024
13322,Karan,Khan,Male,19,Hyderabad,Telangana,South,Small Business,1/25/2024
13323,Riya,Iyer,Male,65,Lucknow,Uttar Pradesh,North,Small Business,1/24/2024
13324,Neha,Roy,Female,43,Patna,Bihar,East,Consumer,3/31/2025
13325,Tanya,Mehta,Male,38,Ahmedabad,Gujarat,West,Consumer,9/30/2024
13326,Nikhil,Patel,Male,21,Bhubaneswar,Odisha,East,Consumer,10/13/2023
13327,Ananya,Nair,Other,22,Chennai,Tamil Nadu,South,Consumer,3/16/2024
13328,Aditya,Chatterjee,Male,30,Bhubaneswar,Odisha,East,Consumer,6/20/2025
13329,Tanya,Sen,Male,62,New Delhi,Delhi,North,Consumer,7/25/2024
13330,Kavya,Roy,Female,52,Mumbai,Maharashtra,West,Consumer,3/24/2023
13331,Neha,Jain,Male,37,Gurugram,Haryana,North,Consumer,7/14/2025
13332,Rohan,Roy,Female,54,Bengaluru,Karnataka,South,Small Business,3/10/2025
13333,Kavya,Singh,Female,36,Kolkata,West Bengal,East,Consumer,10/16/2023
13334,Neha,Sen,Female,60,Bengaluru,Karnataka,South,Small Business,11/9/2025
13335,Vikram,Reddy,Male,33,Chennai,Tamil Nadu,South,Consumer,10/24/2025
13336,Nikhil,Banerjee,Male,52,Chennai,Tamil Nadu,South,Small Business,12/11/2025
13337,Sneha,Gupta,Female,38,New Delhi,Delhi,North,Corporate,2/13/2024
13338,Karan,Iyer,Male,50,Kochi,Kerala,South,Consumer,9/24/2025
13339,Arjun,Sen,Female,26,Bengaluru,Karnataka,South,Consumer,5/20/2025
13340,Amit,Nair,Female,63,New Delhi,Delhi,North,Consumer,7/29/2025
13341,Vikram,Verma,Female,31,Chennai,Tamil Nadu,South,Corporate,8/13/2024
13342,Meera,Mehta,Male,43,Bhubaneswar,Odisha,East,Consumer,10/29/2023
13343,Rohan,Verma,Female,50,Mumbai,Maharashtra,West,Corporate,9/2/2023
13344,Nikhil,Banerjee,Female,49,Kolkata,West Bengal,East,Small Business,11/9/2025
13345,Neha,Verma,Male,44,New Delhi,Delhi,North,Consumer,6/26/2024
13346,Rahul,Khan,Female,59,Jaipur,Rajasthan,North,Consumer,9/29/2025
13347,Ananya,Reddy,Male,64,Patna,Bihar,East,Small Business,8/22/2024
13348,Ananya,Gupta,Female,54,Ahmedabad,Gujarat,West,Corporate,7/31/2024
13349,Rohan,Bose,Male,26,Lucknow,Uttar Pradesh,North,Consumer,3/21/2023
13350,Neha,Chatterjee,Male,54,Chennai,Tamil Nadu,South,Consumer,3/10/2024
13351,Meera,Iyer,Female,42,Kolkata,West Bengal,East,Consumer,8/23/2024
13352,Tanya,Sen,Male,43,Kolkata,West Bengal,East,Consumer,4/29/2023
13353,Pooja,Banerjee,Male,63,Kolkata,West Bengal,East,Consumer,6/24/2023
13354,Ishita,Bose,Male,43,Bengaluru,Karnataka,South,Small Business,9/29/2024
13355,Karan,Singh,Female,58,Hyderabad,Telangana,South,Consumer,9/25/2023
13356,Rohan,Mehta,Male,49,Chennai,Tamil Nadu,South,Consumer,1/26/2025
13357,Rahul,Jain,Female,22,New Delhi,Delhi,North,Consumer,5/12/2024
13358,Vikram,Ghosh,Female,51,Hyderabad,Telangana,South,Small Business,3/12/2024
13359,Sahil,Patel,Female,41,Jaipur,Rajasthan,North,Consumer,5/7/2023
13360,Riya,Iyer,Male,44,Jaipur,Rajasthan,North,Consumer,3/14/2024
13361,Aarav,Singh,Male,32,Bengaluru,Karnataka,South,Consumer,8/8/2024
13362,Ananya,Dutta,Female,26,Chennai,Tamil Nadu,South,Consumer,9/11/2024
13363,Rahul,Khan,Female,53,Ahmedabad,Gujarat,West,Consumer,10/19/2023
13364,Aarav,Verma,Female,29,Ahmedabad,Gujarat,West,Consumer,1/31/2023
13365,Aarav,Malhotra,Female,22,Bengaluru,Karnataka,South,Consumer,10/6/2025
13366,Arjun,Verma,Female,41,Bengaluru,Karnataka,South,Consumer,10/31/2025
13367,Rohan,Singh,Female,52,Jaipur,Rajasthan,North,Consumer,9/3/2025
13368,Amit,Malhotra,Male,27,Ahmedabad,Gujarat,West,Corporate,11/10/2023
13369,Ananya,Ghosh,Female,35,Mumbai,Maharashtra,West,Consumer,10/12/2024
13370,Rohan,Ghosh,Male,38,Hyderabad,Telangana,South,Small Business,6/2/2023
13371,Tanya,Das,Male,62,Kochi,Kerala,South,Consumer,9/5/2025
13372,Ananya,Verma,Female,25,Kolkata,West Bengal,East,Consumer,1/6/2023
13373,Tanya,Banerjee,Male,62,Bhubaneswar,Odisha,East,Consumer,5/23/2024
13374,Vikram,Gupta,Male,25,Mumbai,Maharashtra,West,Consumer,7/14/2025
13375,Amit,Mehta,Female,45,New Delhi,Delhi,North,Consumer,2/22/2025
13376,Rohan,Roy,Female,58,Hyderabad,Telangana,South,Consumer,7/21/2025
13377,Rohan,Banerjee,Female,61,Kolkata,West Bengal,East,Small Business,6/20/2024
13378,Sneha,Bose,Male,44,Ludhiana,Punjab,North,Consumer,4/13/2023
13379,Aarav,Chatterjee,Male,41,Hyderabad,Telangana,South,Consumer,1/9/2023
13380,Rohan,Gupta,Female,55,Gurugram,Haryana,North,Consumer,6/14/2023
13381,Meera,Roy,Female,61,Bengaluru,Karnataka,South,Consumer,3/4/2023
13382,Arjun,Sharma,Female,18,Kochi,Kerala,South,Consumer,4/28/2024
13383,Neha,Sen,Male,30,Ludhiana,Punjab,North,Corporate,2/24/2023
13384,Pooja,Sharma,Male,31,New Delhi,Delhi,North,Small Business,7/20/2023
13385,Aarav,Patel,Female,58,Mumbai,Maharashtra,West,Small Business,3/28/2024
13386,Aarav,Reddy,Male,18,Jaipur,Rajasthan,North,Consumer,3/5/2025
13387,Neha,Malhotra,Female,24,New Delhi,Delhi,North,Consumer,12/29/2024
13388,Rahul,Mehta,Male,18,Gurugram,Haryana,North,Consumer,3/4/2023
13389,Tanya,Jain,Male,63,Hyderabad,Telangana,South,Consumer,9/2/2025
13390,Ananya,Banerjee,Female,19,Bengaluru,Karnataka,South,Consumer,8/16/2024
13391,Aarav,Ghosh,Male,30,Mumbai,Maharashtra,West,Consumer,1/12/2024
13392,Rohan,Dutta,Male,43,Jaipur,Rajasthan,North,Consumer,2/18/2024
13393,Rohan,Das,Female,34,Bhopal,Madhya Pradesh,Central,Corporate,7/5/2025
13394,Ananya,Khan,Male,22,Kolkata,West Bengal,East,Corporate,5/17/2024
13395,Pooja,Patel,Male,37,Lucknow,Uttar Pradesh,North,Small Business,9/23/2023
13396,Rohan,Jain,Female,56,Ludhiana,Punjab,North,Consumer,4/3/2024
13397,Vikram,Bose,Male,31,Kolkata,West Bengal,East,Small Business,3/15/2023
13398,Rahul,Chatterjee,Female,42,Kolkata,West Bengal,East,Consumer,6/15/2023
13399,Riya,Ghosh,Male,40,Jaipur,Rajasthan,North,Consumer,12/6/2023
13400,Riya,Banerjee,Male,29,Ahmedabad,Gujarat,West,Consumer,8/26/2023
13401,Riya,Sharma,Male,18,Kolkata,West Bengal,East,Consumer,1/13/2024
13402,Meera,Jain,Female,58,Bhubaneswar,Odisha,East,Consumer,3/11/2023
13403,Priya,Malhotra,Male,65,New Delhi,Delhi,North,Corporate,10/20/2024
13404,Rohan,Reddy,Female,42,Ludhiana,Punjab,North,Consumer,5/5/2023
13405,Neha,Sen,Male,57,Kochi,Kerala,South,Small Business,8/23/2023
13406,Riya,Roy,Male,34,Patna,Bihar,East,Consumer,11/22/2025
13407,Karan,Nair,Female,63,New Delhi,Delhi,North,Corporate,1/7/2023
13408,Vikram,Sharma,Male,45,Bengaluru,Karnataka,South,Small Business,10/30/2023
13409,Kavya,Das,Female,56,New Delhi,Delhi,North,Consumer,6/24/2024
13410,Aarav,Bose,Female,50,Kolkata,West Bengal,East,Small Business,11/28/2023
13411,Arjun,Reddy,Female,62,Jaipur,Rajasthan,North,Corporate,12/13/2023
13412,Kavya,Verma,Female,44,Mumbai,Maharashtra,West,Consumer,5/18/2023
13413,Sneha,Iyer,Female,58,New Delhi,Delhi,North,Consumer,4/2/2024
13414,Riya,Iyer,Male,62,Kolkata,West Bengal,East,Consumer,3/26/2025
13415,Neha,Patel,Female,54,Bengaluru,Karnataka,South,Consumer,9/26/2024
13416,Ishita,Roy,Male,34,Mumbai,Maharashtra,West,Consumer,9/25/2025
13417,Tanya,Gupta,Male,22,Ahmedabad,Gujarat,West,Consumer,1/25/2025
13418,Nikhil,Bose,Female,37,Patna,Bihar,East,Consumer,5/2/2025
13419,Vikram,Verma,Male,51,Kolkata,West Bengal,East,Small Business,4/11/2024
13420,Ananya,Chatterjee,Female,59,Bhubaneswar,Odisha,East,Small Business,10/23/2024
13421,Amit,Singh,Male,54,Kochi,Kerala,South,Corporate,9/16/2024
13422,Rahul,Reddy,Male,48,Chennai,Tamil Nadu,South,Consumer,5/28/2025
13423,Sahil,Malhotra,Female,43,Jaipur,Rajasthan,North,Consumer,6/25/2024
13424,Karan,Banerjee,Female,64,Chennai,Tamil Nadu,South,Consumer,3/12/2024
13425,Sneha,Roy,Female,29,Mumbai,Maharashtra,West,Consumer,3/17/2023
13426,Tanya,Reddy,Male,56,New Delhi,Delhi,North,Corporate,7/17/2025
13427,Vikram,Bose,Male,44,Kolkata,West Bengal,East,Consumer,4/15/2024
13428,Sneha,Iyer,Male,42,Kochi,Kerala,South,Consumer,5/12/2025
13429,Ananya,Gupta,Male,37,Ludhiana,Punjab,North,Consumer,1/2/2025
13430,Karan,Ghosh,Male,48,Bhubaneswar,Odisha,East,Small Business,1/2/2023
13431,Priya,Khan,Female,65,New Delhi,Delhi,North,Consumer,12/4/2024
13432,Ananya,Nair,Male,37,New Delhi,Delhi,North,Consumer,6/10/2024
13433,Aarav,Bose,Female,23,Bhopal,Madhya Pradesh,Central,Consumer,9/16/2023
13434,Karan,Banerjee,Female,24,Bengaluru,Karnataka,South,Consumer,10/13/2023
13435,Nikhil,Sharma,Female,26,Kolkata,West Bengal,East,Consumer,11/19/2024
13436,Priya,Mehta,Male,37,New Delhi,Delhi,North,Consumer,4/4/2023
13437,Rahul,Malhotra,Male,18,Bengaluru,Karnataka,South,Consumer,10/16/2024
13438,Karan,Roy,Male,31,Bengaluru,Karnataka,South,Consumer,7/2/2025
13439,Aarav,Reddy,Female,51,Kolkata,West Bengal,East,Small Business,4/4/2023
13440,Riya,Khan,Female,50,Ahmedabad,Gujarat,West,Corporate,1/9/2023
13441,Karan,Nair,Male,50,Bengaluru,Karnataka,South,Small Business,3/7/2023
13442,Vikram,Chatterjee,Male,50,Mumbai,Maharashtra,West,Consumer,2/27/2025
13443,Arjun,Singh,Other,21,Kolkata,West Bengal,East,Small Business,7/4/2025
13444,Rahul,Sharma,Male,62,Chennai,Tamil Nadu,South,Corporate,12/3/2025
13445,Ananya,Dutta,Male,32,Kochi,Kerala,South,Consumer,2/1/2023
13446,Pooja,Chatterjee,Male,21,Bengaluru,Karnataka,South,Consumer,6/4/2024
13447,Pooja,Ghosh,Male,56,Jaipur,Rajasthan,North,Consumer,2/22/2023
13448,Amit,Sen,Male,40,Lucknow,Uttar Pradesh,North,Corporate,2/5/2024
13449,Riya,Patel,Female,34,Bengaluru,Karnataka,South,Consumer,11/29/2023
13450,Sahil,Gupta,Female,37,Bhubaneswar,Odisha,East,Consumer,10/16/2024
13451,Rahul,Iyer,Female,45,Jaipur,Rajasthan,North,Corporate,9/8/2025
13452,Tanya,Nair,Male,43,New Delhi,Delhi,North,Corporate,5/19/2025
13453,Meera,Sen,Male,18,Kolkata,West Bengal,East,Consumer,3/10/2023
13454,Ishita,Roy,Female,23,Kolkata,West Bengal,East,Small Business,9/17/2023
13455,Kavya,Roy,Male,63,Bhopal,Madhya Pradesh,Central,Consumer,10/24/2023
13456,Pooja,Reddy,Male,41,Patna,Bihar,East,Corporate,9/28/2023
13457,Kavya,Ghosh,Male,65,Gurugram,Haryana,North,Consumer,1/17/2024
13458,Arjun,Reddy,Female,49,Ludhiana,Punjab,North,Consumer,10/17/2024
13459,Riya,Sharma,Male,53,Kolkata,West Bengal,East,Consumer,3/9/2025
13460,Nikhil,Banerjee,Female,33,Patna,Bihar,East,Corporate,10/12/2025
13461,Kavya,Banerjee,Male,58,Hyderabad,Telangana,South,Consumer,1/29/2025
13462,Karan,Verma,Other,49,Patna,Bihar,East,Consumer,11/19/2023
13463,Rohan,Khan,Male,54,Kolkata,West Bengal,East,Consumer,7/18/2023
13464,Aditya,Das,Female,30,Bengaluru,Karnataka,South,Corporate,2/11/2024
13465,Sneha,Sharma,Male,46,Lucknow,Uttar Pradesh,North,Consumer,5/13/2025
13466,Aditya,Jain,Female,35,Patna,Bihar,East,Consumer,12/8/2025
13467,Karan,Verma,Male,61,Ahmedabad,Gujarat,West,Corporate,2/28/2024
13468,Kavya,Singh,Female,61,Bengaluru,Karnataka,South,Consumer,7/10/2023
13469,Sneha,Sen,Female,34,Bengaluru,Karnataka,South,Consumer,1/6/2023
13470,Sahil,Dutta,Female,19,Gurugram,Haryana,North,Consumer,3/25/2023
13471,Riya,Banerjee,Male,29,Hyderabad,Telangana,South,Consumer,11/18/2024
13472,Sahil,Reddy,Male,31,Hyderabad,Telangana,South,Consumer,9/28/2024
13473,Pooja,Singh,Other,18,New Delhi,Delhi,North,Consumer,11/25/2024
13474,Vikram,Patel,Female,62,Chennai,Tamil Nadu,South,Consumer,1/27/2023
13475,Sneha,Mehta,Male,40,New Delhi,Delhi,North,Consumer,4/16/2024
13476,Sneha,Nair,Male,25,Hyderabad,Telangana,South,Consumer,7/14/2023
13477,Sneha,Reddy,Male,47,Bhubaneswar,Odisha,East,Consumer,12/30/2023
13478,Nikhil,Banerjee,Male,37,Ludhiana,Punjab,North,Consumer,11/2/2024
13479,Arjun,Roy,Male,26,Gurugram,Haryana,North,Consumer,10/25/2023
13480,Karan,Iyer,Female,39,New Delhi,Delhi,North,Consumer,12/13/2024
13481,Tanya,Sen,Male,46,Hyderabad,Telangana,South,Small Business,11/9/2023
13482,Vikram,Singh,Female,49,Lucknow,Uttar Pradesh,North,Small Business,7/5/2024
13483,Karan,Das,Female,28,Bhubaneswar,Odisha,East,Consumer,5/10/2024
13484,Neha,Chatterjee,Male,47,New Delhi,Delhi,North,Corporate,2/19/2024
13485,Vikram,Ghosh,Male,56,Jaipur,Rajasthan,North,Consumer,5/17/2023
13486,Karan,Singh,Female,48,Lucknow,Uttar Pradesh,North,Consumer,9/14/2024
13487,Nikhil,Mehta,Male,63,Jaipur,Rajasthan,North,Consumer,12/5/2025
13488,Amit,Malhotra,Female,63,Lucknow,Uttar Pradesh,North,Small Business,11/25/2024
13489,Sahil,Bose,Female,41,Mumbai,Maharashtra,West,Consumer,3/16/2025
13490,Neha,Banerjee,Male,36,Hyderabad,Telangana,South,Consumer,5/17/2025
13491,Kavya,Das,Female,39,Ahmedabad,Gujarat,West,Consumer,2/11/2023
13492,Meera,Ghosh,Male,41,Kolkata,West Bengal,East,Consumer,5/6/2025
13493,Rahul,Iyer,Male,26,Bhubaneswar,Odisha,East,Consumer,9/19/2023
13494,Meera,Dutta,Other,64,Ahmedabad,Gujarat,West,Small Business,12/18/2024
13495,Pooja,Mehta,Male,45,Mumbai,Maharashtra,West,Consumer,11/28/2025
13496,Aditya,Chatterjee,Male,24,Patna,Bihar,East,Consumer,8/23/2025
13497,Kavya,Iyer,Male,61,Lucknow,Uttar Pradesh,North,Consumer,3/23/2024
13498,Ananya,Iyer,Male,63,Lucknow,Uttar Pradesh,North,Corporate,6/24/2025
13499,Pooja,Sen,Male,44,Chennai,Tamil Nadu,South,Consumer,10/30/2024
13500,Neha,Verma,Female,63,Bhubaneswar,Odisha,East,Consumer,5/24/2023
13501,Meera,Gupta,Male,64,Chennai,Tamil Nadu,South,Corporate,9/17/2023
13502,Karan,Banerjee,Female,63,New Delhi,Delhi,North,Small Business,10/30/2025
13503,Vikram,Reddy,Male,64,Kolkata,West Bengal,East,Consumer,9/15/2025
13504,Vikram,Sen,Male,21,Ahmedabad,Gujarat,West,Corporate,8/21/2025
13505,Neha,Banerjee,Female,19,Lucknow,Uttar Pradesh,North,Consumer,2/19/2024
13506,Meera,Dutta,Female,45,New Delhi,Delhi,North,Consumer,12/13/2023
13507,Kavya,Singh,Female,53,Hyderabad,Telangana,South,Consumer,5/20/2025
13508,Riya,Gupta,Male,58,Patna,Bihar,East,Consumer,1/22/2023
13509,Vikram,Banerjee,Male,48,Jaipur,Rajasthan,North,Small Business,8/27/2025
13510,Priya,Verma,Female,33,Bengaluru,Karnataka,South,Consumer,10/14/2024
13511,Ananya,Sen,Female,62,Gurugram,Haryana,North,Consumer,11/14/2024
13512,Meera,Jain,Female,46,Lucknow,Uttar Pradesh,North,Consumer,4/18/2024
13513,Meera,Banerjee,Male,50,Bhopal,Madhya Pradesh,Central,Consumer,11/23/2025
13514,Nikhil,Khan,Male,30,Bhopal,Madhya Pradesh,Central,Small Business,3/20/2025
13515,Sneha,Banerjee,Male,54,Ludhiana,Punjab,North,Corporate,2/28/2023
13516,Aditya,Malhotra,Male,24,Lucknow,Uttar Pradesh,North,Consumer,7/20/2024
13517,Kavya,Reddy,Male,59,Ahmedabad,Gujarat,West,Consumer,7/17/2025
13518,Ananya,Roy,Male,58,Mumbai,Maharashtra,West,Consumer,3/24/2023
13519,Riya,Sharma,Male,50,New Delhi,Delhi,North,Small Business,3/6/2025
13520,Aditya,Sharma,Female,65,Lucknow,Uttar Pradesh,North,Consumer,9/22/2023
13521,Karan,Verma,Female,61,New Delhi,Delhi,North,Consumer,7/1/2024
13522,Ishita,Ghosh,Female,21,Kochi,Kerala,South,Corporate,8/11/2025
13523,Rahul,Das,Male,28,Kolkata,West Bengal,East,Small Business,6/15/2024
13524,Vikram,Iyer,Female,23,Chennai,Tamil Nadu,South,Consumer,2/10/2023
13525,Nikhil,Khan,Female,33,New Delhi,Delhi,North,Corporate,1/23/2023
13526,Priya,Dutta,Male,46,Hyderabad,Telangana,South,Consumer,3/6/2025
13527,Aditya,Ghosh,Female,24,Kolkata,West Bengal,East,Consumer,10/2/2025
13528,Rohan,Verma,Male,22,Mumbai,Maharashtra,West,Consumer,11/12/2023
13529,Priya,Mehta,Female,48,Bhubaneswar,Odisha,East,Small Business,10/7/2025
13530,Pooja,Patel,Male,48,Hyderabad,Telangana,South,Corporate,5/3/2024
13531,Sneha,Banerjee,Female,35,Kolkata,West Bengal,East,Small Business,3/5/2023
13532,Karan,Sen,Female,52,Kolkata,West Bengal,East,Consumer,7/27/2024
13533,Arjun,Singh,Male,46,Hyderabad,Telangana,South,Small Business,11/17/2025
13534,Pooja,Khan,Female,37,Mumbai,Maharashtra,West,Consumer,9/28/2023
13535,Aarav,Ghosh,Female,21,Lucknow,Uttar Pradesh,North,Consumer,11/3/2025
13536,Sneha,Mehta,Female,54,Patna,Bihar,East,Consumer,12/5/2024
13537,Meera,Reddy,Male,47,Mumbai,Maharashtra,West,Corporate,3/3/2024
13538,Rohan,Gupta,Male,23,Ahmedabad,Gujarat,West,Consumer,1/18/2025
13539,Pooja,Nair,Female,27,Mumbai,Maharashtra,West,Consumer,3/8/2024
13540,Sneha,Mehta,Female,32,Bengaluru,Karnataka,South,Consumer,4/2/2023
13541,Nikhil,Malhotra,Female,26,Kochi,Kerala,South,Corporate,7/29/2025
13542,Tanya,Dutta,Male,56,New Delhi,Delhi,North,Consumer,2/8/2024
13543,Nikhil,Chatterjee,Female,62,Kochi,Kerala,South,Consumer,9/3/2024
13544,Sneha,Verma,Female,22,Mumbai,Maharashtra,West,Consumer,3/14/2025
13545,Rohan,Iyer,Female,29,Bengaluru,Karnataka,South,Consumer,3/31/2023
13546,Karan,Nair,Female,31,Hyderabad,Telangana,South,Consumer,2/18/2025
13547,Sahil,Bose,Male,65,Hyderabad,Telangana,South,Corporate,1/30/2024
13548,Vikram,Roy,Female,47,Bhopal,Madhya Pradesh,Central,Corporate,8/11/2024
13549,Amit,Malhotra,Female,63,Kolkata,West Bengal,East,Consumer,5/8/2024
13550,Meera,Bose,Male,29,Bhubaneswar,Odisha,East,Consumer,4/19/2025
13551,Kavya,Das,Male,21,Kochi,Kerala,South,Consumer,7/22/2023
13552,Sneha,Gupta,Female,41,New Delhi,Delhi,North,Corporate,4/27/2023
13553,Rahul,Roy,Male,57,Chennai,Tamil Nadu,South,Small Business,3/19/2024
13554,Aditya,Mehta,Male,58,New Delhi,Delhi,North,Consumer,5/8/2023
13555,Neha,Roy,Female,40,Bengaluru,Karnataka,South,Small Business,9/20/2023
13556,Sahil,Sen,Female,30,Patna,Bihar,East,Consumer,12/11/2024
13557,Rohan,Singh,Female,20,Hyderabad,Telangana,South,Small Business,6/3/2025
13558,Ananya,Das,Male,38,Ludhiana,Punjab,North,Small Business,1/18/2025
13559,Rohan,Banerjee,Male,43,Ahmedabad,Gujarat,West,Consumer,12/10/2023
13560,Neha,Sen,Male,18,New Delhi,Delhi,North,Small Business,5/29/2025
13561,Rahul,Iyer,Male,62,Lucknow,Uttar Pradesh,North,Consumer,3/14/2024
13562,Sneha,Roy,Female,52,New Delhi,Delhi,North,Consumer,7/15/2023
13563,Priya,Gupta,Male,33,Ludhiana,Punjab,North,Corporate,3/27/2025
13564,Tanya,Malhotra,Male,35,Mumbai,Maharashtra,West,Consumer,7/12/2024
13565,Vikram,Bose,Female,35,Bhopal,Madhya Pradesh,Central,Consumer,2/5/2024
13566,Amit,Gupta,Male,59,Patna,Bihar,East,Consumer,12/14/2024
13567,Vikram,Singh,Male,52,Kochi,Kerala,South,Consumer,2/21/2025
13568,Arjun,Reddy,Male,22,Hyderabad,Telangana,South,Corporate,8/30/2023
13569,Priya,Nair,Male,32,Bhubaneswar,Odisha,East,Corporate,5/7/2023
13570,Sahil,Banerjee,Male,55,Bengaluru,Karnataka,South,Small Business,7/12/2024
13571,Vikram,Nair,Other,35,Lucknow,Uttar Pradesh,North,Small Business,2/25/2023
13572,Amit,Roy,Female,57,Mumbai,Maharashtra,West,Corporate,11/20/2024
13573,Kavya,Verma,Female,42,Bengaluru,Karnataka,South,Small Business,4/19/2024
13574,Neha,Khan,Female,55,Hyderabad,Telangana,South,Consumer,8/20/2023
13575,Neha,Chatterjee,Male,43,Bengaluru,Karnataka,South,Corporate,10/8/2024
13576,Rahul,Singh,Female,53,Chennai,Tamil Nadu,South,Consumer,2/10/2024
13577,Rahul,Banerjee,Male,38,Bhubaneswar,Odisha,East,Consumer,2/24/2024
13578,Aarav,Bose,Male,29,Bengaluru,Karnataka,South,Consumer,8/22/2023
13579,Priya,Singh,Male,60,Lucknow,Uttar Pradesh,North,Consumer,12/31/2024
13580,Karan,Patel,Female,38,Kolkata,West Bengal,East,Small Business,9/2/2025
13581,Nikhil,Bose,Male,18,Lucknow,Uttar Pradesh,North,Consumer,10/30/2024
13582,Aditya,Malhotra,Male,36,Patna,Bihar,East,Small Business,9/13/2023
13583,Karan,Verma,Male,37,Chennai,Tamil Nadu,South,Consumer,6/19/2025
13584,Meera,Sharma,Male,29,Lucknow,Uttar Pradesh,North,Corporate,5/11/2023
13585,Pooja,Iyer,Male,60,Ludhiana,Punjab,North,Consumer,11/9/2023
13586,Priya,Gupta,Female,41,Patna,Bihar,East,Small Business,2/7/2023
13587,Priya,Mehta,Male,35,Chennai,Tamil Nadu,South,Consumer,7/5/2025
13588,Karan,Patel,Female,51,Hyderabad,Telangana,South,Corporate,2/18/2023
13589,Priya,Bose,Male,48,Lucknow,Uttar Pradesh,North,Small Business,8/12/2024
13590,Rahul,Nair,Male,40,Bengaluru,Karnataka,South,Corporate,7/26/2023
13591,Neha,Ghosh,Female,64,Patna,Bihar,East,Corporate,8/18/2023
13592,Karan,Iyer,Female,64,Bengaluru,Karnataka,South,Consumer,10/18/2024
13593,Priya,Roy,Male,40,Patna,Bihar,East,Consumer,5/18/2025
13594,Arjun,Dutta,Female,52,Kolkata,West Bengal,East,Consumer,1/20/2023
13595,Kavya,Gupta,Female,20,Kolkata,West Bengal,East,Consumer,6/21/2023
13596,Sneha,Khan,Male,39,Bhopal,Madhya Pradesh,Central,Consumer,11/6/2023
13597,Karan,Dutta,Female,39,Kochi,Kerala,South,Corporate,10/16/2025
13598,Ananya,Sharma,Male,37,Kochi,Kerala,South,Small Business,3/4/2023
13599,Rohan,Patel,Female,58,Gurugram,Haryana,North,Corporate,7/12/2023
13600,Karan,Jain,Male,46,Hyderabad,Telangana,South,Corporate,3/11/2024
13601,Aarav,Khan,Female,40,Bengaluru,Karnataka,South,Consumer,12/18/2023
13602,Rohan,Mehta,Female,38,Mumbai,Maharashtra,West,Consumer,2/22/2023
13603,Amit,Mehta,Female,47,New Delhi,Delhi,North,Corporate,8/6/2024
13604,Kavya,Bose,Male,28,Mumbai,Maharashtra,West,Consumer,10/18/2024
13605,Sneha,Ghosh,Female,29,Gurugram,Haryana,North,Consumer,7/11/2023
13606,Aarav,Verma,Male,43,Kolkata,West Bengal,East,Small Business,1/13/2025
13607,Arjun,Iyer,Male,33,Mumbai,Maharashtra,West,Consumer,3/3/2023
13608,Neha,Chatterjee,Male,50,Bengaluru,Karnataka,South,Consumer,2/28/2025
13609,Pooja,Khan,Female,61,Mumbai,Maharashtra,West,Consumer,10/7/2023
13610,Neha,Singh,Female,35,Mumbai,Maharashtra,West,Corporate,8/31/2023
13611,Aditya,Banerjee,Female,45,Jaipur,Rajasthan,North,Consumer,8/1/2023
13612,Arjun,Reddy,Male,31,Bengaluru,Karnataka,South,Consumer,7/26/2025
13613,Rahul,Patel,Female,56,Ahmedabad,Gujarat,West,Consumer,6/26/2024
13614,Arjun,Singh,Female,28,Kochi,Kerala,South,Corporate,1/15/2025
13615,Ishita,Reddy,Female,43,Ahmedabad,Gujarat,West,Small Business,8/9/2023
13616,Rohan,Bose,Female,35,Jaipur,Rajasthan,North,Consumer,3/3/2023
13617,Riya,Patel,Male,54,Chennai,Tamil Nadu,South,Corporate,2/11/2023
13618,Karan,Roy,Female,29,Mumbai,Maharashtra,West,Consumer,4/21/2024
13619,Sneha,Nair,Female,27,Bengaluru,Karnataka,South,Consumer,12/19/2023
13620,Tanya,Jain,Female,54,Gurugram,Haryana,North,Consumer,4/9/2025
13621,Aditya,Chatterjee,Male,44,Ahmedabad,Gujarat,West,Consumer,5/1/2025
13622,Riya,Malhotra,Male,48,Bengaluru,Karnataka,South,Small Business,12/2/2023
13623,Amit,Iyer,Male,56,Hyderabad,Telangana,South,Corporate,4/13/2024
13624,Amit,Malhotra,Female,31,Bhubaneswar,Odisha,East,Small Business,2/17/2024
13625,Nikhil,Mehta,Male,29,Jaipur,Rajasthan,North,Consumer,12/30/2024
13626,Pooja,Banerjee,Female,65,New Delhi,Delhi,North,Corporate,11/10/2024
13627,Sneha,Ghosh,Male,23,Kochi,Kerala,South,Consumer,12/4/2024
13628,Pooja,Verma,Male,48,Jaipur,Rajasthan,North,Consumer,3/1/2023
13629,Kavya,Ghosh,Male,36,Ahmedabad,Gujarat,West,Corporate,12/31/2023
13630,Vikram,Bose,Male,24,Mumbai,Maharashtra,West,Small Business,11/10/2025
13631,Kavya,Reddy,Male,63,Kolkata,West Bengal,East,Small Business,1/5/2024
13632,Tanya,Mehta,Female,57,Gurugram,Haryana,North,Small Business,7/8/2023
13633,Kavya,Sharma,Other,28,Ahmedabad,Gujarat,West,Consumer,8/4/2023
13634,Vikram,Ghosh,Male,54,Chennai,Tamil Nadu,South,Small Business,1/29/2023
13635,Ishita,Gupta,Male,54,Ahmedabad,Gujarat,West,Small Business,4/23/2025
13636,Sahil,Roy,Female,42,Kolkata,West Bengal,East,Corporate,1/6/2023
13637,Meera,Malhotra,Male,63,Bhubaneswar,Odisha,East,Consumer,10/5/2024
13638,Priya,Verma,Female,29,Mumbai,Maharashtra,West,Consumer,3/7/2024
13639,Arjun,Jain,Female,21,Patna,Bihar,East,Consumer,4/13/2023
13640,Sahil,Khan,Female,56,New Delhi,Delhi,North,Consumer,8/12/2025
13641,Rahul,Ghosh,Male,35,Bengaluru,Karnataka,South,Small Business,3/12/2025
13642,Tanya,Nair,Female,23,Kolkata,West Bengal,East,Small Business,6/4/2025
13643,Arjun,Malhotra,Female,64,Patna,Bihar,East,Small Business,10/8/2025
13644,Nikhil,Singh,Male,38,Mumbai,Maharashtra,West,Consumer,9/12/2025
13645,Pooja,Mehta,Female,59,Kolkata,West Bengal,East,Consumer,1/26/2025
13646,Rohan,Verma,Male,57,Lucknow,Uttar Pradesh,North,Consumer,7/30/2024
13647,Arjun,Banerjee,Male,32,Chennai,Tamil Nadu,South,Consumer,1/22/2025
13648,Sahil,Bose,Female,56,Chennai,Tamil Nadu,South,Consumer,4/29/2024
13649,Aarav,Patel,Male,40,Bengaluru,Karnataka,South,Small Business,7/15/2023
13650,Riya,Iyer,Male,48,Bhubaneswar,Odisha,East,Corporate,2/21/2024
13651,Kavya,Khan,Male,31,Bengaluru,Karnataka,South,Corporate,5/19/2024
13652,Pooja,Malhotra,Female,18,Mumbai,Maharashtra,West,Consumer,2/20/2023
13653,Aarav,Roy,Female,27,Bengaluru,Karnataka,South,Consumer,7/4/2025
13654,Rohan,Roy,Female,33,Mumbai,Maharashtra,West,Consumer,9/9/2025
13655,Pooja,Das,Female,44,Bengaluru,Karnataka,South,Consumer,3/29/2024
13656,Pooja,Verma,Male,58,Kolkata,West Bengal,East,Small Business,6/19/2024
13657,Sneha,Sharma,Female,26,Mumbai,Maharashtra,West,Consumer,6/27/2025
13658,Aditya,Iyer,Male,52,Chennai,Tamil Nadu,South,Consumer,5/6/2024
13659,Riya,Roy,Male,53,Kochi,Kerala,South,Small Business,1/13/2025
13660,Arjun,Verma,Female,56,Kolkata,West Bengal,East,Consumer,7/10/2024
13661,Tanya,Ghosh,Female,57,Mumbai,Maharashtra,West,Consumer,10/20/2023
13662,Rahul,Nair,Female,21,Ludhiana,Punjab,North,Small Business,5/7/2025
13663,Nikhil,Das,Female,28,Kochi,Kerala,South,Corporate,7/28/2023
13664,Arjun,Patel,Male,63,Jaipur,Rajasthan,North,Corporate,8/31/2023
13665,Tanya,Sen,Male,48,Bengaluru,Karnataka,South,Consumer,1/16/2025
13666,Aditya,Iyer,Female,28,Chennai,Tamil Nadu,South,Consumer,2/5/2025
13667,Sahil,Malhotra,Female,65,Mumbai,Maharashtra,West,Consumer,10/27/2025
13668,Sahil,Patel,Female,33,Mumbai,Maharashtra,West,Consumer,2/6/2025
13669,Sneha,Das,Female,31,Chennai,Tamil Nadu,South,Consumer,1/27/2023
13670,Amit,Ghosh,Male,58,New Delhi,Delhi,North,Consumer,7/6/2025
13671,Rohan,Reddy,Male,64,Chennai,Tamil Nadu,South,Consumer,3/23/2024
13672,Kavya,Bose,Male,37,Ahmedabad,Gujarat,West,Consumer,1/10/2023
13673,Tanya,Mehta,Female,48,Bengaluru,Karnataka,South,Consumer,9/17/2024
13674,Sahil,Sharma,Female,48,Chennai,Tamil Nadu,South,Consumer,7/4/2023
13675,Amit,Mehta,Female,28,Patna,Bihar,East,Small Business,3/25/2024
13676,Sneha,Banerjee,Female,44,Kochi,Kerala,South,Consumer,5/23/2024
13677,Aarav,Verma,Female,20,Bengaluru,Karnataka,South,Consumer,3/22/2023
13678,Vikram,Banerjee,Male,59,New Delhi,Delhi,North,Consumer,7/7/2025
13679,Aarav,Mehta,Male,57,Bengaluru,Karnataka,South,Corporate,7/5/2024
13680,Vikram,Chatterjee,Male,25,Kolkata,West Bengal,East,Consumer,11/8/2025
13681,Meera,Singh,Female,47,Lucknow,Uttar Pradesh,North,Consumer,5/17/2024
13682,Aarav,Das,Male,22,Mumbai,Maharashtra,West,Consumer,10/4/2024
13683,Nikhil,Das,Female,22,Hyderabad,Telangana,South,Consumer,5/27/2025
13684,Neha,Verma,Male,48,Hyderabad,Telangana,South,Consumer,8/18/2023
13685,Arjun,Iyer,Female,56,Mumbai,Maharashtra,West,Consumer,9/8/2025
13686,Amit,Jain,Male,58,Kolkata,West Bengal,East,Consumer,7/19/2023
13687,Arjun,Verma,Female,33,Chennai,Tamil Nadu,South,Consumer,12/11/2025
13688,Karan,Iyer,Male,62,Gurugram,Haryana,North,Corporate,11/21/2024
13689,Vikram,Reddy,Female,43,Ahmedabad,Gujarat,West,Consumer,7/14/2024
13690,Amit,Chatterjee,Female,37,Chennai,Tamil Nadu,South,Small Business,8/15/2023
13691,Sneha,Nair,Male,34,Kolkata,West Bengal,East,Consumer,9/6/2024
13692,Aarav,Khan,Female,53,Ahmedabad,Gujarat,West,Consumer,8/20/2024
13693,Sneha,Singh,Female,35,Kolkata,West Bengal,East,Consumer,11/28/2025
13694,Kavya,Dutta,Male,36,New Delhi,Delhi,North,Consumer,6/20/2025
13695,Tanya,Mehta,Female,36,Lucknow,Uttar Pradesh,North,Consumer,6/5/2024
13696,Rahul,Das,Female,33,Hyderabad,Telangana,South,Small Business,2/26/2024
13697,Sneha,Banerjee,Female,37,Bengaluru,Karnataka,South,Consumer,2/23/2024
13698,Meera,Das,Female,19,Kolkata,West Bengal,East,Consumer,2/13/2024
13699,Rohan,Reddy,Female,59,Kolkata,West Bengal,East,Corporate,1/15/2023
13700,Rahul,Iyer,Male,30,Hyderabad,Telangana,South,Consumer,2/9/2023
13701,Sahil,Jain,Male,39,Kochi,Kerala,South,Consumer,3/22/2025
13702,Ishita,Banerjee,Male,26,Bengaluru,Karnataka,South,Small Business,10/2/2023
13703,Neha,Sharma,Female,43,New Delhi,Delhi,North,Consumer,3/20/2024
13704,Ishita,Ghosh,Male,30,Jaipur,Rajasthan,North,Consumer,1/24/2025
13705,Karan,Nair,Male,26,Kolkata,West Bengal,East,Small Business,10/18/2024
13706,Priya,Roy,Female,31,Mumbai,Maharashtra,West,Consumer,1/25/2024
13707,Amit,Chatterjee,Male,61,Bengaluru,Karnataka,South,Corporate,3/23/2025
13708,Sneha,Roy,Male,59,Jaipur,Rajasthan,North,Consumer,6/20/2023
13709,Vikram,Nair,Female,55,Hyderabad,Telangana,South,Consumer,5/25/2024
13710,Ananya,Chatterjee,Female,27,Lucknow,Uttar Pradesh,North,Consumer,4/25/2023
13711,Arjun,Patel,Female,49,Kochi,Kerala,South,Small Business,7/28/2024
13712,Neha,Gupta,Male,57,Lucknow,Uttar Pradesh,North,Consumer,4/13/2023
13713,Aarav,Singh,Female,49,Bhopal,Madhya Pradesh,Central,Consumer,10/13/2025
13714,Nikhil,Chatterjee,Female,59,Lucknow,Uttar Pradesh,North,Consumer,12/12/2024
13715,Tanya,Roy,Male,27,Bhubaneswar,Odisha,East,Consumer,9/23/2023
13716,Rohan,Ghosh,Male,40,Bhubaneswar,Odisha,East,Consumer,10/23/2024
13717,Priya,Verma,Male,33,Lucknow,Uttar Pradesh,North,Small Business,1/13/2024
13718,Vikram,Das,Female,52,Patna,Bihar,East,Corporate,7/14/2024
13719,Rahul,Malhotra,Male,24,Gurugram,Haryana,North,Consumer,6/30/2023
13720,Meera,Chatterjee,Female,33,Hyderabad,Telangana,South,Consumer,6/24/2024
13721,Aarav,Gupta,Female,51,Ahmedabad,Gujarat,West,Consumer,4/26/2023
13722,Ishita,Malhotra,Female,18,New Delhi,Delhi,North,Consumer,6/15/2023
13723,Ananya,Chatterjee,Male,30,Bhubaneswar,Odisha,East,Consumer,9/22/2024
13724,Sahil,Bose,Female,52,Hyderabad,Telangana,South,Small Business,6/24/2024
13725,Aarav,Singh,Female,29,Patna,Bihar,East,Consumer,11/14/2023
13726,Aditya,Sharma,Male,47,Patna,Bihar,East,Consumer,3/6/2023
13727,Sahil,Das,Female,37,Gurugram,Haryana,North,Corporate,4/2/2024
13728,Aditya,Iyer,Male,40,Bengaluru,Karnataka,South,Consumer,9/26/2025
13729,Ananya,Jain,Male,35,Lucknow,Uttar Pradesh,North,Corporate,2/3/2025
13730,Ananya,Dutta,Male,61,Lucknow,Uttar Pradesh,North,Corporate,3/4/2023
13731,Karan,Reddy,Male,52,Gurugram,Haryana,North,Consumer,10/9/2025
13732,Aarav,Mehta,Male,52,Ludhiana,Punjab,North,Small Business,4/2/2024
13733,Sneha,Ghosh,Female,55,New Delhi,Delhi,North,Consumer,9/13/2024
13734,Karan,Gupta,Male,38,New Delhi,Delhi,North,Consumer,1/1/2023
13735,Sneha,Sharma,Male,22,Mumbai,Maharashtra,West,Corporate,12/1/2023
13736,Sahil,Singh,Female,20,Bhopal,Madhya Pradesh,Central,Corporate,4/29/2025
13737,Pooja,Das,Female,41,Bengaluru,Karnataka,South,Consumer,12/24/2023
13738,Aarav,Nair,Male,60,Lucknow,Uttar Pradesh,North,Consumer,6/29/2023
13739,Sahil,Iyer,Male,41,Patna,Bihar,East,Small Business,4/8/2023
13740,Nikhil,Jain,Male,65,Hyderabad,Telangana,South,Consumer,9/25/2025
13741,Rahul,Patel,Female,43,Mumbai,Maharashtra,West,Consumer,5/27/2025
13742,Sneha,Dutta,Female,48,Mumbai,Maharashtra,West,Consumer,2/17/2023
13743,Sneha,Chatterjee,Male,21,Bhubaneswar,Odisha,East,Consumer,9/26/2025
13744,Aditya,Dutta,Male,54,New Delhi,Delhi,North,Consumer,6/5/2025
13745,Ishita,Ghosh,Female,60,Kolkata,West Bengal,East,Consumer,1/24/2024
13746,Meera,Sen,Female,42,Lucknow,Uttar Pradesh,North,Consumer,12/10/2024
13747,Pooja,Ghosh,Male,61,Bengaluru,Karnataka,South,Consumer,10/6/2023
13748,Meera,Ghosh,Male,29,Kochi,Kerala,South,Corporate,9/27/2023
13749,Sneha,Singh,Male,41,Bengaluru,Karnataka,South,Corporate,2/10/2025
13750,Vikram,Patel,Female,61,Mumbai,Maharashtra,West,Consumer,8/7/2023
13751,Aarav,Nair,Female,46,Kolkata,West Bengal,East,Consumer,1/19/2024
13752,Priya,Das,Male,51,New Delhi,Delhi,North,Consumer,1/22/2024
13753,Neha,Patel,Female,37,Hyderabad,Telangana,South,Corporate,6/12/2023
13754,Ananya,Das,Male,44,Lucknow,Uttar Pradesh,North,Small Business,6/13/2025
13755,Tanya,Ghosh,Female,35,Hyderabad,Telangana,South,Corporate,12/28/2024
13756,Priya,Dutta,Female,50,Chennai,Tamil Nadu,South,Small Business,7/19/2025
13757,Ananya,Banerjee,Female,20,Bengaluru,Karnataka,South,Small Business,7/19/2024
13758,Kavya,Singh,Male,42,Bengaluru,Karnataka,South,Consumer,7/9/2023
13759,Riya,Iyer,Male,62,Ludhiana,Punjab,North,Consumer,10/29/2023
13760,Rohan,Banerjee,Female,20,Mumbai,Maharashtra,West,Consumer,1/17/2024
13761,Ananya,Mehta,Female,39,Bhopal,Madhya Pradesh,Central,Consumer,10/14/2025
13762,Pooja,Verma,Male,49,Bengaluru,Karnataka,South,Corporate,9/14/2023
13763,Sahil,Iyer,Female,22,Kolkata,West Bengal,East,Consumer,1/18/2025
13764,Ananya,Sen,Male,18,Bengaluru,Karnataka,South,Consumer,5/13/2023
13765,Aditya,Dutta,Male,25,Kolkata,West Bengal,East,Consumer,10/29/2025
13766,Ishita,Iyer,Female,28,Patna,Bihar,East,Consumer,11/29/2024
13767,Pooja,Sen,Male,60,New Delhi,Delhi,North,Consumer,4/10/2024
13768,Sneha,Sharma,Male,25,Bengaluru,Karnataka,South,Consumer,1/9/2024
13769,Vikram,Nair,Male,48,Jaipur,Rajasthan,North,Consumer,1/18/2024
13770,Vikram,Khan,Female,34,Ahmedabad,Gujarat,West,Consumer,9/1/2023
13771,Arjun,Roy,Male,43,Gurugram,Haryana,North,Consumer,10/9/2024
13772,Neha,Banerjee,Male,61,Gurugram,Haryana,North,Consumer,7/24/2025
13773,Neha,Banerjee,Male,59,Jaipur,Rajasthan,North,Consumer,9/18/2023
13774,Tanya,Bose,Male,21,Patna,Bihar,East,Small Business,3/19/2025
13775,Vikram,Iyer,Male,22,Patna,Bihar,East,Consumer,9/3/2024
13776,Meera,Chatterjee,Male,35,Hyderabad,Telangana,South,Consumer,4/15/2025
13777,Rohan,Ghosh,Male,56,Lucknow,Uttar Pradesh,North,Small Business,4/11/2025
13778,Pooja,Bose,Female,54,Kolkata,West Bengal,East,Small Business,2/12/2023
13779,Nikhil,Sharma,Male,47,Lucknow,Uttar Pradesh,North,Consumer,1/23/2023
13780,Ananya,Khan,Male,59,Gurugram,Haryana,North,Consumer,9/15/2025
13781,Neha,Chatterjee,Female,26,Kolkata,West Bengal,East,Corporate,6/17/2023
13782,Nikhil,Patel,Male,53,Bhubaneswar,Odisha,East,Consumer,9/12/2024
13783,Neha,Verma,Male,64,Gurugram,Haryana,North,Corporate,3/24/2025
13784,Meera,Verma,Other,64,Mumbai,Maharashtra,West,Consumer,6/28/2024
13785,Aditya,Bose,Female,52,New Delhi,Delhi,North,Small Business,1/7/2023
13786,Meera,Reddy,Female,51,Ludhiana,Punjab,North,Small Business,1/12/2023
13787,Karan,Patel,Female,28,Gurugram,Haryana,North,Corporate,12/24/2024
13788,Ishita,Roy,Female,53,Mumbai,Maharashtra,West,Small Business,8/27/2025
13789,Rahul,Jain,Male,29,Chennai,Tamil Nadu,South,Consumer,1/6/2024
13790,Ananya,Singh,Male,38,Jaipur,Rajasthan,North,Consumer,8/10/2024
13791,Priya,Banerjee,Female,23,Mumbai,Maharashtra,West,Consumer,10/5/2025
13792,Kavya,Dutta,Male,32,Bengaluru,Karnataka,South,Consumer,6/10/2025
13793,Ishita,Reddy,Female,21,Kolkata,West Bengal,East,Consumer,8/6/2024
13794,Sneha,Dutta,Male,40,Mumbai,Maharashtra,West,Consumer,12/8/2024
13795,Ishita,Patel,Male,21,New Delhi,Delhi,North,Consumer,11/4/2025
13796,Rohan,Patel,Female,54,Jaipur,Rajasthan,North,Consumer,5/10/2025
13797,Sahil,Singh,Female,49,Ahmedabad,Gujarat,West,Corporate,3/25/2024
13798,Sneha,Jain,Female,49,Lucknow,Uttar Pradesh,North,Small Business,1/18/2025
13799,Ishita,Singh,Male,51,Chennai,Tamil Nadu,South,Consumer,12/22/2023
13800,Neha,Verma,Male,55,Bengaluru,Karnataka,South,Corporate,9/21/2025
13801,Karan,Bose,Female,50,Kolkata,West Bengal,East,Consumer,4/12/2023
13802,Rohan,Banerjee,Male,48,Mumbai,Maharashtra,West,Consumer,9/1/2023
13803,Riya,Dutta,Female,26,Bengaluru,Karnataka,South,Small Business,1/9/2024
13804,Pooja,Banerjee,Female,53,Mumbai,Maharashtra,West,Consumer,8/7/2023
13805,Neha,Khan,Male,41,Kolkata,West Bengal,East,Consumer,10/4/2024
13806,Karan,Reddy,Male,25,Mumbai,Maharashtra,West,Small Business,2/8/2025
13807,Vikram,Iyer,Female,41,Jaipur,Rajasthan,North,Consumer,8/19/2025
13808,Vikram,Singh,Male,33,Ahmedabad,Gujarat,West,Consumer,6/25/2024
13809,Nikhil,Ghosh,Male,27,Gurugram,Haryana,North,Consumer,11/2/2024
13810,Riya,Jain,Female,44,Patna,Bihar,East,Consumer,10/9/2024
13811,Riya,Bose,Male,60,New Delhi,Delhi,North,Consumer,1/4/2023
13812,Nikhil,Sharma,Female,18,Mumbai,Maharashtra,West,Corporate,2/4/2025
13813,Meera,Patel,Male,24,New Delhi,Delhi,North,Consumer,1/26/2023
13814,Aditya,Ghosh,Male,61,Kolkata,West Bengal,East,Consumer,8/14/2024
13815,Vikram,Chatterjee,Female,51,Hyderabad,Telangana,South,Corporate,12/15/2025
13816,Aditya,Nair,Male,29,Chennai,Tamil Nadu,South,Consumer,4/30/2025
13817,Tanya,Khan,Female,35,Hyderabad,Telangana,South,Consumer,6/30/2024
13818,Ishita,Jain,Male,22,Bengaluru,Karnataka,South,Small Business,12/11/2023
13819,Kavya,Mehta,Female,58,Jaipur,Rajasthan,North,Corporate,6/23/2025
13820,Sneha,Dutta,Female,49,Bhubaneswar,Odisha,East,Consumer,7/16/2025
13821,Sneha,Khan,Female,29,Lucknow,Uttar Pradesh,North,Consumer,2/2/2024
13822,Pooja,Jain,Male,27,Ahmedabad,Gujarat,West,Corporate,4/27/2023
13823,Sneha,Patel,Male,51,New Delhi,Delhi,North,Consumer,9/20/2024
13824,Arjun,Chatterjee,Male,44,Kolkata,West Bengal,East,Consumer,11/15/2024
13825,Ananya,Chatterjee,Female,53,Lucknow,Uttar Pradesh,North,Consumer,10/5/2025
13826,Meera,Gupta,Female,29,New Delhi,Delhi,North,Consumer,8/19/2025
13827,Sneha,Das,Female,65,Bengaluru,Karnataka,South,Small Business,9/5/2023
13828,Aarav,Reddy,Male,25,Bengaluru,Karnataka,South,Consumer,9/30/2023
13829,Nikhil,Das,Male,26,Gurugram,Haryana,North,Consumer,12/12/2025
13830,Tanya,Banerjee,Male,53,Ahmedabad,Gujarat,West,Consumer,12/19/2023
13831,Ishita,Sharma,Male,45,Hyderabad,Telangana,South,Small Business,5/10/2024
13832,Karan,Verma,Male,36,Ahmedabad,Gujarat,West,Consumer,11/26/2023
13833,Kavya,Bose,Male,53,Chennai,Tamil Nadu,South,Corporate,2/29/2024
13834,Riya,Iyer,Male,45,Hyderabad,Telangana,South,Corporate,9/1/2024
13835,Priya,Roy,Female,37,Bengaluru,Karnataka,South,Small Business,11/12/2023
13836,Neha,Khan,Male,28,Hyderabad,Telangana,South,Consumer,3/21/2024
13837,Vikram,Das,Male,52,Jaipur,Rajasthan,North,Corporate,1/16/2024
13838,Rohan,Mehta,Female,44,Kolkata,West Bengal,East,Consumer,4/27/2023
13839,Arjun,Sharma,Female,60,Patna,Bihar,East,Small Business,4/29/2025
13840,Tanya,Sen,Male,38,Bengaluru,Karnataka,South,Consumer,8/20/2025
13841,Karan,Das,Female,30,Jaipur,Rajasthan,North,Consumer,6/15/2024
13842,Kavya,Roy,Male,20,Ahmedabad,Gujarat,West,Consumer,8/10/2023
13843,Aditya,Das,Female,31,Jaipur,Rajasthan,North,Small Business,11/25/2024
13844,Vikram,Dutta,Female,52,Ahmedabad,Gujarat,West,Consumer,7/30/2024
13845,Aditya,Jain,Male,31,Gurugram,Haryana,North,Consumer,8/18/2024
13846,Aditya,Dutta,Female,44,New Delhi,Delhi,North,Corporate,10/4/2024
13847,Pooja,Nair,Male,28,Lucknow,Uttar Pradesh,North,Consumer,2/14/2025
13848,Tanya,Banerjee,Male,62,Lucknow,Uttar Pradesh,North,Consumer,2/14/2023
13849,Kavya,Singh,Male,61,Mumbai,Maharashtra,West,Consumer,4/18/2023
13850,Pooja,Reddy,Male,56,Bengaluru,Karnataka,South,Small Business,4/14/2023
13851,Arjun,Dutta,Male,53,Hyderabad,Telangana,South,Consumer,6/17/2023
13852,Vikram,Verma,Female,45,Bengaluru,Karnataka,South,Corporate,11/15/2025
13853,Tanya,Roy,Male,18,Chennai,Tamil Nadu,South,Small Business,2/27/2025
13854,Sneha,Khan,Male,20,Chennai,Tamil Nadu,South,Corporate,12/18/2024
13855,Vikram,Khan,Male,39,Ahmedabad,Gujarat,West,Consumer,1/24/2025
13856,Rohan,Dutta,Male,54,Mumbai,Maharashtra,West,Consumer,2/6/2023
13857,Ananya,Das,Male,24,Patna,Bihar,East,Consumer,8/19/2023
13858,Amit,Ghosh,Male,44,Hyderabad,Telangana,South,Consumer,5/7/2025
13859,Rohan,Jain,Female,63,Lucknow,Uttar Pradesh,North,Consumer,5/14/2024
13860,Neha,Jain,Other,58,Kolkata,West Bengal,East,Small Business,7/3/2024
13861,Neha,Singh,Male,44,Hyderabad,Telangana,South,Consumer,3/21/2025
13862,Sahil,Verma,Male,45,Kolkata,West Bengal,East,Consumer,3/23/2023
13863,Nikhil,Sen,Female,21,Jaipur,Rajasthan,North,Consumer,5/12/2025
13864,Neha,Verma,Female,18,Chennai,Tamil Nadu,South,Small Business,1/5/2025
13865,Riya,Das,Other,33,Gurugram,Haryana,North,Consumer,3/11/2024
13866,Neha,Das,Female,57,Bengaluru,Karnataka,South,Consumer,6/23/2024
13867,Meera,Sharma,Female,18,New Delhi,Delhi,North,Consumer,3/22/2023
13868,Ishita,Reddy,Male,56,Bengaluru,Karnataka,South,Small Business,8/10/2023
13869,Neha,Verma,Male,30,Ahmedabad,Gujarat,West,Consumer,9/24/2023
13870,Kavya,Roy,Female,22,Hyderabad,Telangana,South,Consumer,8/5/2025
13871,Aditya,Jain,Female,22,Chennai,Tamil Nadu,South,Small Business,5/2/2023
13872,Aditya,Banerjee,Female,50,Mumbai,Maharashtra,West,Consumer,11/11/2023
13873,Ishita,Khan,Other,20,Kolkata,West Bengal,East,Consumer,5/23/2023
13874,Meera,Patel,Male,43,Kolkata,West Bengal,East,Consumer,11/4/2023
13875,Ishita,Khan,Male,62,Bhopal,Madhya Pradesh,Central,Consumer,1/12/2023
13876,Rohan,Ghosh,Female,46,Chennai,Tamil Nadu,South,Consumer,10/22/2023
13877,Neha,Ghosh,Female,34,Kolkata,West Bengal,East,Consumer,2/20/2025
13878,Pooja,Khan,Female,60,Gurugram,Haryana,North,Consumer,4/8/2025
13879,Nikhil,Ghosh,Female,21,Kolkata,West Bengal,East,Small Business,2/14/2024
13880,Meera,Jain,Other,29,Chennai,Tamil Nadu,South,Corporate,2/1/2025
13881,Kavya,Dutta,Male,26,Lucknow,Uttar Pradesh,North,Consumer,10/30/2024
13882,Kavya,Iyer,Male,18,Ludhiana,Punjab,North,Consumer,9/2/2025
13883,Aditya,Roy,Male,63,Lucknow,Uttar Pradesh,North,Consumer,5/19/2025
13884,Rohan,Patel,Male,28,Hyderabad,Telangana,South,Small Business,9/5/2023
13885,Neha,Singh,Female,21,Bhopal,Madhya Pradesh,Central,Consumer,9/27/2024
13886,Amit,Sharma,Male,61,Kolkata,West Bengal,East,Consumer,4/29/2025
13887,Vikram,Mehta,Female,64,Bhopal,Madhya Pradesh,Central,Corporate,11/27/2023
13888,Rahul,Roy,Male,28,Bhubaneswar,Odisha,East,Consumer,9/10/2024
13889,Arjun,Roy,Female,37,Ludhiana,Punjab,North,Consumer,3/8/2024
13890,Riya,Chatterjee,Male,50,Bengaluru,Karnataka,South,Consumer,11/30/2023
13891,Aditya,Sen,Female,38,Mumbai,Maharashtra,West,Small Business,8/4/2023
13892,Kavya,Bose,Male,55,Jaipur,Rajasthan,North,Corporate,2/8/2023
13893,Kavya,Patel,Male,29,New Delhi,Delhi,North,Consumer,3/20/2025
13894,Sahil,Sen,Male,57,New Delhi,Delhi,North,Consumer,6/3/2025
13895,Amit,Das,Female,44,Ludhiana,Punjab,North,Small Business,12/4/2024
13896,Arjun,Iyer,Female,18,Ahmedabad,Gujarat,West,Consumer,9/18/2023
13897,Meera,Patel,Female,47,Bengaluru,Karnataka,South,Consumer,1/21/2023
13898,Nikhil,Roy,Female,18,Chennai,Tamil Nadu,South,Small Business,11/13/2024
13899,Sahil,Chatterjee,Male,58,Mumbai,Maharashtra,West,Small Business,8/4/2023
13900,Aditya,Malhotra,Male,65,Mumbai,Maharashtra,West,Consumer,8/15/2024
13901,Rahul,Iyer,Male,25,Mumbai,Maharashtra,West,Consumer,11/13/2025
13902,Nikhil,Reddy,Male,43,Patna,Bihar,East,Corporate,1/5/2023
13903,Ananya,Jain,Male,34,Lucknow,Uttar Pradesh,North,Consumer,9/15/2024
13904,Kavya,Jain,Female,21,New Delhi,Delhi,North,Consumer,12/9/2025
13905,Tanya,Reddy,Female,50,Chennai,Tamil Nadu,South,Corporate,12/28/2023
13906,Nikhil,Das,Male,19,Jaipur,Rajasthan,North,Consumer,5/29/2025
13907,Vikram,Roy,Female,19,Patna,Bihar,East,Consumer,6/13/2025
13908,Sahil,Verma,Female,56,Kochi,Kerala,South,Corporate,6/9/2024
13909,Sahil,Ghosh,Male,31,New Delhi,Delhi,North,Small Business,11/28/2023
13910,Tanya,Reddy,Female,61,Patna,Bihar,East,Corporate,1/4/2025
13911,Sneha,Das,Other,46,New Delhi,Delhi,North,Consumer,10/31/2024
13912,Karan,Roy,Female,43,Hyderabad,Telangana,South,Small Business,5/29/2024
13913,Sahil,Gupta,Female,37,Kochi,Kerala,South,Consumer,7/28/2023
13914,Rahul,Nair,Male,35,Chennai,Tamil Nadu,South,Consumer,3/15/2025
13915,Rahul,Reddy,Male,28,Chennai,Tamil Nadu,South,Consumer,8/17/2023
13916,Sneha,Dutta,Other,51,Bengaluru,Karnataka,South,Consumer,5/26/2023
13917,Sneha,Chatterjee,Male,47,New Delhi,Delhi,North,Consumer,3/14/2023
13918,Kavya,Jain,Male,19,New Delhi,Delhi,North,Corporate,4/27/2024
13919,Nikhil,Verma,Male,33,Jaipur,Rajasthan,North,Consumer,5/10/2023
13920,Ananya,Ghosh,Female,61,Hyderabad,Telangana,South,Consumer,12/29/2023
13921,Rohan,Singh,Male,41,Mumbai,Maharashtra,West,Small Business,9/19/2023
13922,Nikhil,Iyer,Female,30,Kochi,Kerala,South,Consumer,5/11/2024
13923,Neha,Gupta,Female,29,Chennai,Tamil Nadu,South,Consumer,4/19/2025
13924,Rahul,Dutta,Male,27,Ludhiana,Punjab,North,Small Business,5/1/2024
13925,Karan,Khan,Male,59,Mumbai,Maharashtra,West,Consumer,8/24/2024
13926,Meera,Khan,Female,32,New Delhi,Delhi,North,Consumer,6/4/2023
13927,Sneha,Verma,Female,32,New Delhi,Delhi,North,Consumer,5/3/2023
13928,Ishita,Dutta,Female,21,Bhubaneswar,Odisha,East,Corporate,11/20/2025
13929,Karan,Dutta,Female,60,Mumbai,Maharashtra,West,Consumer,10/31/2024
13930,Sahil,Verma,Male,36,Ludhiana,Punjab,North,Small Business,1/17/2023
13931,Neha,Reddy,Female,51,New Delhi,Delhi,North,Corporate,9/2/2024
13932,Tanya,Jain,Female,52,Ahmedabad,Gujarat,West,Consumer,1/11/2023
13933,Kavya,Bose,Female,34,New Delhi,Delhi,North,Small Business,3/25/2023
13934,Aditya,Dutta,Female,41,Kolkata,West Bengal,East,Consumer,2/8/2024
13935,Ishita,Sen,Male,22,Hyderabad,Telangana,South,Corporate,12/9/2024
13936,Pooja,Mehta,Male,50,Bengaluru,Karnataka,South,Corporate,11/1/2024
13937,Riya,Gupta,Female,50,Chennai,Tamil Nadu,South,Consumer,5/4/2025
13938,Rahul,Sen,Male,28,Ahmedabad,Gujarat,West,Consumer,7/14/2023
13939,Rahul,Banerjee,Female,27,Hyderabad,Telangana,South,Consumer,7/27/2023
13940,Sahil,Das,Male,37,Kolkata,West Bengal,East,Corporate,7/29/2024
13941,Sahil,Roy,Female,51,Kolkata,West Bengal,East,Consumer,7/27/2025
13942,Sahil,Bose,Female,42,Mumbai,Maharashtra,West,Corporate,2/19/2025
13943,Aarav,Singh,Male,20,Mumbai,Maharashtra,West,Small Business,12/23/2024
13944,Priya,Ghosh,Male,45,Ahmedabad,Gujarat,West,Consumer,4/12/2023
13945,Rohan,Jain,Female,51,Mumbai,Maharashtra,West,Small Business,8/6/2025
13946,Arjun,Gupta,Male,26,Kochi,Kerala,South,Consumer,11/29/2025
13947,Priya,Banerjee,Male,39,Mumbai,Maharashtra,West,Consumer,9/20/2024
13948,Aditya,Malhotra,Female,56,Kolkata,West Bengal,East,Consumer,12/30/2023
13949,Meera,Bose,Male,33,Kochi,Kerala,South,Consumer,12/16/2024
13950,Ananya,Dutta,Female,22,Bengaluru,Karnataka,South,Consumer,11/24/2024
13951,Meera,Ghosh,Male,62,Hyderabad,Telangana,South,Consumer,9/30/2025
13952,Sahil,Malhotra,Male,22,Gurugram,Haryana,North,Corporate,4/30/2023
13953,Ananya,Khan,Male,20,Gurugram,Haryana,North,Small Business,7/10/2024
13954,Priya,Ghosh,Female,29,Lucknow,Uttar Pradesh,North,Corporate,2/5/2025
13955,Ishita,Nair,Female,54,Kolkata,West Bengal,East,Consumer,1/12/2024
13956,Nikhil,Reddy,Male,49,Ahmedabad,Gujarat,West,Small Business,6/26/2025
13957,Kavya,Khan,Male,29,Bhopal,Madhya Pradesh,Central,Corporate,3/11/2023
13958,Tanya,Malhotra,Female,21,Gurugram,Haryana,North,Corporate,4/24/2023
13959,Rohan,Iyer,Female,63,Kolkata,West Bengal,East,Consumer,5/4/2025
13960,Nikhil,Patel,Male,18,Chennai,Tamil Nadu,South,Corporate,5/16/2023
13961,Tanya,Nair,Male,62,Bengaluru,Karnataka,South,Consumer,3/27/2024
13962,Neha,Reddy,Female,40,Mumbai,Maharashtra,West,Consumer,10/31/2023
13963,Ananya,Banerjee,Female,27,Jaipur,Rajasthan,North,Consumer,1/13/2025
13964,Priya,Iyer,Female,34,Bengaluru,Karnataka,South,Corporate,1/13/2023
13965,Aarav,Dutta,Female,32,Chennai,Tamil Nadu,South,Consumer,1/21/2024
13966,Sahil,Dutta,Female,25,Kolkata,West Bengal,East,Consumer,11/30/2025
13967,Rohan,Verma,Male,38,Hyderabad,Telangana,South,Consumer,2/3/2024
13968,Amit,Jain,Female,49,Mumbai,Maharashtra,West,Consumer,10/8/2024
13969,Priya,Ghosh,Female,40,Hyderabad,Telangana,South,Consumer,12/3/2025
13970,Tanya,Ghosh,Male,48,Mumbai,Maharashtra,West,Small Business,10/18/2024
13971,Kavya,Chatterjee,Female,64,Gurugram,Haryana,North,Small Business,3/26/2025
13972,Sneha,Sen,Male,23,Mumbai,Maharashtra,West,Small Business,11/1/2025
13973,Ishita,Sen,Female,53,New Delhi,Delhi,North,Corporate,10/28/2024
13974,Riya,Sharma,Female,29,Mumbai,Maharashtra,West,Consumer,6/17/2025
13975,Aarav,Malhotra,Female,18,Kolkata,West Bengal,East,Consumer,7/2/2024
13976,Tanya,Gupta,Male,35,Mumbai,Maharashtra,West,Consumer,5/29/2025
13977,Sahil,Nair,Female,36,Kolkata,West Bengal,East,Small Business,11/24/2024
13978,Sahil,Nair,Male,65,Mumbai,Maharashtra,West,Consumer,1/2/2024
13979,Karan,Chatterjee,Male,34,Hyderabad,Telangana,South,Consumer,8/25/2024
13980,Rahul,Malhotra,Female,54,Jaipur,Rajasthan,North,Corporate,12/28/2023
13981,Aarav,Malhotra,Male,62,Kolkata,West Bengal,East,Consumer,3/4/2024
13982,Amit,Sharma,Female,34,Hyderabad,Telangana,South,Consumer,11/12/2023
13983,Rohan,Bose,Male,26,Ahmedabad,Gujarat,West,Small Business,6/14/2024
13984,Arjun,Roy,Female,64,Mumbai,Maharashtra,West,Consumer,1/10/2024
13985,Arjun,Ghosh,Female,39,Chennai,Tamil Nadu,South,Small Business,11/7/2024
13986,Neha,Nair,Male,39,Kolkata,West Bengal,East,Consumer,2/4/2024
13987,Sahil,Das,Female,52,Mumbai,Maharashtra,West,Consumer,6/14/2024
13988,Sneha,Gupta,Male,36,Hyderabad,Telangana,South,Consumer,6/1/2023
13989,Tanya,Dutta,Female,43,Bhopal,Madhya Pradesh,Central,Consumer,2/22/2024
13990,Sneha,Patel,Female,63,Bhopal,Madhya Pradesh,Central,Consumer,1/20/2024
13991,Amit,Roy,Female,20,Bhopal,Madhya Pradesh,Central,Consumer,11/3/2025
13992,Rahul,Das,Female,53,Hyderabad,Telangana,South,Consumer,4/27/2024
13993,Karan,Singh,Female,37,Kolkata,West Bengal,East,Consumer,1/24/2023
13994,Priya,Ghosh,Female,44,Bengaluru,Karnataka,South,Consumer,12/1/2023
13995,Kavya,Bose,Female,61,Mumbai,Maharashtra,West,Consumer,2/26/2025
13996,Ishita,Mehta,Male,46,Kolkata,West Bengal,East,Consumer,6/28/2023
13997,Arjun,Gupta,Male,38,Kolkata,West Bengal,East,Consumer,6/26/2023
13998,Rahul,Malhotra,Female,64,Hyderabad,Telangana,South,Consumer,2/8/2024
13999,Sneha,Khan,Male,47,Bengaluru,Karnataka,South,Small Business,1/21/2024
14000,Ishita,Sen,Male,25,Mumbai,Maharashtra,West,Consumer,6/3/2024
14001,Priya,Iyer,Female,22,Lucknow,Uttar Pradesh,North,Corporate,2/6/2023
14002,Neha,Patel,Female,34,Chennai,Tamil Nadu,South,Consumer,2/17/2025
14003,Tanya,Khan,Male,52,Bhubaneswar,Odisha,East,Consumer,8/20/2023
14004,Amit,Jain,Male,38,Bengaluru,Karnataka,South,Consumer,2/7/2025
14005,Rohan,Ghosh,Male,26,New Delhi,Delhi,North,Consumer,9/1/2024
14006,Pooja,Reddy,Male,65,Mumbai,Maharashtra,West,Corporate,8/7/2023
14007,Tanya,Jain,Male,27,Hyderabad,Telangana,South,Small Business,5/22/2024
14008,Rahul,Khan,Female,22,Mumbai,Maharashtra,West,Consumer,2/9/2023
14009,Rahul,Jain,Male,36,Mumbai,Maharashtra,West,Consumer,1/27/2025
14010,Arjun,Malhotra,Female,23,Ahmedabad,Gujarat,West,Corporate,11/25/2023
14011,Sahil,Ghosh,Female,46,Bengaluru,Karnataka,South,Consumer,2/19/2024
14012,Sahil,Jain,Male,38,Mumbai,Maharashtra,West,Consumer,6/19/2023
14013,Aditya,Iyer,Female,62,Ludhiana,Punjab,North,Consumer,1/30/2024
14014,Meera,Dutta,Male,26,Kolkata,West Bengal,East,Consumer,3/3/2024
14015,Pooja,Roy,Female,30,New Delhi,Delhi,North,Consumer,8/31/2023
14016,Tanya,Verma,Other,50,New Delhi,Delhi,North,Consumer,11/23/2025
14017,Nikhil,Gupta,Female,51,Bengaluru,Karnataka,South,Consumer,10/30/2023
14018,Tanya,Patel,Male,35,Hyderabad,Telangana,South,Consumer,7/15/2023
14019,Sneha,Ghosh,Male,62,Kolkata,West Bengal,East,Consumer,8/15/2024
14020,Karan,Patel,Male,58,Lucknow,Uttar Pradesh,North,Consumer,12/11/2023
14021,Ananya,Roy,Female,47,Mumbai,Maharashtra,West,Consumer,5/5/2024
14022,Meera,Jain,Male,53,Mumbai,Maharashtra,West,Consumer,2/22/2025
14023,Rohan,Roy,Female,43,Bengaluru,Karnataka,South,Consumer,3/26/2023
14024,Aditya,Malhotra,Male,40,Ludhiana,Punjab,North,Consumer,7/3/2024
14025,Neha,Sharma,Male,44,Patna,Bihar,East,Consumer,1/24/2023
14026,Kavya,Banerjee,Male,58,Gurugram,Haryana,North,Consumer,2/17/2023
14027,Amit,Das,Male,18,Jaipur,Rajasthan,North,Consumer,4/10/2023
14028,Tanya,Das,Female,22,Jaipur,Rajasthan,North,Consumer,6/24/2023
14029,Amit,Jain,Male,40,Hyderabad,Telangana,South,Consumer,1/13/2024
14030,Kavya,Das,Male,45,Ludhiana,Punjab,North,Consumer,10/7/2025
14031,Neha,Malhotra,Female,26,New Delhi,Delhi,North,Consumer,9/5/2025
14032,Aditya,Mehta,Male,47,Chennai,Tamil Nadu,South,Consumer,4/22/2023
14033,Nikhil,Banerjee,Female,19,Ahmedabad,Gujarat,West,Consumer,12/6/2025
14034,Sneha,Dutta,Female,29,New Delhi,Delhi,North,Small Business,11/16/2024
14035,Karan,Khan,Female,40,Mumbai,Maharashtra,West,Consumer,8/20/2024
14036,Priya,Khan,Male,20,Chennai,Tamil Nadu,South,Consumer,5/5/2025
14037,Ishita,Verma,Male,48,Bengaluru,Karnataka,South,Consumer,6/7/2024
14038,Sneha,Nair,Female,43,Bhubaneswar,Odisha,East,Small Business,10/14/2023
14039,Priya,Bose,Female,45,Chennai,Tamil Nadu,South,Consumer,7/26/2024
14040,Sahil,Iyer,Male,42,Bhubaneswar,Odisha,East,Consumer,2/22/2025
14041,Kavya,Gupta,Male,51,Hyderabad,Telangana,South,Corporate,1/7/2025
14042,Amit,Malhotra,Male,49,Lucknow,Uttar Pradesh,North,Consumer,7/3/2023
14043,Riya,Mehta,Female,49,Mumbai,Maharashtra,West,Small Business,10/10/2025
14044,Rahul,Bose,Male,28,Ludhiana,Punjab,North,Consumer,11/4/2023
14045,Rahul,Verma,Female,50,Hyderabad,Telangana,South,Corporate,6/4/2025
14046,Amit,Singh,Male,26,Bengaluru,Karnataka,South,Small Business,12/3/2023
14047,Meera,Dutta,Female,19,Bengaluru,Karnataka,South,Consumer,3/10/2023
14048,Sneha,Nair,Male,64,Bengaluru,Karnataka,South,Small Business,12/12/2025
14049,Rohan,Sen,Male,26,Chennai,Tamil Nadu,South,Consumer,9/27/2024
14050,Neha,Bose,Male,23,Lucknow,Uttar Pradesh,North,Consumer,8/20/2023
14051,Tanya,Sharma,Male,32,Gurugram,Haryana,North,Consumer,1/1/2023
14052,Sneha,Dutta,Other,65,Jaipur,Rajasthan,North,Consumer,5/20/2023
14053,Priya,Mehta,Male,59,New Delhi,Delhi,North,Consumer,7/3/2023
14054,Vikram,Mehta,Male,52,Hyderabad,Telangana,South,Consumer,9/26/2025
14055,Nikhil,Sharma,Other,27,Bhubaneswar,Odisha,East,Consumer,7/11/2023
14056,Amit,Singh,Male,48,Bhubaneswar,Odisha,East,Consumer,6/24/2023
14057,Vikram,Chatterjee,Male,57,Bengaluru,Karnataka,South,Consumer,6/23/2025
14058,Amit,Mehta,Male,34,Gurugram,Haryana,North,Consumer,8/7/2025
14059,Arjun,Patel,Male,30,Chennai,Tamil Nadu,South,Consumer,8/14/2023
14060,Kavya,Nair,Female,59,Patna,Bihar,East,Consumer,12/3/2024
14061,Riya,Chatterjee,Male,24,Gurugram,Haryana,North,Consumer,7/31/2024
14062,Sneha,Gupta,Female,61,Lucknow,Uttar Pradesh,North,Small Business,9/15/2024
14063,Rohan,Nair,Male,40,Mumbai,Maharashtra,West,Small Business,12/3/2023
14064,Pooja,Reddy,Male,52,Ahmedabad,Gujarat,West,Consumer,3/22/2025
14065,Rahul,Banerjee,Female,35,Kolkata,West Bengal,East,Consumer,8/9/2025
14066,Rahul,Roy,Female,52,Patna,Bihar,East,Consumer,2/23/2025
14067,Meera,Reddy,Female,62,Bengaluru,Karnataka,South,Consumer,9/2/2025
14068,Ishita,Dutta,Male,41,Jaipur,Rajasthan,North,Consumer,4/30/2023
14069,Amit,Banerjee,Male,28,Ludhiana,Punjab,North,Small Business,12/10/2024
14070,Neha,Verma,Female,21,Mumbai,Maharashtra,West,Consumer,12/15/2025
14071,Karan,Bose,Female,62,Chennai,Tamil Nadu,South,Consumer,8/1/2024
14072,Pooja,Sharma,Male,65,Ahmedabad,Gujarat,West,Consumer,10/14/2025
14073,Pooja,Sen,Male,49,Chennai,Tamil Nadu,South,Small Business,1/12/2024
14074,Nikhil,Iyer,Female,18,Mumbai,Maharashtra,West,Corporate,8/26/2025
14075,Kavya,Nair,Male,60,Kolkata,West Bengal,East,Consumer,10/10/2025
14076,Rohan,Ghosh,Female,41,Chennai,Tamil Nadu,South,Corporate,11/3/2024
14077,Ananya,Khan,Female,29,Ahmedabad,Gujarat,West,Small Business,1/30/2025
14078,Sahil,Malhotra,Male,35,New Delhi,Delhi,North,Corporate,7/18/2024
14079,Sneha,Ghosh,Male,63,Mumbai,Maharashtra,West,Consumer,12/9/2023
14080,Rohan,Iyer,Female,55,Hyderabad,Telangana,South,Consumer,8/2/2024
14081,Aarav,Dutta,Female,46,Chennai,Tamil Nadu,South,Corporate,11/5/2025
14082,Neha,Das,Female,53,Bengaluru,Karnataka,South,Consumer,1/17/2023
14083,Vikram,Chatterjee,Female,58,Lucknow,Uttar Pradesh,North,Consumer,8/10/2023
14084,Sahil,Dutta,Male,48,Bengaluru,Karnataka,South,Consumer,6/23/2024
14085,Amit,Nair,Male,33,New Delhi,Delhi,North,Consumer,1/2/2024
14086,Amit,Mehta,Female,21,Ludhiana,Punjab,North,Consumer,11/4/2024
14087,Vikram,Khan,Male,23,New Delhi,Delhi,North,Consumer,1/25/2024
14088,Meera,Gupta,Female,29,Ahmedabad,Gujarat,West,Consumer,12/12/2024
14089,Tanya,Iyer,Male,54,Kolkata,West Bengal,East,Consumer,4/25/2023
14090,Sahil,Malhotra,Male,22,Mumbai,Maharashtra,West,Consumer,12/25/2023
14091,Rohan,Banerjee,Male,24,Kolkata,West Bengal,East,Consumer,1/18/2025
14092,Priya,Patel,Female,64,Lucknow,Uttar Pradesh,North,Consumer,5/23/2024
14093,Arjun,Banerjee,Female,37,Bhubaneswar,Odisha,East,Consumer,2/9/2025
14094,Tanya,Das,Female,24,Mumbai,Maharashtra,West,Small Business,11/18/2024
14095,Amit,Dutta,Male,59,Mumbai,Maharashtra,West,Consumer,12/21/2023
14096,Nikhil,Iyer,Female,64,Bengaluru,Karnataka,South,Consumer,4/7/2024
14097,Kavya,Roy,Female,42,Ahmedabad,Gujarat,West,Consumer,11/7/2025
14098,Aditya,Ghosh,Male,23,Ahmedabad,Gujarat,West,Consumer,11/5/2025
14099,Aarav,Iyer,Female,48,Jaipur,Rajasthan,North,Consumer,2/8/2023
14100,Arjun,Iyer,Female,59,Ludhiana,Punjab,North,Small Business,1/31/2025
14101,Kavya,Mehta,Male,64,Bengaluru,Karnataka,South,Consumer,6/14/2024
14102,Rohan,Dutta,Male,45,Jaipur,Rajasthan,North,Consumer,1/2/2023
14103,Sneha,Malhotra,Female,63,New Delhi,Delhi,North,Consumer,11/15/2024
14104,Sahil,Gupta,Male,57,Bengaluru,Karnataka,South,Consumer,1/26/2023
14105,Ishita,Roy,Female,25,Ludhiana,Punjab,North,Consumer,12/11/2023
14106,Tanya,Reddy,Female,48,Kolkata,West Bengal,East,Consumer,1/15/2025
14107,Vikram,Ghosh,Male,49,Lucknow,Uttar Pradesh,North,Consumer,5/27/2025
14108,Sahil,Sharma,Male,54,Lucknow,Uttar Pradesh,North,Consumer,3/21/2024
14109,Aarav,Iyer,Female,43,Ludhiana,Punjab,North,Consumer,5/23/2025
14110,Sneha,Patel,Male,53,New Delhi,Delhi,North,Corporate,6/25/2025
14111,Ananya,Sharma,Male,46,Bengaluru,Karnataka,South,Consumer,4/28/2024
14112,Riya,Singh,Male,30,Bhubaneswar,Odisha,East,Small Business,7/6/2023
14113,Tanya,Gupta,Female,41,Lucknow,Uttar Pradesh,North,Consumer,12/12/2024
14114,Vikram,Das,Male,62,New Delhi,Delhi,North,Corporate,1/15/2023
14115,Sneha,Bose,Male,58,Lucknow,Uttar Pradesh,North,Consumer,8/22/2025
14116,Sneha,Verma,Female,48,Bengaluru,Karnataka,South,Corporate,2/24/2024
14117,Rahul,Mehta,Male,33,Ahmedabad,Gujarat,West,Consumer,3/31/2025
14118,Aarav,Malhotra,Female,27,Kochi,Kerala,South,Consumer,3/5/2025
14119,Nikhil,Bose,Male,31,Bengaluru,Karnataka,South,Consumer,5/25/2024
14120,Aarav,Bose,Female,32,Hyderabad,Telangana,South,Small Business,11/15/2025
14121,Sneha,Singh,Male,64,Gurugram,Haryana,North,Consumer,5/10/2025
14122,Ananya,Chatterjee,Male,43,Patna,Bihar,East,Corporate,8/12/2025
14123,Nikhil,Reddy,Male,36,Kochi,Kerala,South,Small Business,4/12/2023
14124,Rahul,Sharma,Female,60,Chennai,Tamil Nadu,South,Consumer,6/6/2024
14125,Sneha,Malhotra,Female,35,Bhopal,Madhya Pradesh,Central,Small Business,10/25/2025
14126,Kavya,Malhotra,Male,56,Mumbai,Maharashtra,West,Consumer,5/27/2025
14127,Neha,Bose,Male,48,New Delhi,Delhi,North,Consumer,5/5/2024
14128,Sneha,Khan,Male,32,Hyderabad,Telangana,South,Corporate,3/17/2023
14129,Neha,Singh,Male,64,Patna,Bihar,East,Corporate,11/1/2023
14130,Aditya,Chatterjee,Male,51,Ludhiana,Punjab,North,Consumer,9/10/2024
14131,Priya,Ghosh,Female,65,Lucknow,Uttar Pradesh,North,Consumer,11/24/2024
14132,Neha,Chatterjee,Male,18,Ahmedabad,Gujarat,West,Consumer,9/25/2025
14133,Sneha,Gupta,Female,31,Hyderabad,Telangana,South,Corporate,4/11/2023
14134,Tanya,Singh,Male,33,New Delhi,Delhi,North,Consumer,3/4/2024
14135,Ishita,Dutta,Female,50,New Delhi,Delhi,North,Consumer,10/21/2023
14136,Kavya,Iyer,Male,58,Kolkata,West Bengal,East,Consumer,11/2/2025
14137,Rahul,Malhotra,Male,23,New Delhi,Delhi,North,Consumer,6/29/2023
14138,Karan,Dutta,Female,25,Bhubaneswar,Odisha,East,Consumer,8/27/2023
14139,Neha,Banerjee,Male,50,Lucknow,Uttar Pradesh,North,Corporate,11/18/2023
14140,Amit,Gupta,Female,34,Patna,Bihar,East,Consumer,4/25/2023
14141,Ishita,Malhotra,Female,51,Chennai,Tamil Nadu,South,Consumer,11/25/2024
14142,Amit,Chatterjee,Other,18,New Delhi,Delhi,North,Small Business,7/20/2024
14143,Riya,Nair,Female,43,Kolkata,West Bengal,East,Consumer,8/25/2024
14144,Pooja,Reddy,Male,19,Chennai,Tamil Nadu,South,Corporate,9/6/2025
14145,Kavya,Roy,Male,63,Hyderabad,Telangana,South,Consumer,4/12/2024
14146,Ishita,Khan,Female,25,Bengaluru,Karnataka,South,Consumer,12/3/2023
14147,Arjun,Sharma,Male,26,Kolkata,West Bengal,East,Corporate,2/10/2024
14148,Neha,Khan,Female,22,Jaipur,Rajasthan,North,Small Business,5/14/2025
14149,Kavya,Verma,Male,28,Hyderabad,Telangana,South,Consumer,7/24/2024
14150,Ishita,Banerjee,Female,41,Chennai,Tamil Nadu,South,Consumer,7/2/2023
14151,Riya,Singh,Male,47,Bengaluru,Karnataka,South,Consumer,1/14/2025
14152,Sneha,Bose,Male,61,New Delhi,Delhi,North,Corporate,3/16/2025
14153,Tanya,Banerjee,Female,60,Hyderabad,Telangana,South,Consumer,9/27/2023
14154,Priya,Verma,Female,22,Hyderabad,Telangana,South,Consumer,8/24/2024
14155,Vikram,Malhotra,Male,38,Ahmedabad,Gujarat,West,Consumer,8/31/2024
14156,Sneha,Banerjee,Male,59,Kolkata,West Bengal,East,Consumer,7/9/2023
14157,Amit,Malhotra,Female,25,Ludhiana,Punjab,North,Consumer,1/10/2023
14158,Aditya,Roy,Male,50,Kolkata,West Bengal,East,Small Business,2/14/2025
14159,Sneha,Malhotra,Female,38,Hyderabad,Telangana,South,Consumer,10/26/2024
14160,Neha,Reddy,Female,26,Mumbai,Maharashtra,West,Consumer,2/9/2025
14161,Neha,Jain,Male,20,New Delhi,Delhi,North,Small Business,2/12/2024
14162,Ishita,Malhotra,Male,31,Bengaluru,Karnataka,South,Small Business,7/10/2024
14163,Priya,Chatterjee,Male,18,Kochi,Kerala,South,Small Business,11/26/2025
14164,Aarav,Ghosh,Male,27,Chennai,Tamil Nadu,South,Corporate,9/1/2023
14165,Pooja,Jain,Female,44,Ahmedabad,Gujarat,West,Small Business,12/6/2024
14166,Rohan,Reddy,Male,55,Bengaluru,Karnataka,South,Consumer,5/23/2023
14167,Karan,Ghosh,Female,42,Kolkata,West Bengal,East,Small Business,3/12/2023
14168,Sneha,Nair,Female,52,Chennai,Tamil Nadu,South,Consumer,10/30/2025
14169,Meera,Das,Male,21,New Delhi,Delhi,North,Consumer,5/21/2023
14170,Amit,Reddy,Female,32,Hyderabad,Telangana,South,Consumer,12/9/2024
14171,Aditya,Jain,Male,49,Gurugram,Haryana,North,Consumer,7/9/2024
14172,Rohan,Singh,Male,20,Lucknow,Uttar Pradesh,North,Corporate,5/23/2025
14173,Amit,Gupta,Female,46,Bhopal,Madhya Pradesh,Central,Small Business,8/13/2024
14174,Arjun,Roy,Male,26,Bengaluru,Karnataka,South,Consumer,1/22/2025
14175,Riya,Sen,Male,38,Patna,Bihar,East,Corporate,8/23/2025
14176,Riya,Malhotra,Male,48,New Delhi,Delhi,North,Corporate,6/14/2025
14177,Rohan,Banerjee,Male,65,Ahmedabad,Gujarat,West,Consumer,2/18/2025
14178,Ishita,Verma,Female,22,Bhopal,Madhya Pradesh,Central,Corporate,6/25/2023
14179,Priya,Jain,Other,44,Jaipur,Rajasthan,North,Consumer,7/2/2023
14180,Ananya,Khan,Female,43,Kochi,Kerala,South,Consumer,6/20/2024
14181,Rohan,Malhotra,Other,21,Lucknow,Uttar Pradesh,North,Consumer,12/12/2024
14182,Ishita,Jain,Female,47,Mumbai,Maharashtra,West,Small Business,12/21/2024
14183,Priya,Gupta,Male,21,Jaipur,Rajasthan,North,Consumer,4/29/2025
14184,Neha,Ghosh,Female,51,Hyderabad,Telangana,South,Consumer,4/22/2023
14185,Sneha,Banerjee,Male,27,Ludhiana,Punjab,North,Consumer,7/7/2023
14186,Nikhil,Sen,Male,24,Patna,Bihar,East,Corporate,6/11/2023
14187,Tanya,Dutta,Female,21,Kolkata,West Bengal,East,Small Business,8/7/2024
14188,Pooja,Khan,Female,40,Mumbai,Maharashtra,West,Consumer,11/15/2024
14189,Neha,Patel,Female,29,Kolkata,West Bengal,East,Corporate,5/5/2023
14190,Arjun,Verma,Male,40,Hyderabad,Telangana,South,Consumer,7/27/2025
14191,Karan,Iyer,Female,60,Kolkata,West Bengal,East,Consumer,11/24/2023
14192,Sneha,Patel,Male,58,Lucknow,Uttar Pradesh,North,Consumer,12/14/2024
14193,Priya,Chatterjee,Male,54,New Delhi,Delhi,North,Consumer,3/22/2025
14194,Kavya,Roy,Female,40,Bhubaneswar,Odisha,East,Corporate,2/9/2023
14195,Arjun,Das,Male,23,Bengaluru,Karnataka,South,Consumer,7/23/2025
14196,Priya,Iyer,Female,37,New Delhi,Delhi,North,Consumer,11/14/2025
14197,Kavya,Singh,Female,19,Kolkata,West Bengal,East,Small Business,11/1/2025
14198,Nikhil,Jain,Female,23,Kochi,Kerala,South,Small Business,5/31/2023
14199,Vikram,Das,Male,32,Mumbai,Maharashtra,West,Consumer,2/29/2024
14200,Vikram,Verma,Male,51,Kolkata,West Bengal,East,Corporate,9/9/2023
14201,Tanya,Das,Female,55,Mumbai,Maharashtra,West,Small Business,5/1/2024
14202,Riya,Khan,Female,47,Patna,Bihar,East,Consumer,11/18/2025
14203,Ishita,Dutta,Male,30,Kolkata,West Bengal,East,Consumer,4/4/2025
14204,Rahul,Nair,Male,52,Ahmedabad,Gujarat,West,Consumer,4/12/2025
14205,Ishita,Iyer,Male,65,Lucknow,Uttar Pradesh,North,Corporate,3/31/2024
14206,Nikhil,Singh,Female,49,Lucknow,Uttar Pradesh,North,Consumer,10/8/2025
14207,Neha,Sen,Male,54,Mumbai,Maharashtra,West,Corporate,9/20/2025
14208,Tanya,Khan,Female,60,Kolkata,West Bengal,East,Consumer,5/21/2025
14209,Vikram,Mehta,Male,52,Hyderabad,Telangana,South,Consumer,5/29/2025
14210,Meera,Roy,Male,60,Mumbai,Maharashtra,West,Corporate,12/4/2024
14211,Ananya,Reddy,Female,32,Jaipur,Rajasthan,North,Consumer,4/13/2023
14212,Rohan,Nair,Female,32,Chennai,Tamil Nadu,South,Small Business,11/4/2023
14213,Priya,Sen,Male,26,Hyderabad,Telangana,South,Consumer,4/10/2025
14214,Kavya,Patel,Male,26,Kolkata,West Bengal,East,Consumer,12/20/2023
14215,Vikram,Mehta,Female,44,New Delhi,Delhi,North,Corporate,7/6/2023
14216,Rahul,Verma,Male,62,Mumbai,Maharashtra,West,Consumer,10/20/2025
14217,Ananya,Nair,Male,28,Jaipur,Rajasthan,North,Consumer,6/11/2024
14218,Sneha,Mehta,Female,52,Kolkata,West Bengal,East,Consumer,7/18/2025
14219,Ananya,Ghosh,Male,21,Bhopal,Madhya Pradesh,Central,Consumer,11/3/2023
14220,Pooja,Bose,Female,64,Jaipur,Rajasthan,North,Consumer,1/24/2024
14221,Sahil,Iyer,Male,43,Mumbai,Maharashtra,West,Consumer,1/6/2024
14222,Tanya,Chatterjee,Female,41,Kolkata,West Bengal,East,Consumer,2/8/2024
14223,Rahul,Khan,Female,35,Bengaluru,Karnataka,South,Consumer,4/17/2024
14224,Aditya,Dutta,Female,64,Mumbai,Maharashtra,West,Small Business,11/18/2023
14225,Vikram,Verma,Female,38,Mumbai,Maharashtra,West,Consumer,5/29/2025
14226,Ishita,Nair,Female,23,Kochi,Kerala,South,Consumer,12/19/2023
14227,Ishita,Reddy,Male,45,Ahmedabad,Gujarat,West,Consumer,4/21/2024
14228,Rahul,Sen,Male,46,Mumbai,Maharashtra,West,Corporate,7/18/2025
14229,Aarav,Patel,Male,53,New Delhi,Delhi,North,Consumer,4/17/2024
14230,Aditya,Roy,Female,41,Bengaluru,Karnataka,South,Consumer,1/12/2023
14231,Riya,Roy,Male,31,Bhopal,Madhya Pradesh,Central,Small Business,1/1/2023
14232,Riya,Das,Male,18,Kolkata,West Bengal,East,Small Business,4/15/2024
14233,Vikram,Iyer,Female,65,Lucknow,Uttar Pradesh,North,Small Business,12/1/2024
14234,Meera,Gupta,Female,27,Lucknow,Uttar Pradesh,North,Consumer,10/15/2025
14235,Vikram,Das,Male,34,Kolkata,West Bengal,East,Consumer,5/22/2023
14236,Arjun,Patel,Male,25,Mumbai,Maharashtra,West,Consumer,8/9/2024
14237,Sahil,Gupta,Female,29,Chennai,Tamil Nadu,South,Consumer,11/9/2023
14238,Pooja,Khan,Female,20,Kochi,Kerala,South,Consumer,5/1/2024
14239,Rohan,Reddy,Female,34,New Delhi,Delhi,North,Consumer,4/23/2024
14240,Priya,Chatterjee,Male,63,Jaipur,Rajasthan,North,Consumer,12/4/2023
14241,Meera,Chatterjee,Female,28,Patna,Bihar,East,Consumer,1/20/2023
14242,Ishita,Nair,Male,64,Bhubaneswar,Odisha,East,Corporate,3/21/2023
14243,Aarav,Bose,Male,48,Hyderabad,Telangana,South,Consumer,7/18/2024
14244,Priya,Sen,Male,60,New Delhi,Delhi,North,Small Business,8/31/2023
14245,Priya,Das,Male,47,Lucknow,Uttar Pradesh,North,Consumer,12/20/2023
14246,Aditya,Iyer,Female,65,Bengaluru,Karnataka,South,Consumer,4/8/2023
14247,Rohan,Sharma,Female,44,Bhubaneswar,Odisha,East,Small Business,2/23/2023
14248,Vikram,Roy,Female,57,Kolkata,West Bengal,East,Consumer,5/17/2023
14249,Rohan,Jain,Female,19,Mumbai,Maharashtra,West,Small Business,2/12/2024
14250,Karan,Iyer,Male,62,Patna,Bihar,East,Corporate,6/26/2023
14251,Ishita,Nair,Female,18,Chennai,Tamil Nadu,South,Small Business,9/7/2023
14252,Nikhil,Iyer,Female,27,Mumbai,Maharashtra,West,Consumer,11/23/2023
14253,Sahil,Iyer,Female,53,Mumbai,Maharashtra,West,Consumer,11/11/2023
14254,Rohan,Sen,Male,30,New Delhi,Delhi,North,Consumer,1/12/2023
14255,Arjun,Roy,Female,20,Bhubaneswar,Odisha,East,Corporate,5/7/2023
14256,Neha,Gupta,Female,59,Kolkata,West Bengal,East,Consumer,10/23/2025
14257,Rohan,Jain,Male,42,Kolkata,West Bengal,East,Consumer,12/22/2024
14258,Nikhil,Reddy,Female,41,Hyderabad,Telangana,South,Small Business,5/14/2023
14259,Aditya,Das,Male,33,Gurugram,Haryana,North,Consumer,11/3/2023
14260,Priya,Iyer,Male,52,Bengaluru,Karnataka,South,Consumer,2/18/2024
14261,Rohan,Banerjee,Female,33,Gurugram,Haryana,North,Corporate,9/5/2025
14262,Meera,Mehta,Female,44,Kochi,Kerala,South,Consumer,8/7/2025
14263,Aarav,Roy,Female,24,Bengaluru,Karnataka,South,Consumer,4/12/2025
14264,Tanya,Sharma,Male,32,Patna,Bihar,East,Consumer,4/26/2023
14265,Rahul,Roy,Female,19,Jaipur,Rajasthan,North,Consumer,6/13/2024
14266,Sahil,Singh,Male,31,New Delhi,Delhi,North,Consumer,6/6/2024
14267,Vikram,Das,Male,36,Hyderabad,Telangana,South,Corporate,11/19/2024
14268,Neha,Khan,Female,53,Patna,Bihar,East,Consumer,7/1/2025
14269,Rahul,Nair,Male,57,Patna,Bihar,East,Consumer,12/13/2023
14270,Amit,Reddy,Female,43,Lucknow,Uttar Pradesh,North,Small Business,8/24/2024
14271,Karan,Nair,Female,62,Bhopal,Madhya Pradesh,Central,Corporate,10/12/2023
14272,Ishita,Singh,Male,35,Hyderabad,Telangana,South,Consumer,8/16/2023
14273,Ishita,Khan,Male,41,Patna,Bihar,East,Small Business,12/5/2023
14274,Neha,Sen,Male,47,Kochi,Kerala,South,Consumer,3/5/2025
14275,Ishita,Roy,Female,26,Mumbai,Maharashtra,West,Consumer,4/17/2024
14276,Tanya,Reddy,Female,38,Kolkata,West Bengal,East,Small Business,1/5/2025
14277,Arjun,Nair,Female,61,Chennai,Tamil Nadu,South,Consumer,1/16/2025
14278,Priya,Banerjee,Female,40,Bhubaneswar,Odisha,East,Consumer,1/27/2024
14279,Meera,Verma,Other,62,Bengaluru,Karnataka,South,Corporate,10/28/2025
14280,Kavya,Sen,Male,50,Lucknow,Uttar Pradesh,North,Consumer,2/19/2023
14281,Rohan,Verma,Male,26,Kolkata,West Bengal,East,Consumer,8/26/2025
14282,Vikram,Ghosh,Male,39,Chennai,Tamil Nadu,South,Corporate,1/9/2023
14283,Arjun,Dutta,Female,35,Ahmedabad,Gujarat,West,Consumer,2/17/2024
14284,Ananya,Banerjee,Male,63,Mumbai,Maharashtra,West,Consumer,6/10/2025
14285,Nikhil,Singh,Male,34,Kochi,Kerala,South,Consumer,1/8/2025
14286,Karan,Reddy,Male,41,Mumbai,Maharashtra,West,Consumer,12/14/2023
14287,Arjun,Sen,Male,51,Ludhiana,Punjab,North,Consumer,8/14/2025
14288,Kavya,Das,Female,64,Mumbai,Maharashtra,West,Corporate,5/29/2023
14289,Aditya,Iyer,Female,44,Bhopal,Madhya Pradesh,Central,Consumer,12/25/2024
14290,Neha,Jain,Male,58,Ahmedabad,Gujarat,West,Corporate,7/14/2024
14291,Meera,Gupta,Female,23,Kolkata,West Bengal,East,Consumer,8/12/2023
14292,Sahil,Gupta,Male,60,Kolkata,West Bengal,East,Consumer,9/21/2025
14293,Aarav,Gupta,Male,27,Kolkata,West Bengal,East,Small Business,4/6/2025
14294,Sneha,Bose,Male,54,Ahmedabad,Gujarat,West,Consumer,1/10/2023
14295,Priya,Reddy,Female,43,Patna,Bihar,East,Consumer,4/4/2023
14296,Nikhil,Bose,Female,47,Chennai,Tamil Nadu,South,Small Business,3/2/2023
14297,Kavya,Roy,Female,22,Hyderabad,Telangana,South,Consumer,3/24/2024
14298,Karan,Bose,Female,43,Ahmedabad,Gujarat,West,Consumer,3/26/2024
14299,Riya,Sen,Male,22,New Delhi,Delhi,North,Consumer,2/20/2025
14300,Sahil,Malhotra,Female,44,Jaipur,Rajasthan,North,Consumer,12/31/2024
14301,Neha,Reddy,Female,37,Hyderabad,Telangana,South,Consumer,1/17/2023
14302,Priya,Chatterjee,Male,27,Lucknow,Uttar Pradesh,North,Consumer,5/29/2024
14303,Aditya,Reddy,Male,41,Bhopal,Madhya Pradesh,Central,Corporate,4/27/2025
14304,Aditya,Patel,Male,28,Chennai,Tamil Nadu,South,Consumer,8/27/2025
14305,Priya,Nair,Male,21,Kolkata,West Bengal,East,Consumer,11/12/2023
14306,Nikhil,Das,Male,19,Mumbai,Maharashtra,West,Consumer,2/17/2023
14307,Nikhil,Nair,Male,34,New Delhi,Delhi,North,Corporate,6/15/2023
14308,Riya,Sen,Female,53,Chennai,Tamil Nadu,South,Small Business,1/3/2024
14309,Nikhil,Reddy,Female,45,Gurugram,Haryana,North,Consumer,4/23/2024
14310,Aditya,Banerjee,Female,23,Ahmedabad,Gujarat,West,Consumer,1/15/2024
14311,Kavya,Jain,Female,39,New Delhi,Delhi,North,Consumer,4/8/2023
14312,Kavya,Sen,Other,45,Patna,Bihar,East,Corporate,1/3/2024
14313,Neha,Das,Male,29,Bengaluru,Karnataka,South,Small Business,11/10/2023
14314,Amit,Chatterjee,Female,24,Patna,Bihar,East,Corporate,6/10/2024
14315,Pooja,Roy,Female,29,Kolkata,West Bengal,East,Consumer,3/27/2023
14316,Meera,Chatterjee,Female,21,Ahmedabad,Gujarat,West,Corporate,5/3/2025
14317,Aditya,Banerjee,Female,29,Gurugram,Haryana,North,Small Business,3/26/2024
14318,Amit,Reddy,Male,43,Patna,Bihar,East,Consumer,12/10/2023
14319,Tanya,Khan,Female,56,Bhubaneswar,Odisha,East,Consumer,9/6/2025
14320,Nikhil,Verma,Male,59,Chennai,Tamil Nadu,South,Consumer,3/15/2025
14321,Aarav,Chatterjee,Male,50,Bhubaneswar,Odisha,East,Consumer,5/28/2023
14322,Ishita,Jain,Female,35,New Delhi,Delhi,North,Small Business,6/8/2023
14323,Vikram,Patel,Female,62,Ahmedabad,Gujarat,West,Consumer,1/3/2023
14324,Karan,Chatterjee,Male,62,Kolkata,West Bengal,East,Corporate,8/28/2024
14325,Karan,Banerjee,Male,35,Mumbai,Maharashtra,West,Consumer,1/19/2024
14326,Sahil,Reddy,Female,18,New Delhi,Delhi,North,Consumer,2/10/2024
14327,Vikram,Ghosh,Male,38,Kolkata,West Bengal,East,Consumer,7/4/2024
14328,Amit,Jain,Female,40,Lucknow,Uttar Pradesh,North,Consumer,8/5/2024
14329,Meera,Sen,Male,50,Bhubaneswar,Odisha,East,Consumer,1/2/2023
14330,Aarav,Gupta,Female,25,Ludhiana,Punjab,North,Consumer,4/27/2023
14331,Karan,Jain,Male,44,Kolkata,West Bengal,East,Corporate,5/2/2025
14332,Sneha,Sharma,Female,33,Gurugram,Haryana,North,Small Business,10/26/2025
14333,Nikhil,Mehta,Female,41,Kolkata,West Bengal,East,Consumer,6/23/2025
14334,Neha,Reddy,Male,19,Hyderabad,Telangana,South,Consumer,9/5/2025
14335,Karan,Reddy,Female,43,Bhubaneswar,Odisha,East,Corporate,5/15/2024
14336,Kavya,Chatterjee,Female,19,Kolkata,West Bengal,East,Consumer,6/11/2025
14337,Rahul,Banerjee,Male,58,Kolkata,West Bengal,East,Consumer,8/10/2025
14338,Vikram,Bose,Female,52,Kolkata,West Bengal,East,Small Business,8/22/2025
14339,Kavya,Sharma,Female,62,New Delhi,Delhi,North,Consumer,6/11/2023
14340,Kavya,Jain,Female,49,Patna,Bihar,East,Consumer,6/8/2023
14341,Rahul,Singh,Female,64,Mumbai,Maharashtra,West,Consumer,3/10/2024
14342,Sahil,Chatterjee,Male,28,Mumbai,Maharashtra,West,Corporate,6/28/2024
14343,Ananya,Sen,Female,18,New Delhi,Delhi,North,Consumer,10/31/2025
14344,Priya,Jain,Female,61,Mumbai,Maharashtra,West,Consumer,12/10/2023
14345,Meera,Ghosh,Male,49,Lucknow,Uttar Pradesh,North,Consumer,6/17/2025
14346,Karan,Dutta,Male,51,Gurugram,Haryana,North,Consumer,8/16/2025
14347,Vikram,Jain,Female,31,Lucknow,Uttar Pradesh,North,Consumer,11/8/2025
14348,Neha,Dutta,Female,34,Kochi,Kerala,South,Corporate,7/24/2023
14349,Tanya,Singh,Male,50,New Delhi,Delhi,North,Small Business,9/19/2023
14350,Rahul,Khan,Male,37,Bhubaneswar,Odisha,East,Corporate,8/26/2023
14351,Priya,Verma,Female,21,Mumbai,Maharashtra,West,Corporate,3/5/2025
14352,Ishita,Sharma,Male,32,Kolkata,West Bengal,East,Consumer,1/11/2025
14353,Sahil,Sharma,Female,36,Jaipur,Rajasthan,North,Consumer,3/15/2024
14354,Vikram,Sharma,Female,57,Kolkata,West Bengal,East,Corporate,4/7/2023
14355,Amit,Jain,Female,34,Kochi,Kerala,South,Consumer,7/16/2024
14356,Sahil,Verma,Male,41,Jaipur,Rajasthan,North,Consumer,3/1/2025
14357,Meera,Jain,Female,46,Gurugram,Haryana,North,Consumer,5/27/2024
14358,Ishita,Bose,Female,24,Bengaluru,Karnataka,South,Consumer,10/17/2023
14359,Ishita,Sharma,Female,45,Hyderabad,Telangana,South,Corporate,10/1/2024
14360,Riya,Bose,Male,27,Lucknow,Uttar Pradesh,North,Consumer,12/14/2024
14361,Riya,Roy,Female,60,Bengaluru,Karnataka,South,Corporate,9/30/2024
14362,Ishita,Verma,Female,32,New Delhi,Delhi,North,Small Business,7/31/2025
14363,Amit,Reddy,Female,32,Jaipur,Rajasthan,North,Small Business,12/6/2023
14364,Sahil,Sen,Male,37,Bhopal,Madhya Pradesh,Central,Corporate,10/20/2024
14365,Aditya,Dutta,Male,35,Lucknow,Uttar Pradesh,North,Small Business,7/12/2025
14366,Neha,Iyer,Male,46,Kolkata,West Bengal,East,Consumer,8/18/2023
14367,Sahil,Sharma,Male,52,Hyderabad,Telangana,South,Corporate,11/1/2023
14368,Rohan,Bose,Female,64,Ahmedabad,Gujarat,West,Consumer,2/23/2023
14369,Ananya,Sharma,Female,60,Mumbai,Maharashtra,West,Small Business,2/9/2024
14370,Nikhil,Ghosh,Female,30,Hyderabad,Telangana,South,Consumer,2/18/2023
14371,Vikram,Banerjee,Male,46,Bengaluru,Karnataka,South,Consumer,3/17/2025
14372,Ananya,Patel,Male,33,Kolkata,West Bengal,East,Corporate,4/6/2023
14373,Priya,Iyer,Male,56,New Delhi,Delhi,North,Corporate,1/17/2025
14374,Rohan,Khan,Male,19,Mumbai,Maharashtra,West,Consumer,9/18/2024
14375,Rahul,Das,Female,65,Ahmedabad,Gujarat,West,Consumer,12/2/2025
14376,Aditya,Mehta,Male,35,Mumbai,Maharashtra,West,Consumer,1/12/2024
14377,Sahil,Sharma,Male,53,Lucknow,Uttar Pradesh,North,Consumer,1/8/2024
14378,Amit,Iyer,Female,50,Mumbai,Maharashtra,West,Small Business,9/20/2023
14379,Nikhil,Roy,Male,35,Kochi,Kerala,South,Consumer,8/3/2024
14380,Sahil,Bose,Male,64,Kolkata,West Bengal,East,Small Business,8/25/2023
14381,Rohan,Reddy,Female,30,New Delhi,Delhi,North,Consumer,5/3/2023
14382,Riya,Dutta,Male,53,Bengaluru,Karnataka,South,Consumer,10/21/2025
14383,Ananya,Dutta,Female,62,Mumbai,Maharashtra,West,Consumer,1/3/2025
14384,Kavya,Patel,Male,23,Hyderabad,Telangana,South,Consumer,5/9/2023
14385,Rohan,Iyer,Female,62,Bhubaneswar,Odisha,East,Corporate,10/29/2024
14386,Amit,Roy,Male,60,Ludhiana,Punjab,North,Consumer,11/26/2023
14387,Ishita,Das,Male,36,Bengaluru,Karnataka,South,Consumer,7/14/2023
14388,Meera,Khan,Female,58,Mumbai,Maharashtra,West,Consumer,5/24/2024
14389,Vikram,Verma,Male,18,Lucknow,Uttar Pradesh,North,Small Business,4/30/2025
14390,Nikhil,Gupta,Male,27,Ahmedabad,Gujarat,West,Consumer,1/1/2023
14391,Priya,Patel,Male,54,Mumbai,Maharashtra,West,Consumer,1/19/2024
14392,Kavya,Verma,Male,62,Lucknow,Uttar Pradesh,North,Consumer,9/21/2025
14393,Vikram,Singh,Male,24,New Delhi,Delhi,North,Corporate,3/1/2024
14394,Ananya,Sharma,Other,52,Jaipur,Rajasthan,North,Consumer,4/18/2023
14395,Rahul,Banerjee,Male,22,Chennai,Tamil Nadu,South,Consumer,4/7/2024
14396,Rohan,Das,Female,55,Hyderabad,Telangana,South,Consumer,1/7/2025
14397,Ananya,Reddy,Male,61,Mumbai,Maharashtra,West,Consumer,12/12/2025
14398,Nikhil,Bose,Male,40,Lucknow,Uttar Pradesh,North,Consumer,11/10/2024
14399,Rahul,Dutta,Female,22,Mumbai,Maharashtra,West,Consumer,2/24/2023
14400,Neha,Patel,Female,27,Lucknow,Uttar Pradesh,North,Consumer,5/23/2025
14401,Neha,Banerjee,Female,42,Patna,Bihar,East,Consumer,4/22/2025
14402,Vikram,Bose,Male,56,Lucknow,Uttar Pradesh,North,Corporate,12/4/2024
14403,Karan,Mehta,Male,42,Kolkata,West Bengal,East,Consumer,8/26/2025
14404,Nikhil,Sen,Female,40,Bengaluru,Karnataka,South,Consumer,4/10/2025
14405,Tanya,Bose,Male,46,Hyderabad,Telangana,South,Consumer,9/8/2023
14406,Meera,Sen,Male,64,Ahmedabad,Gujarat,West,Consumer,3/30/2024
14407,Ishita,Reddy,Male,55,Ludhiana,Punjab,North,Corporate,7/2/2024
14408,Amit,Patel,Male,25,Chennai,Tamil Nadu,South,Consumer,6/11/2024
14409,Ananya,Chatterjee,Female,27,Kochi,Kerala,South,Small Business,11/20/2024
14410,Meera,Sharma,Female,35,Mumbai,Maharashtra,West,Consumer,1/27/2025
14411,Ananya,Dutta,Female,31,Chennai,Tamil Nadu,South,Consumer,4/23/2023
14412,Aarav,Khan,Male,53,Kolkata,West Bengal,East,Small Business,9/5/2024
14413,Sahil,Sharma,Female,65,Lucknow,Uttar Pradesh,North,Consumer,2/11/2023
14414,Kavya,Bose,Female,45,Mumbai,Maharashtra,West,Consumer,7/6/2024
14415,Aarav,Reddy,Female,60,Bengaluru,Karnataka,South,Consumer,3/31/2024
14416,Tanya,Dutta,Female,38,Lucknow,Uttar Pradesh,North,Consumer,8/11/2023
14417,Aarav,Banerjee,Female,51,New Delhi,Delhi,North,Corporate,12/6/2025
14418,Arjun,Das,Male,51,Kolkata,West Bengal,East,Consumer,10/6/2023
14419,Tanya,Roy,Female,32,Kolkata,West Bengal,East,Small Business,3/2/2023
14420,Rahul,Sharma,Female,53,New Delhi,Delhi,North,Small Business,1/23/2024
14421,Rahul,Sharma,Female,43,Bengaluru,Karnataka,South,Consumer,3/28/2025
14422,Kavya,Singh,Female,45,Mumbai,Maharashtra,West,Small Business,1/11/2023
14423,Karan,Mehta,Male,30,Ahmedabad,Gujarat,West,Consumer,6/16/2024
14424,Vikram,Jain,Female,33,Mumbai,Maharashtra,West,Small Business,3/26/2024
14425,Tanya,Mehta,Male,59,Ahmedabad,Gujarat,West,Consumer,7/24/2025
14426,Riya,Roy,Female,47,Chennai,Tamil Nadu,South,Consumer,1/3/2023
14427,Nikhil,Ghosh,Male,24,Mumbai,Maharashtra,West,Consumer,1/19/2023
14428,Priya,Roy,Male,44,Mumbai,Maharashtra,West,Consumer,9/2/2024
14429,Karan,Banerjee,Female,47,Mumbai,Maharashtra,West,Corporate,7/13/2023
14430,Rohan,Malhotra,Female,56,Kolkata,West Bengal,East,Consumer,1/30/2025
14431,Priya,Patel,Female,58,Bengaluru,Karnataka,South,Consumer,10/28/2023
14432,Rohan,Malhotra,Male,49,Ludhiana,Punjab,North,Small Business,8/30/2024
14433,Neha,Gupta,Male,18,Bhubaneswar,Odisha,East,Consumer,2/10/2023
14434,Meera,Nair,Male,41,Chennai,Tamil Nadu,South,Consumer,1/19/2025
14435,Aarav,Gupta,Male,27,New Delhi,Delhi,North,Small Business,7/13/2024
14436,Pooja,Singh,Female,18,New Delhi,Delhi,North,Consumer,1/1/2023
14437,Meera,Banerjee,Female,62,Bhubaneswar,Odisha,East,Consumer,10/15/2023
14438,Amit,Khan,Male,26,Mumbai,Maharashtra,West,Consumer,3/6/2023
14439,Tanya,Iyer,Female,29,Bengaluru,Karnataka,South,Consumer,2/18/2023
14440,Arjun,Roy,Male,34,Bengaluru,Karnataka,South,Consumer,1/24/2025
14441,Sneha,Reddy,Male,40,Kolkata,West Bengal,East,Consumer,4/7/2024
14442,Aditya,Nair,Male,46,Bengaluru,Karnataka,South,Consumer,5/17/2025
14443,Vikram,Bose,Male,32,Kochi,Kerala,South,Consumer,10/6/2023
14444,Rohan,Jain,Female,56,Ludhiana,Punjab,North,Corporate,2/14/2025
14445,Priya,Chatterjee,Female,25,Kolkata,West Bengal,East,Consumer,10/26/2024
14446,Meera,Patel,Male,64,Hyderabad,Telangana,South,Consumer,12/17/2024
14447,Rahul,Mehta,Female,59,Chennai,Tamil Nadu,South,Consumer,6/13/2025
14448,Tanya,Malhotra,Female,46,Hyderabad,Telangana,South,Corporate,2/2/2025
14449,Arjun,Das,Female,20,New Delhi,Delhi,North,Consumer,3/16/2025
14450,Aditya,Banerjee,Female,52,Kolkata,West Bengal,East,Corporate,3/9/2025
14451,Karan,Singh,Female,51,Bhubaneswar,Odisha,East,Consumer,4/27/2024
14452,Tanya,Jain,Female,47,Bhopal,Madhya Pradesh,Central,Corporate,2/21/2025
14453,Kavya,Dutta,Male,31,Jaipur,Rajasthan,North,Consumer,6/28/2025
14454,Arjun,Das,Male,38,Jaipur,Rajasthan,North,Consumer,3/8/2025
14455,Amit,Bose,Female,37,New Delhi,Delhi,North,Consumer,10/18/2024
14456,Rohan,Khan,Female,47,Bengaluru,Karnataka,South,Consumer,3/21/2023
14457,Meera,Reddy,Female,33,Mumbai,Maharashtra,West,Consumer,4/16/2024
14458,Kavya,Sharma,Female,37,Ahmedabad,Gujarat,West,Corporate,3/10/2023
14459,Ananya,Singh,Female,61,Kolkata,West Bengal,East,Consumer,4/23/2023
14460,Sneha,Chatterjee,Female,39,Bhubaneswar,Odisha,East,Small Business,1/26/2024
14461,Sahil,Jain,Female,46,Hyderabad,Telangana,South,Small Business,5/16/2024
14462,Nikhil,Das,Male,61,Chennai,Tamil Nadu,South,Consumer,7/23/2024
14463,Karan,Singh,Male,63,Bengaluru,Karnataka,South,Consumer,8/30/2025
14464,Rahul,Sen,Male,45,Gurugram,Haryana,North,Consumer,4/3/2025
14465,Sneha,Sharma,Male,30,Mumbai,Maharashtra,West,Consumer,4/1/2024
14466,Kavya,Jain,Female,22,Mumbai,Maharashtra,West,Consumer,12/28/2023
14467,Neha,Nair,Male,59,Mumbai,Maharashtra,West,Consumer,2/8/2025
14468,Rahul,Chatterjee,Female,43,Jaipur,Rajasthan,North,Consumer,10/25/2023
14469,Priya,Banerjee,Male,45,Bhopal,Madhya Pradesh,Central,Consumer,8/12/2025
14470,Ananya,Ghosh,Female,63,Mumbai,Maharashtra,West,Small Business,4/23/2025
14471,Ishita,Mehta,Male,35,Ludhiana,Punjab,North,Consumer,1/7/2025
14472,Aditya,Nair,Female,22,Bengaluru,Karnataka,South,Consumer,9/27/2023
14473,Vikram,Banerjee,Male,50,Ahmedabad,Gujarat,West,Consumer,11/2/2024
14474,Nikhil,Nair,Female,64,Kolkata,West Bengal,East,Small Business,6/5/2025
14475,Pooja,Ghosh,Female,26,Hyderabad,Telangana,South,Small Business,3/19/2023
14476,Neha,Ghosh,Female,65,Jaipur,Rajasthan,North,Consumer,7/11/2023
14477,Sneha,Malhotra,Female,43,New Delhi,Delhi,North,Corporate,7/10/2024
14478,Karan,Sen,Female,44,Mumbai,Maharashtra,West,Consumer,1/24/2024
14479,Tanya,Malhotra,Female,64,Bhubaneswar,Odisha,East,Consumer,2/5/2025
14480,Arjun,Sharma,Male,33,Bhopal,Madhya Pradesh,Central,Consumer,3/9/2024
14481,Rohan,Banerjee,Female,53,Hyderabad,Telangana,South,Corporate,12/12/2025
14482,Riya,Verma,Male,18,Ahmedabad,Gujarat,West,Consumer,11/20/2023
14483,Rahul,Malhotra,Male,50,Patna,Bihar,East,Consumer,1/25/2024
14484,Riya,Sharma,Male,18,Bengaluru,Karnataka,South,Consumer,1/4/2023
14485,Neha,Roy,Male,18,Kochi,Kerala,South,Small Business,9/25/2023
14486,Sahil,Banerjee,Male,36,Bengaluru,Karnataka,South,Small Business,9/12/2023
14487,Nikhil,Bose,Female,35,Lucknow,Uttar Pradesh,North,Consumer,4/3/2025
14488,Rahul,Banerjee,Female,55,Kolkata,West Bengal,East,Consumer,12/31/2023
14489,Pooja,Ghosh,Female,60,Bengaluru,Karnataka,South,Consumer,8/8/2023
14490,Rohan,Singh,Male,63,New Delhi,Delhi,North,Small Business,12/5/2023
14491,Rohan,Dutta,Female,47,New Delhi,Delhi,North,Consumer,8/30/2024
14492,Karan,Jain,Male,25,Bhubaneswar,Odisha,East,Consumer,4/28/2025
14493,Pooja,Sharma,Male,50,Bhopal,Madhya Pradesh,Central,Consumer,11/23/2025
14494,Neha,Chatterjee,Male,41,Kolkata,West Bengal,East,Consumer,2/21/2023
14495,Riya,Patel,Female,43,Bengaluru,Karnataka,South,Consumer,6/27/2025
14496,Aditya,Mehta,Female,42,Chennai,Tamil Nadu,South,Consumer,2/25/2024
14497,Priya,Chatterjee,Male,60,Hyderabad,Telangana,South,Corporate,5/22/2025
14498,Arjun,Dutta,Male,36,Hyderabad,Telangana,South,Small Business,2/10/2023
14499,Arjun,Das,Male,64,Bhubaneswar,Odisha,East,Consumer,11/7/2024
14500,Aditya,Gupta,Male,43,Lucknow,Uttar Pradesh,North,Consumer,10/2/2025
14501,Aarav,Nair,Female,51,Kolkata,West Bengal,East,Consumer,2/12/2023
14502,Amit,Gupta,Female,62,Hyderabad,Telangana,South,Consumer,5/3/2025
14503,Riya,Chatterjee,Female,57,Ahmedabad,Gujarat,West,Consumer,5/4/2023
14504,Rahul,Singh,Other,39,Hyderabad,Telangana,South,Consumer,11/26/2025
14505,Tanya,Singh,Male,27,Mumbai,Maharashtra,West,Consumer,3/14/2025
14506,Amit,Iyer,Female,24,Chennai,Tamil Nadu,South,Small Business,9/9/2025
14507,Neha,Nair,Female,35,Chennai,Tamil Nadu,South,Consumer,8/27/2025
14508,Arjun,Roy,Male,49,Mumbai,Maharashtra,West,Consumer,12/8/2023
14509,Arjun,Malhotra,Female,56,Lucknow,Uttar Pradesh,North,Consumer,3/25/2024
14510,Nikhil,Malhotra,Male,19,Bengaluru,Karnataka,South,Corporate,1/16/2025
14511,Kavya,Das,Female,40,Ahmedabad,Gujarat,West,Consumer,7/8/2023
14512,Tanya,Sen,Female,63,New Delhi,Delhi,North,Consumer,11/28/2023
14513,Sahil,Mehta,Female,57,Kochi,Kerala,South,Consumer,4/17/2023
14514,Arjun,Banerjee,Female,63,Mumbai,Maharashtra,West,Consumer,8/17/2025
14515,Sahil,Gupta,Female,63,Kolkata,West Bengal,East,Consumer,9/25/2023
14516,Ishita,Iyer,Male,22,Bengaluru,Karnataka,South,Corporate,3/19/2024
14517,Pooja,Reddy,Female,50,Hyderabad,Telangana,South,Consumer,5/3/2024
14518,Aditya,Sen,Female,44,Bengaluru,Karnataka,South,Consumer,2/10/2024
14519,Amit,Roy,Female,40,Lucknow,Uttar Pradesh,North,Consumer,4/20/2025
14520,Sahil,Chatterjee,Female,56,Bengaluru,Karnataka,South,Consumer,9/14/2025
14521,Tanya,Mehta,Male,62,Kolkata,West Bengal,East,Small Business,9/10/2024
14522,Vikram,Nair,Male,40,Chennai,Tamil Nadu,South,Consumer,6/22/2025
14523,Priya,Ghosh,Female,49,Lucknow,Uttar Pradesh,North,Corporate,4/30/2023
14524,Karan,Jain,Female,40,Bhubaneswar,Odisha,East,Consumer,11/9/2025
14525,Ishita,Chatterjee,Female,48,Lucknow,Uttar Pradesh,North,Corporate,5/6/2023
14526,Rahul,Ghosh,Male,64,New Delhi,Delhi,North,Consumer,3/13/2023
14527,Amit,Banerjee,Male,56,Lucknow,Uttar Pradesh,North,Small Business,1/25/2023
14528,Riya,Banerjee,Female,29,Jaipur,Rajasthan,North,Consumer,9/20/2023
14529,Aditya,Gupta,Male,59,Mumbai,Maharashtra,West,Consumer,6/23/2025
14530,Pooja,Verma,Female,43,New Delhi,Delhi,North,Consumer,11/21/2023
14531,Nikhil,Ghosh,Female,46,Lucknow,Uttar Pradesh,North,Consumer,5/4/2025
14532,Karan,Chatterjee,Male,23,Bengaluru,Karnataka,South,Consumer,4/3/2024
14533,Tanya,Jain,Female,39,Jaipur,Rajasthan,North,Consumer,4/23/2023
14534,Sahil,Khan,Female,32,Hyderabad,Telangana,South,Consumer,5/25/2024
14535,Rahul,Chatterjee,Female,22,New Delhi,Delhi,North,Consumer,9/8/2023
14536,Sahil,Verma,Male,58,Kolkata,West Bengal,East,Consumer,11/11/2023
14537,Rohan,Khan,Female,24,Jaipur,Rajasthan,North,Corporate,7/12/2024
14538,Karan,Singh,Male,52,Kochi,Kerala,South,Consumer,5/3/2025
14539,Rahul,Gupta,Male,53,Mumbai,Maharashtra,West,Consumer,9/25/2024
14540,Vikram,Nair,Female,47,Chennai,Tamil Nadu,South,Consumer,8/30/2023
14541,Pooja,Roy,Male,58,Kolkata,West Bengal,East,Consumer,2/13/2025
14542,Nikhil,Das,Female,23,Kolkata,West Bengal,East,Corporate,1/22/2025
14543,Nikhil,Gupta,Male,18,Bhopal,Madhya Pradesh,Central,Small Business,9/14/2023
14544,Sahil,Reddy,Male,58,Hyderabad,Telangana,South,Consumer,7/8/2025
14545,Neha,Patel,Female,26,Chennai,Tamil Nadu,South,Consumer,6/29/2025
14546,Meera,Patel,Female,32,Bengaluru,Karnataka,South,Consumer,10/13/2024
14547,Aarav,Verma,Male,51,Bhopal,Madhya Pradesh,Central,Consumer,11/16/2023
14548,Tanya,Khan,Male,43,Bengaluru,Karnataka,South,Consumer,1/18/2024
14549,Rahul,Dutta,Female,27,Lucknow,Uttar Pradesh,North,Corporate,4/19/2024
14550,Aditya,Roy,Female,29,Bengaluru,Karnataka,South,Consumer,7/22/2023
14551,Nikhil,Verma,Male,58,Kolkata,West Bengal,East,Consumer,11/27/2023
14552,Amit,Gupta,Male,42,Jaipur,Rajasthan,North,Small Business,5/26/2023
14553,Sahil,Roy,Female,62,Kolkata,West Bengal,East,Consumer,6/16/2023
14554,Pooja,Sen,Male,44,Jaipur,Rajasthan,North,Corporate,3/14/2025
14555,Karan,Gupta,Female,49,Bengaluru,Karnataka,South,Consumer,5/19/2023
14556,Ananya,Chatterjee,Female,34,Lucknow,Uttar Pradesh,North,Consumer,5/21/2024
14557,Tanya,Jain,Male,19,Lucknow,Uttar Pradesh,North,Consumer,4/8/2024
14558,Karan,Singh,Male,42,Lucknow,Uttar Pradesh,North,Consumer,2/20/2023
14559,Pooja,Banerjee,Female,53,Kolkata,West Bengal,East,Consumer,6/16/2025
14560,Aditya,Gupta,Male,37,Lucknow,Uttar Pradesh,North,Small Business,11/28/2025
14561,Tanya,Malhotra,Female,59,Bhopal,Madhya Pradesh,Central,Consumer,11/20/2024
14562,Ishita,Patel,Male,51,Bengaluru,Karnataka,South,Consumer,12/26/2024
14563,Ananya,Verma,Female,42,Bengaluru,Karnataka,South,Consumer,9/9/2023
14564,Ananya,Sen,Female,44,Patna,Bihar,East,Consumer,6/30/2025
14565,Pooja,Khan,Female,28,Mumbai,Maharashtra,West,Consumer,4/26/2025
14566,Amit,Dutta,Male,60,Jaipur,Rajasthan,North,Consumer,4/18/2024
14567,Rahul,Iyer,Female,20,Lucknow,Uttar Pradesh,North,Consumer,2/1/2025
14568,Pooja,Khan,Female,20,Kolkata,West Bengal,East,Consumer,10/28/2025
14569,Tanya,Bose,Male,55,New Delhi,Delhi,North,Consumer,10/13/2024
14570,Vikram,Jain,Female,19,New Delhi,Delhi,North,Consumer,8/4/2023
14571,Tanya,Patel,Female,42,Bengaluru,Karnataka,South,Corporate,12/23/2023
14572,Ananya,Banerjee,Male,27,Kochi,Kerala,South,Consumer,7/19/2023
14573,Aditya,Verma,Female,50,Mumbai,Maharashtra,West,Corporate,12/25/2023
14574,Neha,Verma,Male,23,Chennai,Tamil Nadu,South,Consumer,8/19/2025
14575,Sneha,Sen,Male,30,Bhubaneswar,Odisha,East,Consumer,7/24/2023
14576,Aarav,Bose,Male,43,Mumbai,Maharashtra,West,Consumer,8/21/2025
14577,Ishita,Reddy,Male,36,Bhubaneswar,Odisha,East,Consumer,11/4/2023
14578,Rohan,Sharma,Male,27,Kolkata,West Bengal,East,Consumer,6/22/2024
14579,Rahul,Malhotra,Male,20,Hyderabad,Telangana,South,Consumer,7/24/2024
14580,Sneha,Malhotra,Female,18,Kolkata,West Bengal,East,Consumer,5/16/2023
14581,Aditya,Khan,Female,27,Jaipur,Rajasthan,North,Consumer,7/18/2023
14582,Meera,Banerjee,Male,31,Patna,Bihar,East,Consumer,11/26/2023
14583,Ishita,Patel,Female,23,Bhubaneswar,Odisha,East,Consumer,3/6/2023
14584,Aditya,Khan,Female,42,Bhopal,Madhya Pradesh,Central,Consumer,3/25/2025
14585,Sneha,Roy,Female,60,Jaipur,Rajasthan,North,Consumer,8/12/2024
14586,Neha,Dutta,Other,52,Lucknow,Uttar Pradesh,North,Consumer,7/2/2025
14587,Priya,Patel,Male,32,New Delhi,Delhi,North,Consumer,7/21/2025
14588,Meera,Sen,Male,39,Ludhiana,Punjab,North,Consumer,1/11/2024
14589,Aditya,Banerjee,Male,54,Ahmedabad,Gujarat,West,Consumer,6/1/2025
14590,Aditya,Reddy,Male,64,Kochi,Kerala,South,Consumer,3/8/2023
14591,Riya,Bose,Female,44,Mumbai,Maharashtra,West,Corporate,4/9/2024
14592,Meera,Dutta,Male,27,Hyderabad,Telangana,South,Consumer,12/19/2024
14593,Ishita,Sen,Female,59,Lucknow,Uttar Pradesh,North,Consumer,5/18/2024
14594,Aarav,Gupta,Female,42,Mumbai,Maharashtra,West,Consumer,3/9/2025
14595,Ananya,Mehta,Female,19,Mumbai,Maharashtra,West,Corporate,7/16/2025
14596,Sneha,Sen,Female,30,Bhopal,Madhya Pradesh,Central,Corporate,4/2/2024
14597,Kavya,Sharma,Female,43,Hyderabad,Telangana,South,Consumer,10/24/2023
14598,Riya,Bose,Female,56,Mumbai,Maharashtra,West,Small Business,9/21/2024
14599,Aarav,Das,Female,58,Bengaluru,Karnataka,South,Consumer,7/26/2025
14600,Neha,Singh,Male,27,Chennai,Tamil Nadu,South,Small Business,12/2/2025
14601,Ishita,Dutta,Male,52,Ahmedabad,Gujarat,West,Consumer,5/30/2025
14602,Tanya,Chatterjee,Male,64,Ludhiana,Punjab,North,Consumer,9/22/2023
14603,Kavya,Ghosh,Female,56,Bhopal,Madhya Pradesh,Central,Consumer,8/10/2023
14604,Pooja,Patel,Male,52,Jaipur,Rajasthan,North,Consumer,9/10/2024
14605,Rohan,Gupta,Male,56,Jaipur,Rajasthan,North,Corporate,3/10/2024
14606,Karan,Roy,Male,44,Bengaluru,Karnataka,South,Consumer,10/21/2024
14607,Neha,Ghosh,Female,47,Bhubaneswar,Odisha,East,Consumer,9/24/2025
14608,Priya,Iyer,Male,43,Mumbai,Maharashtra,West,Consumer,8/16/2024
14609,Sneha,Khan,Male,63,Kolkata,West Bengal,East,Small Business,1/19/2024
14610,Nikhil,Chatterjee,Male,35,Bhopal,Madhya Pradesh,Central,Small Business,7/27/2025
14611,Vikram,Jain,Male,55,Kochi,Kerala,South,Consumer,4/19/2024
14612,Ishita,Chatterjee,Female,19,Bengaluru,Karnataka,South,Consumer,10/15/2024
14613,Kavya,Patel,Male,38,Jaipur,Rajasthan,North,Consumer,5/27/2023
14614,Priya,Ghosh,Male,61,Hyderabad,Telangana,South,Consumer,7/2/2024
14615,Rahul,Roy,Other,29,Bengaluru,Karnataka,South,Small Business,4/5/2024
14616,Tanya,Gupta,Male,56,Bengaluru,Karnataka,South,Corporate,5/13/2023
14617,Sahil,Reddy,Female,42,Mumbai,Maharashtra,West,Corporate,8/17/2023
14618,Aditya,Verma,Female,24,New Delhi,Delhi,North,Consumer,1/29/2025
14619,Nikhil,Jain,Male,23,Hyderabad,Telangana,South,Corporate,7/15/2023
14620,Sneha,Roy,Male,23,New Delhi,Delhi,North,Small Business,5/23/2023
14621,Pooja,Reddy,Male,40,Mumbai,Maharashtra,West,Small Business,3/4/2023
14622,Arjun,Gupta,Male,32,Gurugram,Haryana,North,Consumer,1/29/2023
14623,Pooja,Singh,Male,60,Ahmedabad,Gujarat,West,Consumer,4/14/2024
14624,Ananya,Sen,Female,54,Kochi,Kerala,South,Small Business,6/11/2024
14625,Rahul,Singh,Male,24,Kolkata,West Bengal,East,Consumer,11/5/2024
14626,Sahil,Mehta,Male,42,Ahmedabad,Gujarat,West,Consumer,9/10/2024
14627,Rahul,Patel,Female,54,Bhubaneswar,Odisha,East,Consumer,8/2/2024
14628,Ishita,Roy,Male,49,Bengaluru,Karnataka,South,Consumer,12/14/2025
14629,Nikhil,Chatterjee,Female,18,Mumbai,Maharashtra,West,Corporate,9/27/2023
14630,Tanya,Sharma,Male,18,Bengaluru,Karnataka,South,Small Business,2/8/2025
14631,Aditya,Verma,Female,46,Bengaluru,Karnataka,South,Small Business,3/27/2023
14632,Riya,Nair,Female,62,Hyderabad,Telangana,South,Consumer,7/5/2025
14633,Priya,Verma,Female,20,Bengaluru,Karnataka,South,Small Business,1/27/2024
14634,Karan,Sharma,Female,25,Bengaluru,Karnataka,South,Consumer,1/10/2024
14635,Rohan,Singh,Male,27,Ahmedabad,Gujarat,West,Consumer,5/26/2023
14636,Amit,Reddy,Male,33,Kolkata,West Bengal,East,Consumer,7/3/2024
14637,Tanya,Jain,Male,60,Chennai,Tamil Nadu,South,Corporate,3/7/2024
14638,Karan,Khan,Male,63,Jaipur,Rajasthan,North,Small Business,11/18/2025
14639,Karan,Malhotra,Female,32,Mumbai,Maharashtra,West,Corporate,7/12/2023
14640,Vikram,Sharma,Male,53,Mumbai,Maharashtra,West,Small Business,3/26/2024
14641,Ananya,Sharma,Male,18,Mumbai,Maharashtra,West,Consumer,8/30/2025
14642,Neha,Malhotra,Female,42,Kolkata,West Bengal,East,Corporate,5/21/2025
14643,Nikhil,Nair,Male,48,Hyderabad,Telangana,South,Consumer,4/5/2025
14644,Pooja,Mehta,Female,59,Kolkata,West Bengal,East,Corporate,7/22/2024
14645,Kavya,Sen,Male,57,Bengaluru,Karnataka,South,Corporate,8/1/2025
14646,Meera,Bose,Female,20,Bhopal,Madhya Pradesh,Central,Consumer,8/30/2023
14647,Sneha,Ghosh,Male,37,Ludhiana,Punjab,North,Consumer,5/24/2025
14648,Rohan,Verma,Female,21,Mumbai,Maharashtra,West,Consumer,9/18/2024
14649,Tanya,Khan,Female,18,Bengaluru,Karnataka,South,Small Business,1/13/2024
14650,Ishita,Khan,Female,25,Hyderabad,Telangana,South,Consumer,8/24/2023
14651,Amit,Mehta,Other,62,Bhubaneswar,Odisha,East,Consumer,7/17/2024
14652,Karan,Nair,Female,30,Patna,Bihar,East,Small Business,1/4/2023
14653,Aarav,Bose,Male,53,Mumbai,Maharashtra,West,Consumer,2/10/2025
14654,Rohan,Verma,Male,52,Mumbai,Maharashtra,West,Consumer,9/12/2023
14655,Rohan,Gupta,Female,59,Chennai,Tamil Nadu,South,Corporate,2/25/2024
14656,Ananya,Mehta,Female,43,Kochi,Kerala,South,Consumer,7/28/2023
14657,Kavya,Mehta,Female,64,Kochi,Kerala,South,Consumer,5/17/2024
14658,Tanya,Gupta,Female,38,Kolkata,West Bengal,East,Corporate,2/5/2024
14659,Tanya,Das,Male,55,New Delhi,Delhi,North,Consumer,7/22/2023
14660,Ananya,Sen,Male,55,Mumbai,Maharashtra,West,Consumer,8/17/2025
14661,Aditya,Das,Male,44,Jaipur,Rajasthan,North,Consumer,3/31/2025
14662,Rahul,Das,Female,33,Ludhiana,Punjab,North,Small Business,2/23/2024
14663,Riya,Reddy,Male,25,Hyderabad,Telangana,South,Consumer,3/4/2023
14664,Karan,Jain,Male,22,Kolkata,West Bengal,East,Small Business,7/1/2025
14665,Meera,Sharma,Female,41,New Delhi,Delhi,North,Consumer,1/22/2025
14666,Riya,Sen,Male,37,Chennai,Tamil Nadu,South,Consumer,8/23/2024
14667,Karan,Gupta,Male,28,Patna,Bihar,East,Consumer,10/15/2024
14668,Arjun,Reddy,Male,54,Chennai,Tamil Nadu,South,Consumer,1/9/2023
14669,Sahil,Verma,Female,25,Kochi,Kerala,South,Corporate,5/26/2024
14670,Riya,Gupta,Male,40,Bengaluru,Karnataka,South,Consumer,7/23/2023
14671,Aditya,Ghosh,Female,38,Mumbai,Maharashtra,West,Consumer,12/4/2024
14672,Aarav,Banerjee,Female,64,Bengaluru,Karnataka,South,Corporate,10/2/2025
14673,Aditya,Singh,Female,23,Kolkata,West Bengal,East,Consumer,7/27/2024
14674,Aditya,Sen,Female,59,Bengaluru,Karnataka,South,Small Business,10/14/2024
14675,Vikram,Patel,Male,50,Jaipur,Rajasthan,North,Consumer,12/21/2024
14676,Sahil,Nair,Male,55,Mumbai,Maharashtra,West,Consumer,9/30/2025
14677,Tanya,Reddy,Male,55,Kolkata,West Bengal,East,Consumer,2/11/2023
14678,Rohan,Bose,Female,55,Mumbai,Maharashtra,West,Consumer,12/1/2023
14679,Nikhil,Khan,Male,38,Kolkata,West Bengal,East,Corporate,10/17/2023
14680,Aditya,Banerjee,Female,45,Kochi,Kerala,South,Consumer,2/12/2025
14681,Aarav,Das,Female,35,Gurugram,Haryana,North,Small Business,4/28/2024
14682,Karan,Khan,Female,61,Kolkata,West Bengal,East,Consumer,4/13/2025
14683,Amit,Sharma,Male,28,Lucknow,Uttar Pradesh,North,Consumer,5/25/2024
14684,Rohan,Chatterjee,Female,46,Lucknow,Uttar Pradesh,North,Consumer,11/19/2025
14685,Neha,Dutta,Male,28,Bhopal,Madhya Pradesh,Central,Small Business,4/8/2025
14686,Aditya,Singh,Female,35,Chennai,Tamil Nadu,South,Small Business,1/20/2023
14687,Aarav,Nair,Female,64,Bengaluru,Karnataka,South,Consumer,12/3/2025
14688,Sneha,Mehta,Male,27,Hyderabad,Telangana,South,Consumer,10/25/2025
14689,Aditya,Verma,Female,60,Bhubaneswar,Odisha,East,Small Business,2/16/2023
14690,Rohan,Chatterjee,Female,57,Lucknow,Uttar Pradesh,North,Consumer,2/27/2024
14691,Nikhil,Nair,Female,35,Hyderabad,Telangana,South,Consumer,11/14/2025
14692,Sneha,Gupta,Male,35,Bengaluru,Karnataka,South,Small Business,6/24/2025
14693,Karan,Jain,Male,18,Lucknow,Uttar Pradesh,North,Consumer,5/20/2024
14694,Arjun,Nair,Male,55,Bhubaneswar,Odisha,East,Small Business,8/11/2024
14695,Rohan,Sen,Female,49,Chennai,Tamil Nadu,South,Consumer,2/2/2023
14696,Meera,Chatterjee,Male,65,Jaipur,Rajasthan,North,Consumer,9/1/2024
14697,Meera,Ghosh,Other,31,Chennai,Tamil Nadu,South,Consumer,12/20/2024
14698,Tanya,Patel,Female,37,Hyderabad,Telangana,South,Consumer,1/24/2024
14699,Riya,Singh,Male,50,New Delhi,Delhi,North,Small Business,11/28/2023
14700,Meera,Sen,Female,34,Lucknow,Uttar Pradesh,North,Corporate,6/13/2025
14701,Priya,Sharma,Male,33,Bhopal,Madhya Pradesh,Central,Small Business,4/29/2024
14702,Arjun,Verma,Male,26,Hyderabad,Telangana,South,Consumer,10/13/2023
14703,Riya,Banerjee,Male,65,Chennai,Tamil Nadu,South,Small Business,2/9/2024
14704,Kavya,Jain,Female,40,Chennai,Tamil Nadu,South,Corporate,6/15/2024
14705,Neha,Singh,Female,54,Mumbai,Maharashtra,West,Consumer,10/8/2023
14706,Neha,Mehta,Male,49,Bengaluru,Karnataka,South,Consumer,8/27/2024
14707,Meera,Nair,Male,46,Kolkata,West Bengal,East,Consumer,7/19/2025
14708,Riya,Verma,Male,33,Hyderabad,Telangana,South,Consumer,3/12/2025
14709,Riya,Dutta,Female,33,Mumbai,Maharashtra,West,Small Business,9/7/2023
14710,Nikhil,Sen,Male,41,Chennai,Tamil Nadu,South,Small Business,5/24/2024
14711,Karan,Verma,Female,24,Patna,Bihar,East,Consumer,8/10/2024
14712,Kavya,Sharma,Female,43,Bengaluru,Karnataka,South,Consumer,1/4/2025
14713,Vikram,Verma,Male,22,Ahmedabad,Gujarat,West,Consumer,3/27/2025
14714,Aarav,Sharma,Female,31,Ludhiana,Punjab,North,Corporate,6/8/2024
14715,Vikram,Reddy,Female,48,New Delhi,Delhi,North,Consumer,12/7/2023
14716,Tanya,Roy,Female,19,Mumbai,Maharashtra,West,Consumer,12/13/2024
14717,Aarav,Bose,Female,20,Chennai,Tamil Nadu,South,Consumer,5/16/2023
14718,Aarav,Patel,Male,28,Ahmedabad,Gujarat,West,Small Business,12/29/2024
14719,Rohan,Gupta,Female,54,New Delhi,Delhi,North,Consumer,8/26/2025
14720,Ishita,Patel,Male,56,Mumbai,Maharashtra,West,Consumer,2/5/2025
14721,Karan,Khan,Female,18,Hyderabad,Telangana,South,Consumer,4/13/2024
14722,Ananya,Ghosh,Male,31,New Delhi,Delhi,North,Small Business,6/8/2025
14723,Nikhil,Verma,Male,20,Bengaluru,Karnataka,South,Corporate,7/28/2024
14724,Ananya,Ghosh,Male,18,Ahmedabad,Gujarat,West,Small Business,8/6/2024
14725,Rahul,Bose,Male,63,Kolkata,West Bengal,East,Small Business,7/9/2025
14726,Tanya,Sharma,Male,38,Bengaluru,Karnataka,South,Consumer,7/28/2023
14727,Sneha,Verma,Male,56,Patna,Bihar,East,Corporate,4/22/2025
14728,Neha,Mehta,Female,50,Bengaluru,Karnataka,South,Small Business,1/4/2025
14729,Aditya,Iyer,Female,39,Ahmedabad,Gujarat,West,Consumer,7/25/2024
14730,Priya,Patel,Male,54,Chennai,Tamil Nadu,South,Consumer,3/25/2023
14731,Vikram,Roy,Female,29,Bengaluru,Karnataka,South,Consumer,4/6/2025
14732,Kavya,Khan,Female,37,Ludhiana,Punjab,North,Corporate,8/25/2023
14733,Arjun,Nair,Male,36,Chennai,Tamil Nadu,South,Consumer,8/25/2025
14734,Meera,Reddy,Female,45,Mumbai,Maharashtra,West,Consumer,5/5/2025
14735,Ananya,Khan,Male,28,Ludhiana,Punjab,North,Consumer,1/28/2024
14736,Nikhil,Iyer,Female,53,Lucknow,Uttar Pradesh,North,Consumer,4/14/2024
14737,Tanya,Sen,Female,58,Jaipur,Rajasthan,North,Consumer,1/28/2023
14738,Nikhil,Sharma,Male,60,Kolkata,West Bengal,East,Consumer,6/21/2024
14739,Pooja,Khan,Female,60,Mumbai,Maharashtra,West,Small Business,3/4/2023
14740,Nikhil,Sen,Male,48,Ahmedabad,Gujarat,West,Small Business,12/2/2025
14741,Meera,Singh,Female,56,Mumbai,Maharashtra,West,Corporate,11/22/2024
14742,Karan,Nair,Male,51,Mumbai,Maharashtra,West,Consumer,9/11/2023
14743,Meera,Gupta,Female,63,Lucknow,Uttar Pradesh,North,Corporate,5/18/2025
14744,Rohan,Roy,Female,22,Bengaluru,Karnataka,South,Consumer,1/22/2023
14745,Sahil,Khan,Male,27,Kolkata,West Bengal,East,Consumer,8/16/2024
14746,Nikhil,Reddy,Female,38,Kolkata,West Bengal,East,Consumer,5/1/2023
14747,Karan,Ghosh,Male,47,Hyderabad,Telangana,South,Consumer,2/28/2023
14748,Aarav,Verma,Female,60,Ahmedabad,Gujarat,West,Consumer,9/22/2023
14749,Rahul,Bose,Female,22,Kochi,Kerala,South,Consumer,11/14/2023
14750,Ananya,Sharma,Male,25,Kolkata,West Bengal,East,Consumer,2/22/2025
14751,Vikram,Sen,Male,59,Mumbai,Maharashtra,West,Consumer,8/20/2025
14752,Aditya,Iyer,Male,32,New Delhi,Delhi,North,Consumer,4/17/2025
14753,Sahil,Banerjee,Female,18,Chennai,Tamil Nadu,South,Consumer,3/10/2025
14754,Priya,Nair,Female,50,Hyderabad,Telangana,South,Consumer,9/2/2024
14755,Ananya,Chatterjee,Male,60,Ludhiana,Punjab,North,Consumer,2/5/2024
14756,Karan,Banerjee,Male,61,New Delhi,Delhi,North,Consumer,10/3/2023
14757,Aarav,Dutta,Female,59,Chennai,Tamil Nadu,South,Consumer,10/18/2025
14758,Nikhil,Dutta,Male,20,Bhopal,Madhya Pradesh,Central,Consumer,7/17/2024
14759,Riya,Banerjee,Male,24,Kolkata,West Bengal,East,Consumer,9/1/2024
14760,Ishita,Dutta,Female,59,Gurugram,Haryana,North,Consumer,1/17/2023
14761,Nikhil,Ghosh,Male,51,New Delhi,Delhi,North,Consumer,5/9/2024
14762,Neha,Patel,Female,28,New Delhi,Delhi,North,Consumer,1/6/2025
14763,Sahil,Patel,Male,36,Ludhiana,Punjab,North,Consumer,6/18/2024
14764,Aditya,Das,Female,59,New Delhi,Delhi,North,Consumer,10/25/2024
14765,Kavya,Roy,Male,62,Hyderabad,Telangana,South,Consumer,5/24/2025
14766,Amit,Sen,Male,60,Bengaluru,Karnataka,South,Consumer,1/24/2023
14767,Vikram,Das,Male,40,Jaipur,Rajasthan,North,Consumer,9/3/2025
14768,Aarav,Ghosh,Female,55,New Delhi,Delhi,North,Corporate,6/1/2025
14769,Tanya,Verma,Female,20,Mumbai,Maharashtra,West,Consumer,3/29/2024
14770,Arjun,Ghosh,Male,62,Lucknow,Uttar Pradesh,North,Consumer,4/4/2025
14771,Sneha,Iyer,Female,28,Ahmedabad,Gujarat,West,Consumer,3/13/2023
14772,Karan,Gupta,Male,64,Chennai,Tamil Nadu,South,Consumer,11/29/2023
14773,Kavya,Ghosh,Male,18,Kolkata,West Bengal,East,Corporate,4/27/2023
14774,Vikram,Reddy,Male,62,Hyderabad,Telangana,South,Consumer,11/17/2024
14775,Aditya,Sen,Female,43,Kolkata,West Bengal,East,Consumer,7/13/2025
14776,Aditya,Sen,Male,42,Kolkata,West Bengal,East,Consumer,10/11/2024
14777,Tanya,Iyer,Male,50,Hyderabad,Telangana,South,Small Business,2/7/2025
14778,Rohan,Bose,Female,40,Kolkata,West Bengal,East,Small Business,6/4/2023
14779,Meera,Iyer,Female,63,Bengaluru,Karnataka,South,Corporate,10/5/2025
14780,Riya,Bose,Male,23,Jaipur,Rajasthan,North,Consumer,7/28/2023
14781,Pooja,Das,Female,49,Bengaluru,Karnataka,South,Consumer,7/22/2024
14782,Pooja,Das,Male,28,Bhopal,Madhya Pradesh,Central,Corporate,1/7/2025
14783,Pooja,Verma,Female,19,Ludhiana,Punjab,North,Consumer,7/14/2025
14784,Aditya,Roy,Male,49,Ahmedabad,Gujarat,West,Consumer,10/5/2025
14785,Pooja,Sharma,Female,50,Gurugram,Haryana,North,Corporate,10/8/2024
14786,Aditya,Roy,Female,24,Kochi,Kerala,South,Consumer,9/14/2024
14787,Neha,Gupta,Male,52,Bengaluru,Karnataka,South,Corporate,3/26/2024
14788,Meera,Dutta,Male,63,Lucknow,Uttar Pradesh,North,Corporate,9/5/2024
14789,Pooja,Jain,Male,51,Mumbai,Maharashtra,West,Corporate,12/29/2024
14790,Amit,Khan,Female,28,Jaipur,Rajasthan,North,Consumer,11/29/2024
14791,Tanya,Reddy,Female,22,Hyderabad,Telangana,South,Consumer,10/1/2024
14792,Rahul,Bose,Female,22,Kolkata,West Bengal,East,Consumer,4/20/2024
14793,Neha,Gupta,Female,47,Bengaluru,Karnataka,South,Corporate,7/31/2023
14794,Pooja,Banerjee,Female,29,Gurugram,Haryana,North,Corporate,2/28/2023
14795,Pooja,Dutta,Female,35,Bengaluru,Karnataka,South,Small Business,3/30/2024
14796,Aarav,Banerjee,Female,20,Mumbai,Maharashtra,West,Small Business,3/4/2024
14797,Kavya,Khan,Male,39,Mumbai,Maharashtra,West,Corporate,10/18/2024
14798,Ananya,Dutta,Female,25,Hyderabad,Telangana,South,Small Business,8/30/2025
14799,Aditya,Nair,Male,38,Bhubaneswar,Odisha,East,Consumer,1/27/2025
14800,Amit,Verma,Male,46,Lucknow,Uttar Pradesh,North,Small Business,5/19/2025
14801,Priya,Malhotra,Male,64,Hyderabad,Telangana,South,Small Business,9/16/2024
14802,Aarav,Chatterjee,Male,31,Mumbai,Maharashtra,West,Consumer,9/28/2025
14803,Pooja,Sen,Female,33,Kolkata,West Bengal,East,Consumer,10/11/2025
14804,Priya,Verma,Male,56,Hyderabad,Telangana,South,Consumer,6/15/2023
14805,Sahil,Sharma,Male,63,Patna,Bihar,East,Corporate,11/21/2024
14806,Meera,Patel,Female,37,Lucknow,Uttar Pradesh,North,Consumer,6/30/2024
14807,Rohan,Reddy,Female,34,Chennai,Tamil Nadu,South,Consumer,11/15/2025
14808,Amit,Das,Male,52,Ahmedabad,Gujarat,West,Consumer,9/23/2024
14809,Rahul,Bose,Male,54,Hyderabad,Telangana,South,Consumer,1/18/2023
14810,Nikhil,Roy,Male,51,New Delhi,Delhi,North,Small Business,8/15/2023
14811,Rahul,Iyer,Female,48,New Delhi,Delhi,North,Consumer,5/20/2023
14812,Meera,Chatterjee,Male,24,Jaipur,Rajasthan,North,Consumer,8/6/2023
14813,Kavya,Reddy,Female,30,New Delhi,Delhi,North,Small Business,4/14/2023
14814,Rohan,Khan,Male,20,Gurugram,Haryana,North,Consumer,4/24/2025
14815,Sahil,Dutta,Female,36,Hyderabad,Telangana,South,Consumer,6/17/2024
14816,Karan,Banerjee,Male,58,Kolkata,West Bengal,East,Consumer,12/26/2024
14817,Pooja,Malhotra,Male,28,Mumbai,Maharashtra,West,Small Business,12/15/2025
14818,Sneha,Patel,Male,51,New Delhi,Delhi,North,Small Business,11/29/2024
14819,Rahul,Gupta,Male,38,New Delhi,Delhi,North,Consumer,6/1/2024
14820,Pooja,Ghosh,Other,26,New Delhi,Delhi,North,Consumer,10/16/2023
14821,Riya,Chatterjee,Female,28,Lucknow,Uttar Pradesh,North,Consumer,3/25/2025
14822,Rohan,Bose,Male,50,Bengaluru,Karnataka,South,Consumer,7/1/2024
14823,Aarav,Khan,Female,55,Jaipur,Rajasthan,North,Consumer,3/28/2025
14824,Arjun,Ghosh,Male,33,Lucknow,Uttar Pradesh,North,Consumer,1/25/2023
14825,Arjun,Ghosh,Female,62,Chennai,Tamil Nadu,South,Consumer,6/26/2023
14826,Riya,Reddy,Male,20,Chennai,Tamil Nadu,South,Small Business,5/21/2023
14827,Nikhil,Patel,Male,45,Mumbai,Maharashtra,West,Consumer,1/5/2025
14828,Kavya,Sharma,Male,28,Chennai,Tamil Nadu,South,Consumer,7/13/2024
14829,Tanya,Mehta,Male,60,Patna,Bihar,East,Small Business,12/9/2023
14830,Riya,Sharma,Female,54,Ludhiana,Punjab,North,Consumer,12/1/2023
14831,Tanya,Singh,Male,20,Ahmedabad,Gujarat,West,Corporate,10/17/2024
14832,Neha,Iyer,Male,36,Bengaluru,Karnataka,South,Consumer,11/8/2025
14833,Kavya,Gupta,Female,53,Jaipur,Rajasthan,North,Small Business,12/11/2025
14834,Meera,Gupta,Male,44,Lucknow,Uttar Pradesh,North,Consumer,5/24/2024
14835,Priya,Sen,Male,41,Bengaluru,Karnataka,South,Small Business,12/25/2024
14836,Amit,Nair,Female,24,Bhubaneswar,Odisha,East,Corporate,4/1/2023
14837,Karan,Khan,Male,45,Kolkata,West Bengal,East,Consumer,10/18/2025
14838,Aditya,Jain,Female,22,Kolkata,West Bengal,East,Consumer,1/20/2023
14839,Ishita,Singh,Female,33,Mumbai,Maharashtra,West,Corporate,1/5/2024
14840,Rahul,Patel,Male,29,Mumbai,Maharashtra,West,Consumer,2/22/2025
14841,Ananya,Singh,Male,49,Kochi,Kerala,South,Consumer,11/13/2025
14842,Nikhil,Dutta,Male,40,Hyderabad,Telangana,South,Consumer,7/5/2023
14843,Amit,Gupta,Female,38,Bengaluru,Karnataka,South,Consumer,12/14/2024
14844,Neha,Sharma,Female,58,Hyderabad,Telangana,South,Consumer,7/22/2023
14845,Pooja,Sen,Female,36,Chennai,Tamil Nadu,South,Consumer,2/24/2023
14846,Aditya,Nair,Male,54,Bengaluru,Karnataka,South,Consumer,4/2/2024
14847,Rahul,Khan,Female,60,Mumbai,Maharashtra,West,Consumer,9/14/2024
14848,Nikhil,Khan,Male,25,Jaipur,Rajasthan,North,Consumer,10/13/2023
14849,Tanya,Das,Female,53,Mumbai,Maharashtra,West,Small Business,11/16/2025
14850,Rahul,Nair,Male,21,Lucknow,Uttar Pradesh,North,Consumer,10/27/2024
14851,Sahil,Roy,Female,48,Mumbai,Maharashtra,West,Corporate,4/18/2024
14852,Aditya,Das,Female,28,Lucknow,Uttar Pradesh,North,Consumer,6/8/2024
14853,Amit,Chatterjee,Male,30,Patna,Bihar,East,Corporate,5/16/2024
14854,Aarav,Dutta,Male,58,Mumbai,Maharashtra,West,Consumer,5/1/2023
14855,Ishita,Ghosh,Female,26,Kolkata,West Bengal,East,Consumer,10/16/2024
14856,Aarav,Dutta,Female,42,Gurugram,Haryana,North,Consumer,4/27/2025
14857,Sahil,Verma,Female,55,Hyderabad,Telangana,South,Corporate,3/30/2024
14858,Sneha,Iyer,Male,56,Ahmedabad,Gujarat,West,Corporate,4/4/2024
14859,Priya,Khan,Female,27,Kolkata,West Bengal,East,Consumer,9/10/2025
14860,Pooja,Iyer,Male,35,Bengaluru,Karnataka,South,Corporate,10/21/2024
14861,Tanya,Malhotra,Female,44,New Delhi,Delhi,North,Consumer,11/18/2023
14862,Rohan,Ghosh,Male,46,Kochi,Kerala,South,Consumer,1/5/2023
14863,Amit,Sharma,Female,25,Bengaluru,Karnataka,South,Consumer,6/8/2025
14864,Pooja,Mehta,Female,46,Lucknow,Uttar Pradesh,North,Consumer,11/7/2024
14865,Ishita,Khan,Male,18,Jaipur,Rajasthan,North,Small Business,11/7/2024
14866,Sahil,Iyer,Female,48,Kolkata,West Bengal,East,Consumer,11/2/2023
14867,Aarav,Mehta,Male,53,Bengaluru,Karnataka,South,Consumer,7/21/2023
14868,Meera,Mehta,Male,40,Mumbai,Maharashtra,West,Consumer,6/17/2024
14869,Aditya,Malhotra,Male,29,Hyderabad,Telangana,South,Corporate,3/29/2025
14870,Arjun,Malhotra,Male,29,Ahmedabad,Gujarat,West,Corporate,11/18/2023
14871,Tanya,Reddy,Male,51,Hyderabad,Telangana,South,Consumer,7/23/2024
14872,Kavya,Ghosh,Female,38,Bengaluru,Karnataka,South,Consumer,12/11/2025
14873,Sahil,Gupta,Female,62,Jaipur,Rajasthan,North,Consumer,8/25/2023
14874,Aarav,Singh,Male,64,Ahmedabad,Gujarat,West,Consumer,9/7/2023
14875,Kavya,Bose,Other,38,New Delhi,Delhi,North,Consumer,9/12/2023
14876,Pooja,Dutta,Female,31,New Delhi,Delhi,North,Consumer,9/12/2025
14877,Nikhil,Sharma,Male,56,Mumbai,Maharashtra,West,Consumer,7/25/2024
14878,Sneha,Roy,Male,52,Jaipur,Rajasthan,North,Consumer,9/18/2025
14879,Nikhil,Nair,Female,25,Chennai,Tamil Nadu,South,Consumer,10/20/2025
14880,Amit,Singh,Male,63,Chennai,Tamil Nadu,South,Consumer,3/30/2024
14881,Priya,Das,Male,27,Mumbai,Maharashtra,West,Consumer,3/1/2023
14882,Rahul,Reddy,Female,45,Ahmedabad,Gujarat,West,Small Business,11/25/2023
14883,Nikhil,Das,Female,26,Ahmedabad,Gujarat,West,Consumer,8/10/2024
14884,Karan,Roy,Female,41,Chennai,Tamil Nadu,South,Consumer,2/16/2024
14885,Aarav,Reddy,Female,47,Bhubaneswar,Odisha,East,Small Business,1/3/2023
14886,Aarav,Patel,Male,23,Bhubaneswar,Odisha,East,Small Business,12/4/2025
14887,Sahil,Jain,Female,30,Kolkata,West Bengal,East,Corporate,11/24/2023
14888,Ananya,Mehta,Female,54,Jaipur,Rajasthan,North,Consumer,10/30/2024
14889,Rahul,Iyer,Male,63,Chennai,Tamil Nadu,South,Consumer,10/19/2025
14890,Karan,Bose,Male,61,Bhopal,Madhya Pradesh,Central,Corporate,8/11/2024
14891,Meera,Sharma,Male,54,Mumbai,Maharashtra,West,Corporate,1/20/2025
14892,Rohan,Das,Female,65,Bengaluru,Karnataka,South,Consumer,2/8/2023
14893,Pooja,Singh,Female,25,Hyderabad,Telangana,South,Consumer,1/22/2025
14894,Amit,Banerjee,Female,27,Bengaluru,Karnataka,South,Consumer,7/4/2025
14895,Karan,Reddy,Male,37,Jaipur,Rajasthan,North,Consumer,9/18/2025
14896,Pooja,Das,Female,62,Hyderabad,Telangana,South,Consumer,4/1/2023
14897,Rahul,Verma,Male,56,Mumbai,Maharashtra,West,Consumer,9/4/2023
14898,Karan,Verma,Female,35,New Delhi,Delhi,North,Consumer,2/20/2023
14899,Arjun,Singh,Female,18,Kochi,Kerala,South,Small Business,9/18/2025
14900,Amit,Sen,Female,47,Patna,Bihar,East,Small Business,10/24/2023
14901,Kavya,Roy,Male,32,Hyderabad,Telangana,South,Corporate,7/28/2024
14902,Kavya,Patel,Male,28,Bengaluru,Karnataka,South,Consumer,5/28/2024
14903,Arjun,Iyer,Male,28,Mumbai,Maharashtra,West,Small Business,1/13/2025
14904,Nikhil,Dutta,Female,29,Kochi,Kerala,South,Consumer,8/24/2025
14905,Aditya,Verma,Male,33,Lucknow,Uttar Pradesh,North,Consumer,12/16/2023
14906,Riya,Ghosh,Female,47,New Delhi,Delhi,North,Consumer,5/3/2025
14907,Vikram,Nair,Male,25,Kochi,Kerala,South,Corporate,11/11/2023
14908,Neha,Bose,Female,41,Mumbai,Maharashtra,West,Consumer,8/2/2023
14909,Aditya,Bose,Male,62,Jaipur,Rajasthan,North,Consumer,4/25/2023
14910,Amit,Dutta,Male,64,Mumbai,Maharashtra,West,Consumer,2/6/2024
14911,Vikram,Bose,Female,57,Mumbai,Maharashtra,West,Consumer,8/28/2024
14912,Rahul,Dutta,Male,30,Hyderabad,Telangana,South,Corporate,4/22/2025
14913,Karan,Reddy,Male,25,Chennai,Tamil Nadu,South,Consumer,7/5/2025
14914,Priya,Chatterjee,Female,60,Gurugram,Haryana,North,Consumer,7/23/2024
14915,Aarav,Banerjee,Male,37,Bengaluru,Karnataka,South,Corporate,3/17/2024
14916,Priya,Sen,Female,40,Patna,Bihar,East,Consumer,7/8/2023
14917,Nikhil,Mehta,Female,38,Lucknow,Uttar Pradesh,North,Consumer,9/14/2025
14918,Neha,Bose,Male,24,Jaipur,Rajasthan,North,Consumer,3/3/2024
14919,Rohan,Jain,Male,52,Ludhiana,Punjab,North,Corporate,4/5/2025
14920,Sneha,Iyer,Male,29,Chennai,Tamil Nadu,South,Corporate,11/7/2024
14921,Meera,Das,Male,29,Chennai,Tamil Nadu,South,Consumer,10/2/2025
14922,Pooja,Gupta,Male,54,Mumbai,Maharashtra,West,Small Business,11/17/2025
14923,Kavya,Mehta,Female,52,Bengaluru,Karnataka,South,Consumer,2/2/2025
14924,Karan,Khan,Male,57,Kochi,Kerala,South,Small Business,12/15/2024
14925,Tanya,Banerjee,Female,51,Hyderabad,Telangana,South,Consumer,5/29/2023
14926,Pooja,Sen,Female,19,Chennai,Tamil Nadu,South,Consumer,1/18/2023
14927,Aditya,Das,Male,38,Mumbai,Maharashtra,West,Consumer,8/12/2024
14928,Priya,Banerjee,Female,37,Hyderabad,Telangana,South,Consumer,1/31/2025
14929,Arjun,Verma,Male,33,Lucknow,Uttar Pradesh,North,Consumer,3/16/2025
14930,Kavya,Jain,Male,41,Bengaluru,Karnataka,South,Small Business,9/28/2023
14931,Nikhil,Patel,Other,41,Lucknow,Uttar Pradesh,North,Small Business,6/27/2024
14932,Pooja,Banerjee,Male,47,Ahmedabad,Gujarat,West,Consumer,7/20/2025
14933,Ishita,Malhotra,Male,64,Patna,Bihar,East,Small Business,4/14/2023
14934,Aarav,Gupta,Female,49,Bengaluru,Karnataka,South,Small Business,2/19/2024
14935,Karan,Sen,Female,62,Ahmedabad,Gujarat,West,Small Business,10/17/2025
14936,Rahul,Das,Female,57,Mumbai,Maharashtra,West,Consumer,8/4/2023
14937,Karan,Mehta,Female,53,Chennai,Tamil Nadu,South,Consumer,12/9/2023
14938,Rohan,Malhotra,Female,31,Lucknow,Uttar Pradesh,North,Small Business,5/20/2024
14939,Meera,Banerjee,Female,45,Ahmedabad,Gujarat,West,Consumer,1/13/2025
14940,Nikhil,Verma,Female,23,Mumbai,Maharashtra,West,Consumer,10/3/2023
14941,Rahul,Chatterjee,Female,62,Bhubaneswar,Odisha,East,Consumer,5/5/2025
14942,Rohan,Verma,Female,26,Kolkata,West Bengal,East,Consumer,9/12/2023
14943,Nikhil,Khan,Male,29,Ahmedabad,Gujarat,West,Consumer,2/2/2024
14944,Arjun,Jain,Male,62,Bhopal,Madhya Pradesh,Central,Consumer,9/11/2024
14945,Vikram,Gupta,Male,23,New Delhi,Delhi,North,Consumer,1/14/2023
14946,Aarav,Bose,Male,44,Patna,Bihar,East,Consumer,4/8/2025
14947,Aditya,Gupta,Male,45,Ahmedabad,Gujarat,West,Consumer,12/23/2024
14948,Arjun,Iyer,Male,28,Patna,Bihar,East,Consumer,6/20/2025
14949,Aarav,Gupta,Female,36,Jaipur,Rajasthan,North,Consumer,10/24/2023
14950,Aditya,Ghosh,Male,55,Jaipur,Rajasthan,North,Consumer,3/5/2024
14951,Riya,Verma,Male,52,Mumbai,Maharashtra,West,Consumer,8/28/2025
14952,Kavya,Roy,Female,46,Lucknow,Uttar Pradesh,North,Small Business,3/14/2023
14953,Neha,Chatterjee,Male,44,Mumbai,Maharashtra,West,Consumer,6/14/2024
14954,Ishita,Dutta,Female,35,Bhopal,Madhya Pradesh,Central,Consumer,6/6/2024
14955,Ishita,Sharma,Female,47,Mumbai,Maharashtra,West,Consumer,4/28/2024
14956,Sahil,Mehta,Female,18,Mumbai,Maharashtra,West,Consumer,4/13/2024
14957,Sahil,Chatterjee,Male,21,Bhubaneswar,Odisha,East,Consumer,3/18/2025
14958,Arjun,Chatterjee,Male,55,Bengaluru,Karnataka,South,Corporate,8/1/2023
14959,Pooja,Roy,Female,26,Chennai,Tamil Nadu,South,Consumer,8/20/2025
14960,Ishita,Patel,Male,52,Lucknow,Uttar Pradesh,North,Consumer,8/25/2025
14961,Kavya,Iyer,Male,18,Mumbai,Maharashtra,West,Consumer,7/13/2023
14962,Kavya,Ghosh,Male,30,Mumbai,Maharashtra,West,Consumer,11/18/2025
14963,Amit,Gupta,Female,63,Hyderabad,Telangana,South,Corporate,10/11/2023
14964,Pooja,Khan,Female,30,Bengaluru,Karnataka,South,Corporate,2/25/2023
14965,Rahul,Iyer,Female,65,Mumbai,Maharashtra,West,Consumer,3/5/2024
14966,Meera,Banerjee,Female,31,Kolkata,West Bengal,East,Consumer,5/9/2025
14967,Amit,Banerjee,Male,48,Chennai,Tamil Nadu,South,Corporate,7/1/2025
14968,Priya,Nair,Female,50,Bengaluru,Karnataka,South,Consumer,11/28/2024
14969,Rahul,Reddy,Female,48,Kolkata,West Bengal,East,Consumer,5/26/2025
14970,Vikram,Jain,Male,32,Ahmedabad,Gujarat,West,Consumer,10/10/2023
14971,Rohan,Sharma,Male,54,Ahmedabad,Gujarat,West,Consumer,8/7/2025
14972,Pooja,Sen,Male,32,Kolkata,West Bengal,East,Corporate,11/16/2024
14973,Aditya,Sharma,Female,57,Bengaluru,Karnataka,South,Consumer,5/25/2023
14974,Ananya,Malhotra,Male,36,Kochi,Kerala,South,Small Business,5/19/2023
14975,Sneha,Ghosh,Male,58,Ahmedabad,Gujarat,West,Corporate,10/16/2023
14976,Sahil,Roy,Female,65,Chennai,Tamil Nadu,South,Consumer,3/16/2023
14977,Sahil,Bose,Female,54,Hyderabad,Telangana,South,Consumer,11/2/2023
14978,Rohan,Mehta,Male,40,Mumbai,Maharashtra,West,Consumer,12/8/2025
14979,Kavya,Das,Female,38,Patna,Bihar,East,Consumer,9/17/2023
14980,Riya,Singh,Female,36,Ludhiana,Punjab,North,Consumer,11/18/2024
14981,Tanya,Bose,Male,34,Ludhiana,Punjab,North,Consumer,11/21/2025
14982,Kavya,Gupta,Female,40,Mumbai,Maharashtra,West,Consumer,10/1/2023
14983,Arjun,Iyer,Female,41,Bengaluru,Karnataka,South,Consumer,1/21/2025
14984,Amit,Malhotra,Female,52,Mumbai,Maharashtra,West,Consumer,5/1/2024
14985,Ishita,Gupta,Other,60,Bengaluru,Karnataka,South,Consumer,11/5/2023
14986,Meera,Sharma,Female,60,Bengaluru,Karnataka,South,Corporate,10/23/2025
14987,Rahul,Das,Female,47,Ahmedabad,Gujarat,West,Consumer,12/10/2024
14988,Meera,Dutta,Female,65,Mumbai,Maharashtra,West,Small Business,4/18/2024
14989,Meera,Mehta,Male,60,Ludhiana,Punjab,North,Small Business,5/27/2025
14990,Priya,Sen,Male,41,Kolkata,West Bengal,East,Small Business,8/30/2025
14991,Aditya,Das,Female,37,Kolkata,West Bengal,East,Consumer,4/24/2025
14992,Karan,Nair,Female,40,Bhubaneswar,Odisha,East,Corporate,7/27/2025
14993,Rahul,Sharma,Male,19,Lucknow,Uttar Pradesh,North,Consumer,12/14/2023
14994,Tanya,Das,Male,33,Chennai,Tamil Nadu,South,Corporate,1/7/2024
14995,Ananya,Mehta,Male,36,Ahmedabad,Gujarat,West,Consumer,9/9/2023
14996,Rahul,Ghosh,Male,55,Mumbai,Maharashtra,West,Consumer,1/21/2025
14997,Vikram,Mehta,Male,30,Mumbai,Maharashtra,West,Small Business,5/17/2025
14998,Ishita,Dutta,Female,49,Hyderabad,Telangana,South,Consumer,12/14/2024
14999,Riya,Gupta,Male,33,Chennai,Tamil Nadu,South,Consumer,10/9/2024
15000,Nikhil,Mehta,Female,35,Ahmedabad,Gujarat,West,Consumer,4/12/2025
15001,Rahul,Sen,Female,21,Mumbai,Maharashtra,West,Consumer,7/15/2023
15002,Aarav,Khan,Other,42,Jaipur,Rajasthan,North,Corporate,1/31/2024
15003,Vikram,Singh,Female,22,Lucknow,Uttar Pradesh,North,Small Business,2/2/2025
15004,Nikhil,Jain,Male,27,Mumbai,Maharashtra,West,Consumer,2/26/2023
15005,Arjun,Chatterjee,Female,42,Kolkata,West Bengal,East,Consumer,9/10/2025
15006,Ishita,Chatterjee,Female,51,Hyderabad,Telangana,South,Consumer,7/4/2023
15007,Nikhil,Patel,Male,37,Lucknow,Uttar Pradesh,North,Consumer,4/29/2025
15008,Meera,Patel,Female,30,Jaipur,Rajasthan,North,Consumer,10/27/2024
15009,Ananya,Jain,Female,61,Lucknow,Uttar Pradesh,North,Corporate,7/4/2025
15010,Karan,Nair,Female,34,Chennai,Tamil Nadu,South,Consumer,4/17/2025
15011,Sahil,Sharma,Male,33,Mumbai,Maharashtra,West,Consumer,7/11/2024
15012,Pooja,Nair,Male,21,New Delhi,Delhi,North,Consumer,3/27/2025
15013,Pooja,Reddy,Female,34,Mumbai,Maharashtra,West,Consumer,1/10/2024
15014,Kavya,Jain,Male,28,Lucknow,Uttar Pradesh,North,Corporate,9/22/2024
15015,Ishita,Gupta,Male,34,Mumbai,Maharashtra,West,Consumer,9/15/2025
15016,Riya,Sen,Female,27,Bengaluru,Karnataka,South,Small Business,4/2/2023
15017,Karan,Jain,Female,27,New Delhi,Delhi,North,Consumer,1/20/2024
15018,Karan,Verma,Male,53,Hyderabad,Telangana,South,Small Business,1/19/2023
15019,Meera,Chatterjee,Male,40,Ahmedabad,Gujarat,West,Consumer,7/31/2024
15020,Nikhil,Reddy,Female,51,Hyderabad,Telangana,South,Consumer,4/24/2025
15021,Rohan,Verma,Female,45,Ludhiana,Punjab,North,Consumer,2/11/2023
15022,Tanya,Mehta,Male,43,Bhubaneswar,Odisha,East,Consumer,8/16/2024
15023,Arjun,Banerjee,Female,40,Kochi,Kerala,South,Consumer,3/24/2024
15024,Tanya,Iyer,Male,36,Ahmedabad,Gujarat,West,Consumer,4/25/2025
15025,Aarav,Das,Female,30,Ahmedabad,Gujarat,West,Consumer,8/26/2023
15026,Karan,Reddy,Female,60,Ahmedabad,Gujarat,West,Corporate,6/25/2023
15027,Pooja,Iyer,Female,37,Hyderabad,Telangana,South,Corporate,4/13/2023
15028,Karan,Roy,Female,60,Bengaluru,Karnataka,South,Corporate,3/16/2024
15029,Tanya,Mehta,Male,54,Ahmedabad,Gujarat,West,Corporate,6/10/2024
15030,Neha,Khan,Male,46,Kolkata,West Bengal,East,Small Business,9/19/2025
15031,Aarav,Bose,Female,58,Kolkata,West Bengal,East,Consumer,5/18/2024
15032,Karan,Jain,Male,49,Bhubaneswar,Odisha,East,Small Business,7/5/2023
15033,Priya,Khan,Female,57,Kolkata,West Bengal,East,Consumer,1/24/2025
15034,Karan,Chatterjee,Male,56,New Delhi,Delhi,North,Consumer,3/8/2023
15035,Sneha,Sharma,Male,49,Ahmedabad,Gujarat,West,Consumer,1/8/2024
15036,Arjun,Reddy,Female,52,Mumbai,Maharashtra,West,Consumer,12/6/2024
15037,Karan,Iyer,Male,57,Kochi,Kerala,South,Consumer,10/2/2023
15038,Riya,Nair,Female,28,Mumbai,Maharashtra,West,Consumer,10/4/2024
15039,Rohan,Ghosh,Male,60,Kochi,Kerala,South,Corporate,5/4/2024
15040,Karan,Sen,Male,42,Lucknow,Uttar Pradesh,North,Small Business,10/25/2025
15041,Meera,Nair,Male,23,Bengaluru,Karnataka,South,Consumer,11/7/2023
15042,Rohan,Khan,Male,25,Mumbai,Maharashtra,West,Consumer,9/5/2025
15043,Priya,Nair,Female,54,Bengaluru,Karnataka,South,Consumer,11/6/2024
15044,Rohan,Das,Male,56,Chennai,Tamil Nadu,South,Consumer,3/20/2025
15045,Neha,Patel,Male,49,Bengaluru,Karnataka,South,Consumer,7/2/2023
15046,Ananya,Dutta,Other,49,Bhopal,Madhya Pradesh,Central,Consumer,1/21/2023
15047,Vikram,Chatterjee,Male,59,Mumbai,Maharashtra,West,Corporate,2/28/2025
15048,Sahil,Patel,Male,64,Bhubaneswar,Odisha,East,Consumer,6/2/2024
15049,Riya,Roy,Female,57,Mumbai,Maharashtra,West,Consumer,11/30/2023
15050,Tanya,Iyer,Female,24,Bhopal,Madhya Pradesh,Central,Consumer,8/25/2025
15051,Vikram,Sharma,Male,56,Mumbai,Maharashtra,West,Consumer,12/19/2023
15052,Karan,Verma,Female,42,Hyderabad,Telangana,South,Consumer,4/13/2024
15053,Karan,Sen,Female,56,New Delhi,Delhi,North,Consumer,2/21/2025
15054,Nikhil,Patel,Male,52,Mumbai,Maharashtra,West,Small Business,11/5/2025
15055,Pooja,Gupta,Male,50,Patna,Bihar,East,Consumer,8/28/2025
15056,Meera,Gupta,Female,59,Bengaluru,Karnataka,South,Consumer,12/5/2024
15057,Priya,Das,Male,25,New Delhi,Delhi,North,Consumer,4/30/2023
15058,Rahul,Ghosh,Female,58,New Delhi,Delhi,North,Small Business,4/29/2023
15059,Karan,Gupta,Male,34,Ahmedabad,Gujarat,West,Consumer,1/18/2025
15060,Ananya,Sharma,Male,27,Kolkata,West Bengal,East,Corporate,7/4/2024
15061,Aarav,Sharma,Female,52,Mumbai,Maharashtra,West,Small Business,5/24/2023
15062,Rahul,Reddy,Other,65,Mumbai,Maharashtra,West,Small Business,1/21/2025
15063,Priya,Patel,Male,22,Bengaluru,Karnataka,South,Small Business,10/14/2025
15064,Riya,Dutta,Male,65,Mumbai,Maharashtra,West,Consumer,3/12/2023
15065,Amit,Singh,Female,34,Ludhiana,Punjab,North,Consumer,6/10/2025
15066,Neha,Das,Female,64,New Delhi,Delhi,North,Small Business,1/8/2024
15067,Rahul,Iyer,Male,20,Ahmedabad,Gujarat,West,Consumer,3/5/2024
15068,Priya,Malhotra,Male,47,Chennai,Tamil Nadu,South,Corporate,2/13/2025
15069,Nikhil,Das,Female,43,Bengaluru,Karnataka,South,Small Business,9/24/2023
15070,Nikhil,Sen,Male,57,New Delhi,Delhi,North,Consumer,6/19/2023
15071,Aarav,Jain,Male,40,Bengaluru,Karnataka,South,Corporate,11/6/2025
15072,Karan,Das,Male,21,Chennai,Tamil Nadu,South,Consumer,1/12/2024
15073,Rohan,Singh,Male,26,Hyderabad,Telangana,South,Consumer,7/3/2023
15074,Sneha,Sen,Female,30,New Delhi,Delhi,North,Consumer,1/15/2025
15075,Neha,Bose,Male,59,Bhopal,Madhya Pradesh,Central,Consumer,8/23/2023
15076,Tanya,Bose,Female,22,Mumbai,Maharashtra,West,Small Business,4/17/2025
15077,Neha,Chatterjee,Male,58,Hyderabad,Telangana,South,Small Business,3/18/2023
15078,Tanya,Nair,Male,42,Mumbai,Maharashtra,West,Consumer,7/13/2024
15079,Sahil,Sharma,Female,45,Chennai,Tamil Nadu,South,Corporate,3/11/2024
15080,Kavya,Roy,Female,64,Lucknow,Uttar Pradesh,North,Consumer,10/30/2025
15081,Kavya,Dutta,Male,54,Mumbai,Maharashtra,West,Consumer,7/16/2024
15082,Kavya,Chatterjee,Male,49,Ahmedabad,Gujarat,West,Small Business,9/26/2025
15083,Priya,Roy,Female,57,Chennai,Tamil Nadu,South,Small Business,9/26/2023
15084,Tanya,Chatterjee,Female,40,Kolkata,West Bengal,East,Consumer,5/26/2024
15085,Nikhil,Chatterjee,Female,62,Gurugram,Haryana,North,Consumer,5/28/2025
15086,Karan,Chatterjee,Female,56,Chennai,Tamil Nadu,South,Consumer,6/23/2023
15087,Amit,Reddy,Male,64,Patna,Bihar,East,Corporate,9/28/2025
15088,Meera,Iyer,Female,44,Chennai,Tamil Nadu,South,Consumer,4/14/2025
15089,Ananya,Das,Male,48,Gurugram,Haryana,North,Consumer,1/1/2025
15090,Riya,Bose,Male,39,Bengaluru,Karnataka,South,Corporate,9/20/2023
15091,Tanya,Sharma,Female,62,Chennai,Tamil Nadu,South,Consumer,6/2/2025
15092,Neha,Ghosh,Male,48,Lucknow,Uttar Pradesh,North,Consumer,6/29/2025
15093,Amit,Jain,Male,25,Chennai,Tamil Nadu,South,Consumer,11/13/2023
15094,Vikram,Patel,Male,42,Chennai,Tamil Nadu,South,Consumer,9/26/2024
15095,Vikram,Jain,Female,24,Bhopal,Madhya Pradesh,Central,Consumer,3/7/2023
15096,Arjun,Bose,Female,48,New Delhi,Delhi,North,Consumer,3/1/2024
15097,Priya,Nair,Female,51,Jaipur,Rajasthan,North,Consumer,6/12/2023
15098,Riya,Sen,Male,56,Ahmedabad,Gujarat,West,Consumer,8/23/2024
15099,Aditya,Roy,Male,25,Bhubaneswar,Odisha,East,Consumer,8/15/2024
15100,Arjun,Chatterjee,Female,40,Kochi,Kerala,South,Consumer,7/29/2024
15101,Sahil,Singh,Female,35,New Delhi,Delhi,North,Corporate,1/1/2025
15102,Priya,Nair,Female,37,Bengaluru,Karnataka,South,Corporate,9/25/2025
15103,Amit,Singh,Male,63,Kolkata,West Bengal,East,Corporate,8/1/2023
15104,Riya,Sen,Male,44,Ahmedabad,Gujarat,West,Consumer,8/20/2023
15105,Arjun,Iyer,Male,39,Bhubaneswar,Odisha,East,Corporate,8/21/2023
15106,Aditya,Singh,Female,61,Hyderabad,Telangana,South,Consumer,9/29/2025
15107,Kavya,Jain,Female,43,Mumbai,Maharashtra,West,Consumer,4/11/2023
15108,Sahil,Nair,Other,38,Bengaluru,Karnataka,South,Consumer,2/3/2023
15109,Vikram,Sharma,Male,43,New Delhi,Delhi,North,Corporate,6/23/2023
15110,Karan,Bose,Male,58,Bhubaneswar,Odisha,East,Consumer,4/10/2025
15111,Pooja,Chatterjee,Female,39,Mumbai,Maharashtra,West,Small Business,9/17/2024
15112,Pooja,Bose,Male,47,Ahmedabad,Gujarat,West,Consumer,9/20/2025
15113,Amit,Ghosh,Female,26,Lucknow,Uttar Pradesh,North,Consumer,8/9/2023
15114,Arjun,Ghosh,Female,18,Gurugram,Haryana,North,Consumer,3/1/2024
15115,Aditya,Khan,Male,21,Kolkata,West Bengal,East,Corporate,8/22/2024
15116,Sahil,Roy,Male,40,Ludhiana,Punjab,North,Consumer,3/20/2023
15117,Aditya,Roy,Male,52,Ahmedabad,Gujarat,West,Consumer,9/19/2025
15118,Aarav,Sen,Female,28,Lucknow,Uttar Pradesh,North,Consumer,5/19/2025
15119,Pooja,Gupta,Male,63,Kolkata,West Bengal,East,Consumer,6/5/2023
15120,Rohan,Jain,Male,25,New Delhi,Delhi,North,Corporate,6/29/2025
15121,Vikram,Iyer,Male,51,Ahmedabad,Gujarat,West,Corporate,4/29/2024
15122,Vikram,Verma,Female,29,Bengaluru,Karnataka,South,Consumer,12/30/2023
15123,Pooja,Chatterjee,Female,20,Hyderabad,Telangana,South,Consumer,10/18/2025
15124,Nikhil,Chatterjee,Female,52,New Delhi,Delhi,North,Corporate,7/14/2024
15125,Pooja,Dutta,Female,42,New Delhi,Delhi,North,Corporate,9/3/2023
15126,Tanya,Sen,Male,48,Kolkata,West Bengal,East,Small Business,5/24/2025
15127,Arjun,Roy,Male,63,Hyderabad,Telangana,South,Consumer,2/11/2025
15128,Kavya,Sharma,Female,43,Mumbai,Maharashtra,West,Small Business,7/27/2023
15129,Aditya,Singh,Female,58,Ludhiana,Punjab,North,Small Business,1/1/2025
15130,Amit,Ghosh,Female,41,Bhopal,Madhya Pradesh,Central,Consumer,11/10/2024
15131,Riya,Bose,Male,34,Bengaluru,Karnataka,South,Corporate,10/25/2023
15132,Vikram,Ghosh,Female,36,Mumbai,Maharashtra,West,Consumer,4/10/2024
15133,Arjun,Reddy,Male,34,Mumbai,Maharashtra,West,Consumer,6/25/2025
15134,Pooja,Ghosh,Female,60,Hyderabad,Telangana,South,Consumer,7/8/2023
15135,Rahul,Malhotra,Female,42,Kochi,Kerala,South,Consumer,2/19/2025
15136,Aarav,Gupta,Female,62,New Delhi,Delhi,North,Consumer,6/16/2025
15137,Riya,Sen,Female,30,Kolkata,West Bengal,East,Consumer,10/8/2025
15138,Priya,Bose,Female,54,Kolkata,West Bengal,East,Small Business,12/17/2023
15139,Tanya,Nair,Female,23,Mumbai,Maharashtra,West,Consumer,10/15/2023
15140,Tanya,Banerjee,Female,31,Bhubaneswar,Odisha,East,Consumer,10/6/2025
15141,Riya,Reddy,Male,19,Ahmedabad,Gujarat,West,Consumer,5/14/2024
15142,Tanya,Jain,Male,61,New Delhi,Delhi,North,Consumer,9/6/2024
15143,Neha,Gupta,Female,32,Bengaluru,Karnataka,South,Small Business,7/8/2024
15144,Rohan,Ghosh,Female,57,Ludhiana,Punjab,North,Consumer,7/9/2024
15145,Nikhil,Khan,Female,38,Bengaluru,Karnataka,South,Corporate,11/5/2024
15146,Rahul,Verma,Male,23,Bhubaneswar,Odisha,East,Consumer,4/2/2024
15147,Ananya,Bose,Male,34,Kochi,Kerala,South,Small Business,2/28/2024
15148,Rahul,Nair,Male,34,Hyderabad,Telangana,South,Consumer,3/8/2024
15149,Aarav,Sharma,Female,42,Kochi,Kerala,South,Small Business,12/9/2024
15150,Ishita,Mehta,Male,33,Bengaluru,Karnataka,South,Consumer,6/2/2025
15151,Aarav,Ghosh,Male,50,Jaipur,Rajasthan,North,Small Business,8/22/2024
15152,Rahul,Iyer,Male,53,Kolkata,West Bengal,East,Consumer,1/1/2025
15153,Sneha,Gupta,Male,25,Hyderabad,Telangana,South,Small Business,3/22/2024
15154,Karan,Ghosh,Male,43,Mumbai,Maharashtra,West,Consumer,4/15/2025
15155,Meera,Dutta,Female,45,Kolkata,West Bengal,East,Consumer,3/1/2024
15156,Riya,Das,Male,30,Kolkata,West Bengal,East,Consumer,3/30/2024
15157,Karan,Ghosh,Male,55,Bengaluru,Karnataka,South,Consumer,3/1/2023
15158,Aarav,Dutta,Male,29,Ahmedabad,Gujarat,West,Consumer,10/10/2023
15159,Tanya,Verma,Male,59,Hyderabad,Telangana,South,Consumer,3/8/2025
15160,Priya,Sen,Female,39,Bengaluru,Karnataka,South,Small Business,4/4/2023
15161,Meera,Roy,Female,35,Bhopal,Madhya Pradesh,Central,Consumer,8/30/2023
15162,Kavya,Roy,Female,49,Gurugram,Haryana,North,Consumer,4/18/2025
15163,Rohan,Khan,Female,47,Mumbai,Maharashtra,West,Corporate,8/1/2025
15164,Rohan,Jain,Male,42,Chennai,Tamil Nadu,South,Corporate,3/24/2024
15165,Rohan,Singh,Female,50,Ahmedabad,Gujarat,West,Consumer,3/15/2024
15166,Ishita,Roy,Male,30,Lucknow,Uttar Pradesh,North,Consumer,7/3/2024
15167,Aditya,Reddy,Female,56,Chennai,Tamil Nadu,South,Consumer,4/11/2025
15168,Pooja,Reddy,Female,47,Lucknow,Uttar Pradesh,North,Corporate,5/21/2024
15169,Ishita,Roy,Male,28,Mumbai,Maharashtra,West,Consumer,7/7/2023
15170,Kavya,Verma,Male,65,Bengaluru,Karnataka,South,Consumer,4/10/2024
15171,Ishita,Verma,Male,59,Lucknow,Uttar Pradesh,North,Corporate,10/3/2023
15172,Rohan,Gupta,Male,26,Ahmedabad,Gujarat,West,Consumer,1/8/2025
15173,Rohan,Singh,Female,55,Bhubaneswar,Odisha,East,Small Business,6/4/2023
15174,Amit,Das,Other,43,Kolkata,West Bengal,East,Corporate,10/19/2024
15175,Aarav,Ghosh,Male,54,Mumbai,Maharashtra,West,Small Business,5/21/2023
15176,Priya,Sharma,Female,36,Kolkata,West Bengal,East,Consumer,11/15/2025
15177,Rohan,Ghosh,Female,29,Mumbai,Maharashtra,West,Consumer,11/22/2024
15178,Karan,Das,Male,28,Kolkata,West Bengal,East,Consumer,5/31/2023
15179,Aarav,Singh,Male,21,New Delhi,Delhi,North,Consumer,11/1/2025
15180,Ishita,Sharma,Male,60,New Delhi,Delhi,North,Consumer,9/11/2024
15181,Pooja,Khan,Female,33,Jaipur,Rajasthan,North,Consumer,10/17/2024
15182,Nikhil,Sen,Male,63,Chennai,Tamil Nadu,South,Consumer,3/10/2023
15183,Aditya,Sen,Male,28,Kolkata,West Bengal,East,Consumer,7/22/2023
15184,Tanya,Sen,Male,34,Jaipur,Rajasthan,North,Consumer,5/22/2025
15185,Karan,Dutta,Female,60,Kolkata,West Bengal,East,Consumer,5/20/2024
15186,Kavya,Verma,Female,34,Kochi,Kerala,South,Corporate,10/27/2024
15187,Rahul,Bose,Male,54,Kolkata,West Bengal,East,Consumer,12/2/2025
15188,Nikhil,Roy,Female,22,New Delhi,Delhi,North,Corporate,4/7/2024
15189,Priya,Banerjee,Female,63,Kochi,Kerala,South,Corporate,2/16/2024
15190,Aarav,Das,Male,47,New Delhi,Delhi,North,Corporate,5/16/2025
15191,Riya,Gupta,Male,54,Ahmedabad,Gujarat,West,Small Business,3/13/2023
15192,Pooja,Das,Male,19,Jaipur,Rajasthan,North,Small Business,5/6/2024
15193,Karan,Sharma,Male,64,Mumbai,Maharashtra,West,Consumer,7/12/2025
15194,Ananya,Singh,Female,41,Jaipur,Rajasthan,North,Consumer,9/4/2023
15195,Meera,Singh,Female,28,Kochi,Kerala,South,Corporate,11/25/2023
15196,Priya,Sen,Female,25,Bhopal,Madhya Pradesh,Central,Corporate,5/25/2024
15197,Karan,Chatterjee,Male,22,Hyderabad,Telangana,South,Consumer,3/22/2023
15198,Vikram,Patel,Female,50,Chennai,Tamil Nadu,South,Small Business,3/18/2023
15199,Neha,Ghosh,Male,28,Lucknow,Uttar Pradesh,North,Small Business,9/29/2023
15200,Amit,Khan,Male,62,New Delhi,Delhi,North,Small Business,8/27/2025
15201,Nikhil,Verma,Male,28,Bengaluru,Karnataka,South,Consumer,8/28/2023
15202,Amit,Dutta,Female,22,Mumbai,Maharashtra,West,Consumer,2/28/2025
15203,Nikhil,Banerjee,Female,58,Mumbai,Maharashtra,West,Consumer,4/5/2024
15204,Meera,Gupta,Female,55,Hyderabad,Telangana,South,Consumer,4/1/2025
15205,Sneha,Roy,Female,42,Mumbai,Maharashtra,West,Consumer,12/23/2023
15206,Neha,Singh,Male,57,Kolkata,West Bengal,East,Consumer,8/2/2025
15207,Ananya,Bose,Male,52,Kolkata,West Bengal,East,Small Business,2/5/2024
15208,Nikhil,Nair,Female,26,Ludhiana,Punjab,North,Consumer,5/4/2025
15209,Tanya,Gupta,Female,37,Kolkata,West Bengal,East,Consumer,6/16/2025
15210,Meera,Banerjee,Female,62,Kolkata,West Bengal,East,Consumer,4/11/2024
15211,Amit,Iyer,Male,50,Hyderabad,Telangana,South,Small Business,12/21/2024
15212,Sahil,Sharma,Female,47,Bengaluru,Karnataka,South,Small Business,5/9/2023
15213,Kavya,Dutta,Male,26,Gurugram,Haryana,North,Consumer,6/20/2024
15214,Rahul,Jain,Male,43,Ludhiana,Punjab,North,Consumer,2/8/2024
15215,Priya,Iyer,Male,25,Chennai,Tamil Nadu,South,Consumer,10/27/2025
15216,Vikram,Chatterjee,Male,50,Hyderabad,Telangana,South,Consumer,10/5/2025
15217,Aditya,Patel,Female,28,Chennai,Tamil Nadu,South,Corporate,4/26/2025
15218,Amit,Reddy,Female,31,Kolkata,West Bengal,East,Small Business,10/22/2025
15219,Amit,Ghosh,Male,45,Bengaluru,Karnataka,South,Consumer,11/19/2025
15220,Tanya,Dutta,Male,19,Mumbai,Maharashtra,West,Consumer,4/9/2025
15221,Kavya,Malhotra,Female,51,Kolkata,West Bengal,East,Consumer,10/3/2024
15222,Arjun,Mehta,Male,39,New Delhi,Delhi,North,Consumer,8/9/2023
15223,Rohan,Gupta,Male,42,Kolkata,West Bengal,East,Consumer,5/30/2025
15224,Rohan,Nair,Male,53,Kolkata,West Bengal,East,Consumer,7/30/2023
15225,Karan,Iyer,Female,54,Hyderabad,Telangana,South,Small Business,7/20/2023
15226,Rohan,Verma,Other,62,Hyderabad,Telangana,South,Consumer,8/8/2025
15227,Tanya,Chatterjee,Male,26,Mumbai,Maharashtra,West,Consumer,5/4/2023
15228,Priya,Malhotra,Female,38,Kolkata,West Bengal,East,Consumer,6/3/2023
15229,Aditya,Singh,Female,22,Mumbai,Maharashtra,West,Corporate,7/5/2024
15230,Sahil,Mehta,Male,30,Mumbai,Maharashtra,West,Corporate,9/22/2024
15231,Sneha,Jain,Female,44,Patna,Bihar,East,Small Business,2/19/2023
15232,Arjun,Sen,Female,24,Ludhiana,Punjab,North,Consumer,2/13/2024
15233,Rohan,Sen,Female,39,Chennai,Tamil Nadu,South,Consumer,9/1/2023
15234,Sneha,Sharma,Female,62,Chennai,Tamil Nadu,South,Corporate,11/23/2023
15235,Karan,Sen,Male,21,Lucknow,Uttar Pradesh,North,Small Business,7/15/2023
15236,Amit,Mehta,Female,29,Ahmedabad,Gujarat,West,Consumer,1/1/2025
15237,Vikram,Reddy,Female,31,Mumbai,Maharashtra,West,Consumer,5/25/2024
15238,Aditya,Iyer,Male,61,Kolkata,West Bengal,East,Consumer,11/2/2025
15239,Vikram,Gupta,Female,53,Hyderabad,Telangana,South,Consumer,1/9/2023
15240,Aarav,Bose,Female,26,New Delhi,Delhi,North,Consumer,4/19/2025
15241,Ananya,Singh,Female,51,Mumbai,Maharashtra,West,Consumer,9/9/2025
15242,Karan,Singh,Female,18,Bengaluru,Karnataka,South,Consumer,6/9/2024
15243,Meera,Iyer,Male,56,Bengaluru,Karnataka,South,Consumer,1/25/2025
15244,Vikram,Bose,Male,28,Bengaluru,Karnataka,South,Consumer,4/20/2024
15245,Riya,Roy,Male,52,Hyderabad,Telangana,South,Consumer,10/4/2024
15246,Tanya,Sharma,Female,41,Jaipur,Rajasthan,North,Consumer,9/7/2025
15247,Rohan,Chatterjee,Female,53,New Delhi,Delhi,North,Consumer,7/26/2024
15248,Amit,Mehta,Female,34,Mumbai,Maharashtra,West,Consumer,9/16/2024
15249,Meera,Nair,Male,43,Kolkata,West Bengal,East,Consumer,12/1/2025
15250,Tanya,Khan,Female,61,Bhubaneswar,Odisha,East,Consumer,6/20/2024
15251,Aarav,Patel,Female,56,Hyderabad,Telangana,South,Consumer,7/7/2023
15252,Ananya,Sen,Female,44,Kolkata,West Bengal,East,Consumer,1/7/2025
15253,Karan,Banerjee,Female,62,Bengaluru,Karnataka,South,Consumer,1/18/2025
15254,Kavya,Verma,Male,23,Patna,Bihar,East,Corporate,9/14/2023
15255,Sahil,Malhotra,Male,51,Lucknow,Uttar Pradesh,North,Corporate,2/26/2025
15256,Neha,Roy,Male,48,Kochi,Kerala,South,Consumer,3/10/2023
15257,Ananya,Sen,Male,30,Ahmedabad,Gujarat,West,Consumer,12/12/2023
15258,Amit,Singh,Male,36,Hyderabad,Telangana,South,Consumer,7/12/2025
15259,Pooja,Mehta,Female,37,Hyderabad,Telangana,South,Small Business,10/28/2024
15260,Ishita,Bose,Male,50,Mumbai,Maharashtra,West,Consumer,10/17/2024
15261,Karan,Malhotra,Male,47,Jaipur,Rajasthan,North,Consumer,11/1/2024
15262,Rahul,Roy,Male,55,Ahmedabad,Gujarat,West,Consumer,6/28/2023
15263,Sahil,Verma,Female,49,Mumbai,Maharashtra,West,Consumer,11/4/2025
15264,Arjun,Chatterjee,Female,65,Kochi,Kerala,South,Consumer,11/18/2023
15265,Sahil,Sharma,Male,57,Chennai,Tamil Nadu,South,Consumer,4/29/2025
15266,Sahil,Chatterjee,Female,45,Kolkata,West Bengal,East,Consumer,12/5/2025
15267,Pooja,Patel,Female,18,Bengaluru,Karnataka,South,Consumer,9/18/2023
15268,Sahil,Sharma,Female,35,Kochi,Kerala,South,Consumer,11/16/2024
15269,Nikhil,Patel,Female,24,Ludhiana,Punjab,North,Small Business,2/15/2023
15270,Ananya,Malhotra,Female,38,Hyderabad,Telangana,South,Consumer,11/18/2024
15271,Vikram,Nair,Female,65,Gurugram,Haryana,North,Consumer,4/21/2024
15272,Karan,Jain,Male,37,Kochi,Kerala,South,Consumer,3/19/2023
15273,Nikhil,Nair,Female,57,Bhubaneswar,Odisha,East,Consumer,12/26/2024
15274,Amit,Jain,Male,39,Bhubaneswar,Odisha,East,Corporate,11/12/2025
15275,Neha,Banerjee,Male,45,Chennai,Tamil Nadu,South,Consumer,3/31/2023
15276,Neha,Bose,Female,19,Lucknow,Uttar Pradesh,North,Consumer,8/22/2025
15277,Aarav,Das,Female,51,New Delhi,Delhi,North,Corporate,6/30/2025
15278,Rohan,Mehta,Female,29,Lucknow,Uttar Pradesh,North,Corporate,8/14/2024
15279,Aditya,Jain,Female,40,Mumbai,Maharashtra,West,Corporate,8/31/2025
15280,Meera,Reddy,Female,65,Lucknow,Uttar Pradesh,North,Consumer,12/1/2023
15281,Meera,Khan,Female,28,Gurugram,Haryana,North,Consumer,2/16/2025
15282,Karan,Singh,Female,62,Bengaluru,Karnataka,South,Small Business,1/23/2025
15283,Aarav,Chatterjee,Male,57,Bhopal,Madhya Pradesh,Central,Consumer,9/18/2024
15284,Amit,Das,Male,20,Chennai,Tamil Nadu,South,Small Business,6/19/2025
15285,Ishita,Jain,Male,35,Mumbai,Maharashtra,West,Consumer,8/4/2025
15286,Pooja,Chatterjee,Female,65,Kolkata,West Bengal,East,Corporate,4/29/2025
15287,Aditya,Nair,Female,39,Patna,Bihar,East,Consumer,9/27/2024
15288,Amit,Gupta,Female,56,New Delhi,Delhi,North,Small Business,11/21/2025
15289,Rahul,Patel,Male,62,Bengaluru,Karnataka,South,Small Business,8/23/2024
15290,Aarav,Ghosh,Female,18,Ahmedabad,Gujarat,West,Corporate,11/18/2024
15291,Rahul,Khan,Female,53,Bengaluru,Karnataka,South,Small Business,7/23/2023
15292,Nikhil,Khan,Female,61,Hyderabad,Telangana,South,Corporate,12/13/2023
15293,Riya,Singh,Male,45,Kochi,Kerala,South,Consumer,9/4/2025
15294,Priya,Sen,Female,64,Jaipur,Rajasthan,North,Consumer,6/21/2024
15295,Rohan,Bose,Female,51,Lucknow,Uttar Pradesh,North,Corporate,7/6/2024
15296,Sahil,Malhotra,Female,48,Ahmedabad,Gujarat,West,Corporate,5/31/2025
15297,Sneha,Sen,Male,23,Bhopal,Madhya Pradesh,Central,Consumer,12/19/2023
15298,Meera,Patel,Male,55,Bengaluru,Karnataka,South,Consumer,10/14/2023
15299,Tanya,Sharma,Male,59,Bengaluru,Karnataka,South,Small Business,1/10/2023
15300,Pooja,Singh,Female,33,Kolkata,West Bengal,East,Consumer,9/7/2023
15301,Rohan,Sharma,Female,25,New Delhi,Delhi,North,Corporate,7/7/2024
15302,Neha,Nair,Female,45,Ahmedabad,Gujarat,West,Consumer,2/21/2025
15303,Pooja,Ghosh,Female,63,Lucknow,Uttar Pradesh,North,Corporate,12/22/2023
15304,Aarav,Jain,Male,53,Bengaluru,Karnataka,South,Consumer,4/24/2024
15305,Sahil,Sen,Male,56,Kolkata,West Bengal,East,Consumer,8/28/2023
15306,Aditya,Bose,Female,44,Ahmedabad,Gujarat,West,Consumer,5/31/2025
15307,Sahil,Singh,Female,38,Bhopal,Madhya Pradesh,Central,Consumer,7/20/2024
15308,Karan,Roy,Female,32,Bengaluru,Karnataka,South,Corporate,6/5/2023
15309,Meera,Dutta,Female,56,Mumbai,Maharashtra,West,Consumer,10/20/2024
15310,Riya,Malhotra,Female,49,Bengaluru,Karnataka,South,Consumer,12/29/2023
15311,Arjun,Mehta,Female,53,Hyderabad,Telangana,South,Consumer,7/23/2025
15312,Aarav,Ghosh,Female,58,Bengaluru,Karnataka,South,Consumer,10/17/2023
15313,Meera,Chatterjee,Male,65,Chennai,Tamil Nadu,South,Small Business,7/22/2025
15314,Tanya,Bose,Male,58,Ahmedabad,Gujarat,West,Corporate,1/23/2025
15315,Tanya,Roy,Female,39,Chennai,Tamil Nadu,South,Consumer,5/27/2023
15316,Rohan,Das,Male,24,Chennai,Tamil Nadu,South,Consumer,3/31/2025
15317,Priya,Singh,Male,44,Kolkata,West Bengal,East,Corporate,2/17/2025
15318,Rohan,Khan,Male,39,Ludhiana,Punjab,North,Consumer,5/7/2024
15319,Sahil,Roy,Female,62,Chennai,Tamil Nadu,South,Consumer,6/23/2023
15320,Priya,Iyer,Male,19,Bengaluru,Karnataka,South,Small Business,5/31/2024
15321,Vikram,Patel,Female,59,Kolkata,West Bengal,East,Small Business,10/19/2024
15322,Karan,Mehta,Female,48,Ahmedabad,Gujarat,West,Consumer,5/23/2023
15323,Sneha,Chatterjee,Female,21,Kochi,Kerala,South,Consumer,1/4/2024
15324,Ishita,Das,Male,29,Kolkata,West Bengal,East,Consumer,1/27/2025
15325,Pooja,Gupta,Female,20,Mumbai,Maharashtra,West,Small Business,8/20/2024
15326,Kavya,Iyer,Female,62,Mumbai,Maharashtra,West,Consumer,12/7/2025
15327,Ananya,Das,Male,48,Ahmedabad,Gujarat,West,Consumer,8/23/2023
15328,Vikram,Nair,Female,47,Ludhiana,Punjab,North,Consumer,4/20/2025
15329,Ananya,Jain,Male,42,Hyderabad,Telangana,South,Consumer,4/4/2024
15330,Arjun,Khan,Female,37,Chennai,Tamil Nadu,South,Consumer,8/29/2023
15331,Karan,Sharma,Female,26,Lucknow,Uttar Pradesh,North,Small Business,10/24/2025
15332,Ishita,Iyer,Female,53,Lucknow,Uttar Pradesh,North,Consumer,11/3/2024
15333,Priya,Malhotra,Female,24,Bengaluru,Karnataka,South,Consumer,8/1/2024
15334,Riya,Gupta,Male,27,Mumbai,Maharashtra,West,Consumer,11/15/2023
15335,Nikhil,Bose,Female,64,Chennai,Tamil Nadu,South,Consumer,8/9/2025
15336,Sahil,Malhotra,Female,22,Lucknow,Uttar Pradesh,North,Consumer,2/2/2023
15337,Nikhil,Gupta,Male,63,Jaipur,Rajasthan,North,Consumer,5/5/2023
15338,Aarav,Mehta,Female,22,Jaipur,Rajasthan,North,Consumer,7/14/2023
15339,Arjun,Sharma,Female,41,Bhubaneswar,Odisha,East,Consumer,12/6/2024
15340,Rahul,Mehta,Male,45,Bengaluru,Karnataka,South,Consumer,4/21/2023
15341,Aarav,Malhotra,Female,23,Bengaluru,Karnataka,South,Consumer,5/10/2025
15342,Ishita,Dutta,Male,60,Kolkata,West Bengal,East,Small Business,7/31/2023
15343,Karan,Singh,Male,63,Kochi,Kerala,South,Small Business,12/31/2024
15344,Ananya,Nair,Male,28,Ahmedabad,Gujarat,West,Consumer,5/9/2025
15345,Sneha,Das,Male,28,Bengaluru,Karnataka,South,Consumer,8/6/2025
15346,Vikram,Gupta,Male,54,Kolkata,West Bengal,East,Corporate,11/13/2023
15347,Rohan,Bose,Male,35,Lucknow,Uttar Pradesh,North,Consumer,3/22/2023
15348,Ishita,Ghosh,Female,19,Lucknow,Uttar Pradesh,North,Corporate,3/28/2025
15349,Neha,Khan,Female,54,Jaipur,Rajasthan,North,Consumer,4/29/2024
15350,Tanya,Reddy,Female,34,Mumbai,Maharashtra,West,Consumer,10/21/2025
15351,Rohan,Jain,Male,37,Ludhiana,Punjab,North,Consumer,7/23/2023
15352,Riya,Sharma,Male,49,Lucknow,Uttar Pradesh,North,Small Business,9/12/2024
15353,Meera,Das,Female,45,Jaipur,Rajasthan,North,Consumer,5/9/2023
15354,Neha,Ghosh,Male,57,Jaipur,Rajasthan,North,Corporate,6/8/2024
15355,Ishita,Malhotra,Male,56,Ludhiana,Punjab,North,Corporate,1/2/2023
15356,Amit,Singh,Other,63,Ludhiana,Punjab,North,Consumer,3/21/2025
15357,Tanya,Iyer,Male,62,Ahmedabad,Gujarat,West,Consumer,10/15/2024
15358,Aarav,Bose,Male,48,Chennai,Tamil Nadu,South,Consumer,4/15/2023
15359,Meera,Malhotra,Female,44,Chennai,Tamil Nadu,South,Consumer,6/23/2024
15360,Karan,Ghosh,Male,40,Patna,Bihar,East,Consumer,4/7/2024
15361,Neha,Reddy,Female,49,Ahmedabad,Gujarat,West,Consumer,12/28/2024
15362,Meera,Dutta,Male,20,Kolkata,West Bengal,East,Small Business,6/22/2024
15363,Rohan,Bose,Male,37,Mumbai,Maharashtra,West,Corporate,5/10/2024
15364,Kavya,Nair,Male,31,Ludhiana,Punjab,North,Consumer,6/16/2025
15365,Neha,Reddy,Male,44,Kochi,Kerala,South,Corporate,7/14/2024
15366,Nikhil,Sharma,Female,62,Gurugram,Haryana,North,Corporate,5/29/2025
15367,Ishita,Das,Female,41,Hyderabad,Telangana,South,Corporate,8/14/2025
15368,Amit,Iyer,Female,45,Patna,Bihar,East,Consumer,7/5/2025
15369,Ishita,Nair,Male,37,Bhubaneswar,Odisha,East,Consumer,10/28/2025
15370,Sneha,Dutta,Female,34,Bengaluru,Karnataka,South,Consumer,1/23/2025
15371,Sneha,Nair,Female,50,Mumbai,Maharashtra,West,Consumer,8/29/2024
15372,Nikhil,Roy,Male,29,Bhopal,Madhya Pradesh,Central,Consumer,7/27/2024
15373,Sahil,Dutta,Male,60,Kolkata,West Bengal,East,Consumer,8/9/2023
15374,Rahul,Das,Male,23,Ahmedabad,Gujarat,West,Small Business,6/13/2025
15375,Meera,Das,Male,28,Jaipur,Rajasthan,North,Small Business,1/18/2025
15376,Neha,Chatterjee,Male,54,Jaipur,Rajasthan,North,Consumer,8/1/2025
15377,Aarav,Reddy,Male,21,Bengaluru,Karnataka,South,Consumer,1/27/2025
15378,Kavya,Iyer,Female,37,Lucknow,Uttar Pradesh,North,Consumer,6/2/2024
15379,Ananya,Patel,Male,36,Mumbai,Maharashtra,West,Small Business,11/15/2023
15380,Meera,Sharma,Male,62,Bhubaneswar,Odisha,East,Consumer,11/30/2025
15381,Ishita,Reddy,Female,25,Mumbai,Maharashtra,West,Corporate,3/3/2025
15382,Nikhil,Gupta,Female,39,Jaipur,Rajasthan,North,Corporate,8/2/2025
15383,Ishita,Ghosh,Male,40,Patna,Bihar,East,Consumer,9/23/2024
15384,Riya,Sen,Male,57,Mumbai,Maharashtra,West,Corporate,7/5/2024
15385,Kavya,Roy,Female,43,Mumbai,Maharashtra,West,Consumer,2/7/2023
15386,Amit,Nair,Female,24,Lucknow,Uttar Pradesh,North,Consumer,3/16/2023
15387,Rohan,Chatterjee,Female,59,Kolkata,West Bengal,East,Small Business,2/2/2025
15388,Rahul,Banerjee,Female,25,Mumbai,Maharashtra,West,Consumer,8/31/2023
15389,Meera,Iyer,Female,51,Hyderabad,Telangana,South,Consumer,3/30/2023
15390,Kavya,Banerjee,Female,31,Gurugram,Haryana,North,Consumer,4/18/2025
15391,Priya,Mehta,Female,23,New Delhi,Delhi,North,Consumer,11/1/2024
15392,Amit,Bose,Female,27,Chennai,Tamil Nadu,South,Consumer,5/1/2023
15393,Rahul,Chatterjee,Male,63,Bhopal,Madhya Pradesh,Central,Consumer,6/23/2024
15394,Ananya,Gupta,Male,64,Hyderabad,Telangana,South,Consumer,5/22/2024
15395,Pooja,Roy,Male,46,Hyderabad,Telangana,South,Consumer,1/5/2023
15396,Sahil,Nair,Female,56,Chennai,Tamil Nadu,South,Consumer,10/15/2024
15397,Nikhil,Ghosh,Male,61,Bengaluru,Karnataka,South,Consumer,3/4/2024
15398,Ishita,Khan,Female,34,Bengaluru,Karnataka,South,Consumer,8/6/2025
15399,Aarav,Bose,Male,54,Jaipur,Rajasthan,North,Corporate,5/5/2023
15400,Vikram,Verma,Female,42,Kolkata,West Bengal,East,Consumer,7/3/2025
15401,Pooja,Sen,Male,26,Jaipur,Rajasthan,North,Consumer,1/7/2023
15402,Tanya,Mehta,Female,43,Mumbai,Maharashtra,West,Corporate,4/5/2025
15403,Aarav,Singh,Male,20,Chennai,Tamil Nadu,South,Consumer,4/25/2025
15404,Pooja,Nair,Female,47,Mumbai,Maharashtra,West,Consumer,3/16/2024
15405,Vikram,Malhotra,Female,30,New Delhi,Delhi,North,Consumer,10/30/2023
15406,Neha,Dutta,Male,22,Lucknow,Uttar Pradesh,North,Consumer,6/3/2023
15407,Riya,Verma,Female,51,Chennai,Tamil Nadu,South,Consumer,1/3/2024
15408,Arjun,Gupta,Female,34,Mumbai,Maharashtra,West,Corporate,12/24/2024
15409,Karan,Banerjee,Female,39,Mumbai,Maharashtra,West,Consumer,2/21/2025
15410,Ananya,Patel,Female,22,Patna,Bihar,East,Corporate,7/15/2023
15411,Karan,Nair,Male,21,Bengaluru,Karnataka,South,Corporate,1/13/2023
15412,Arjun,Verma,Female,62,Lucknow,Uttar Pradesh,North,Consumer,8/29/2024
15413,Sahil,Patel,Female,46,Bengaluru,Karnataka,South,Corporate,9/19/2024
15414,Rohan,Iyer,Female,37,Mumbai,Maharashtra,West,Consumer,11/25/2025
15415,Ishita,Chatterjee,Female,49,Lucknow,Uttar Pradesh,North,Small Business,4/2/2025
15416,Rohan,Roy,Female,52,Hyderabad,Telangana,South,Corporate,8/17/2024
15417,Aditya,Verma,Female,23,Kolkata,West Bengal,East,Consumer,10/1/2024
15418,Vikram,Malhotra,Female,62,Gurugram,Haryana,North,Consumer,11/28/2024
15419,Karan,Chatterjee,Male,49,Mumbai,Maharashtra,West,Consumer,5/2/2024
15420,Pooja,Jain,Female,32,Chennai,Tamil Nadu,South,Corporate,1/1/2025
15421,Tanya,Verma,Male,30,Chennai,Tamil Nadu,South,Consumer,7/31/2023
15422,Ananya,Banerjee,Female,22,Hyderabad,Telangana,South,Corporate,6/15/2025
15423,Meera,Banerjee,Female,30,Patna,Bihar,East,Consumer,7/19/2025
15424,Karan,Banerjee,Male,34,Kolkata,West Bengal,East,Small Business,4/14/2024
15425,Rohan,Patel,Male,28,Gurugram,Haryana,North,Consumer,5/8/2024
15426,Nikhil,Sharma,Male,50,Ahmedabad,Gujarat,West,Consumer,6/21/2024
15427,Amit,Bose,Female,30,Gurugram,Haryana,North,Consumer,6/1/2025
15428,Ananya,Iyer,Male,41,Patna,Bihar,East,Small Business,7/10/2023
15429,Ananya,Iyer,Male,44,Ludhiana,Punjab,North,Corporate,1/4/2024
15430,Pooja,Mehta,Male,21,Ahmedabad,Gujarat,West,Consumer,10/25/2024
15431,Amit,Verma,Male,26,Chennai,Tamil Nadu,South,Small Business,1/18/2025
15432,Arjun,Malhotra,Male,21,Hyderabad,Telangana,South,Consumer,11/16/2023
15433,Karan,Banerjee,Male,51,Jaipur,Rajasthan,North,Consumer,5/7/2023
15434,Vikram,Iyer,Female,51,Hyderabad,Telangana,South,Consumer,7/2/2024
15435,Tanya,Iyer,Female,24,Lucknow,Uttar Pradesh,North,Consumer,11/20/2024
15436,Amit,Singh,Female,53,Kolkata,West Bengal,East,Consumer,4/7/2025
15437,Nikhil,Singh,Male,56,Bhubaneswar,Odisha,East,Consumer,1/4/2023
15438,Arjun,Singh,Male,23,Mumbai,Maharashtra,West,Consumer,1/19/2023
15439,Kavya,Gupta,Male,23,Gurugram,Haryana,North,Consumer,2/22/2024
15440,Rohan,Singh,Female,56,Mumbai,Maharashtra,West,Consumer,9/1/2024
15441,Neha,Roy,Male,32,Mumbai,Maharashtra,West,Consumer,1/4/2023
15442,Meera,Dutta,Male,34,Patna,Bihar,East,Consumer,7/7/2023
15443,Meera,Khan,Female,46,Patna,Bihar,East,Consumer,3/28/2024
15444,Rahul,Jain,Male,21,Lucknow,Uttar Pradesh,North,Consumer,10/29/2023
15445,Rahul,Khan,Female,39,Gurugram,Haryana,North,Consumer,2/6/2025
15446,Amit,Bose,Female,34,Bengaluru,Karnataka,South,Corporate,2/7/2023
15447,Meera,Jain,Female,57,Bhubaneswar,Odisha,East,Consumer,8/17/2025
15448,Karan,Bose,Male,53,Chennai,Tamil Nadu,South,Consumer,7/3/2023
15449,Riya,Gupta,Male,31,New Delhi,Delhi,North,Small Business,4/20/2024
15450,Ananya,Das,Female,49,Hyderabad,Telangana,South,Corporate,12/1/2025
15451,Amit,Sen,Male,37,Kolkata,West Bengal,East,Consumer,12/16/2024
15452,Amit,Chatterjee,Male,41,New Delhi,Delhi,North,Small Business,12/14/2025
15453,Meera,Nair,Male,53,Lucknow,Uttar Pradesh,North,Consumer,1/22/2023
15454,Vikram,Chatterjee,Male,31,Mumbai,Maharashtra,West,Consumer,2/16/2025
15455,Aditya,Reddy,Male,45,Gurugram,Haryana,North,Corporate,3/23/2023
15456,Aarav,Roy,Female,38,New Delhi,Delhi,North,Consumer,10/22/2024
15457,Kavya,Verma,Female,49,Mumbai,Maharashtra,West,Small Business,12/19/2023
15458,Nikhil,Banerjee,Male,36,Ahmedabad,Gujarat,West,Consumer,4/19/2025
15459,Arjun,Patel,Female,62,Mumbai,Maharashtra,West,Consumer,5/15/2023
15460,Ishita,Nair,Other,36,Kolkata,West Bengal,East,Consumer,8/26/2025
15461,Sneha,Sharma,Male,23,Jaipur,Rajasthan,North,Corporate,6/3/2024
15462,Amit,Malhotra,Female,41,Kolkata,West Bengal,East,Consumer,7/14/2024
15463,Kavya,Das,Male,29,Kolkata,West Bengal,East,Consumer,9/8/2024
15464,Rahul,Patel,Female,39,Lucknow,Uttar Pradesh,North,Small Business,2/8/2023
15465,Tanya,Singh,Male,62,Kolkata,West Bengal,East,Consumer,12/2/2023
15466,Aarav,Malhotra,Male,22,Patna,Bihar,East,Consumer,2/5/2025
15467,Kavya,Malhotra,Female,20,Patna,Bihar,East,Consumer,11/3/2025
15468,Amit,Dutta,Female,31,Mumbai,Maharashtra,West,Consumer,11/29/2025
15469,Ananya,Bose,Male,38,New Delhi,Delhi,North,Consumer,8/1/2024
15470,Pooja,Dutta,Female,24,Kolkata,West Bengal,East,Consumer,10/6/2023
15471,Priya,Banerjee,Female,51,Ahmedabad,Gujarat,West,Consumer,5/30/2024
15472,Priya,Sharma,Male,46,Kolkata,West Bengal,East,Consumer,5/15/2024
15473,Riya,Verma,Male,51,Gurugram,Haryana,North,Corporate,3/5/2024
15474,Amit,Roy,Male,38,Mumbai,Maharashtra,West,Consumer,1/26/2024
15475,Sahil,Roy,Female,62,Jaipur,Rajasthan,North,Consumer,7/26/2025
15476,Vikram,Nair,Male,50,Mumbai,Maharashtra,West,Consumer,2/26/2024
15477,Kavya,Singh,Male,62,Mumbai,Maharashtra,West,Small Business,2/1/2023
15478,Rohan,Sen,Male,22,Hyderabad,Telangana,South,Corporate,2/18/2025
15479,Neha,Khan,Male,50,New Delhi,Delhi,North,Consumer,12/19/2024
15480,Kavya,Das,Female,34,Bhopal,Madhya Pradesh,Central,Corporate,2/13/2024
15481,Aditya,Chatterjee,Male,27,Kolkata,West Bengal,East,Consumer,11/11/2024
15482,Karan,Jain,Male,26,Kolkata,West Bengal,East,Consumer,10/13/2025
15483,Aarav,Mehta,Male,27,Chennai,Tamil Nadu,South,Consumer,9/25/2025
15484,Vikram,Sharma,Male,22,Chennai,Tamil Nadu,South,Consumer,5/2/2025
15485,Meera,Jain,Male,39,Kochi,Kerala,South,Consumer,9/22/2024
15486,Kavya,Verma,Male,55,Ludhiana,Punjab,North,Consumer,1/30/2023
15487,Rohan,Gupta,Female,40,Kochi,Kerala,South,Corporate,7/7/2024
15488,Vikram,Dutta,Male,24,Mumbai,Maharashtra,West,Small Business,6/3/2025
15489,Karan,Malhotra,Male,51,Chennai,Tamil Nadu,South,Small Business,7/1/2025
15490,Nikhil,Verma,Female,26,Lucknow,Uttar Pradesh,North,Consumer,4/14/2025
15491,Sahil,Verma,Female,59,Bengaluru,Karnataka,South,Consumer,12/1/2025
15492,Sahil,Dutta,Female,35,Jaipur,Rajasthan,North,Consumer,7/11/2024
15493,Kavya,Singh,Other,18,Mumbai,Maharashtra,West,Consumer,4/29/2023
15494,Sneha,Verma,Male,32,Bengaluru,Karnataka,South,Corporate,6/20/2024
15495,Sneha,Mehta,Male,57,Kochi,Kerala,South,Consumer,12/11/2023
15496,Ishita,Sen,Male,62,Bengaluru,Karnataka,South,Small Business,6/21/2025
15497,Aditya,Sen,Male,38,Gurugram,Haryana,North,Consumer,4/19/2025
15498,Tanya,Patel,Female,65,Bengaluru,Karnataka,South,Consumer,4/3/2024
15499,Meera,Gupta,Female,29,Kolkata,West Bengal,East,Consumer,2/24/2024
15500,Meera,Khan,Female,38,Bengaluru,Karnataka,South,Corporate,6/22/2023
15501,Karan,Bose,Other,40,Mumbai,Maharashtra,West,Consumer,2/16/2023
15502,Ananya,Sen,Female,27,New Delhi,Delhi,North,Consumer,12/4/2023
15503,Aarav,Singh,Male,36,Kolkata,West Bengal,East,Consumer,9/18/2023
15504,Priya,Bose,Female,41,Ahmedabad,Gujarat,West,Consumer,10/14/2023
15505,Pooja,Khan,Male,51,Kochi,Kerala,South,Consumer,12/14/2025
15506,Sneha,Dutta,Male,41,Chennai,Tamil Nadu,South,Small Business,1/5/2025
15507,Pooja,Patel,Female,22,Mumbai,Maharashtra,West,Consumer,8/18/2024
15508,Meera,Sharma,Female,40,Chennai,Tamil Nadu,South,Consumer,7/13/2023
15509,Rohan,Dutta,Female,58,Patna,Bihar,East,Consumer,6/27/2025
15510,Nikhil,Das,Male,18,Ahmedabad,Gujarat,West,Consumer,11/27/2024
15511,Vikram,Sharma,Female,65,Kolkata,West Bengal,East,Corporate,7/9/2024
15512,Sahil,Ghosh,Male,24,New Delhi,Delhi,North,Consumer,5/18/2024
15513,Riya,Sen,Female,18,Hyderabad,Telangana,South,Small Business,8/19/2024
15514,Priya,Banerjee,Male,24,Bengaluru,Karnataka,South,Consumer,6/25/2025
15515,Nikhil,Verma,Male,30,Kolkata,West Bengal,East,Corporate,2/16/2025
15516,Meera,Gupta,Male,34,Bhopal,Madhya Pradesh,Central,Corporate,6/7/2024
15517,Neha,Banerjee,Female,57,Mumbai,Maharashtra,West,Small Business,12/22/2024
15518,Arjun,Gupta,Other,45,Mumbai,Maharashtra,West,Consumer,10/1/2025
15519,Riya,Roy,Male,48,Mumbai,Maharashtra,West,Corporate,12/19/2023
15520,Aditya,Roy,Male,60,New Delhi,Delhi,North,Consumer,8/30/2025
15521,Meera,Patel,Male,24,Hyderabad,Telangana,South,Consumer,10/17/2024
15522,Sneha,Iyer,Female,28,Bengaluru,Karnataka,South,Corporate,7/20/2023
15523,Meera,Iyer,Female,64,Hyderabad,Telangana,South,Consumer,11/10/2025
15524,Vikram,Sharma,Female,55,Jaipur,Rajasthan,North,Corporate,1/11/2025
15525,Aarav,Banerjee,Male,20,Bengaluru,Karnataka,South,Consumer,2/21/2024
15526,Neha,Chatterjee,Male,28,Ludhiana,Punjab,North,Consumer,8/20/2023
15527,Sneha,Sharma,Female,35,Bengaluru,Karnataka,South,Consumer,9/16/2025
15528,Rahul,Sen,Female,19,Mumbai,Maharashtra,West,Consumer,6/8/2025
15529,Pooja,Reddy,Male,45,Gurugram,Haryana,North,Consumer,2/18/2023
15530,Rahul,Verma,Male,49,Patna,Bihar,East,Small Business,11/17/2024
15531,Nikhil,Sharma,Male,34,Chennai,Tamil Nadu,South,Consumer,5/4/2023
15532,Sahil,Iyer,Male,28,Bhubaneswar,Odisha,East,Consumer,11/14/2023
15533,Kavya,Verma,Male,38,New Delhi,Delhi,North,Consumer,9/5/2024
15534,Riya,Roy,Female,62,Chennai,Tamil Nadu,South,Consumer,9/27/2023
15535,Tanya,Das,Male,52,Bhubaneswar,Odisha,East,Corporate,7/7/2024
15536,Ishita,Malhotra,Male,62,Lucknow,Uttar Pradesh,North,Small Business,4/8/2024
15537,Amit,Bose,Female,44,Bengaluru,Karnataka,South,Consumer,9/20/2024
15538,Ananya,Nair,Male,23,Ahmedabad,Gujarat,West,Consumer,5/14/2025
15539,Kavya,Sharma,Male,20,Chennai,Tamil Nadu,South,Consumer,6/17/2023
15540,Rohan,Malhotra,Female,27,Kolkata,West Bengal,East,Consumer,5/9/2025
15541,Amit,Banerjee,Male,43,Gurugram,Haryana,North,Consumer,8/29/2023
15542,Priya,Banerjee,Female,28,New Delhi,Delhi,North,Small Business,2/6/2023
15543,Nikhil,Malhotra,Male,33,Ahmedabad,Gujarat,West,Consumer,4/27/2024
15544,Amit,Verma,Male,61,Ahmedabad,Gujarat,West,Corporate,11/23/2023
15545,Ishita,Roy,Male,20,New Delhi,Delhi,North,Consumer,7/19/2023
15546,Ishita,Roy,Female,21,Bengaluru,Karnataka,South,Small Business,4/1/2024
15547,Arjun,Dutta,Male,36,Bhopal,Madhya Pradesh,Central,Small Business,7/27/2025
15548,Priya,Iyer,Female,54,Ahmedabad,Gujarat,West,Small Business,9/24/2024
15549,Kavya,Mehta,Male,57,Jaipur,Rajasthan,North,Consumer,2/25/2025
15550,Sahil,Mehta,Female,31,Hyderabad,Telangana,South,Consumer,6/11/2023
15551,Tanya,Roy,Male,31,Bengaluru,Karnataka,South,Consumer,3/23/2023
15552,Riya,Verma,Male,45,Kolkata,West Bengal,East,Consumer,12/29/2023
15553,Priya,Reddy,Female,59,Chennai,Tamil Nadu,South,Consumer,4/16/2025
15554,Kavya,Patel,Male,26,Mumbai,Maharashtra,West,Small Business,8/14/2025
15555,Sneha,Reddy,Male,60,Jaipur,Rajasthan,North,Consumer,4/20/2023
15556,Rahul,Gupta,Female,56,Kochi,Kerala,South,Consumer,5/29/2024
15557,Priya,Gupta,Female,30,Bengaluru,Karnataka,South,Consumer,3/4/2024
15558,Nikhil,Sharma,Female,50,Bengaluru,Karnataka,South,Consumer,3/14/2025
15559,Meera,Nair,Male,48,Jaipur,Rajasthan,North,Consumer,8/10/2023
15560,Arjun,Sen,Male,19,Mumbai,Maharashtra,West,Consumer,6/7/2024
15561,Sahil,Banerjee,Male,37,Ludhiana,Punjab,North,Consumer,7/6/2025
15562,Neha,Mehta,Male,29,Chennai,Tamil Nadu,South,Small Business,5/17/2024
15563,Sahil,Ghosh,Male,21,Kolkata,West Bengal,East,Consumer,4/23/2025
15564,Karan,Reddy,Male,40,Mumbai,Maharashtra,West,Small Business,11/2/2024
15565,Pooja,Mehta,Male,51,Gurugram,Haryana,North,Consumer,10/7/2024
15566,Neha,Singh,Female,43,Bengaluru,Karnataka,South,Corporate,10/8/2023
15567,Amit,Chatterjee,Male,22,Jaipur,Rajasthan,North,Corporate,12/7/2025
15568,Sahil,Das,Male,57,Mumbai,Maharashtra,West,Small Business,9/27/2023
15569,Vikram,Bose,Male,21,Mumbai,Maharashtra,West,Consumer,10/2/2025
15570,Aarav,Gupta,Male,36,Kochi,Kerala,South,Consumer,12/4/2025
15571,Riya,Chatterjee,Female,45,Mumbai,Maharashtra,West,Consumer,7/6/2024
15572,Aditya,Singh,Male,62,Kolkata,West Bengal,East,Consumer,7/27/2025
15573,Ishita,Verma,Male,54,New Delhi,Delhi,North,Consumer,2/11/2025
15574,Meera,Nair,Female,27,Kochi,Kerala,South,Consumer,3/7/2025
15575,Arjun,Ghosh,Male,38,Bengaluru,Karnataka,South,Consumer,3/15/2023
15576,Meera,Sharma,Male,59,Mumbai,Maharashtra,West,Small Business,5/29/2023
15577,Riya,Sharma,Female,29,Bhopal,Madhya Pradesh,Central,Corporate,3/17/2023
15578,Ishita,Reddy,Female,61,Jaipur,Rajasthan,North,Corporate,2/2/2023
15579,Aditya,Iyer,Female,43,Bhubaneswar,Odisha,East,Corporate,6/21/2025
15580,Neha,Malhotra,Female,48,Lucknow,Uttar Pradesh,North,Consumer,7/9/2023
15581,Arjun,Das,Female,49,Jaipur,Rajasthan,North,Consumer,1/7/2023
15582,Kavya,Banerjee,Male,64,Chennai,Tamil Nadu,South,Consumer,10/9/2025
15583,Aarav,Mehta,Male,51,Bengaluru,Karnataka,South,Small Business,10/29/2023
15584,Kavya,Dutta,Male,37,Lucknow,Uttar Pradesh,North,Consumer,5/31/2025
15585,Neha,Chatterjee,Female,46,Lucknow,Uttar Pradesh,North,Consumer,11/3/2025
15586,Meera,Ghosh,Female,51,Gurugram,Haryana,North,Corporate,7/18/2024
15587,Tanya,Gupta,Male,46,New Delhi,Delhi,North,Consumer,9/27/2025
15588,Sahil,Reddy,Female,18,Bengaluru,Karnataka,South,Small Business,11/12/2025
15589,Ishita,Sen,Female,61,Hyderabad,Telangana,South,Small Business,6/5/2023
15590,Aditya,Gupta,Male,31,Ahmedabad,Gujarat,West,Consumer,6/8/2023
15591,Pooja,Chatterjee,Female,49,Hyderabad,Telangana,South,Consumer,2/4/2024
15592,Karan,Reddy,Female,45,Patna,Bihar,East,Consumer,8/26/2024
15593,Kavya,Malhotra,Male,23,Ahmedabad,Gujarat,West,Consumer,4/28/2025
15594,Ishita,Singh,Female,60,Kolkata,West Bengal,East,Small Business,7/17/2023
15595,Ishita,Bose,Male,21,New Delhi,Delhi,North,Consumer,7/28/2023
15596,Aarav,Khan,Male,63,Ahmedabad,Gujarat,West,Small Business,11/27/2023
15597,Ananya,Roy,Female,62,Ludhiana,Punjab,North,Small Business,10/21/2023
15598,Sahil,Dutta,Female,45,Chennai,Tamil Nadu,South,Consumer,10/12/2025
15599,Tanya,Dutta,Female,63,New Delhi,Delhi,North,Consumer,3/3/2024
15600,Karan,Khan,Female,59,Hyderabad,Telangana,South,Consumer,7/26/2025
15601,Rohan,Sharma,Female,61,New Delhi,Delhi,North,Consumer,3/2/2023
15602,Riya,Roy,Male,56,Kolkata,West Bengal,East,Consumer,4/20/2023
15603,Arjun,Iyer,Female,62,Kochi,Kerala,South,Consumer,5/17/2025
15604,Pooja,Das,Female,55,Ludhiana,Punjab,North,Consumer,9/27/2023
15605,Karan,Roy,Male,60,New Delhi,Delhi,North,Consumer,3/31/2023
15606,Priya,Patel,Male,23,New Delhi,Delhi,North,Consumer,10/4/2024
15607,Ananya,Reddy,Female,38,Kolkata,West Bengal,East,Consumer,6/9/2023
15608,Riya,Khan,Other,40,Ahmedabad,Gujarat,West,Consumer,3/8/2023
15609,Pooja,Khan,Other,61,Hyderabad,Telangana,South,Consumer,3/14/2024
15610,Karan,Verma,Male,41,Lucknow,Uttar Pradesh,North,Consumer,8/17/2024
15611,Rohan,Sharma,Female,39,Kolkata,West Bengal,East,Consumer,7/23/2024
15612,Amit,Iyer,Male,55,Lucknow,Uttar Pradesh,North,Consumer,9/23/2024
15613,Sahil,Dutta,Female,49,Bengaluru,Karnataka,South,Consumer,1/26/2023
15614,Vikram,Bose,Female,46,Jaipur,Rajasthan,North,Consumer,11/11/2023
15615,Priya,Gupta,Female,61,Ahmedabad,Gujarat,West,Consumer,1/6/2024
15616,Arjun,Sharma,Other,57,Mumbai,Maharashtra,West,Consumer,11/13/2023
15617,Kavya,Jain,Male,52,Hyderabad,Telangana,South,Consumer,8/26/2024
15618,Neha,Bose,Female,63,Bhubaneswar,Odisha,East,Corporate,9/5/2023
15619,Rohan,Dutta,Female,20,Ahmedabad,Gujarat,West,Consumer,11/13/2024
15620,Arjun,Mehta,Male,44,Kolkata,West Bengal,East,Consumer,10/7/2025
15621,Sahil,Banerjee,Male,19,Hyderabad,Telangana,South,Small Business,12/14/2024
15622,Nikhil,Jain,Female,56,Bengaluru,Karnataka,South,Corporate,2/24/2024
15623,Ishita,Nair,Male,24,Ahmedabad,Gujarat,West,Consumer,4/14/2024
15624,Priya,Jain,Male,44,Ahmedabad,Gujarat,West,Consumer,9/24/2024
15625,Karan,Gupta,Female,55,Kolkata,West Bengal,East,Consumer,2/20/2025
15626,Meera,Dutta,Male,48,Ahmedabad,Gujarat,West,Consumer,11/22/2023
15627,Neha,Sharma,Male,20,Lucknow,Uttar Pradesh,North,Consumer,2/11/2023
15628,Arjun,Das,Female,40,Lucknow,Uttar Pradesh,North,Small Business,1/28/2025
15629,Ananya,Nair,Male,55,Kolkata,West Bengal,East,Small Business,12/15/2024
15630,Riya,Mehta,Female,64,Bengaluru,Karnataka,South,Consumer,4/20/2023
15631,Aditya,Mehta,Male,61,Hyderabad,Telangana,South,Small Business,11/7/2024
15632,Ishita,Dutta,Female,57,Mumbai,Maharashtra,West,Corporate,3/19/2023
15633,Vikram,Malhotra,Male,32,Hyderabad,Telangana,South,Corporate,11/25/2024
15634,Kavya,Chatterjee,Female,54,Kolkata,West Bengal,East,Small Business,3/14/2025
15635,Aarav,Singh,Female,26,Kolkata,West Bengal,East,Consumer,1/17/2023
15636,Nikhil,Das,Female,33,Jaipur,Rajasthan,North,Consumer,2/23/2025
15637,Priya,Patel,Female,31,Bengaluru,Karnataka,South,Small Business,5/11/2023
15638,Vikram,Ghosh,Male,41,Lucknow,Uttar Pradesh,North,Consumer,10/14/2023
15639,Rahul,Chatterjee,Male,60,Kolkata,West Bengal,East,Corporate,1/31/2025
15640,Sneha,Jain,Female,59,New Delhi,Delhi,North,Corporate,1/19/2024
15641,Sahil,Patel,Female,60,Chennai,Tamil Nadu,South,Small Business,11/21/2025
15642,Arjun,Gupta,Female,62,Patna,Bihar,East,Consumer,10/30/2025
15643,Ishita,Sen,Male,19,Patna,Bihar,East,Consumer,12/1/2025
15644,Neha,Ghosh,Female,65,Chennai,Tamil Nadu,South,Consumer,4/23/2023
15645,Neha,Sharma,Male,60,Ahmedabad,Gujarat,West,Small Business,7/10/2023
15646,Sneha,Bose,Female,53,Mumbai,Maharashtra,West,Consumer,7/17/2023
15647,Sneha,Das,Female,21,Ahmedabad,Gujarat,West,Consumer,9/24/2024
15648,Nikhil,Iyer,Male,53,Kolkata,West Bengal,East,Small Business,4/9/2024
15649,Rahul,Dutta,Female,50,Hyderabad,Telangana,South,Consumer,3/16/2025
15650,Ishita,Singh,Male,22,Mumbai,Maharashtra,West,Consumer,11/1/2023
15651,Sneha,Nair,Female,27,Kochi,Kerala,South,Consumer,8/4/2023
15652,Kavya,Iyer,Female,54,Hyderabad,Telangana,South,Consumer,12/1/2024
15653,Sahil,Bose,Male,26,Ahmedabad,Gujarat,West,Corporate,10/28/2024
15654,Sahil,Mehta,Male,34,Chennai,Tamil Nadu,South,Corporate,1/15/2025
15655,Riya,Bose,Female,47,Bengaluru,Karnataka,South,Consumer,12/4/2023
15656,Riya,Verma,Female,59,Mumbai,Maharashtra,West,Consumer,7/22/2024
15657,Sneha,Singh,Male,31,Ludhiana,Punjab,North,Consumer,9/29/2025
15658,Aditya,Nair,Male,18,Patna,Bihar,East,Consumer,10/22/2024
15659,Riya,Reddy,Male,58,Mumbai,Maharashtra,West,Corporate,10/4/2025
15660,Meera,Verma,Female,62,Lucknow,Uttar Pradesh,North,Consumer,4/13/2024
15661,Meera,Bose,Male,59,Chennai,Tamil Nadu,South,Consumer,2/18/2023
15662,Aditya,Malhotra,Female,41,Kolkata,West Bengal,East,Consumer,4/1/2025
15663,Kavya,Ghosh,Female,52,New Delhi,Delhi,North,Consumer,5/12/2024
15664,Neha,Jain,Female,24,Mumbai,Maharashtra,West,Corporate,2/15/2023
15665,Pooja,Mehta,Other,48,Mumbai,Maharashtra,West,Consumer,5/30/2023
15666,Meera,Bose,Male,46,Jaipur,Rajasthan,North,Consumer,12/4/2023
15667,Riya,Sen,Female,48,Bengaluru,Karnataka,South,Consumer,7/26/2023
15668,Rahul,Iyer,Female,51,Kochi,Kerala,South,Consumer,1/9/2025
15669,Aditya,Das,Female,60,Jaipur,Rajasthan,North,Corporate,10/22/2024
15670,Meera,Singh,Female,55,Bhubaneswar,Odisha,East,Consumer,12/23/2023
15671,Neha,Mehta,Male,19,Ahmedabad,Gujarat,West,Consumer,4/2/2023
15672,Sneha,Chatterjee,Female,51,Kochi,Kerala,South,Consumer,3/26/2023
15673,Arjun,Sharma,Male,53,Chennai,Tamil Nadu,South,Consumer,10/18/2025
15674,Neha,Das,Female,44,New Delhi,Delhi,North,Corporate,1/8/2024
15675,Priya,Sharma,Male,47,New Delhi,Delhi,North,Consumer,4/26/2023
15676,Rohan,Iyer,Female,21,Ludhiana,Punjab,North,Corporate,2/7/2025
15677,Tanya,Sen,Female,30,Mumbai,Maharashtra,West,Consumer,7/28/2025
15678,Vikram,Das,Female,59,New Delhi,Delhi,North,Consumer,5/12/2023
15679,Aarav,Jain,Female,18,Lucknow,Uttar Pradesh,North,Consumer,10/17/2025
15680,Arjun,Iyer,Male,65,Chennai,Tamil Nadu,South,Consumer,2/21/2025
15681,Sneha,Sharma,Male,28,Kochi,Kerala,South,Consumer,9/30/2023
15682,Riya,Nair,Male,55,Chennai,Tamil Nadu,South,Corporate,4/17/2025
15683,Aditya,Dutta,Female,28,Mumbai,Maharashtra,West,Consumer,3/29/2024
15684,Aditya,Verma,Male,19,Ahmedabad,Gujarat,West,Consumer,11/17/2024
15685,Meera,Dutta,Male,47,Hyderabad,Telangana,South,Consumer,5/18/2023
15686,Rohan,Verma,Male,54,Kolkata,West Bengal,East,Consumer,9/21/2023
15687,Priya,Das,Female,22,Kolkata,West Bengal,East,Consumer,4/15/2025
15688,Karan,Patel,Female,30,Mumbai,Maharashtra,West,Consumer,5/19/2025
15689,Karan,Das,Male,32,Lucknow,Uttar Pradesh,North,Consumer,1/12/2023
15690,Arjun,Sen,Female,64,Kochi,Kerala,South,Small Business,8/20/2023
15691,Riya,Khan,Male,32,New Delhi,Delhi,North,Consumer,10/18/2024
15692,Ananya,Verma,Male,21,Kolkata,West Bengal,East,Consumer,9/5/2025
15693,Kavya,Banerjee,Male,65,New Delhi,Delhi,North,Consumer,12/29/2024
15694,Rahul,Malhotra,Female,22,Bhubaneswar,Odisha,East,Small Business,2/2/2025
15695,Tanya,Sharma,Male,41,Lucknow,Uttar Pradesh,North,Corporate,2/24/2024
15696,Aditya,Malhotra,Male,26,Bengaluru,Karnataka,South,Consumer,3/1/2023
15697,Nikhil,Roy,Female,30,Mumbai,Maharashtra,West,Consumer,4/7/2025
15698,Rahul,Reddy,Female,54,Ludhiana,Punjab,North,Small Business,5/13/2025
15699,Aditya,Patel,Female,24,Bhubaneswar,Odisha,East,Consumer,4/23/2024
15700,Aarav,Patel,Female,49,Kolkata,West Bengal,East,Consumer,6/30/2024
15701,Sahil,Patel,Female,45,Bhubaneswar,Odisha,East,Corporate,9/11/2023
15702,Neha,Gupta,Male,52,Kolkata,West Bengal,East,Consumer,5/3/2024
15703,Riya,Dutta,Female,25,Kolkata,West Bengal,East,Consumer,9/19/2023
15704,Amit,Banerjee,Male,34,Lucknow,Uttar Pradesh,North,Corporate,3/30/2024
15705,Meera,Singh,Male,18,New Delhi,Delhi,North,Small Business,5/25/2023
15706,Pooja,Ghosh,Other,60,Chennai,Tamil Nadu,South,Consumer,10/17/2024
15707,Sahil,Iyer,Male,65,Ludhiana,Punjab,North,Consumer,9/25/2023
15708,Priya,Chatterjee,Male,39,Bhubaneswar,Odisha,East,Consumer,2/21/2025
15709,Aditya,Chatterjee,Male,43,Kolkata,West Bengal,East,Small Business,7/13/2024
15710,Meera,Jain,Female,24,Ahmedabad,Gujarat,West,Small Business,8/25/2025
15711,Karan,Singh,Female,60,Lucknow,Uttar Pradesh,North,Small Business,8/27/2023
15712,Karan,Banerjee,Male,54,New Delhi,Delhi,North,Consumer,10/22/2023
15713,Kavya,Ghosh,Male,23,Bhopal,Madhya Pradesh,Central,Consumer,9/20/2023
15714,Karan,Mehta,Female,43,Jaipur,Rajasthan,North,Consumer,11/12/2024
15715,Aarav,Reddy,Female,26,Kolkata,West Bengal,East,Consumer,4/26/2023
15716,Rahul,Reddy,Male,46,Mumbai,Maharashtra,West,Consumer,1/11/2025
15717,Kavya,Bose,Male,49,Bhubaneswar,Odisha,East,Consumer,6/3/2025
15718,Rahul,Roy,Female,36,Bhopal,Madhya Pradesh,Central,Corporate,12/29/2024
15719,Pooja,Iyer,Male,39,Kolkata,West Bengal,East,Consumer,5/26/2023
15720,Ishita,Bose,Female,52,Kolkata,West Bengal,East,Corporate,6/16/2024
15721,Karan,Gupta,Male,25,Lucknow,Uttar Pradesh,North,Consumer,7/30/2024
15722,Rahul,Chatterjee,Female,19,Kolkata,West Bengal,East,Corporate,2/27/2024
15723,Rohan,Roy,Female,37,Kolkata,West Bengal,East,Consumer,5/18/2024
15724,Pooja,Patel,Female,41,Kochi,Kerala,South,Consumer,4/3/2025
15725,Ananya,Roy,Female,31,Patna,Bihar,East,Consumer,6/20/2025
15726,Rohan,Dutta,Male,38,Kochi,Kerala,South,Corporate,11/21/2023
15727,Tanya,Reddy,Male,22,Jaipur,Rajasthan,North,Consumer,12/23/2023
15728,Ananya,Malhotra,Female,53,Bengaluru,Karnataka,South,Corporate,8/13/2023
15729,Neha,Gupta,Female,54,Ludhiana,Punjab,North,Consumer,3/9/2024
15730,Ananya,Jain,Female,30,Bengaluru,Karnataka,South,Consumer,8/12/2024
15731,Amit,Roy,Male,49,Bengaluru,Karnataka,South,Small Business,2/9/2025
15732,Aarav,Patel,Female,29,Kochi,Kerala,South,Corporate,10/17/2023
15733,Neha,Gupta,Male,36,Jaipur,Rajasthan,North,Consumer,8/22/2023
15734,Aditya,Patel,Male,33,Kochi,Kerala,South,Consumer,2/5/2023
15735,Pooja,Ghosh,Male,64,Mumbai,Maharashtra,West,Consumer,4/12/2023
15736,Arjun,Nair,Female,41,Gurugram,Haryana,North,Corporate,2/25/2023
15737,Vikram,Sharma,Female,48,Ahmedabad,Gujarat,West,Small Business,8/12/2023
15738,Vikram,Patel,Male,28,Jaipur,Rajasthan,North,Corporate,1/20/2025
15739,Rahul,Banerjee,Female,62,Ludhiana,Punjab,North,Corporate,4/16/2025
15740,Priya,Patel,Male,50,Chennai,Tamil Nadu,South,Corporate,11/16/2025
15741,Amit,Bose,Male,23,Lucknow,Uttar Pradesh,North,Corporate,8/11/2024
15742,Neha,Verma,Male,33,Ahmedabad,Gujarat,West,Consumer,5/6/2024
15743,Neha,Verma,Male,42,Patna,Bihar,East,Consumer,8/29/2025
15744,Nikhil,Sharma,Male,38,Kochi,Kerala,South,Consumer,6/8/2023
15745,Aditya,Chatterjee,Male,56,Jaipur,Rajasthan,North,Consumer,11/11/2024
15746,Meera,Chatterjee,Female,44,Kolkata,West Bengal,East,Consumer,6/2/2025
15747,Tanya,Jain,Female,44,Mumbai,Maharashtra,West,Small Business,6/26/2024
15748,Neha,Iyer,Female,36,Gurugram,Haryana,North,Small Business,10/10/2023
15749,Rahul,Gupta,Male,58,Gurugram,Haryana,North,Corporate,11/1/2024
15750,Aditya,Das,Female,51,Gurugram,Haryana,North,Corporate,12/11/2025
15751,Arjun,Sen,Male,51,Kolkata,West Bengal,East,Corporate,9/12/2023
15752,Pooja,Iyer,Male,49,Chennai,Tamil Nadu,South,Consumer,8/31/2024
15753,Priya,Patel,Female,49,Lucknow,Uttar Pradesh,North,Consumer,2/24/2023
15754,Nikhil,Das,Male,54,Lucknow,Uttar Pradesh,North,Small Business,9/9/2023
15755,Pooja,Roy,Female,29,Kolkata,West Bengal,East,Consumer,4/8/2025
15756,Ishita,Das,Female,43,Ahmedabad,Gujarat,West,Corporate,6/19/2024
15757,Ananya,Sharma,Male,24,Mumbai,Maharashtra,West,Consumer,8/4/2023
15758,Riya,Banerjee,Female,35,Hyderabad,Telangana,South,Consumer,12/29/2023
15759,Pooja,Chatterjee,Male,31,Mumbai,Maharashtra,West,Consumer,5/11/2023
15760,Kavya,Banerjee,Other,27,Kolkata,West Bengal,East,Corporate,4/21/2025
15761,Priya,Das,Female,44,Kolkata,West Bengal,East,Small Business,10/15/2025
15762,Arjun,Sen,Male,38,Ludhiana,Punjab,North,Consumer,4/25/2023
15763,Rohan,Sharma,Male,39,Lucknow,Uttar Pradesh,North,Consumer,9/14/2023
15764,Kavya,Ghosh,Male,59,Gurugram,Haryana,North,Small Business,7/14/2025
15765,Neha,Roy,Female,35,Hyderabad,Telangana,South,Consumer,8/6/2025
15766,Riya,Khan,Male,23,Chennai,Tamil Nadu,South,Corporate,4/8/2025
15767,Aarav,Dutta,Female,55,Chennai,Tamil Nadu,South,Corporate,2/11/2025
15768,Aarav,Mehta,Male,28,Ahmedabad,Gujarat,West,Corporate,7/19/2025
15769,Kavya,Jain,Other,64,Chennai,Tamil Nadu,South,Consumer,2/8/2024
15770,Kavya,Sen,Male,49,Lucknow,Uttar Pradesh,North,Corporate,8/24/2025
15771,Aditya,Dutta,Female,30,Patna,Bihar,East,Small Business,8/15/2025
15772,Pooja,Chatterjee,Female,45,Kochi,Kerala,South,Consumer,9/6/2023
15773,Arjun,Iyer,Male,62,Bengaluru,Karnataka,South,Corporate,3/20/2023
15774,Neha,Mehta,Male,61,New Delhi,Delhi,North,Consumer,7/16/2024
15775,Priya,Ghosh,Female,37,Mumbai,Maharashtra,West,Small Business,3/29/2025
15776,Sahil,Singh,Female,19,Kolkata,West Bengal,East,Consumer,7/6/2025
15777,Ishita,Gupta,Female,21,Lucknow,Uttar Pradesh,North,Consumer,6/3/2023
15778,Meera,Nair,Male,60,New Delhi,Delhi,North,Consumer,2/12/2024
15779,Neha,Verma,Female,49,Lucknow,Uttar Pradesh,North,Small Business,4/9/2025
15780,Ishita,Jain,Female,52,Kolkata,West Bengal,East,Consumer,3/7/2023
15781,Nikhil,Iyer,Female,52,Bhopal,Madhya Pradesh,Central,Consumer,2/19/2025
15782,Tanya,Das,Male,55,Bhopal,Madhya Pradesh,Central,Consumer,11/11/2023
15783,Ishita,Nair,Male,42,Hyderabad,Telangana,South,Small Business,1/25/2023
15784,Sneha,Ghosh,Other,36,Kochi,Kerala,South,Consumer,9/19/2023
15785,Karan,Khan,Female,29,Bengaluru,Karnataka,South,Consumer,3/12/2025
15786,Ananya,Jain,Female,32,Lucknow,Uttar Pradesh,North,Consumer,7/28/2025
15787,Sneha,Khan,Female,54,Kochi,Kerala,South,Corporate,3/29/2023
15788,Sahil,Patel,Male,18,Patna,Bihar,East,Corporate,5/15/2024
15789,Meera,Patel,Female,24,Patna,Bihar,East,Corporate,8/6/2023
15790,Aditya,Dutta,Female,55,Hyderabad,Telangana,South,Consumer,1/8/2025
15791,Sneha,Khan,Female,49,Patna,Bihar,East,Consumer,4/23/2025
15792,Meera,Verma,Female,25,Jaipur,Rajasthan,North,Consumer,11/5/2025
15793,Rahul,Sen,Male,19,Mumbai,Maharashtra,West,Consumer,1/19/2024
15794,Riya,Chatterjee,Male,28,Kolkata,West Bengal,East,Consumer,11/20/2023
15795,Riya,Ghosh,Female,23,Lucknow,Uttar Pradesh,North,Consumer,12/1/2023
15796,Aarav,Malhotra,Female,31,Ahmedabad,Gujarat,West,Small Business,4/2/2025
15797,Meera,Malhotra,Male,57,New Delhi,Delhi,North,Small Business,4/25/2024
15798,Arjun,Reddy,Other,59,Ludhiana,Punjab,North,Consumer,1/25/2023
15799,Rohan,Sen,Male,31,Jaipur,Rajasthan,North,Corporate,10/20/2025
15800,Karan,Mehta,Male,31,Chennai,Tamil Nadu,South,Corporate,4/23/2023
15801,Karan,Sen,Female,57,Chennai,Tamil Nadu,South,Small Business,9/29/2025
15802,Sahil,Chatterjee,Female,38,Ahmedabad,Gujarat,West,Consumer,6/24/2023
15803,Tanya,Chatterjee,Female,28,Lucknow,Uttar Pradesh,North,Consumer,8/4/2024
15804,Aditya,Gupta,Female,53,New Delhi,Delhi,North,Consumer,12/4/2023
15805,Rahul,Malhotra,Female,41,New Delhi,Delhi,North,Consumer,1/11/2025
15806,Riya,Gupta,Male,60,Lucknow,Uttar Pradesh,North,Consumer,3/11/2024
15807,Meera,Reddy,Female,60,Lucknow,Uttar Pradesh,North,Consumer,2/1/2024
15808,Sneha,Malhotra,Female,55,Bhubaneswar,Odisha,East,Consumer,5/30/2024
15809,Meera,Sharma,Female,64,Kolkata,West Bengal,East,Corporate,11/14/2025
15810,Rohan,Khan,Female,43,Lucknow,Uttar Pradesh,North,Consumer,9/22/2023
15811,Kavya,Khan,Male,44,New Delhi,Delhi,North,Consumer,8/26/2023
15812,Karan,Bose,Male,18,Kolkata,West Bengal,East,Consumer,3/13/2023
15813,Amit,Chatterjee,Female,26,Jaipur,Rajasthan,North,Consumer,3/8/2025
15814,Pooja,Das,Female,25,Lucknow,Uttar Pradesh,North,Consumer,1/1/2025
15815,Rohan,Bose,Male,62,New Delhi,Delhi,North,Small Business,10/19/2024
15816,Aarav,Roy,Male,30,Patna,Bihar,East,Consumer,1/26/2023
15817,Arjun,Khan,Male,47,Bengaluru,Karnataka,South,Consumer,5/3/2025
15818,Aditya,Singh,Female,37,Mumbai,Maharashtra,West,Consumer,5/24/2025
15819,Meera,Singh,Male,54,Chennai,Tamil Nadu,South,Consumer,10/17/2025
15820,Karan,Iyer,Female,35,Chennai,Tamil Nadu,South,Consumer,9/30/2025
15821,Pooja,Das,Female,63,Jaipur,Rajasthan,North,Small Business,10/12/2023
15822,Priya,Das,Male,42,Bhubaneswar,Odisha,East,Consumer,2/6/2025
15823,Ishita,Jain,Female,29,Lucknow,Uttar Pradesh,North,Consumer,3/10/2024
15824,Aditya,Sen,Female,37,Mumbai,Maharashtra,West,Small Business,10/5/2024
15825,Aarav,Ghosh,Male,35,Chennai,Tamil Nadu,South,Corporate,12/26/2023
15826,Karan,Reddy,Male,52,Mumbai,Maharashtra,West,Corporate,12/10/2024
15827,Sneha,Das,Male,33,Jaipur,Rajasthan,North,Consumer,10/25/2025
15828,Aditya,Jain,Female,20,Bengaluru,Karnataka,South,Consumer,12/5/2024
15829,Neha,Patel,Female,55,New Delhi,Delhi,North,Consumer,9/21/2025
15830,Arjun,Jain,Female,65,Patna,Bihar,East,Consumer,10/3/2025
15831,Nikhil,Sen,Female,30,Jaipur,Rajasthan,North,Consumer,5/9/2023
15832,Rahul,Patel,Female,58,Bengaluru,Karnataka,South,Small Business,11/7/2025
15833,Pooja,Roy,Male,19,Bengaluru,Karnataka,South,Consumer,6/2/2025
15834,Kavya,Khan,Male,34,Jaipur,Rajasthan,North,Consumer,4/5/2024
15835,Ananya,Chatterjee,Female,18,New Delhi,Delhi,North,Consumer,10/10/2024
15836,Rahul,Nair,Female,37,Kolkata,West Bengal,East,Small Business,10/28/2024
15837,Aditya,Chatterjee,Female,47,Kochi,Kerala,South,Consumer,4/29/2025
15838,Sahil,Sharma,Female,64,New Delhi,Delhi,North,Consumer,5/17/2025
15839,Karan,Reddy,Male,58,Hyderabad,Telangana,South,Corporate,4/21/2023
15840,Ishita,Verma,Male,62,Mumbai,Maharashtra,West,Consumer,1/2/2023
15841,Sahil,Patel,Female,49,Chennai,Tamil Nadu,South,Corporate,9/24/2023
15842,Ishita,Dutta,Female,36,Bengaluru,Karnataka,South,Consumer,7/23/2024
15843,Meera,Jain,Female,61,Bengaluru,Karnataka,South,Corporate,7/6/2025
15844,Kavya,Das,Male,20,New Delhi,Delhi,North,Consumer,12/6/2024
15845,Ananya,Verma,Female,57,Hyderabad,Telangana,South,Consumer,5/27/2023
15846,Sneha,Dutta,Male,65,Kochi,Kerala,South,Consumer,2/13/2025
15847,Arjun,Nair,Male,19,Gurugram,Haryana,North,Small Business,5/20/2024
15848,Rahul,Singh,Female,49,Mumbai,Maharashtra,West,Consumer,2/3/2024
15849,Arjun,Chatterjee,Female,60,Kolkata,West Bengal,East,Corporate,4/13/2025
15850,Aarav,Singh,Female,51,Patna,Bihar,East,Consumer,11/16/2023
15851,Arjun,Khan,Male,64,Bhopal,Madhya Pradesh,Central,Corporate,10/30/2024
15852,Pooja,Singh,Male,31,Kochi,Kerala,South,Consumer,7/16/2023
15853,Aditya,Nair,Female,48,Kolkata,West Bengal,East,Consumer,2/17/2024
15854,Ishita,Dutta,Female,57,Bengaluru,Karnataka,South,Consumer,8/25/2024
15855,Kavya,Sharma,Female,21,Kolkata,West Bengal,East,Consumer,11/4/2024
15856,Sahil,Ghosh,Male,44,Bhubaneswar,Odisha,East,Small Business,9/19/2025
15857,Vikram,Roy,Female,64,Ahmedabad,Gujarat,West,Small Business,11/10/2023
15858,Ishita,Jain,Male,40,New Delhi,Delhi,North,Consumer,8/25/2025
15859,Karan,Patel,Male,57,New Delhi,Delhi,North,Small Business,5/31/2025
15860,Aditya,Khan,Female,53,Bengaluru,Karnataka,South,Consumer,1/24/2024
15861,Aditya,Roy,Male,30,Ahmedabad,Gujarat,West,Corporate,6/1/2023
15862,Priya,Malhotra,Female,35,Kolkata,West Bengal,East,Corporate,10/6/2023
15863,Ananya,Das,Female,41,Ahmedabad,Gujarat,West,Consumer,12/11/2024
15864,Ananya,Mehta,Male,38,Lucknow,Uttar Pradesh,North,Consumer,5/1/2025
15865,Pooja,Patel,Male,46,Jaipur,Rajasthan,North,Corporate,10/23/2024
15866,Sahil,Mehta,Female,49,Bengaluru,Karnataka,South,Consumer,2/21/2025
15867,Aditya,Jain,Female,37,Bhubaneswar,Odisha,East,Consumer,4/20/2023
15868,Riya,Jain,Female,48,Lucknow,Uttar Pradesh,North,Corporate,6/29/2024
15869,Karan,Sharma,Male,49,Mumbai,Maharashtra,West,Consumer,8/1/2025
15870,Nikhil,Jain,Female,64,Mumbai,Maharashtra,West,Consumer,2/25/2024
15871,Vikram,Gupta,Female,57,Ahmedabad,Gujarat,West,Small Business,8/28/2025
15872,Arjun,Nair,Male,45,Bengaluru,Karnataka,South,Corporate,5/14/2023
15873,Riya,Reddy,Male,26,Kolkata,West Bengal,East,Consumer,11/23/2025
15874,Vikram,Patel,Female,33,Mumbai,Maharashtra,West,Consumer,4/27/2025
15875,Meera,Khan,Male,33,Mumbai,Maharashtra,West,Small Business,11/7/2024
15876,Riya,Malhotra,Male,31,Hyderabad,Telangana,South,Consumer,10/28/2024
15877,Kavya,Patel,Other,63,Ahmedabad,Gujarat,West,Consumer,10/8/2025
15878,Kavya,Gupta,Male,43,Mumbai,Maharashtra,West,Consumer,2/12/2024
15879,Riya,Iyer,Female,65,Lucknow,Uttar Pradesh,North,Corporate,6/28/2023
15880,Rahul,Reddy,Female,23,Bengaluru,Karnataka,South,Consumer,9/19/2025
15881,Arjun,Gupta,Female,52,Bengaluru,Karnataka,South,Consumer,4/21/2023
15882,Neha,Khan,Male,46,Mumbai,Maharashtra,West,Consumer,12/13/2024
15883,Ananya,Jain,Male,54,Patna,Bihar,East,Consumer,10/15/2023
15884,Nikhil,Patel,Female,36,Gurugram,Haryana,North,Consumer,9/30/2025
15885,Riya,Sen,Female,42,Hyderabad,Telangana,South,Consumer,11/17/2025
15886,Karan,Sen,Male,34,Kolkata,West Bengal,East,Consumer,5/27/2024
15887,Kavya,Verma,Male,51,Bengaluru,Karnataka,South,Consumer,7/29/2024
15888,Ananya,Mehta,Female,27,Mumbai,Maharashtra,West,Consumer,5/5/2024
15889,Priya,Roy,Male,49,Bhubaneswar,Odisha,East,Small Business,4/4/2024
15890,Kavya,Khan,Female,41,Kolkata,West Bengal,East,Corporate,10/9/2025
15891,Riya,Dutta,Female,56,Gurugram,Haryana,North,Consumer,11/7/2023
15892,Aditya,Bose,Male,19,Ahmedabad,Gujarat,West,Consumer,11/2/2025
15893,Priya,Reddy,Female,26,New Delhi,Delhi,North,Consumer,12/3/2024
15894,Arjun,Nair,Female,47,Bhubaneswar,Odisha,East,Consumer,11/3/2025
15895,Ishita,Mehta,Female,35,Kolkata,West Bengal,East,Corporate,10/23/2024
15896,Ishita,Roy,Female,31,Lucknow,Uttar Pradesh,North,Consumer,6/3/2025
15897,Rohan,Singh,Male,62,Kolkata,West Bengal,East,Small Business,6/13/2024
15898,Sahil,Iyer,Female,61,Bhubaneswar,Odisha,East,Consumer,5/14/2024
15899,Riya,Verma,Male,22,New Delhi,Delhi,North,Consumer,10/6/2023
15900,Aditya,Jain,Male,43,Kolkata,West Bengal,East,Consumer,8/16/2023
15901,Ananya,Sharma,Female,50,Bhubaneswar,Odisha,East,Consumer,2/10/2023
15902,Kavya,Malhotra,Male,55,Kolkata,West Bengal,East,Corporate,2/19/2024
15903,Neha,Singh,Female,27,Mumbai,Maharashtra,West,Consumer,12/2/2025
15904,Amit,Khan,Male,58,Patna,Bihar,East,Corporate,10/10/2025
15905,Aarav,Khan,Male,49,Hyderabad,Telangana,South,Consumer,1/15/2025
15906,Ishita,Dutta,Female,60,Kochi,Kerala,South,Consumer,1/28/2024
15907,Riya,Chatterjee,Male,50,Ahmedabad,Gujarat,West,Consumer,7/15/2024
15908,Rohan,Sharma,Male,59,Ahmedabad,Gujarat,West,Consumer,3/28/2025
15909,Nikhil,Malhotra,Male,19,Bengaluru,Karnataka,South,Consumer,1/3/2023
15910,Amit,Nair,Female,28,Mumbai,Maharashtra,West,Consumer,9/23/2025
15911,Riya,Das,Female,43,Gurugram,Haryana,North,Small Business,7/29/2025
15912,Sneha,Jain,Female,32,Kolkata,West Bengal,East,Consumer,11/14/2025
15913,Meera,Sharma,Female,27,New Delhi,Delhi,North,Consumer,4/12/2023
15914,Ananya,Verma,Female,51,Bengaluru,Karnataka,South,Corporate,10/20/2025
15915,Kavya,Singh,Male,65,Bengaluru,Karnataka,South,Consumer,10/24/2024
15916,Rohan,Sharma,Male,43,Ahmedabad,Gujarat,West,Corporate,8/22/2024
15917,Ishita,Mehta,Female,47,Patna,Bihar,East,Small Business,7/13/2023
15918,Meera,Nair,Male,47,Lucknow,Uttar Pradesh,North,Consumer,6/15/2024
15919,Pooja,Banerjee,Female,38,Kochi,Kerala,South,Small Business,1/28/2024
15920,Priya,Sen,Male,50,Bengaluru,Karnataka,South,Consumer,12/2/2025
15921,Arjun,Iyer,Female,56,Hyderabad,Telangana,South,Consumer,1/2/2024
15922,Rahul,Singh,Male,23,Kolkata,West Bengal,East,Consumer,8/24/2023
15923,Aditya,Sharma,Female,31,Lucknow,Uttar Pradesh,North,Corporate,10/19/2025
15924,Aarav,Singh,Female,26,Bengaluru,Karnataka,South,Consumer,7/22/2023
15925,Meera,Das,Male,56,New Delhi,Delhi,North,Consumer,9/3/2025
15926,Riya,Jain,Male,48,Mumbai,Maharashtra,West,Consumer,11/6/2025
15927,Vikram,Ghosh,Female,50,Patna,Bihar,East,Consumer,11/28/2023
15928,Tanya,Singh,Male,48,Patna,Bihar,East,Consumer,1/14/2025
15929,Rohan,Mehta,Male,43,Kochi,Kerala,South,Consumer,5/10/2025
15930,Vikram,Banerjee,Female,57,Kolkata,West Bengal,East,Small Business,8/2/2024
15931,Riya,Patel,Male,25,Bhopal,Madhya Pradesh,Central,Corporate,1/22/2025
15932,Amit,Reddy,Male,51,Bengaluru,Karnataka,South,Small Business,5/23/2023
15933,Tanya,Dutta,Male,58,Bengaluru,Karnataka,South,Consumer,7/11/2024
15934,Kavya,Jain,Male,27,Bengaluru,Karnataka,South,Consumer,7/8/2024
15935,Aarav,Bose,Female,52,Bengaluru,Karnataka,South,Consumer,9/3/2024
15936,Sneha,Iyer,Male,21,New Delhi,Delhi,North,Consumer,10/16/2025
15937,Amit,Bose,Male,25,Mumbai,Maharashtra,West,Consumer,6/9/2025
15938,Kavya,Iyer,Female,36,Chennai,Tamil Nadu,South,Consumer,10/13/2024
15939,Aditya,Singh,Female,65,Jaipur,Rajasthan,North,Corporate,3/11/2024
15940,Tanya,Singh,Male,35,Bhubaneswar,Odisha,East,Consumer,3/12/2024
15941,Rahul,Malhotra,Female,38,Jaipur,Rajasthan,North,Consumer,1/22/2023
15942,Amit,Verma,Female,54,Ahmedabad,Gujarat,West,Consumer,8/18/2024
15943,Ishita,Chatterjee,Male,56,Mumbai,Maharashtra,West,Consumer,9/30/2023
15944,Amit,Patel,Male,50,Patna,Bihar,East,Consumer,8/15/2025
15945,Neha,Verma,Female,19,Kolkata,West Bengal,East,Small Business,4/15/2025
15946,Aditya,Das,Male,59,Bengaluru,Karnataka,South,Consumer,9/12/2025
15947,Sahil,Roy,Male,30,Kolkata,West Bengal,East,Consumer,12/11/2025
15948,Sahil,Patel,Female,42,Jaipur,Rajasthan,North,Consumer,3/8/2024
15949,Sahil,Roy,Male,53,Chennai,Tamil Nadu,South,Consumer,4/7/2024
15950,Riya,Ghosh,Male,31,Jaipur,Rajasthan,North,Small Business,10/18/2024
15951,Aditya,Sharma,Male,50,Chennai,Tamil Nadu,South,Corporate,4/9/2024
15952,Amit,Singh,Female,42,Hyderabad,Telangana,South,Consumer,10/29/2023
15953,Meera,Nair,Female,25,Hyderabad,Telangana,South,Small Business,2/2/2025
15954,Sneha,Patel,Male,28,Kolkata,West Bengal,East,Consumer,5/2/2024
15955,Amit,Mehta,Male,54,Hyderabad,Telangana,South,Small Business,10/14/2025
15956,Neha,Malhotra,Other,20,Ahmedabad,Gujarat,West,Consumer,8/26/2023
15957,Rahul,Jain,Female,36,New Delhi,Delhi,North,Corporate,4/24/2024
15958,Meera,Patel,Female,41,Kolkata,West Bengal,East,Small Business,7/27/2024
15959,Aditya,Patel,Male,36,Jaipur,Rajasthan,North,Consumer,9/7/2025
15960,Karan,Chatterjee,Male,37,Bengaluru,Karnataka,South,Consumer,9/16/2024
15961,Priya,Sen,Male,64,Kolkata,West Bengal,East,Consumer,3/16/2023
15962,Arjun,Verma,Female,19,Mumbai,Maharashtra,West,Consumer,12/31/2023
15963,Ishita,Banerjee,Female,65,Hyderabad,Telangana,South,Consumer,8/14/2025
15964,Amit,Mehta,Male,52,Bengaluru,Karnataka,South,Consumer,10/21/2023
15965,Rohan,Verma,Female,62,Jaipur,Rajasthan,North,Consumer,1/3/2024
15966,Nikhil,Sharma,Female,48,Bengaluru,Karnataka,South,Consumer,6/13/2023
15967,Kavya,Das,Female,63,Lucknow,Uttar Pradesh,North,Small Business,2/15/2025
15968,Karan,Sharma,Male,21,Bengaluru,Karnataka,South,Consumer,5/31/2023
15969,Sahil,Gupta,Male,52,Ahmedabad,Gujarat,West,Consumer,2/2/2024
15970,Meera,Bose,Female,52,Patna,Bihar,East,Consumer,2/7/2025
15971,Amit,Reddy,Male,62,Chennai,Tamil Nadu,South,Small Business,8/25/2025
15972,Sahil,Banerjee,Male,21,Kolkata,West Bengal,East,Consumer,8/28/2023
15973,Amit,Sharma,Male,42,New Delhi,Delhi,North,Consumer,12/25/2023
15974,Meera,Das,Female,42,Bhopal,Madhya Pradesh,Central,Consumer,5/8/2023
15975,Aarav,Bose,Male,22,Gurugram,Haryana,North,Consumer,4/17/2024
15976,Rohan,Sen,Female,47,Mumbai,Maharashtra,West,Small Business,12/14/2025
15977,Meera,Malhotra,Female,41,Lucknow,Uttar Pradesh,North,Consumer,11/25/2023
15978,Ishita,Iyer,Female,41,Chennai,Tamil Nadu,South,Consumer,10/8/2023
15979,Arjun,Malhotra,Female,50,Mumbai,Maharashtra,West,Consumer,3/7/2024
15980,Sahil,Patel,Female,53,Jaipur,Rajasthan,North,Consumer,8/25/2025
15981,Pooja,Malhotra,Female,49,New Delhi,Delhi,North,Consumer,8/13/2024
15982,Nikhil,Iyer,Female,36,New Delhi,Delhi,North,Consumer,10/19/2024
15983,Arjun,Verma,Female,64,Bhubaneswar,Odisha,East,Corporate,4/22/2025
15984,Aarav,Iyer,Female,28,Bengaluru,Karnataka,South,Consumer,2/11/2025
15985,Vikram,Sen,Male,34,Jaipur,Rajasthan,North,Consumer,10/8/2024
15986,Ananya,Ghosh,Female,41,Chennai,Tamil Nadu,South,Consumer,8/28/2024
15987,Vikram,Jain,Female,33,Kolkata,West Bengal,East,Corporate,7/29/2024
15988,Rohan,Bose,Female,34,Chennai,Tamil Nadu,South,Consumer,7/15/2023
15989,Rahul,Reddy,Male,62,Gurugram,Haryana,North,Corporate,3/23/2024
15990,Kavya,Verma,Male,25,Hyderabad,Telangana,South,Corporate,7/3/2025
15991,Arjun,Jain,Female,42,Kolkata,West Bengal,East,Small Business,2/12/2023
15992,Meera,Malhotra,Female,40,Jaipur,Rajasthan,North,Consumer,6/13/2025
15993,Ananya,Sharma,Male,22,Gurugram,Haryana,North,Small Business,9/3/2024
15994,Neha,Banerjee,Female,27,Ludhiana,Punjab,North,Corporate,1/13/2024
15995,Tanya,Chatterjee,Female,31,New Delhi,Delhi,North,Consumer,5/4/2023
15996,Aarav,Banerjee,Male,40,Chennai,Tamil Nadu,South,Consumer,4/4/2025
15997,Nikhil,Patel,Female,37,Ahmedabad,Gujarat,West,Consumer,1/1/2023
15998,Rohan,Nair,Male,46,Patna,Bihar,East,Consumer,8/9/2024
15999,Amit,Verma,Male,36,Kochi,Kerala,South,Corporate,6/25/2023
16000,Meera,Ghosh,Male,55,Patna,Bihar,East,Small Business,9/8/2025
16001,Rahul,Sharma,Male,35,Hyderabad,Telangana,South,Consumer,7/16/2023
16002,Rohan,Sharma,Female,58,Kolkata,West Bengal,East,Small Business,5/17/2025
16003,Meera,Ghosh,Male,65,New Delhi,Delhi,North,Consumer,9/11/2024
16004,Aarav,Reddy,Female,50,Mumbai,Maharashtra,West,Small Business,2/14/2023
16005,Aarav,Ghosh,Female,22,Kolkata,West Bengal,East,Consumer,2/16/2025
16006,Rohan,Dutta,Male,60,Hyderabad,Telangana,South,Consumer,8/7/2025
16007,Karan,Bose,Female,57,Jaipur,Rajasthan,North,Consumer,8/28/2023
16008,Sahil,Gupta,Male,44,Bhubaneswar,Odisha,East,Small Business,11/12/2025
16009,Neha,Patel,Female,34,Patna,Bihar,East,Consumer,5/12/2025
16010,Ishita,Mehta,Female,52,Bhubaneswar,Odisha,East,Consumer,3/12/2025
16011,Meera,Ghosh,Female,47,Lucknow,Uttar Pradesh,North,Small Business,12/29/2023
16012,Ananya,Jain,Male,54,Lucknow,Uttar Pradesh,North,Consumer,5/10/2023
16013,Nikhil,Iyer,Female,48,Kolkata,West Bengal,East,Consumer,4/8/2024
16014,Rohan,Dutta,Female,57,Ahmedabad,Gujarat,West,Consumer,5/21/2025
16015,Priya,Bose,Male,64,Mumbai,Maharashtra,West,Corporate,9/25/2024
16016,Tanya,Mehta,Female,54,Kolkata,West Bengal,East,Small Business,11/30/2024
16017,Karan,Mehta,Male,33,Mumbai,Maharashtra,West,Consumer,4/23/2025
16018,Aditya,Sharma,Male,61,Bhubaneswar,Odisha,East,Corporate,1/1/2024
16019,Rohan,Jain,Male,57,Lucknow,Uttar Pradesh,North,Consumer,2/10/2023
16020,Aditya,Nair,Male,40,Gurugram,Haryana,North,Consumer,8/12/2025
16021,Kavya,Malhotra,Female,20,Bhopal,Madhya Pradesh,Central,Consumer,10/24/2024
16022,Ananya,Das,Male,63,Kochi,Kerala,South,Consumer,9/2/2024
16023,Ananya,Patel,Male,43,Mumbai,Maharashtra,West,Consumer,9/11/2024
16024,Rohan,Nair,Male,37,Kochi,Kerala,South,Consumer,7/10/2025
16025,Ishita,Banerjee,Male,47,Bhubaneswar,Odisha,East,Corporate,4/10/2025
16026,Sahil,Mehta,Female,21,Kochi,Kerala,South,Consumer,12/24/2024
16027,Rahul,Verma,Female,57,Mumbai,Maharashtra,West,Small Business,4/24/2025
16028,Kavya,Ghosh,Male,26,Kolkata,West Bengal,East,Small Business,11/8/2023
16029,Nikhil,Nair,Male,30,Ludhiana,Punjab,North,Consumer,2/7/2025
16030,Aditya,Singh,Male,44,Mumbai,Maharashtra,West,Small Business,11/19/2025
16031,Tanya,Jain,Female,49,Chennai,Tamil Nadu,South,Small Business,9/11/2023
16032,Meera,Banerjee,Male,18,Hyderabad,Telangana,South,Corporate,9/8/2024
16033,Kavya,Mehta,Female,45,Mumbai,Maharashtra,West,Consumer,1/5/2025
16034,Sneha,Ghosh,Female,25,Kolkata,West Bengal,East,Consumer,7/12/2024
16035,Rohan,Chatterjee,Male,63,Bhopal,Madhya Pradesh,Central,Corporate,11/12/2025
16036,Meera,Sen,Male,35,Kochi,Kerala,South,Corporate,3/11/2024
16037,Aditya,Sharma,Male,41,Ludhiana,Punjab,North,Consumer,8/24/2023
16038,Arjun,Singh,Male,47,Bengaluru,Karnataka,South,Consumer,5/28/2023
16039,Amit,Reddy,Male,25,Mumbai,Maharashtra,West,Consumer,7/6/2025
16040,Rohan,Roy,Female,25,Hyderabad,Telangana,South,Corporate,1/11/2025
16041,Nikhil,Roy,Male,64,Hyderabad,Telangana,South,Small Business,9/16/2024
16042,Meera,Malhotra,Male,45,Kolkata,West Bengal,East,Consumer,4/10/2024
16043,Aarav,Roy,Female,28,Lucknow,Uttar Pradesh,North,Consumer,3/18/2024
16044,Nikhil,Banerjee,Female,49,Bhopal,Madhya Pradesh,Central,Small Business,10/6/2025
16045,Nikhil,Khan,Male,60,New Delhi,Delhi,North,Consumer,1/4/2025
16046,Kavya,Nair,Female,54,Chennai,Tamil Nadu,South,Corporate,11/8/2025
16047,Priya,Mehta,Male,37,Chennai,Tamil Nadu,South,Consumer,5/15/2025
16048,Pooja,Iyer,Female,49,Kolkata,West Bengal,East,Consumer,4/9/2025
16049,Meera,Iyer,Female,60,Bengaluru,Karnataka,South,Consumer,8/20/2024
16050,Sahil,Bose,Male,30,New Delhi,Delhi,North,Consumer,9/19/2023
16051,Aditya,Mehta,Male,55,Hyderabad,Telangana,South,Consumer,12/6/2024
16052,Amit,Iyer,Male,65,New Delhi,Delhi,North,Consumer,2/12/2025
16053,Sneha,Malhotra,Female,34,Bhubaneswar,Odisha,East,Corporate,7/17/2024
16054,Priya,Das,Male,60,Mumbai,Maharashtra,West,Small Business,1/23/2023
16055,Pooja,Bose,Female,19,Kolkata,West Bengal,East,Corporate,11/2/2025
16056,Ishita,Singh,Male,35,Kolkata,West Bengal,East,Consumer,6/11/2025
16057,Rahul,Sen,Female,31,Mumbai,Maharashtra,West,Consumer,1/16/2024
16058,Pooja,Sharma,Male,19,New Delhi,Delhi,North,Consumer,6/17/2024
16059,Rohan,Mehta,Female,46,Patna,Bihar,East,Corporate,5/14/2023
16060,Neha,Bose,Male,43,Kochi,Kerala,South,Consumer,10/8/2025
16061,Sneha,Khan,Male,36,Ahmedabad,Gujarat,West,Small Business,9/7/2023
16062,Meera,Nair,Male,59,Chennai,Tamil Nadu,South,Consumer,2/12/2024
16063,Meera,Khan,Female,29,Mumbai,Maharashtra,West,Consumer,4/7/2024
16064,Ishita,Jain,Male,57,Chennai,Tamil Nadu,South,Consumer,10/12/2023
16065,Amit,Reddy,Male,48,Bengaluru,Karnataka,South,Consumer,11/16/2024
16066,Ananya,Chatterjee,Male,61,Kochi,Kerala,South,Small Business,12/10/2025
16067,Tanya,Sen,Male,18,Hyderabad,Telangana,South,Consumer,7/12/2025
16068,Rahul,Bose,Female,64,Mumbai,Maharashtra,West,Consumer,7/27/2024
16069,Meera,Sharma,Male,18,Bengaluru,Karnataka,South,Consumer,5/22/2023
16070,Sahil,Reddy,Female,52,Mumbai,Maharashtra,West,Small Business,7/21/2025
16071,Ananya,Bose,Female,54,Ludhiana,Punjab,North,Consumer,10/5/2023
16072,Arjun,Nair,Female,25,Kolkata,West Bengal,East,Corporate,9/10/2025
16073,Amit,Ghosh,Male,19,Kolkata,West Bengal,East,Consumer,3/3/2024
16074,Meera,Gupta,Female,19,Mumbai,Maharashtra,West,Small Business,7/13/2024
16075,Amit,Verma,Female,24,Patna,Bihar,East,Corporate,4/16/2024
16076,Riya,Patel,Male,25,New Delhi,Delhi,North,Consumer,5/7/2024
16077,Karan,Sen,Male,64,Ahmedabad,Gujarat,West,Consumer,6/28/2023
16078,Sneha,Mehta,Male,27,Chennai,Tamil Nadu,South,Consumer,8/20/2024
16079,Nikhil,Khan,Male,56,Kolkata,West Bengal,East,Corporate,3/11/2024
16080,Sahil,Jain,Male,20,Bhubaneswar,Odisha,East,Corporate,7/4/2025
16081,Kavya,Malhotra,Male,49,Mumbai,Maharashtra,West,Consumer,5/30/2024
16082,Aditya,Mehta,Female,39,Kolkata,West Bengal,East,Consumer,11/7/2025
16083,Rohan,Sen,Male,43,New Delhi,Delhi,North,Small Business,11/17/2023
16084,Sahil,Sen,Male,55,Kolkata,West Bengal,East,Small Business,12/21/2023
16085,Aarav,Iyer,Female,28,Kolkata,West Bengal,East,Consumer,2/9/2023
16086,Aarav,Chatterjee,Male,18,Patna,Bihar,East,Corporate,3/8/2025
16087,Riya,Patel,Male,28,Hyderabad,Telangana,South,Consumer,3/21/2023
16088,Vikram,Verma,Male,56,Bengaluru,Karnataka,South,Consumer,11/5/2023
16089,Riya,Verma,Male,46,Chennai,Tamil Nadu,South,Small Business,9/10/2025
16090,Neha,Gupta,Female,62,Lucknow,Uttar Pradesh,North,Corporate,10/21/2024
16091,Ananya,Roy,Male,58,Kolkata,West Bengal,East,Consumer,8/26/2024
16092,Meera,Bose,Female,25,Kolkata,West Bengal,East,Consumer,5/19/2025
16093,Aditya,Verma,Female,20,Ahmedabad,Gujarat,West,Consumer,4/13/2025
16094,Riya,Mehta,Male,19,Ahmedabad,Gujarat,West,Consumer,8/15/2025
16095,Pooja,Sharma,Female,27,Bhopal,Madhya Pradesh,Central,Small Business,12/19/2024
16096,Rohan,Gupta,Female,41,Chennai,Tamil Nadu,South,Consumer,4/29/2024
16097,Priya,Roy,Female,18,Kolkata,West Bengal,East,Consumer,5/22/2023
16098,Pooja,Sen,Male,59,New Delhi,Delhi,North,Corporate,2/4/2024
16099,Tanya,Bose,Female,40,Ahmedabad,Gujarat,West,Consumer,1/31/2025
16100,Tanya,Mehta,Male,53,Mumbai,Maharashtra,West,Consumer,10/1/2023
16101,Aditya,Dutta,Male,59,New Delhi,Delhi,North,Consumer,12/25/2024
16102,Sahil,Verma,Female,19,Mumbai,Maharashtra,West,Consumer,5/25/2023
16103,Rahul,Jain,Male,38,Bhubaneswar,Odisha,East,Consumer,3/7/2023
16104,Sahil,Singh,Male,50,Bhubaneswar,Odisha,East,Consumer,1/30/2024
16105,Nikhil,Bose,Male,65,Hyderabad,Telangana,South,Small Business,9/6/2023
16106,Vikram,Ghosh,Female,57,Gurugram,Haryana,North,Small Business,7/30/2025
16107,Vikram,Sharma,Male,28,Bhopal,Madhya Pradesh,Central,Consumer,2/13/2024
16108,Neha,Nair,Male,31,Mumbai,Maharashtra,West,Consumer,3/28/2024
16109,Riya,Banerjee,Female,56,Chennai,Tamil Nadu,South,Consumer,3/11/2024
16110,Meera,Sharma,Male,49,Ahmedabad,Gujarat,West,Consumer,12/9/2023
16111,Amit,Bose,Male,29,Kolkata,West Bengal,East,Consumer,9/18/2025
16112,Meera,Iyer,Female,41,Chennai,Tamil Nadu,South,Consumer,3/9/2025
16113,Aarav,Ghosh,Female,62,Bengaluru,Karnataka,South,Consumer,6/21/2023
16114,Sahil,Mehta,Female,27,Gurugram,Haryana,North,Small Business,8/21/2023
16115,Sneha,Das,Male,33,Chennai,Tamil Nadu,South,Consumer,3/29/2023
16116,Sahil,Sen,Male,61,Lucknow,Uttar Pradesh,North,Consumer,10/4/2023
16117,Tanya,Chatterjee,Female,50,Chennai,Tamil Nadu,South,Small Business,12/10/2024
16118,Meera,Sen,Male,28,Mumbai,Maharashtra,West,Small Business,10/7/2025
16119,Nikhil,Malhotra,Female,31,Kochi,Kerala,South,Consumer,6/4/2024
16120,Aarav,Sen,Male,58,Kolkata,West Bengal,East,Corporate,3/30/2023
16121,Rohan,Banerjee,Female,31,Kolkata,West Bengal,East,Corporate,2/21/2023
16122,Priya,Verma,Male,51,Chennai,Tamil Nadu,South,Consumer,3/23/2024
16123,Vikram,Sharma,Female,41,Jaipur,Rajasthan,North,Consumer,10/13/2023
16124,Tanya,Bose,Male,28,Chennai,Tamil Nadu,South,Corporate,9/14/2024
16125,Pooja,Patel,Female,35,Kolkata,West Bengal,East,Consumer,5/8/2023
16126,Vikram,Banerjee,Male,52,Bengaluru,Karnataka,South,Small Business,9/6/2023
16127,Sahil,Dutta,Female,56,Bengaluru,Karnataka,South,Small Business,8/23/2024
16128,Ananya,Reddy,Male,19,Kolkata,West Bengal,East,Consumer,10/31/2023
16129,Pooja,Roy,Male,61,New Delhi,Delhi,North,Consumer,1/29/2024
16130,Vikram,Khan,Male,29,Kolkata,West Bengal,East,Small Business,8/28/2023
16131,Rahul,Mehta,Male,49,Bengaluru,Karnataka,South,Consumer,2/25/2023
16132,Karan,Nair,Female,31,Ahmedabad,Gujarat,West,Consumer,1/8/2024
16133,Sahil,Gupta,Female,30,Lucknow,Uttar Pradesh,North,Corporate,12/23/2023
16134,Sahil,Iyer,Female,60,Bengaluru,Karnataka,South,Corporate,8/28/2025
16135,Sahil,Bose,Male,51,Bengaluru,Karnataka,South,Consumer,8/22/2025
16136,Sahil,Jain,Male,61,Bengaluru,Karnataka,South,Consumer,4/11/2024
16137,Ishita,Bose,Male,19,Gurugram,Haryana,North,Small Business,11/8/2023
16138,Arjun,Malhotra,Male,31,Mumbai,Maharashtra,West,Small Business,3/27/2024
16139,Tanya,Malhotra,Female,20,Mumbai,Maharashtra,West,Consumer,10/18/2024
16140,Ishita,Iyer,Female,40,Hyderabad,Telangana,South,Consumer,2/22/2024
16141,Karan,Reddy,Male,40,Mumbai,Maharashtra,West,Consumer,3/27/2025
16142,Arjun,Banerjee,Male,65,Mumbai,Maharashtra,West,Consumer,11/7/2025
16143,Meera,Chatterjee,Male,29,Kolkata,West Bengal,East,Consumer,3/11/2024
16144,Meera,Dutta,Male,49,Ahmedabad,Gujarat,West,Consumer,5/7/2023
16145,Nikhil,Sharma,Male,65,Ahmedabad,Gujarat,West,Consumer,5/11/2023
16146,Ananya,Dutta,Male,21,Jaipur,Rajasthan,North,Corporate,7/30/2025
16147,Sahil,Bose,Male,39,Lucknow,Uttar Pradesh,North,Corporate,3/25/2024
16148,Karan,Reddy,Male,36,Bengaluru,Karnataka,South,Corporate,12/20/2023
16149,Aarav,Jain,Female,19,Ludhiana,Punjab,North,Consumer,10/30/2024
16150,Neha,Singh,Other,38,Lucknow,Uttar Pradesh,North,Consumer,10/30/2025
16151,Ishita,Sen,Male,30,Patna,Bihar,East,Consumer,4/3/2024
16152,Karan,Sharma,Male,32,Lucknow,Uttar Pradesh,North,Consumer,12/7/2023
16153,Riya,Ghosh,Male,28,Chennai,Tamil Nadu,South,Corporate,7/20/2025
16154,Neha,Verma,Female,42,Bengaluru,Karnataka,South,Corporate,3/31/2023
16155,Pooja,Banerjee,Female,37,Hyderabad,Telangana,South,Corporate,6/30/2025
16156,Amit,Chatterjee,Female,53,Kolkata,West Bengal,East,Consumer,7/15/2024
16157,Kavya,Bose,Female,34,Hyderabad,Telangana,South,Consumer,1/22/2023
16158,Karan,Das,Female,51,Kolkata,West Bengal,East,Consumer,9/4/2023
16159,Amit,Dutta,Male,43,Kolkata,West Bengal,East,Consumer,1/3/2025
16160,Riya,Khan,Male,34,Gurugram,Haryana,North,Consumer,3/24/2025
16161,Kavya,Jain,Male,57,Jaipur,Rajasthan,North,Corporate,7/31/2023
16162,Sneha,Mehta,Male,53,New Delhi,Delhi,North,Small Business,12/10/2024
16163,Vikram,Verma,Male,43,Chennai,Tamil Nadu,South,Consumer,12/4/2025
16164,Vikram,Roy,Female,43,New Delhi,Delhi,North,Small Business,1/11/2025
16165,Tanya,Singh,Female,54,Kochi,Kerala,South,Corporate,1/28/2025
16166,Rohan,Chatterjee,Female,54,Jaipur,Rajasthan,North,Consumer,7/28/2023
16167,Sneha,Sen,Female,52,Ahmedabad,Gujarat,West,Consumer,11/19/2024
16168,Kavya,Roy,Female,23,Hyderabad,Telangana,South,Consumer,2/4/2025
16169,Karan,Sharma,Female,29,Chennai,Tamil Nadu,South,Consumer,4/30/2023
16170,Rohan,Bose,Female,37,Jaipur,Rajasthan,North,Consumer,12/3/2023
16171,Rohan,Khan,Male,45,Bhopal,Madhya Pradesh,Central,Corporate,8/11/2025
16172,Sahil,Sen,Female,36,Hyderabad,Telangana,South,Consumer,12/14/2025
16173,Sahil,Khan,Female,57,Chennai,Tamil Nadu,South,Consumer,7/7/2023
16174,Aarav,Mehta,Female,34,Hyderabad,Telangana,South,Small Business,3/1/2025
16175,Sneha,Banerjee,Female,44,Hyderabad,Telangana,South,Consumer,6/25/2024
16176,Kavya,Iyer,Male,51,Bhopal,Madhya Pradesh,Central,Consumer,9/29/2024
16177,Aarav,Gupta,Female,36,Lucknow,Uttar Pradesh,North,Corporate,7/5/2024
16178,Ananya,Gupta,Male,44,Chennai,Tamil Nadu,South,Consumer,7/25/2025
16179,Ananya,Malhotra,Female,52,Chennai,Tamil Nadu,South,Corporate,4/25/2024
16180,Vikram,Verma,Female,36,Hyderabad,Telangana,South,Consumer,9/28/2024
16181,Ishita,Reddy,Female,64,Kolkata,West Bengal,East,Consumer,12/23/2024
16182,Rohan,Bose,Male,43,New Delhi,Delhi,North,Small Business,8/19/2024
16183,Aarav,Chatterjee,Female,55,Patna,Bihar,East,Consumer,8/8/2025
16184,Karan,Iyer,Male,51,Jaipur,Rajasthan,North,Consumer,9/14/2023
16185,Sahil,Bose,Male,57,Mumbai,Maharashtra,West,Consumer,10/20/2025
16186,Rahul,Das,Male,50,Lucknow,Uttar Pradesh,North,Consumer,1/2/2025
16187,Pooja,Banerjee,Female,43,Lucknow,Uttar Pradesh,North,Corporate,11/2/2025
16188,Kavya,Chatterjee,Male,54,Bengaluru,Karnataka,South,Consumer,2/9/2024
16189,Neha,Patel,Male,40,Ahmedabad,Gujarat,West,Consumer,6/1/2024
16190,Neha,Singh,Female,58,Ahmedabad,Gujarat,West,Small Business,2/16/2023
16191,Ananya,Das,Male,42,Bhubaneswar,Odisha,East,Consumer,9/24/2025
16192,Tanya,Banerjee,Female,53,Mumbai,Maharashtra,West,Consumer,5/31/2025
16193,Tanya,Iyer,Female,27,Mumbai,Maharashtra,West,Consumer,11/17/2023
16194,Amit,Banerjee,Male,26,Hyderabad,Telangana,South,Small Business,2/26/2023
16195,Nikhil,Das,Female,45,Kolkata,West Bengal,East,Consumer,1/22/2025
16196,Karan,Banerjee,Male,58,Chennai,Tamil Nadu,South,Consumer,12/27/2024
16197,Pooja,Malhotra,Female,53,Patna,Bihar,East,Consumer,7/23/2024
16198,Sahil,Sharma,Male,33,Mumbai,Maharashtra,West,Consumer,6/19/2023
16199,Arjun,Jain,Female,59,Hyderabad,Telangana,South,Corporate,9/18/2025
16200,Rahul,Gupta,Female,49,Bhopal,Madhya Pradesh,Central,Small Business,4/12/2024
16201,Rahul,Das,Female,44,New Delhi,Delhi,North,Consumer,2/21/2025
16202,Karan,Das,Male,65,Hyderabad,Telangana,South,Corporate,7/16/2025
16203,Rahul,Sharma,Female,55,New Delhi,Delhi,North,Consumer,8/15/2024
16204,Sneha,Verma,Male,32,Mumbai,Maharashtra,West,Consumer,4/12/2023
16205,Ishita,Banerjee,Female,21,Mumbai,Maharashtra,West,Consumer,8/16/2025
16206,Amit,Ghosh,Male,30,Jaipur,Rajasthan,North,Consumer,12/21/2024
16207,Vikram,Das,Male,26,Chennai,Tamil Nadu,South,Consumer,8/23/2025
16208,Arjun,Nair,Female,26,Bengaluru,Karnataka,South,Consumer,10/23/2024
16209,Pooja,Chatterjee,Male,43,Kolkata,West Bengal,East,Consumer,9/7/2025
16210,Aditya,Das,Female,65,Bhubaneswar,Odisha,East,Corporate,7/25/2025
16211,Aarav,Nair,Female,49,Kolkata,West Bengal,East,Consumer,8/21/2023
16212,Pooja,Patel,Male,38,Lucknow,Uttar Pradesh,North,Consumer,7/6/2023
16213,Priya,Verma,Female,29,Chennai,Tamil Nadu,South,Consumer,6/23/2023
16214,Ishita,Nair,Male,55,Ahmedabad,Gujarat,West,Consumer,5/13/2025
16215,Tanya,Malhotra,Female,44,Bengaluru,Karnataka,South,Consumer,9/17/2023
16216,Rahul,Iyer,Male,20,Mumbai,Maharashtra,West,Consumer,5/1/2024
16217,Meera,Verma,Male,40,New Delhi,Delhi,North,Consumer,5/1/2025
16218,Ishita,Bose,Female,26,Jaipur,Rajasthan,North,Consumer,4/7/2024
16219,Nikhil,Roy,Female,41,Mumbai,Maharashtra,West,Consumer,3/8/2023
16220,Sahil,Roy,Female,21,Hyderabad,Telangana,South,Consumer,1/26/2024
16221,Sahil,Banerjee,Female,28,Hyderabad,Telangana,South,Small Business,4/13/2023
16222,Rahul,Patel,Male,57,Mumbai,Maharashtra,West,Consumer,2/21/2024
16223,Kavya,Sharma,Male,26,New Delhi,Delhi,North,Consumer,3/6/2025
16224,Sneha,Khan,Male,23,Mumbai,Maharashtra,West,Consumer,7/15/2024
16225,Nikhil,Singh,Female,28,New Delhi,Delhi,North,Consumer,12/29/2024
16226,Tanya,Ghosh,Male,62,Kolkata,West Bengal,East,Consumer,4/26/2023
16227,Karan,Iyer,Female,63,Hyderabad,Telangana,South,Consumer,3/21/2025
16228,Nikhil,Banerjee,Male,49,Bengaluru,Karnataka,South,Consumer,4/4/2024
16229,Vikram,Banerjee,Male,55,Hyderabad,Telangana,South,Corporate,11/6/2023
16230,Arjun,Das,Female,61,Hyderabad,Telangana,South,Consumer,12/5/2024
16231,Meera,Verma,Male,32,Ludhiana,Punjab,North,Consumer,5/26/2023
16232,Vikram,Das,Male,37,Hyderabad,Telangana,South,Consumer,6/22/2024
16233,Arjun,Khan,Female,19,Patna,Bihar,East,Corporate,3/31/2024
16234,Riya,Nair,Female,43,Mumbai,Maharashtra,West,Corporate,6/29/2023
16235,Amit,Reddy,Male,62,Chennai,Tamil Nadu,South,Consumer,10/25/2025
16236,Nikhil,Gupta,Male,19,Kolkata,West Bengal,East,Consumer,1/28/2024
16237,Pooja,Gupta,Male,52,Hyderabad,Telangana,South,Small Business,2/14/2023
16238,Aditya,Nair,Female,40,Jaipur,Rajasthan,North,Consumer,4/23/2024
16239,Rohan,Dutta,Male,64,Bhubaneswar,Odisha,East,Consumer,11/9/2025
16240,Aditya,Gupta,Female,46,New Delhi,Delhi,North,Consumer,12/23/2024
16241,Rohan,Bose,Male,37,Ahmedabad,Gujarat,West,Corporate,11/18/2024
16242,Priya,Sen,Female,22,Mumbai,Maharashtra,West,Consumer,8/30/2025
16243,Aarav,Ghosh,Female,44,Kolkata,West Bengal,East,Corporate,4/1/2023
16244,Neha,Roy,Female,65,Patna,Bihar,East,Consumer,8/17/2024
16245,Rahul,Gupta,Male,18,Mumbai,Maharashtra,West,Consumer,12/13/2023
16246,Aarav,Reddy,Male,18,Kolkata,West Bengal,East,Consumer,12/31/2024
16247,Priya,Khan,Male,60,Gurugram,Haryana,North,Consumer,7/9/2025
16248,Kavya,Sharma,Female,30,Gurugram,Haryana,North,Corporate,3/25/2023
16249,Neha,Jain,Male,47,Ahmedabad,Gujarat,West,Consumer,6/20/2023
16250,Ishita,Patel,Male,47,Chennai,Tamil Nadu,South,Consumer,10/27/2025
16251,Neha,Patel,Male,41,Bhubaneswar,Odisha,East,Small Business,6/15/2024
16252,Neha,Bose,Male,41,Mumbai,Maharashtra,West,Consumer,12/7/2023
16253,Ishita,Sen,Male,51,Hyderabad,Telangana,South,Consumer,6/14/2023
16254,Sahil,Patel,Female,29,Chennai,Tamil Nadu,South,Consumer,1/18/2024
16255,Amit,Reddy,Female,26,Ludhiana,Punjab,North,Small Business,1/6/2023
16256,Ananya,Gupta,Male,65,Ludhiana,Punjab,North,Consumer,8/29/2023
16257,Sahil,Ghosh,Female,18,Jaipur,Rajasthan,North,Consumer,7/17/2023
16258,Ananya,Gupta,Male,27,Kolkata,West Bengal,East,Consumer,4/2/2023
16259,Riya,Mehta,Other,53,Hyderabad,Telangana,South,Consumer,11/12/2025
16260,Aditya,Nair,Female,45,Bengaluru,Karnataka,South,Consumer,5/3/2025
16261,Sneha,Jain,Male,33,Kochi,Kerala,South,Consumer,10/12/2025
16262,Kavya,Verma,Female,23,Mumbai,Maharashtra,West,Consumer,9/17/2023
16263,Pooja,Ghosh,Male,35,Kolkata,West Bengal,East,Consumer,11/8/2023
16264,Riya,Bose,Male,20,Lucknow,Uttar Pradesh,North,Consumer,11/2/2023
16265,Ishita,Bose,Male,44,Hyderabad,Telangana,South,Corporate,8/26/2024
16266,Kavya,Chatterjee,Female,41,Bhubaneswar,Odisha,East,Consumer,7/16/2023
16267,Amit,Khan,Female,62,Kolkata,West Bengal,East,Corporate,9/12/2023
16268,Vikram,Iyer,Female,56,Patna,Bihar,East,Consumer,11/18/2025
16269,Karan,Reddy,Female,40,Kolkata,West Bengal,East,Consumer,1/16/2024
16270,Neha,Roy,Male,43,Kolkata,West Bengal,East,Consumer,4/23/2025
16271,Rahul,Nair,Female,51,Hyderabad,Telangana,South,Consumer,9/5/2023
16272,Neha,Jain,Male,32,Mumbai,Maharashtra,West,Corporate,10/1/2025
16273,Pooja,Banerjee,Male,46,Ahmedabad,Gujarat,West,Consumer,1/19/2025
16274,Riya,Malhotra,Female,18,Kolkata,West Bengal,East,Small Business,7/19/2025
16275,Pooja,Verma,Female,63,Kolkata,West Bengal,East,Small Business,7/11/2024
16276,Rahul,Bose,Female,63,Lucknow,Uttar Pradesh,North,Small Business,9/5/2025
16277,Arjun,Ghosh,Female,60,Mumbai,Maharashtra,West,Consumer,1/27/2024
16278,Kavya,Das,Male,28,Jaipur,Rajasthan,North,Consumer,6/1/2024
16279,Sneha,Bose,Female,55,Lucknow,Uttar Pradesh,North,Corporate,3/8/2023
16280,Aditya,Nair,Male,45,Kolkata,West Bengal,East,Consumer,7/4/2023
16281,Karan,Roy,Female,65,Lucknow,Uttar Pradesh,North,Corporate,4/12/2025
16282,Neha,Chatterjee,Male,18,Bengaluru,Karnataka,South,Consumer,12/20/2023
16283,Karan,Iyer,Female,37,Chennai,Tamil Nadu,South,Corporate,4/21/2023
16284,Nikhil,Dutta,Female,22,Kolkata,West Bengal,East,Consumer,11/12/2023
16285,Pooja,Sen,Male,63,Bhubaneswar,Odisha,East,Small Business,1/17/2024
16286,Arjun,Gupta,Male,26,New Delhi,Delhi,North,Consumer,2/13/2025
16287,Rahul,Das,Male,19,New Delhi,Delhi,North,Consumer,4/8/2023
16288,Aditya,Jain,Male,23,Gurugram,Haryana,North,Consumer,1/28/2023
16289,Ishita,Reddy,Female,64,Bengaluru,Karnataka,South,Consumer,2/21/2025
16290,Sneha,Nair,Male,43,Kochi,Kerala,South,Small Business,6/3/2023
16291,Ananya,Khan,Male,23,Lucknow,Uttar Pradesh,North,Consumer,3/29/2024
16292,Aarav,Malhotra,Male,37,Ludhiana,Punjab,North,Consumer,1/7/2025
16293,Aarav,Gupta,Male,38,Ludhiana,Punjab,North,Consumer,7/9/2024
16294,Tanya,Nair,Male,56,Bhopal,Madhya Pradesh,Central,Corporate,5/14/2023
16295,Sneha,Mehta,Female,28,Mumbai,Maharashtra,West,Consumer,2/18/2025
16296,Tanya,Malhotra,Female,23,Patna,Bihar,East,Small Business,2/22/2023
16297,Rohan,Reddy,Female,53,Patna,Bihar,East,Consumer,9/8/2023
16298,Rohan,Khan,Male,38,Ahmedabad,Gujarat,West,Corporate,4/28/2023
16299,Ishita,Das,Male,23,Bengaluru,Karnataka,South,Corporate,7/7/2024
16300,Nikhil,Singh,Male,38,Gurugram,Haryana,North,Consumer,1/15/2025
16301,Neha,Chatterjee,Female,38,Mumbai,Maharashtra,West,Consumer,12/2/2024
16302,Arjun,Khan,Male,29,Hyderabad,Telangana,South,Consumer,5/31/2023
16303,Priya,Patel,Male,27,New Delhi,Delhi,North,Consumer,1/6/2024
16304,Tanya,Bose,Female,22,Mumbai,Maharashtra,West,Consumer,6/8/2023
16305,Ananya,Ghosh,Male,58,Lucknow,Uttar Pradesh,North,Corporate,1/6/2024
16306,Sahil,Patel,Female,18,Kolkata,West Bengal,East,Consumer,9/6/2023
16307,Nikhil,Chatterjee,Female,42,Jaipur,Rajasthan,North,Consumer,3/10/2025
16308,Rahul,Ghosh,Female,18,Bhubaneswar,Odisha,East,Consumer,3/21/2025
16309,Neha,Reddy,Male,56,Chennai,Tamil Nadu,South,Consumer,6/2/2025
16310,Neha,Reddy,Female,37,Lucknow,Uttar Pradesh,North,Consumer,8/5/2023
16311,Kavya,Reddy,Male,65,Mumbai,Maharashtra,West,Consumer,1/15/2023
16312,Kavya,Malhotra,Male,20,Bhubaneswar,Odisha,East,Small Business,2/8/2023
16313,Riya,Jain,Male,33,Gurugram,Haryana,North,Corporate,6/29/2025
16314,Rohan,Nair,Male,36,Mumbai,Maharashtra,West,Consumer,9/5/2025
16315,Nikhil,Iyer,Male,21,Jaipur,Rajasthan,North,Corporate,8/17/2023
16316,Sneha,Jain,Female,38,New Delhi,Delhi,North,Consumer,8/4/2025
16317,Rahul,Reddy,Female,40,New Delhi,Delhi,North,Consumer,7/26/2024
16318,Karan,Patel,Male,39,Lucknow,Uttar Pradesh,North,Consumer,7/19/2023
16319,Ananya,Patel,Male,43,Hyderabad,Telangana,South,Consumer,12/4/2023
16320,Aarav,Banerjee,Male,27,Ahmedabad,Gujarat,West,Corporate,10/14/2023
16321,Kavya,Gupta,Other,29,Mumbai,Maharashtra,West,Corporate,4/4/2025
16322,Aarav,Iyer,Male,41,Chennai,Tamil Nadu,South,Consumer,7/23/2023
16323,Meera,Sen,Male,48,Kochi,Kerala,South,Consumer,7/17/2023
16324,Rahul,Jain,Male,36,Kolkata,West Bengal,East,Consumer,2/16/2025
16325,Aarav,Malhotra,Female,39,Ahmedabad,Gujarat,West,Consumer,11/23/2023
16326,Amit,Gupta,Male,65,Mumbai,Maharashtra,West,Consumer,9/28/2023
16327,Ananya,Jain,Male,49,Bhubaneswar,Odisha,East,Consumer,5/22/2025
16328,Sneha,Patel,Male,20,New Delhi,Delhi,North,Consumer,10/2/2025
16329,Sneha,Jain,Female,35,Chennai,Tamil Nadu,South,Consumer,8/22/2024
16330,Vikram,Nair,Male,20,Bengaluru,Karnataka,South,Consumer,6/12/2025
16331,Ishita,Chatterjee,Female,60,Hyderabad,Telangana,South,Consumer,6/27/2025
16332,Ananya,Banerjee,Female,57,Gurugram,Haryana,North,Corporate,9/27/2024
16333,Rahul,Patel,Female,40,New Delhi,Delhi,North,Corporate,6/15/2025
16334,Ananya,Bose,Female,30,Hyderabad,Telangana,South,Consumer,1/10/2023
16335,Riya,Patel,Female,52,Lucknow,Uttar Pradesh,North,Small Business,2/8/2023
16336,Pooja,Banerjee,Male,26,Chennai,Tamil Nadu,South,Consumer,8/12/2025
16337,Ishita,Singh,Female,54,Hyderabad,Telangana,South,Corporate,6/1/2023
16338,Aarav,Bose,Female,59,Bengaluru,Karnataka,South,Consumer,2/24/2025
16339,Rohan,Mehta,Female,26,Mumbai,Maharashtra,West,Corporate,3/29/2024
16340,Pooja,Iyer,Female,43,Lucknow,Uttar Pradesh,North,Consumer,4/30/2025
16341,Priya,Sen,Female,25,Kochi,Kerala,South,Consumer,12/19/2024
16342,Aditya,Jain,Female,47,Ludhiana,Punjab,North,Consumer,3/19/2023
16343,Amit,Roy,Male,50,Kochi,Kerala,South,Consumer,12/30/2023
16344,Pooja,Chatterjee,Female,18,Hyderabad,Telangana,South,Consumer,2/4/2025
16345,Amit,Reddy,Female,63,Bengaluru,Karnataka,South,Small Business,9/22/2025
16346,Sneha,Gupta,Female,30,Ahmedabad,Gujarat,West,Consumer,5/18/2025
16347,Ishita,Nair,Male,40,Gurugram,Haryana,North,Consumer,8/21/2025
16348,Sahil,Sen,Male,30,Lucknow,Uttar Pradesh,North,Consumer,10/30/2025
16349,Meera,Dutta,Male,61,Hyderabad,Telangana,South,Corporate,8/23/2025
16350,Riya,Malhotra,Male,54,Jaipur,Rajasthan,North,Corporate,9/18/2024
16351,Sahil,Sen,Male,65,Lucknow,Uttar Pradesh,North,Consumer,12/30/2023
16352,Meera,Roy,Male,36,Ludhiana,Punjab,North,Consumer,7/2/2024
16353,Nikhil,Das,Male,45,Lucknow,Uttar Pradesh,North,Small Business,5/9/2025
16354,Priya,Nair,Female,45,Hyderabad,Telangana,South,Small Business,4/4/2024
16355,Vikram,Dutta,Male,29,Bengaluru,Karnataka,South,Small Business,6/16/2025
16356,Arjun,Patel,Male,62,Hyderabad,Telangana,South,Consumer,1/27/2025
16357,Aarav,Bose,Female,59,Bengaluru,Karnataka,South,Consumer,8/15/2023
16358,Neha,Jain,Male,65,Gurugram,Haryana,North,Small Business,9/21/2025
16359,Rahul,Banerjee,Female,39,New Delhi,Delhi,North,Consumer,7/2/2025
16360,Rahul,Roy,Female,24,Hyderabad,Telangana,South,Consumer,10/9/2024
16361,Priya,Nair,Male,25,Chennai,Tamil Nadu,South,Consumer,7/29/2023
16362,Ishita,Mehta,Male,44,Ahmedabad,Gujarat,West,Consumer,9/3/2023
16363,Ananya,Bose,Male,57,New Delhi,Delhi,North,Corporate,6/25/2025
16364,Sahil,Mehta,Male,51,Mumbai,Maharashtra,West,Consumer,1/19/2023
16365,Pooja,Sharma,Female,53,Kochi,Kerala,South,Consumer,6/6/2024
16366,Kavya,Roy,Male,55,Chennai,Tamil Nadu,South,Consumer,10/30/2024
16367,Nikhil,Khan,Male,58,Hyderabad,Telangana,South,Small Business,9/9/2023
16368,Karan,Banerjee,Female,62,Mumbai,Maharashtra,West,Small Business,7/22/2025
16369,Sneha,Sen,Male,35,New Delhi,Delhi,North,Consumer,7/18/2024
16370,Tanya,Malhotra,Male,52,Lucknow,Uttar Pradesh,North,Consumer,3/13/2023
16371,Neha,Gupta,Female,31,Kochi,Kerala,South,Consumer,12/12/2023
16372,Ishita,Nair,Male,51,Kolkata,West Bengal,East,Corporate,3/5/2024
16373,Aditya,Khan,Female,20,Bhopal,Madhya Pradesh,Central,Consumer,8/29/2023
16374,Arjun,Reddy,Female,20,Lucknow,Uttar Pradesh,North,Consumer,10/12/2025
16375,Tanya,Dutta,Female,27,Bengaluru,Karnataka,South,Consumer,1/25/2024
16376,Sahil,Jain,Male,44,Mumbai,Maharashtra,West,Corporate,6/25/2024
16377,Pooja,Jain,Male,61,Bengaluru,Karnataka,South,Corporate,8/1/2024
16378,Rahul,Ghosh,Female,46,Kochi,Kerala,South,Consumer,8/27/2023
16379,Nikhil,Mehta,Female,44,Bengaluru,Karnataka,South,Consumer,9/5/2024
16380,Ananya,Mehta,Female,51,Hyderabad,Telangana,South,Consumer,1/17/2024
16381,Rahul,Sharma,Female,60,Lucknow,Uttar Pradesh,North,Small Business,1/12/2023
16382,Riya,Dutta,Male,46,Kochi,Kerala,South,Consumer,3/16/2024
16383,Priya,Reddy,Male,53,Jaipur,Rajasthan,North,Corporate,9/22/2024
16384,Rohan,Iyer,Female,37,Lucknow,Uttar Pradesh,North,Consumer,5/7/2023
16385,Kavya,Malhotra,Female,65,Mumbai,Maharashtra,West,Consumer,4/21/2025
16386,Rohan,Verma,Female,41,Kochi,Kerala,South,Consumer,12/14/2024
16387,Tanya,Patel,Female,60,Bengaluru,Karnataka,South,Consumer,12/1/2023
16388,Rohan,Bose,Female,64,Mumbai,Maharashtra,West,Consumer,10/1/2024
16389,Vikram,Iyer,Female,60,Bhopal,Madhya Pradesh,Central,Consumer,11/24/2023
16390,Neha,Dutta,Female,33,Mumbai,Maharashtra,West,Consumer,11/30/2024
16391,Sahil,Roy,Female,35,Mumbai,Maharashtra,West,Corporate,6/16/2023
16392,Kavya,Banerjee,Female,55,Ahmedabad,Gujarat,West,Consumer,10/21/2024
16393,Meera,Nair,Female,62,Bengaluru,Karnataka,South,Consumer,3/1/2023
16394,Nikhil,Patel,Female,47,Mumbai,Maharashtra,West,Consumer,1/19/2023
16395,Aarav,Reddy,Female,55,Ahmedabad,Gujarat,West,Consumer,10/2/2023
16396,Riya,Ghosh,Female,39,Lucknow,Uttar Pradesh,North,Corporate,7/8/2023
16397,Aditya,Singh,Female,59,Patna,Bihar,East,Consumer,6/13/2024
16398,Ananya,Chatterjee,Female,37,Mumbai,Maharashtra,West,Consumer,6/28/2023
16399,Ishita,Malhotra,Female,47,New Delhi,Delhi,North,Small Business,9/22/2023
16400,Neha,Khan,Male,43,Patna,Bihar,East,Consumer,4/16/2023
16401,Priya,Ghosh,Female,58,Mumbai,Maharashtra,West,Consumer,8/15/2025
16402,Riya,Chatterjee,Female,56,Mumbai,Maharashtra,West,Consumer,3/5/2025
16403,Tanya,Patel,Female,58,Kolkata,West Bengal,East,Consumer,8/24/2023
16404,Sneha,Iyer,Male,23,New Delhi,Delhi,North,Consumer,5/10/2023
16405,Sahil,Mehta,Female,29,Mumbai,Maharashtra,West,Corporate,7/7/2025
16406,Karan,Sen,Female,61,Lucknow,Uttar Pradesh,North,Corporate,12/22/2024
16407,Pooja,Gupta,Male,24,Gurugram,Haryana,North,Consumer,8/14/2025
16408,Kavya,Ghosh,Female,55,Mumbai,Maharashtra,West,Consumer,7/12/2023
16409,Priya,Jain,Female,48,Ahmedabad,Gujarat,West,Small Business,1/23/2024
16410,Rahul,Khan,Female,34,Mumbai,Maharashtra,West,Corporate,5/8/2023
16411,Tanya,Patel,Male,19,Kolkata,West Bengal,East,Corporate,4/2/2024
16412,Pooja,Jain,Male,18,Lucknow,Uttar Pradesh,North,Consumer,6/25/2023
16413,Priya,Singh,Female,60,Hyderabad,Telangana,South,Consumer,1/5/2023
16414,Karan,Sharma,Female,23,Gurugram,Haryana,North,Corporate,7/3/2024
16415,Sneha,Sen,Male,53,New Delhi,Delhi,North,Consumer,11/23/2025
16416,Meera,Bose,Female,24,Mumbai,Maharashtra,West,Consumer,11/28/2024
16417,Vikram,Jain,Male,37,Hyderabad,Telangana,South,Consumer,3/28/2025
16418,Rohan,Sen,Male,22,Mumbai,Maharashtra,West,Consumer,5/26/2025
16419,Pooja,Iyer,Female,48,Kochi,Kerala,South,Consumer,11/15/2025
16420,Kavya,Reddy,Male,22,Jaipur,Rajasthan,North,Consumer,5/19/2023
16421,Sneha,Chatterjee,Male,48,Chennai,Tamil Nadu,South,Consumer,9/28/2023
16422,Kavya,Jain,Female,64,New Delhi,Delhi,North,Consumer,10/27/2024
16423,Rahul,Das,Female,53,Jaipur,Rajasthan,North,Corporate,6/5/2025
16424,Rahul,Roy,Male,49,Patna,Bihar,East,Small Business,4/15/2025
16425,Sahil,Patel,Male,61,Kolkata,West Bengal,East,Consumer,2/24/2025
16426,Karan,Reddy,Female,57,Kolkata,West Bengal,East,Consumer,12/4/2023
16427,Arjun,Sen,Female,53,Kolkata,West Bengal,East,Small Business,1/30/2024
16428,Pooja,Banerjee,Male,45,Chennai,Tamil Nadu,South,Corporate,3/28/2023
16429,Rohan,Mehta,Male,36,Hyderabad,Telangana,South,Corporate,12/6/2023
16430,Priya,Iyer,Female,47,Mumbai,Maharashtra,West,Consumer,6/18/2023
16431,Aditya,Das,Female,23,Chennai,Tamil Nadu,South,Consumer,10/10/2025
16432,Ishita,Dutta,Female,60,Hyderabad,Telangana,South,Small Business,4/9/2023
16433,Meera,Khan,Male,60,Kolkata,West Bengal,East,Consumer,1/28/2024
16434,Aditya,Dutta,Female,30,Ludhiana,Punjab,North,Consumer,8/16/2025
16435,Priya,Jain,Other,54,Ahmedabad,Gujarat,West,Corporate,10/29/2025
16436,Kavya,Nair,Male,51,Chennai,Tamil Nadu,South,Consumer,2/11/2024
16437,Vikram,Chatterjee,Male,58,New Delhi,Delhi,North,Consumer,5/17/2024
16438,Arjun,Reddy,Female,61,Bengaluru,Karnataka,South,Small Business,7/19/2024
16439,Karan,Sen,Female,53,Bhubaneswar,Odisha,East,Consumer,6/6/2025
16440,Vikram,Sen,Male,62,New Delhi,Delhi,North,Consumer,4/10/2025
16441,Neha,Nair,Male,33,Hyderabad,Telangana,South,Consumer,7/20/2024
16442,Ananya,Roy,Female,39,Ludhiana,Punjab,North,Consumer,2/6/2024
16443,Ishita,Bose,Female,25,Bhubaneswar,Odisha,East,Consumer,2/7/2024
16444,Karan,Sharma,Male,59,Patna,Bihar,East,Consumer,12/2/2024
16445,Pooja,Malhotra,Male,31,Mumbai,Maharashtra,West,Consumer,6/21/2025
16446,Pooja,Sen,Male,42,Mumbai,Maharashtra,West,Consumer,3/24/2023
16447,Tanya,Sharma,Female,25,Jaipur,Rajasthan,North,Consumer,4/10/2025
16448,Vikram,Ghosh,Female,30,Hyderabad,Telangana,South,Small Business,6/3/2024
16449,Aditya,Gupta,Male,50,Jaipur,Rajasthan,North,Consumer,6/6/2023
16450,Vikram,Sen,Female,30,Lucknow,Uttar Pradesh,North,Small Business,4/15/2023
16451,Rohan,Banerjee,Female,42,Bengaluru,Karnataka,South,Consumer,12/31/2023
16452,Rohan,Mehta,Female,39,Bengaluru,Karnataka,South,Consumer,9/26/2023
16453,Pooja,Patel,Male,47,Hyderabad,Telangana,South,Consumer,4/23/2023
16454,Rohan,Sharma,Male,30,Bengaluru,Karnataka,South,Small Business,11/13/2023
16455,Amit,Banerjee,Male,41,Jaipur,Rajasthan,North,Consumer,6/19/2025
16456,Amit,Khan,Male,19,Lucknow,Uttar Pradesh,North,Consumer,2/13/2025
16457,Tanya,Mehta,Female,42,Hyderabad,Telangana,South,Consumer,8/14/2023
16458,Aarav,Chatterjee,Female,23,Lucknow,Uttar Pradesh,North,Consumer,12/29/2024
16459,Sneha,Ghosh,Male,52,New Delhi,Delhi,North,Consumer,5/2/2024
16460,Kavya,Patel,Female,58,Lucknow,Uttar Pradesh,North,Consumer,3/17/2025
16461,Aditya,Reddy,Female,37,Mumbai,Maharashtra,West,Consumer,9/25/2023
16462,Pooja,Chatterjee,Female,60,Lucknow,Uttar Pradesh,North,Small Business,3/8/2023
16463,Amit,Sharma,Male,36,Lucknow,Uttar Pradesh,North,Small Business,12/4/2023
16464,Meera,Jain,Other,59,Bengaluru,Karnataka,South,Small Business,12/9/2025
16465,Rahul,Malhotra,Female,42,New Delhi,Delhi,North,Consumer,8/23/2024
16466,Priya,Mehta,Female,44,Bhubaneswar,Odisha,East,Consumer,2/28/2023
16467,Ishita,Bose,Female,37,Bengaluru,Karnataka,South,Consumer,11/19/2025
16468,Vikram,Malhotra,Female,62,Lucknow,Uttar Pradesh,North,Small Business,6/10/2025
16469,Nikhil,Reddy,Male,51,Gurugram,Haryana,North,Corporate,8/10/2024
16470,Arjun,Reddy,Female,41,Kochi,Kerala,South,Consumer,3/10/2025
16471,Rahul,Singh,Male,56,Chennai,Tamil Nadu,South,Consumer,7/19/2023
16472,Nikhil,Sharma,Female,40,Ahmedabad,Gujarat,West,Consumer,10/1/2024
16473,Karan,Nair,Male,60,Bhopal,Madhya Pradesh,Central,Consumer,9/13/2025
16474,Pooja,Nair,Male,40,New Delhi,Delhi,North,Consumer,4/18/2024
16475,Rahul,Mehta,Female,56,Kolkata,West Bengal,East,Consumer,2/12/2023
16476,Karan,Roy,Female,30,Kolkata,West Bengal,East,Consumer,3/28/2025
16477,Sneha,Dutta,Female,45,Patna,Bihar,East,Consumer,2/27/2025
16478,Amit,Verma,Female,47,Hyderabad,Telangana,South,Consumer,3/10/2025
16479,Riya,Chatterjee,Female,43,Bengaluru,Karnataka,South,Small Business,12/1/2024
16480,Priya,Ghosh,Female,39,Chennai,Tamil Nadu,South,Small Business,5/29/2023
16481,Karan,Malhotra,Male,18,Lucknow,Uttar Pradesh,North,Corporate,5/4/2023
16482,Karan,Chatterjee,Female,64,Hyderabad,Telangana,South,Corporate,5/6/2025
16483,Sahil,Ghosh,Female,28,Kochi,Kerala,South,Consumer,7/12/2025
16484,Sahil,Bose,Male,26,Lucknow,Uttar Pradesh,North,Consumer,3/26/2023
16485,Arjun,Das,Male,56,Bhopal,Madhya Pradesh,Central,Consumer,9/19/2024
16486,Riya,Chatterjee,Male,21,Kochi,Kerala,South,Consumer,6/24/2024
16487,Sneha,Mehta,Female,54,Bengaluru,Karnataka,South,Corporate,1/14/2024
16488,Tanya,Jain,Female,34,Jaipur,Rajasthan,North,Consumer,11/27/2024
16489,Ishita,Roy,Male,52,Kolkata,West Bengal,East,Small Business,9/14/2025
16490,Meera,Mehta,Male,28,Bhopal,Madhya Pradesh,Central,Consumer,6/6/2025
16491,Riya,Gupta,Male,51,Bengaluru,Karnataka,South,Consumer,6/15/2023
16492,Tanya,Patel,Male,65,Jaipur,Rajasthan,North,Corporate,5/15/2024
16493,Riya,Mehta,Male,42,Bhubaneswar,Odisha,East,Corporate,10/7/2025
16494,Sahil,Sharma,Female,44,Mumbai,Maharashtra,West,Consumer,9/13/2023
16495,Meera,Das,Female,47,Bhubaneswar,Odisha,East,Consumer,7/11/2025
16496,Priya,Iyer,Female,35,Kolkata,West Bengal,East,Consumer,6/13/2024
16497,Rohan,Malhotra,Female,44,Hyderabad,Telangana,South,Consumer,7/17/2024
16498,Neha,Chatterjee,Other,48,Hyderabad,Telangana,South,Corporate,9/28/2023
16499,Amit,Sharma,Female,19,Chennai,Tamil Nadu,South,Consumer,9/19/2025
16500,Aarav,Patel,Female,39,Ahmedabad,Gujarat,West,Small Business,7/25/2024
16501,Rahul,Verma,Female,43,Ludhiana,Punjab,North,Consumer,9/12/2024
16502,Kavya,Verma,Female,28,Bengaluru,Karnataka,South,Small Business,5/14/2024
16503,Sahil,Sharma,Male,40,New Delhi,Delhi,North,Consumer,4/7/2023
16504,Ananya,Gupta,Male,36,Kochi,Kerala,South,Corporate,4/22/2025
16505,Meera,Patel,Female,44,Lucknow,Uttar Pradesh,North,Consumer,12/21/2023
16506,Meera,Mehta,Female,31,Kolkata,West Bengal,East,Corporate,9/17/2023
16507,Meera,Nair,Female,61,Gurugram,Haryana,North,Small Business,4/24/2025
16508,Rahul,Khan,Male,48,Kolkata,West Bengal,East,Consumer,8/4/2023
16509,Pooja,Mehta,Female,48,Ahmedabad,Gujarat,West,Consumer,1/7/2025
16510,Ananya,Roy,Female,57,New Delhi,Delhi,North,Small Business,5/27/2024
16511,Ananya,Malhotra,Female,19,Patna,Bihar,East,Small Business,5/13/2025
16512,Riya,Sharma,Female,30,Mumbai,Maharashtra,West,Corporate,2/24/2023
16513,Ishita,Iyer,Male,26,Mumbai,Maharashtra,West,Consumer,4/16/2025
16514,Amit,Sen,Male,47,Lucknow,Uttar Pradesh,North,Consumer,9/5/2023
16515,Ananya,Banerjee,Female,34,Mumbai,Maharashtra,West,Consumer,7/29/2025
16516,Ananya,Iyer,Male,52,Hyderabad,Telangana,South,Corporate,1/18/2024
16517,Priya,Ghosh,Female,63,Lucknow,Uttar Pradesh,North,Consumer,1/8/2023
16518,Ananya,Dutta,Male,35,Jaipur,Rajasthan,North,Consumer,6/10/2024
16519,Sahil,Mehta,Other,33,Mumbai,Maharashtra,West,Small Business,3/1/2023
16520,Ananya,Roy,Male,41,Bengaluru,Karnataka,South,Corporate,10/18/2023
16521,Priya,Iyer,Female,41,Gurugram,Haryana,North,Corporate,2/13/2025
16522,Rohan,Iyer,Female,35,Hyderabad,Telangana,South,Small Business,8/28/2024
16523,Rahul,Malhotra,Female,34,Kolkata,West Bengal,East,Consumer,2/4/2025
16524,Nikhil,Mehta,Female,35,Mumbai,Maharashtra,West,Consumer,8/6/2025
16525,Rahul,Malhotra,Male,41,Chennai,Tamil Nadu,South,Small Business,5/20/2024
16526,Ishita,Ghosh,Male,39,Bhopal,Madhya Pradesh,Central,Small Business,8/10/2024
16527,Neha,Mehta,Male,39,Bengaluru,Karnataka,South,Consumer,3/4/2023
16528,Priya,Sen,Female,32,Kolkata,West Bengal,East,Consumer,11/6/2023
16529,Ishita,Gupta,Female,48,New Delhi,Delhi,North,Consumer,2/21/2025
16530,Ananya,Das,Male,41,Kolkata,West Bengal,East,Consumer,3/8/2023
16531,Ishita,Iyer,Female,29,Bengaluru,Karnataka,South,Consumer,1/23/2024
16532,Arjun,Dutta,Male,54,Bhopal,Madhya Pradesh,Central,Consumer,5/28/2023
16533,Aditya,Sharma,Male,60,Lucknow,Uttar Pradesh,North,Corporate,7/14/2025
16534,Sneha,Reddy,Male,36,Kolkata,West Bengal,East,Consumer,8/29/2024
16535,Sneha,Malhotra,Female,43,Hyderabad,Telangana,South,Small Business,11/27/2024
16536,Aarav,Verma,Male,63,Mumbai,Maharashtra,West,Consumer,1/8/2025
16537,Tanya,Sen,Female,33,Mumbai,Maharashtra,West,Consumer,8/31/2023
16538,Arjun,Mehta,Female,28,Ahmedabad,Gujarat,West,Corporate,2/23/2023
16539,Aarav,Malhotra,Female,34,New Delhi,Delhi,North,Consumer,3/5/2024
16540,Aarav,Sharma,Male,39,Lucknow,Uttar Pradesh,North,Corporate,7/20/2023
16541,Tanya,Verma,Female,39,Kochi,Kerala,South,Small Business,12/14/2023
16542,Rohan,Sharma,Female,46,Bengaluru,Karnataka,South,Corporate,12/11/2023
16543,Aditya,Ghosh,Female,31,Ludhiana,Punjab,North,Corporate,4/24/2025
16544,Kavya,Das,Male,44,New Delhi,Delhi,North,Corporate,12/12/2023
16545,Riya,Sen,Male,23,Bengaluru,Karnataka,South,Consumer,6/13/2023
16546,Riya,Chatterjee,Male,63,Bhubaneswar,Odisha,East,Consumer,11/1/2025
16547,Ananya,Jain,Male,32,Kolkata,West Bengal,East,Consumer,2/22/2023
16548,Pooja,Roy,Female,33,New Delhi,Delhi,North,Small Business,8/9/2023
16549,Tanya,Iyer,Male,25,Lucknow,Uttar Pradesh,North,Consumer,1/11/2024
16550,Karan,Singh,Female,36,Bengaluru,Karnataka,South,Consumer,3/9/2023
16551,Meera,Mehta,Male,64,Kochi,Kerala,South,Consumer,8/29/2025
16552,Meera,Sharma,Female,46,Bengaluru,Karnataka,South,Consumer,1/17/2024
16553,Priya,Bose,Female,50,Bhubaneswar,Odisha,East,Consumer,4/24/2025
16554,Ananya,Sharma,Male,46,Kolkata,West Bengal,East,Consumer,5/26/2023
16555,Ananya,Ghosh,Male,34,Mumbai,Maharashtra,West,Small Business,7/17/2024
16556,Kavya,Verma,Female,55,Chennai,Tamil Nadu,South,Consumer,5/17/2023
16557,Pooja,Roy,Female,34,Bhubaneswar,Odisha,East,Small Business,9/8/2023
16558,Meera,Iyer,Female,56,Mumbai,Maharashtra,West,Corporate,3/16/2024
16559,Vikram,Patel,Female,65,Kochi,Kerala,South,Consumer,7/20/2025
16560,Tanya,Mehta,Female,18,Mumbai,Maharashtra,West,Consumer,11/27/2023
16561,Meera,Ghosh,Female,26,Hyderabad,Telangana,South,Small Business,3/26/2025
16562,Sahil,Banerjee,Male,54,Chennai,Tamil Nadu,South,Corporate,4/10/2023
16563,Sahil,Khan,Male,23,Kolkata,West Bengal,East,Consumer,9/29/2023
16564,Aarav,Banerjee,Male,52,Gurugram,Haryana,North,Consumer,10/14/2024
16565,Amit,Reddy,Female,29,Hyderabad,Telangana,South,Consumer,5/20/2024
16566,Nikhil,Jain,Male,46,Jaipur,Rajasthan,North,Consumer,6/25/2024
16567,Priya,Sharma,Male,49,New Delhi,Delhi,North,Consumer,1/2/2025
16568,Sahil,Gupta,Female,33,New Delhi,Delhi,North,Consumer,3/25/2023
16569,Sneha,Sharma,Male,59,Ahmedabad,Gujarat,West,Consumer,1/21/2025
16570,Rahul,Roy,Male,61,Kochi,Kerala,South,Consumer,7/20/2025
16571,Amit,Jain,Male,28,Jaipur,Rajasthan,North,Consumer,4/7/2025
16572,Ananya,Malhotra,Male,53,New Delhi,Delhi,North,Corporate,11/4/2023
16573,Ishita,Banerjee,Male,50,Ahmedabad,Gujarat,West,Corporate,1/15/2024
16574,Nikhil,Nair,Male,30,Ahmedabad,Gujarat,West,Consumer,11/4/2025
16575,Ananya,Khan,Male,57,Hyderabad,Telangana,South,Small Business,5/3/2025
16576,Ananya,Banerjee,Female,32,Ahmedabad,Gujarat,West,Corporate,10/3/2025
16577,Nikhil,Bose,Male,30,Hyderabad,Telangana,South,Consumer,9/13/2025
16578,Kavya,Gupta,Female,52,Lucknow,Uttar Pradesh,North,Consumer,4/13/2024
16579,Ishita,Sen,Female,23,Gurugram,Haryana,North,Consumer,5/20/2023
16580,Aditya,Patel,Female,62,Gurugram,Haryana,North,Corporate,9/4/2023
16581,Tanya,Roy,Female,36,Bhubaneswar,Odisha,East,Small Business,11/14/2023
16582,Amit,Sharma,Female,41,Ahmedabad,Gujarat,West,Consumer,6/20/2025
16583,Nikhil,Bose,Male,50,Lucknow,Uttar Pradesh,North,Consumer,10/26/2023
16584,Riya,Malhotra,Male,60,Mumbai,Maharashtra,West,Corporate,1/26/2024
16585,Vikram,Verma,Male,54,Hyderabad,Telangana,South,Small Business,7/8/2025
16586,Amit,Mehta,Female,36,Bengaluru,Karnataka,South,Consumer,6/26/2023
16587,Arjun,Roy,Female,53,Kolkata,West Bengal,East,Consumer,12/17/2024
16588,Vikram,Sharma,Male,36,Gurugram,Haryana,North,Small Business,8/18/2024
16589,Riya,Iyer,Male,42,Kochi,Kerala,South,Consumer,11/29/2025
16590,Nikhil,Singh,Female,50,New Delhi,Delhi,North,Corporate,6/12/2024
16591,Pooja,Bose,Female,44,Bengaluru,Karnataka,South,Small Business,7/16/2024
16592,Ananya,Gupta,Male,20,Jaipur,Rajasthan,North,Consumer,7/7/2025
16593,Vikram,Chatterjee,Female,20,Hyderabad,Telangana,South,Consumer,12/7/2025
16594,Aarav,Gupta,Female,24,Patna,Bihar,East,Small Business,2/26/2025
16595,Sahil,Patel,Male,22,Bhopal,Madhya Pradesh,Central,Consumer,1/23/2025
16596,Ananya,Iyer,Male,52,Chennai,Tamil Nadu,South,Consumer,8/4/2025
16597,Karan,Singh,Female,27,Bengaluru,Karnataka,South,Consumer,11/24/2025
16598,Riya,Khan,Male,29,Bengaluru,Karnataka,South,Consumer,3/4/2025
16599,Ananya,Gupta,Other,33,Kolkata,West Bengal,East,Consumer,11/12/2023
16600,Tanya,Malhotra,Female,26,Chennai,Tamil Nadu,South,Corporate,11/24/2024
16601,Sneha,Iyer,Female,59,Kolkata,West Bengal,East,Consumer,9/13/2023
16602,Aarav,Chatterjee,Female,22,Kolkata,West Bengal,East,Consumer,6/24/2024
16603,Pooja,Mehta,Other,27,Bengaluru,Karnataka,South,Consumer,4/25/2024
16604,Rahul,Dutta,Male,28,Mumbai,Maharashtra,West,Consumer,12/2/2025
16605,Neha,Verma,Male,22,Lucknow,Uttar Pradesh,North,Small Business,8/21/2024
16606,Sahil,Malhotra,Female,30,Kolkata,West Bengal,East,Consumer,11/1/2025
16607,Pooja,Malhotra,Male,26,Kochi,Kerala,South,Corporate,5/22/2025
16608,Rahul,Dutta,Female,34,Mumbai,Maharashtra,West,Consumer,7/5/2025
16609,Rahul,Nair,Female,25,Kolkata,West Bengal,East,Consumer,7/2/2023
16610,Rahul,Reddy,Male,63,Kolkata,West Bengal,East,Consumer,4/17/2025
16611,Karan,Chatterjee,Male,55,Lucknow,Uttar Pradesh,North,Corporate,9/29/2023
16612,Pooja,Sen,Female,48,Bengaluru,Karnataka,South,Consumer,9/15/2024
16613,Vikram,Singh,Male,46,New Delhi,Delhi,North,Corporate,6/9/2024
16614,Sneha,Roy,Male,51,Kolkata,West Bengal,East,Consumer,10/8/2023
16615,Riya,Mehta,Male,63,Bhopal,Madhya Pradesh,Central,Small Business,11/29/2025
16616,Sahil,Singh,Male,24,Mumbai,Maharashtra,West,Corporate,8/3/2025
16617,Pooja,Roy,Female,43,Chennai,Tamil Nadu,South,Small Business,9/12/2024
16618,Karan,Ghosh,Other,27,Bhubaneswar,Odisha,East,Consumer,1/12/2023
16619,Aarav,Sen,Female,39,Bengaluru,Karnataka,South,Consumer,7/17/2023
16620,Priya,Nair,Female,61,Bengaluru,Karnataka,South,Consumer,9/3/2023
16621,Rohan,Reddy,Male,48,Patna,Bihar,East,Consumer,11/15/2025
16622,Neha,Das,Other,48,Bengaluru,Karnataka,South,Corporate,3/12/2024
16623,Kavya,Ghosh,Female,22,Kolkata,West Bengal,East,Consumer,2/20/2023
16624,Meera,Bose,Female,56,Hyderabad,Telangana,South,Consumer,9/25/2024
16625,Vikram,Patel,Male,52,Kolkata,West Bengal,East,Consumer,10/23/2025
16626,Sneha,Jain,Male,35,Ludhiana,Punjab,North,Consumer,8/28/2024
16627,Aditya,Iyer,Male,34,Ahmedabad,Gujarat,West,Consumer,4/24/2024
16628,Amit,Ghosh,Male,45,Ahmedabad,Gujarat,West,Small Business,7/9/2023
16629,Rohan,Das,Male,54,Mumbai,Maharashtra,West,Consumer,8/7/2025
16630,Aditya,Verma,Female,42,Jaipur,Rajasthan,North,Consumer,4/24/2023
16631,Kavya,Khan,Male,59,Jaipur,Rajasthan,North,Consumer,10/5/2025
16632,Vikram,Singh,Male,27,Kolkata,West Bengal,East,Consumer,8/29/2023
16633,Ishita,Jain,Female,51,Kochi,Kerala,South,Consumer,5/30/2023
16634,Amit,Iyer,Female,57,New Delhi,Delhi,North,Consumer,1/12/2024
16635,Priya,Malhotra,Male,51,Patna,Bihar,East,Consumer,1/6/2023
16636,Riya,Singh,Male,34,Bengaluru,Karnataka,South,Consumer,1/16/2023
16637,Kavya,Chatterjee,Female,40,Mumbai,Maharashtra,West,Corporate,7/21/2023
16638,Ishita,Ghosh,Female,40,Lucknow,Uttar Pradesh,North,Small Business,1/17/2025
16639,Rohan,Nair,Female,32,Patna,Bihar,East,Corporate,5/29/2025
16640,Riya,Sen,Male,24,Chennai,Tamil Nadu,South,Consumer,9/25/2023
16641,Nikhil,Nair,Female,26,Kolkata,West Bengal,East,Consumer,11/27/2024
16642,Amit,Roy,Female,48,Patna,Bihar,East,Consumer,1/15/2024
16643,Priya,Jain,Male,28,Mumbai,Maharashtra,West,Consumer,4/12/2024
16644,Karan,Verma,Male,55,Bengaluru,Karnataka,South,Corporate,12/28/2023
16645,Ishita,Banerjee,Female,56,Ahmedabad,Gujarat,West,Consumer,8/20/2025
16646,Rohan,Mehta,Female,37,Kolkata,West Bengal,East,Consumer,7/6/2024
16647,Rohan,Das,Male,35,Kolkata,West Bengal,East,Corporate,6/30/2024
16648,Riya,Khan,Female,64,Kolkata,West Bengal,East,Consumer,7/17/2025
16649,Tanya,Roy,Female,18,Ludhiana,Punjab,North,Consumer,12/10/2024
16650,Nikhil,Reddy,Male,30,Bengaluru,Karnataka,South,Small Business,6/11/2023
16651,Meera,Verma,Male,51,Jaipur,Rajasthan,North,Consumer,7/23/2023
16652,Rohan,Sharma,Male,59,Bhopal,Madhya Pradesh,Central,Corporate,1/3/2024
16653,Tanya,Sharma,Other,40,Jaipur,Rajasthan,North,Consumer,4/16/2023
16654,Priya,Dutta,Male,52,New Delhi,Delhi,North,Small Business,1/17/2025
16655,Sahil,Singh,Female,28,New Delhi,Delhi,North,Corporate,6/18/2024
16656,Aarav,Sharma,Female,62,Chennai,Tamil Nadu,South,Consumer,2/17/2023
16657,Rohan,Roy,Female,45,Ahmedabad,Gujarat,West,Small Business,3/8/2024
16658,Neha,Roy,Other,53,Gurugram,Haryana,North,Consumer,6/15/2025
16659,Tanya,Das,Female,26,Patna,Bihar,East,Small Business,9/6/2025
16660,Priya,Reddy,Female,41,Hyderabad,Telangana,South,Corporate,11/4/2025
16661,Aditya,Das,Male,52,Bengaluru,Karnataka,South,Consumer,9/23/2025
16662,Sahil,Chatterjee,Male,37,Kochi,Kerala,South,Consumer,10/18/2024
16663,Ishita,Bose,Male,64,Mumbai,Maharashtra,West,Consumer,9/28/2025
16664,Pooja,Ghosh,Female,57,Bhubaneswar,Odisha,East,Consumer,10/30/2025
16665,Aditya,Patel,Male,24,Bengaluru,Karnataka,South,Consumer,11/17/2024
16666,Arjun,Chatterjee,Male,58,Lucknow,Uttar Pradesh,North,Consumer,3/22/2024
16667,Priya,Sen,Male,36,Patna,Bihar,East,Corporate,11/9/2025
16668,Neha,Verma,Female,46,Hyderabad,Telangana,South,Small Business,3/24/2024
16669,Arjun,Gupta,Male,37,Mumbai,Maharashtra,West,Consumer,6/29/2023
16670,Rahul,Jain,Male,51,Bhubaneswar,Odisha,East,Consumer,4/25/2023
16671,Tanya,Mehta,Female,38,Chennai,Tamil Nadu,South,Consumer,9/4/2024
16672,Arjun,Singh,Female,40,Bengaluru,Karnataka,South,Small Business,2/8/2023
16673,Rahul,Verma,Female,45,New Delhi,Delhi,North,Small Business,5/9/2023
16674,Karan,Jain,Female,28,Hyderabad,Telangana,South,Small Business,9/22/2023
16675,Neha,Dutta,Female,38,Jaipur,Rajasthan,North,Corporate,7/26/2024
16676,Rahul,Dutta,Male,20,Mumbai,Maharashtra,West,Consumer,5/31/2024
16677,Riya,Patel,Male,20,Hyderabad,Telangana,South,Consumer,7/6/2024
16678,Meera,Malhotra,Female,49,Kochi,Kerala,South,Consumer,7/2/2024
16679,Neha,Mehta,Male,31,Kolkata,West Bengal,East,Consumer,12/9/2025
16680,Neha,Chatterjee,Female,50,Hyderabad,Telangana,South,Consumer,8/23/2023
16681,Riya,Khan,Female,54,Jaipur,Rajasthan,North,Consumer,5/26/2024
16682,Rahul,Nair,Male,49,Kochi,Kerala,South,Corporate,10/23/2024
16683,Riya,Gupta,Female,38,Ahmedabad,Gujarat,West,Consumer,10/23/2023
16684,Tanya,Iyer,Male,44,Bhubaneswar,Odisha,East,Consumer,7/15/2023
16685,Kavya,Roy,Male,55,Mumbai,Maharashtra,West,Corporate,2/20/2023
16686,Vikram,Khan,Male,34,Chennai,Tamil Nadu,South,Consumer,12/19/2023
16687,Pooja,Verma,Female,38,Gurugram,Haryana,North,Consumer,10/2/2023
16688,Ananya,Malhotra,Other,29,Kochi,Kerala,South,Consumer,7/31/2023
16689,Tanya,Ghosh,Male,27,New Delhi,Delhi,North,Consumer,10/20/2023
16690,Vikram,Ghosh,Female,21,Hyderabad,Telangana,South,Consumer,1/22/2025
16691,Vikram,Gupta,Male,21,Hyderabad,Telangana,South,Consumer,6/12/2025
16692,Tanya,Verma,Male,25,Kolkata,West Bengal,East,Consumer,7/11/2024
16693,Riya,Banerjee,Female,54,Kochi,Kerala,South,Consumer,3/13/2023
16694,Aditya,Jain,Female,48,Patna,Bihar,East,Consumer,3/5/2025
16695,Riya,Singh,Female,22,Hyderabad,Telangana,South,Corporate,6/14/2023
16696,Aditya,Das,Female,54,Bengaluru,Karnataka,South,Consumer,3/3/2023
16697,Priya,Iyer,Male,54,Chennai,Tamil Nadu,South,Consumer,9/5/2024
16698,Ishita,Bose,Female,61,Mumbai,Maharashtra,West,Consumer,4/4/2024
16699,Amit,Chatterjee,Male,64,Lucknow,Uttar Pradesh,North,Consumer,12/3/2023
16700,Priya,Bose,Female,22,New Delhi,Delhi,North,Consumer,11/10/2025
16701,Riya,Khan,Male,43,Mumbai,Maharashtra,West,Consumer,4/9/2023
16702,Ananya,Roy,Male,57,Ahmedabad,Gujarat,West,Corporate,2/27/2023
16703,Amit,Nair,Female,29,Bhopal,Madhya Pradesh,Central,Corporate,9/26/2024
16704,Neha,Sharma,Male,46,Mumbai,Maharashtra,West,Small Business,3/27/2024
16705,Tanya,Malhotra,Female,22,Hyderabad,Telangana,South,Small Business,5/15/2025
16706,Meera,Chatterjee,Other,32,Hyderabad,Telangana,South,Consumer,2/13/2023
16707,Ananya,Iyer,Male,65,Mumbai,Maharashtra,West,Consumer,3/28/2024
16708,Amit,Singh,Female,52,New Delhi,Delhi,North,Consumer,6/8/2023
16709,Riya,Gupta,Female,30,Ahmedabad,Gujarat,West,Consumer,2/14/2023
16710,Riya,Reddy,Female,65,Mumbai,Maharashtra,West,Consumer,5/14/2024
16711,Kavya,Sharma,Male,27,Mumbai,Maharashtra,West,Consumer,3/4/2025
16712,Aditya,Sharma,Female,36,Bhubaneswar,Odisha,East,Small Business,6/20/2023
16713,Tanya,Sen,Female,39,Bengaluru,Karnataka,South,Consumer,6/28/2025
16714,Arjun,Roy,Female,48,Ahmedabad,Gujarat,West,Small Business,7/14/2024
16715,Vikram,Nair,Female,30,Ahmedabad,Gujarat,West,Small Business,6/2/2024
16716,Rohan,Sharma,Male,30,Bhubaneswar,Odisha,East,Consumer,9/23/2025
16717,Tanya,Jain,Female,50,Lucknow,Uttar Pradesh,North,Consumer,12/22/2023
16718,Pooja,Jain,Male,27,Bhubaneswar,Odisha,East,Consumer,8/5/2023
16719,Kavya,Roy,Female,24,Ahmedabad,Gujarat,West,Consumer,4/29/2025
16720,Priya,Mehta,Female,25,Hyderabad,Telangana,South,Small Business,4/26/2023
16721,Meera,Nair,Female,33,Chennai,Tamil Nadu,South,Small Business,7/30/2025
16722,Sahil,Bose,Male,19,Chennai,Tamil Nadu,South,Consumer,6/10/2025
16723,Kavya,Chatterjee,Male,19,Chennai,Tamil Nadu,South,Consumer,11/21/2025
16724,Ishita,Reddy,Male,52,Mumbai,Maharashtra,West,Corporate,5/12/2024
16725,Nikhil,Patel,Male,43,Hyderabad,Telangana,South,Consumer,11/2/2024
16726,Pooja,Ghosh,Male,25,Chennai,Tamil Nadu,South,Corporate,8/11/2025
16727,Riya,Jain,Female,30,Kolkata,West Bengal,East,Consumer,5/23/2023
16728,Meera,Roy,Male,50,Bengaluru,Karnataka,South,Consumer,11/27/2023
16729,Arjun,Roy,Female,56,Lucknow,Uttar Pradesh,North,Consumer,5/24/2024
16730,Pooja,Das,Male,59,New Delhi,Delhi,North,Consumer,11/8/2024
16731,Rahul,Reddy,Male,28,Patna,Bihar,East,Consumer,1/3/2025
16732,Meera,Malhotra,Female,58,New Delhi,Delhi,North,Consumer,9/24/2025
16733,Amit,Patel,Male,38,Bhubaneswar,Odisha,East,Consumer,6/12/2024
16734,Sahil,Roy,Female,32,Patna,Bihar,East,Corporate,7/5/2023
16735,Pooja,Banerjee,Female,45,Kolkata,West Bengal,East,Consumer,7/25/2023
16736,Neha,Malhotra,Female,23,Bhopal,Madhya Pradesh,Central,Small Business,5/14/2025
16737,Meera,Bose,Female,40,Kolkata,West Bengal,East,Consumer,5/12/2024
16738,Priya,Malhotra,Female,39,Ahmedabad,Gujarat,West,Consumer,11/13/2024
16739,Vikram,Bose,Other,46,Patna,Bihar,East,Consumer,8/30/2024
16740,Priya,Ghosh,Male,26,Bengaluru,Karnataka,South,Corporate,5/27/2025
16741,Aarav,Gupta,Female,20,Ahmedabad,Gujarat,West,Consumer,8/24/2023
16742,Meera,Ghosh,Female,35,Chennai,Tamil Nadu,South,Consumer,7/4/2023
16743,Ishita,Banerjee,Male,65,Kolkata,West Bengal,East,Small Business,3/3/2025
16744,Riya,Reddy,Female,45,Kolkata,West Bengal,East,Consumer,4/13/2024
16745,Sahil,Verma,Female,44,Kolkata,West Bengal,East,Corporate,5/31/2025
16746,Nikhil,Jain,Male,48,Kolkata,West Bengal,East,Corporate,5/20/2023
16747,Pooja,Singh,Male,42,Ahmedabad,Gujarat,West,Consumer,10/21/2023
16748,Rohan,Nair,Female,28,New Delhi,Delhi,North,Consumer,11/2/2025
16749,Meera,Banerjee,Male,65,Hyderabad,Telangana,South,Corporate,6/30/2025
16750,Amit,Verma,Male,28,Jaipur,Rajasthan,North,Small Business,3/9/2023
16751,Priya,Jain,Female,48,Kolkata,West Bengal,East,Consumer,6/1/2025
16752,Rohan,Banerjee,Female,59,Bengaluru,Karnataka,South,Corporate,3/12/2023
16753,Tanya,Das,Female,49,Lucknow,Uttar Pradesh,North,Corporate,5/10/2023
16754,Tanya,Khan,Male,63,Ludhiana,Punjab,North,Consumer,8/28/2025
16755,Pooja,Reddy,Male,26,Hyderabad,Telangana,South,Corporate,5/17/2023
16756,Arjun,Dutta,Female,48,Kolkata,West Bengal,East,Consumer,11/21/2023
16757,Rahul,Ghosh,Male,22,Patna,Bihar,East,Consumer,5/27/2023
16758,Sneha,Ghosh,Female,44,Kochi,Kerala,South,Small Business,10/6/2024
16759,Vikram,Gupta,Female,26,Chennai,Tamil Nadu,South,Corporate,3/3/2023
16760,Meera,Jain,Male,49,Bengaluru,Karnataka,South,Consumer,11/7/2023
16761,Sahil,Mehta,Female,33,Kolkata,West Bengal,East,Consumer,12/19/2023
16762,Priya,Sharma,Female,24,Ahmedabad,Gujarat,West,Consumer,12/1/2024
16763,Aarav,Dutta,Female,59,Ludhiana,Punjab,North,Consumer,6/20/2024
16764,Priya,Malhotra,Female,61,Jaipur,Rajasthan,North,Consumer,7/27/2023
16765,Rahul,Das,Male,26,Bengaluru,Karnataka,South,Consumer,5/16/2024
16766,Meera,Verma,Female,28,Ahmedabad,Gujarat,West,Consumer,5/10/2024
16767,Arjun,Chatterjee,Female,19,Bhubaneswar,Odisha,East,Consumer,1/18/2024
16768,Sahil,Chatterjee,Female,50,Hyderabad,Telangana,South,Corporate,7/30/2024
16769,Pooja,Singh,Male,60,Patna,Bihar,East,Small Business,12/19/2023
16770,Aarav,Sharma,Female,28,Chennai,Tamil Nadu,South,Consumer,12/27/2023
16771,Pooja,Reddy,Female,39,Chennai,Tamil Nadu,South,Consumer,4/26/2025
16772,Neha,Malhotra,Male,51,Ahmedabad,Gujarat,West,Small Business,9/29/2023
16773,Arjun,Chatterjee,Male,39,Hyderabad,Telangana,South,Consumer,12/22/2023
16774,Rahul,Nair,Male,54,Bhopal,Madhya Pradesh,Central,Consumer,6/1/2023
16775,Rohan,Nair,Male,54,New Delhi,Delhi,North,Consumer,1/23/2025
16776,Rahul,Banerjee,Male,53,Chennai,Tamil Nadu,South,Small Business,2/1/2025
16777,Neha,Nair,Female,52,Chennai,Tamil Nadu,South,Consumer,1/2/2025
16778,Karan,Sen,Male,38,New Delhi,Delhi,North,Small Business,7/1/2023
16779,Ananya,Das,Male,36,Chennai,Tamil Nadu,South,Small Business,5/2/2024
16780,Aarav,Sen,Male,47,Lucknow,Uttar Pradesh,North,Small Business,11/12/2023
16781,Pooja,Gupta,Male,23,Chennai,Tamil Nadu,South,Corporate,4/4/2025
16782,Ishita,Sen,Male,46,Chennai,Tamil Nadu,South,Corporate,12/30/2023
16783,Priya,Banerjee,Male,19,Ahmedabad,Gujarat,West,Small Business,3/25/2024
16784,Priya,Patel,Female,52,Kolkata,West Bengal,East,Consumer,5/5/2024
16785,Arjun,Verma,Male,47,Jaipur,Rajasthan,North,Corporate,4/1/2025
16786,Meera,Banerjee,Female,41,New Delhi,Delhi,North,Consumer,1/28/2025
16787,Sahil,Singh,Male,32,Hyderabad,Telangana,South,Consumer,6/4/2025
16788,Neha,Banerjee,Male,42,Lucknow,Uttar Pradesh,North,Consumer,4/7/2024
16789,Rohan,Nair,Male,48,Lucknow,Uttar Pradesh,North,Small Business,6/4/2025
16790,Rahul,Verma,Male,50,Bhubaneswar,Odisha,East,Consumer,7/29/2025
16791,Rohan,Sharma,Female,62,Chennai,Tamil Nadu,South,Consumer,7/19/2024
16792,Nikhil,Chatterjee,Female,26,Bengaluru,Karnataka,South,Consumer,1/4/2025
16793,Riya,Mehta,Female,20,Lucknow,Uttar Pradesh,North,Consumer,9/9/2025
16794,Sahil,Verma,Male,49,Ahmedabad,Gujarat,West,Consumer,6/24/2025
16795,Rohan,Sharma,Male,25,Ahmedabad,Gujarat,West,Consumer,10/26/2023
16796,Priya,Das,Female,25,New Delhi,Delhi,North,Consumer,2/12/2025
16797,Sahil,Das,Male,31,Lucknow,Uttar Pradesh,North,Small Business,4/26/2024
16798,Tanya,Malhotra,Male,52,Mumbai,Maharashtra,West,Small Business,6/10/2023
16799,Tanya,Sen,Male,21,New Delhi,Delhi,North,Consumer,2/6/2024
16800,Priya,Verma,Other,36,Mumbai,Maharashtra,West,Consumer,11/22/2025
16801,Neha,Nair,Female,23,Chennai,Tamil Nadu,South,Corporate,10/31/2025
16802,Priya,Nair,Male,58,Jaipur,Rajasthan,North,Consumer,4/29/2025
16803,Ananya,Das,Male,54,Hyderabad,Telangana,South,Corporate,12/5/2025
16804,Sneha,Dutta,Female,22,Chennai,Tamil Nadu,South,Corporate,9/10/2024
16805,Riya,Gupta,Male,31,Kochi,Kerala,South,Consumer,3/29/2025
16806,Ananya,Jain,Male,40,Lucknow,Uttar Pradesh,North,Small Business,6/28/2023
16807,Neha,Bose,Male,39,New Delhi,Delhi,North,Consumer,11/19/2023
16808,Pooja,Iyer,Male,26,Gurugram,Haryana,North,Small Business,7/6/2023
16809,Priya,Singh,Male,40,Hyderabad,Telangana,South,Consumer,10/9/2025
16810,Neha,Iyer,Female,59,Patna,Bihar,East,Small Business,10/25/2024
16811,Kavya,Roy,Female,28,Mumbai,Maharashtra,West,Consumer,10/4/2025
16812,Meera,Bose,Female,24,Bengaluru,Karnataka,South,Consumer,3/25/2024
16813,Neha,Jain,Male,36,Bengaluru,Karnataka,South,Consumer,3/11/2024
16814,Rahul,Bose,Male,41,Kolkata,West Bengal,East,Corporate,12/30/2024
16815,Amit,Bose,Female,31,New Delhi,Delhi,North,Small Business,9/5/2024
16816,Ananya,Singh,Male,23,Mumbai,Maharashtra,West,Corporate,2/7/2024
16817,Aarav,Sharma,Male,22,Ahmedabad,Gujarat,West,Corporate,12/9/2023
16818,Sneha,Ghosh,Male,56,Mumbai,Maharashtra,West,Consumer,7/7/2024
16819,Rohan,Ghosh,Male,24,Mumbai,Maharashtra,West,Small Business,3/23/2023
16820,Aarav,Malhotra,Male,31,Gurugram,Haryana,North,Consumer,7/22/2023
16821,Riya,Ghosh,Male,54,Jaipur,Rajasthan,North,Consumer,2/17/2023
16822,Nikhil,Bose,Female,46,Gurugram,Haryana,North,Consumer,6/17/2023
16823,Pooja,Sen,Male,19,Hyderabad,Telangana,South,Corporate,8/3/2023
16824,Amit,Patel,Female,26,Kolkata,West Bengal,East,Consumer,3/23/2023
16825,Riya,Sharma,Female,40,New Delhi,Delhi,North,Consumer,3/1/2023
16826,Kavya,Verma,Male,34,New Delhi,Delhi,North,Consumer,6/4/2025
16827,Sneha,Sharma,Female,65,Kolkata,West Bengal,East,Consumer,7/17/2023
16828,Amit,Iyer,Female,23,Kochi,Kerala,South,Consumer,8/22/2024
16829,Ishita,Verma,Male,19,Ahmedabad,Gujarat,West,Small Business,4/17/2023
16830,Rahul,Gupta,Female,44,Lucknow,Uttar Pradesh,North,Corporate,10/19/2025
16831,Priya,Mehta,Female,64,Hyderabad,Telangana,South,Small Business,9/16/2023
16832,Aarav,Nair,Female,18,Ahmedabad,Gujarat,West,Consumer,3/20/2025
16833,Sahil,Sharma,Male,57,Bengaluru,Karnataka,South,Consumer,11/23/2024
16834,Aditya,Banerjee,Male,65,Bhopal,Madhya Pradesh,Central,Consumer,4/10/2025
16835,Kavya,Dutta,Male,37,Chennai,Tamil Nadu,South,Small Business,11/10/2024
16836,Sahil,Gupta,Male,37,Mumbai,Maharashtra,West,Consumer,7/3/2024
16837,Ananya,Jain,Male,65,Kolkata,West Bengal,East,Consumer,4/13/2025
16838,Rohan,Sen,Female,48,Ahmedabad,Gujarat,West,Consumer,5/30/2025
16839,Aarav,Gupta,Male,44,Bhopal,Madhya Pradesh,Central,Consumer,2/15/2024
16840,Arjun,Malhotra,Male,31,Kochi,Kerala,South,Small Business,10/14/2025
16841,Tanya,Khan,Male,62,Lucknow,Uttar Pradesh,North,Consumer,12/2/2025
16842,Pooja,Malhotra,Male,30,Bhopal,Madhya Pradesh,Central,Consumer,2/18/2025
16843,Ishita,Nair,Female,36,Lucknow,Uttar Pradesh,North,Consumer,9/30/2025
16844,Rahul,Bose,Female,58,Bengaluru,Karnataka,South,Consumer,4/25/2023
16845,Neha,Bose,Male,42,Ahmedabad,Gujarat,West,Small Business,8/6/2024
16846,Vikram,Dutta,Male,54,Kolkata,West Bengal,East,Corporate,12/4/2024
16847,Rahul,Mehta,Male,65,Mumbai,Maharashtra,West,Small Business,9/28/2025
16848,Arjun,Reddy,Female,48,Chennai,Tamil Nadu,South,Consumer,5/11/2023
16849,Ishita,Das,Male,25,Mumbai,Maharashtra,West,Corporate,5/20/2025
16850,Vikram,Banerjee,Male,54,Gurugram,Haryana,North,Consumer,3/25/2023
16851,Kavya,Khan,Male,46,Bhopal,Madhya Pradesh,Central,Consumer,1/22/2024
16852,Sneha,Das,Male,26,Chennai,Tamil Nadu,South,Consumer,1/18/2025
16853,Riya,Malhotra,Male,23,Lucknow,Uttar Pradesh,North,Consumer,11/11/2023
16854,Meera,Bose,Female,62,Chennai,Tamil Nadu,South,Consumer,6/20/2025
16855,Aditya,Chatterjee,Male,23,Mumbai,Maharashtra,West,Corporate,10/1/2025
16856,Amit,Ghosh,Male,39,Bengaluru,Karnataka,South,Corporate,6/21/2023
16857,Arjun,Ghosh,Male,65,Mumbai,Maharashtra,West,Consumer,10/6/2023
16858,Arjun,Khan,Male,59,Bengaluru,Karnataka,South,Consumer,3/22/2023
16859,Arjun,Nair,Female,58,Mumbai,Maharashtra,West,Corporate,2/5/2025
16860,Kavya,Reddy,Female,53,Kolkata,West Bengal,East,Consumer,8/15/2025
16861,Rahul,Gupta,Female,40,Mumbai,Maharashtra,West,Small Business,10/11/2024
16862,Kavya,Sen,Female,31,Ludhiana,Punjab,North,Consumer,5/23/2023
16863,Nikhil,Patel,Female,61,Kolkata,West Bengal,East,Corporate,7/7/2023
16864,Pooja,Dutta,Female,45,Bengaluru,Karnataka,South,Consumer,2/7/2023
16865,Tanya,Iyer,Female,37,New Delhi,Delhi,North,Consumer,6/13/2024
16866,Nikhil,Mehta,Female,64,Chennai,Tamil Nadu,South,Consumer,2/17/2025
16867,Amit,Gupta,Female,35,New Delhi,Delhi,North,Consumer,6/12/2023
16868,Sahil,Sharma,Female,19,Kolkata,West Bengal,East,Consumer,7/4/2025
16869,Karan,Bose,Male,46,Ahmedabad,Gujarat,West,Consumer,9/30/2023
16870,Rahul,Malhotra,Female,38,New Delhi,Delhi,North,Consumer,7/9/2024
16871,Aarav,Sen,Male,47,Jaipur,Rajasthan,North,Small Business,12/22/2024
16872,Sneha,Jain,Female,47,New Delhi,Delhi,North,Consumer,8/6/2024
16873,Ishita,Mehta,Female,48,Hyderabad,Telangana,South,Consumer,5/31/2024
16874,Rohan,Ghosh,Female,34,Chennai,Tamil Nadu,South,Consumer,12/30/2023
16875,Aarav,Singh,Female,30,Mumbai,Maharashtra,West,Corporate,4/9/2024
16876,Vikram,Ghosh,Female,33,New Delhi,Delhi,North,Consumer,9/15/2023
16877,Ishita,Singh,Female,64,Kolkata,West Bengal,East,Corporate,11/15/2023
16878,Tanya,Roy,Male,53,Bengaluru,Karnataka,South,Small Business,3/26/2025
16879,Tanya,Khan,Male,36,Jaipur,Rajasthan,North,Consumer,8/11/2025
16880,Karan,Roy,Male,61,Kolkata,West Bengal,East,Consumer,7/6/2025
16881,Meera,Dutta,Male,54,Kolkata,West Bengal,East,Consumer,12/24/2023
16882,Rohan,Sharma,Male,43,Jaipur,Rajasthan,North,Small Business,12/13/2023
16883,Tanya,Dutta,Female,56,Chennai,Tamil Nadu,South,Consumer,3/4/2023
16884,Nikhil,Singh,Female,63,Patna,Bihar,East,Consumer,10/23/2023
16885,Aarav,Malhotra,Male,45,Gurugram,Haryana,North,Small Business,9/24/2024
16886,Amit,Sen,Female,22,Gurugram,Haryana,North,Small Business,10/17/2023
16887,Ishita,Dutta,Male,38,Hyderabad,Telangana,South,Consumer,3/3/2025
16888,Priya,Iyer,Female,28,Bengaluru,Karnataka,South,Consumer,2/24/2023
16889,Aditya,Banerjee,Male,51,Ahmedabad,Gujarat,West,Consumer,3/20/2024
16890,Nikhil,Patel,Female,22,Ahmedabad,Gujarat,West,Corporate,10/31/2023
16891,Nikhil,Verma,Male,40,Ahmedabad,Gujarat,West,Consumer,6/17/2024
16892,Rohan,Mehta,Male,38,Bengaluru,Karnataka,South,Consumer,1/28/2023
16893,Ishita,Reddy,Male,36,Kolkata,West Bengal,East,Small Business,3/28/2024
16894,Vikram,Gupta,Female,48,Mumbai,Maharashtra,West,Corporate,5/1/2025
16895,Amit,Das,Female,44,Mumbai,Maharashtra,West,Consumer,7/14/2025
16896,Ishita,Gupta,Female,27,Mumbai,Maharashtra,West,Small Business,10/4/2023
16897,Sneha,Roy,Female,56,Ludhiana,Punjab,North,Consumer,4/8/2024
16898,Nikhil,Dutta,Male,39,Kolkata,West Bengal,East,Small Business,1/15/2025
16899,Sneha,Singh,Female,25,Ahmedabad,Gujarat,West,Consumer,5/15/2024
16900,Priya,Reddy,Female,50,Gurugram,Haryana,North,Consumer,8/9/2024
16901,Rohan,Patel,Male,36,Chennai,Tamil Nadu,South,Consumer,1/4/2024
16902,Rohan,Bose,Female,48,New Delhi,Delhi,North,Consumer,6/23/2025
16903,Neha,Verma,Male,54,Jaipur,Rajasthan,North,Consumer,11/13/2024
16904,Pooja,Das,Male,48,Bengaluru,Karnataka,South,Corporate,11/3/2025
16905,Aarav,Ghosh,Male,63,Hyderabad,Telangana,South,Consumer,4/22/2025
16906,Meera,Chatterjee,Female,47,Patna,Bihar,East,Consumer,2/1/2024
16907,Priya,Bose,Female,36,Lucknow,Uttar Pradesh,North,Consumer,12/21/2023
16908,Aarav,Singh,Male,65,Patna,Bihar,East,Corporate,4/6/2023
16909,Pooja,Ghosh,Female,42,Bhopal,Madhya Pradesh,Central,Consumer,11/3/2024
16910,Rahul,Mehta,Female,52,Chennai,Tamil Nadu,South,Consumer,3/20/2025
16911,Kavya,Verma,Female,33,Lucknow,Uttar Pradesh,North,Consumer,1/18/2024
16912,Nikhil,Malhotra,Female,61,Ahmedabad,Gujarat,West,Consumer,1/24/2023
16913,Pooja,Verma,Female,63,Jaipur,Rajasthan,North,Corporate,6/10/2025
16914,Kavya,Khan,Male,63,Lucknow,Uttar Pradesh,North,Corporate,8/29/2023
16915,Ishita,Iyer,Female,36,Lucknow,Uttar Pradesh,North,Consumer,9/20/2024
16916,Rohan,Dutta,Male,59,Kochi,Kerala,South,Consumer,2/27/2023
16917,Karan,Malhotra,Male,50,Chennai,Tamil Nadu,South,Consumer,3/9/2023
16918,Sneha,Chatterjee,Male,22,Jaipur,Rajasthan,North,Consumer,8/28/2025
16919,Meera,Das,Female,62,Bengaluru,Karnataka,South,Consumer,12/27/2024
16920,Ishita,Sen,Other,43,Ahmedabad,Gujarat,West,Consumer,1/6/2023
16921,Ishita,Sharma,Male,43,Lucknow,Uttar Pradesh,North,Consumer,4/19/2023
16922,Pooja,Das,Female,36,Patna,Bihar,East,Consumer,6/16/2024
16923,Ananya,Bose,Male,58,Hyderabad,Telangana,South,Small Business,1/4/2025
16924,Neha,Bose,Female,22,New Delhi,Delhi,North,Consumer,4/2/2024
16925,Kavya,Patel,Male,36,Bengaluru,Karnataka,South,Small Business,7/31/2025
16926,Kavya,Banerjee,Female,45,Mumbai,Maharashtra,West,Consumer,12/5/2024
16927,Rahul,Gupta,Female,27,Bengaluru,Karnataka,South,Corporate,10/25/2024
16928,Riya,Das,Male,28,Ludhiana,Punjab,North,Consumer,11/9/2023
16929,Ananya,Khan,Female,47,Bengaluru,Karnataka,South,Consumer,1/6/2025
16930,Sahil,Patel,Female,45,Bhopal,Madhya Pradesh,Central,Consumer,8/1/2025
16931,Priya,Chatterjee,Male,57,Bengaluru,Karnataka,South,Consumer,2/22/2023
16932,Riya,Reddy,Female,57,Lucknow,Uttar Pradesh,North,Consumer,3/4/2025
16933,Neha,Verma,Female,18,New Delhi,Delhi,North,Consumer,8/8/2025
16934,Meera,Roy,Male,36,Jaipur,Rajasthan,North,Consumer,4/11/2024
16935,Rahul,Banerjee,Male,58,Ahmedabad,Gujarat,West,Consumer,4/7/2025
16936,Arjun,Reddy,Female,63,Lucknow,Uttar Pradesh,North,Small Business,1/22/2024
16937,Aarav,Singh,Female,22,Ludhiana,Punjab,North,Consumer,7/28/2023
16938,Aarav,Nair,Female,54,New Delhi,Delhi,North,Consumer,5/31/2025
16939,Rahul,Das,Female,29,Kolkata,West Bengal,East,Consumer,12/3/2023
16940,Ananya,Sen,Female,56,Bengaluru,Karnataka,South,Small Business,3/28/2025
16941,Karan,Verma,Male,39,Lucknow,Uttar Pradesh,North,Small Business,12/7/2023
16942,Rahul,Khan,Male,23,Hyderabad,Telangana,South,Consumer,3/6/2024
16943,Vikram,Singh,Male,27,New Delhi,Delhi,North,Consumer,1/9/2025
16944,Aditya,Jain,Male,63,Ahmedabad,Gujarat,West,Consumer,1/4/2024
16945,Pooja,Nair,Female,54,Chennai,Tamil Nadu,South,Consumer,5/22/2025
16946,Pooja,Verma,Female,19,Lucknow,Uttar Pradesh,North,Consumer,2/11/2023
16947,Neha,Verma,Male,63,Lucknow,Uttar Pradesh,North,Consumer,1/13/2023
16948,Meera,Das,Female,58,Lucknow,Uttar Pradesh,North,Consumer,3/30/2023
16949,Ananya,Nair,Male,44,Lucknow,Uttar Pradesh,North,Consumer,10/4/2023
16950,Vikram,Roy,Male,19,Kochi,Kerala,South,Consumer,2/28/2023
16951,Sneha,Sen,Female,38,Ahmedabad,Gujarat,West,Consumer,2/16/2024
16952,Vikram,Malhotra,Male,25,Gurugram,Haryana,North,Consumer,1/27/2023
16953,Aarav,Ghosh,Female,35,Kolkata,West Bengal,East,Consumer,3/27/2025
16954,Rohan,Nair,Male,33,Ahmedabad,Gujarat,West,Small Business,6/15/2023
16955,Nikhil,Gupta,Male,52,Lucknow,Uttar Pradesh,North,Consumer,11/15/2025
16956,Sahil,Iyer,Female,53,Hyderabad,Telangana,South,Consumer,7/14/2025
16957,Aditya,Sharma,Female,26,Bengaluru,Karnataka,South,Consumer,1/19/2025
16958,Aarav,Roy,Female,61,New Delhi,Delhi,North,Small Business,5/12/2025
16959,Karan,Bose,Female,50,Chennai,Tamil Nadu,South,Corporate,4/16/2025
16960,Rohan,Banerjee,Female,49,Ludhiana,Punjab,North,Consumer,7/2/2025
16961,Rohan,Ghosh,Female,55,Chennai,Tamil Nadu,South,Consumer,8/22/2024
16962,Riya,Jain,Male,52,Mumbai,Maharashtra,West,Consumer,11/4/2024
16963,Priya,Dutta,Male,55,New Delhi,Delhi,North,Corporate,5/21/2024
16964,Rahul,Das,Female,31,Chennai,Tamil Nadu,South,Consumer,11/4/2024
16965,Arjun,Mehta,Female,50,Kolkata,West Bengal,East,Consumer,2/16/2024
16966,Neha,Reddy,Male,64,New Delhi,Delhi,North,Consumer,5/14/2023
16967,Tanya,Singh,Male,54,New Delhi,Delhi,North,Consumer,10/2/2025
16968,Aarav,Malhotra,Male,37,Mumbai,Maharashtra,West,Corporate,1/24/2025
16969,Riya,Mehta,Male,48,Ahmedabad,Gujarat,West,Consumer,1/31/2025
16970,Aarav,Sen,Male,61,New Delhi,Delhi,North,Consumer,10/30/2023
16971,Vikram,Jain,Female,49,Lucknow,Uttar Pradesh,North,Corporate,4/12/2025
16972,Sahil,Malhotra,Female,55,Chennai,Tamil Nadu,South,Small Business,7/14/2024
16973,Rohan,Patel,Other,60,Bengaluru,Karnataka,South,Consumer,3/24/2023
16974,Aarav,Nair,Female,35,Gurugram,Haryana,North,Consumer,10/28/2025
16975,Riya,Dutta,Male,34,New Delhi,Delhi,North,Corporate,12/7/2025
16976,Karan,Nair,Female,34,Kolkata,West Bengal,East,Corporate,7/29/2025
16977,Sneha,Iyer,Female,35,Bhubaneswar,Odisha,East,Consumer,5/27/2024
16978,Sneha,Patel,Female,50,Mumbai,Maharashtra,West,Consumer,9/9/2023
16979,Rahul,Banerjee,Male,41,Patna,Bihar,East,Consumer,1/12/2023
16980,Meera,Dutta,Female,63,Lucknow,Uttar Pradesh,North,Consumer,3/6/2025
16981,Sneha,Jain,Male,50,Gurugram,Haryana,North,Consumer,8/20/2025
16982,Amit,Banerjee,Male,50,Gurugram,Haryana,North,Consumer,4/23/2023
16983,Amit,Sen,Male,63,Bengaluru,Karnataka,South,Consumer,1/9/2025
16984,Riya,Bose,Male,59,Lucknow,Uttar Pradesh,North,Small Business,1/29/2023
16985,Rahul,Reddy,Female,19,Bengaluru,Karnataka,South,Consumer,4/18/2025
16986,Meera,Gupta,Male,64,Ahmedabad,Gujarat,West,Consumer,1/31/2023
16987,Meera,Bose,Male,60,Ahmedabad,Gujarat,West,Small Business,11/19/2025
16988,Aditya,Sen,Female,33,Kolkata,West Bengal,East,Small Business,7/3/2023
16989,Ananya,Bose,Female,29,Kolkata,West Bengal,East,Consumer,3/8/2024
16990,Priya,Reddy,Female,43,Kolkata,West Bengal,East,Consumer,1/20/2025
16991,Nikhil,Nair,Male,65,Mumbai,Maharashtra,West,Consumer,7/2/2025
16992,Pooja,Banerjee,Male,47,Bengaluru,Karnataka,South,Consumer,1/28/2024
16993,Riya,Sen,Female,45,Ludhiana,Punjab,North,Consumer,11/24/2025
16994,Amit,Das,Female,28,New Delhi,Delhi,North,Consumer,1/18/2023
16995,Aarav,Das,Male,61,Patna,Bihar,East,Corporate,5/24/2024
16996,Rohan,Bose,Female,56,Bhubaneswar,Odisha,East,Consumer,12/3/2025
16997,Ishita,Nair,Female,20,Lucknow,Uttar Pradesh,North,Small Business,10/24/2023
16998,Sneha,Roy,Female,30,Chennai,Tamil Nadu,South,Corporate,7/30/2024
16999,Pooja,Mehta,Male,60,Kochi,Kerala,South,Consumer,4/25/2024
17000,Ananya,Malhotra,Female,51,Lucknow,Uttar Pradesh,North,Consumer,3/1/2024
17001,Meera,Ghosh,Female,37,Lucknow,Uttar Pradesh,North,Corporate,4/9/2025
17002,Neha,Dutta,Male,43,Ludhiana,Punjab,North,Corporate,7/14/2024
17003,Rohan,Patel,Male,24,Ahmedabad,Gujarat,West,Consumer,2/9/2025
17004,Tanya,Das,Male,58,New Delhi,Delhi,North,Consumer,7/15/2024
17005,Ishita,Nair,Male,48,Kochi,Kerala,South,Consumer,12/13/2025
17006,Aditya,Mehta,Male,42,Hyderabad,Telangana,South,Consumer,5/22/2024
17007,Arjun,Nair,Male,47,Patna,Bihar,East,Corporate,5/9/2025
17008,Tanya,Reddy,Female,46,Kolkata,West Bengal,East,Consumer,10/23/2024
17009,Sahil,Patel,Female,38,Kolkata,West Bengal,East,Consumer,5/15/2025
17010,Ananya,Dutta,Female,26,New Delhi,Delhi,North,Consumer,8/14/2025
17011,Nikhil,Das,Female,41,Kolkata,West Bengal,East,Consumer,9/2/2023
17012,Kavya,Iyer,Male,56,Bhopal,Madhya Pradesh,Central,Corporate,11/22/2023
17013,Aditya,Bose,Male,20,Kolkata,West Bengal,East,Consumer,11/22/2023
17014,Nikhil,Nair,Female,37,Lucknow,Uttar Pradesh,North,Consumer,6/9/2024
17015,Neha,Roy,Female,57,Bengaluru,Karnataka,South,Consumer,6/15/2024
17016,Pooja,Ghosh,Male,45,Gurugram,Haryana,North,Consumer,1/4/2023
17017,Ananya,Dutta,Female,19,Chennai,Tamil Nadu,South,Consumer,8/25/2025
17018,Aarav,Roy,Female,58,Kolkata,West Bengal,East,Consumer,7/17/2025
17019,Vikram,Dutta,Female,20,Kolkata,West Bengal,East,Consumer,10/11/2024
17020,Rohan,Nair,Female,41,New Delhi,Delhi,North,Corporate,11/27/2023
17021,Tanya,Das,Male,23,Bhopal,Madhya Pradesh,Central,Small Business,6/11/2025
17022,Riya,Sen,Female,31,Bhopal,Madhya Pradesh,Central,Consumer,10/21/2023
17023,Kavya,Malhotra,Female,36,Bengaluru,Karnataka,South,Small Business,11/27/2023
17024,Karan,Sen,Female,30,Hyderabad,Telangana,South,Small Business,12/13/2025
17025,Meera,Dutta,Female,60,Kolkata,West Bengal,East,Consumer,9/24/2025
17026,Tanya,Verma,Female,45,New Delhi,Delhi,North,Corporate,9/23/2024
17027,Meera,Sen,Female,35,Ahmedabad,Gujarat,West,Consumer,7/2/2023
17028,Sneha,Malhotra,Male,31,Bengaluru,Karnataka,South,Consumer,5/13/2023
17029,Pooja,Jain,Female,41,Ahmedabad,Gujarat,West,Small Business,11/7/2025
17030,Ananya,Roy,Female,34,Kochi,Kerala,South,Small Business,10/14/2023
17031,Ishita,Jain,Female,56,Kolkata,West Bengal,East,Consumer,1/5/2025
17032,Priya,Gupta,Female,29,Mumbai,Maharashtra,West,Consumer,1/17/2024
17033,Priya,Malhotra,Female,51,Mumbai,Maharashtra,West,Consumer,6/20/2024
17034,Neha,Sharma,Other,39,Mumbai,Maharashtra,West,Consumer,11/30/2025
17035,Aarav,Nair,Male,30,Mumbai,Maharashtra,West,Small Business,10/2/2024
17036,Neha,Singh,Male,40,Ahmedabad,Gujarat,West,Consumer,4/10/2024
17037,Aditya,Nair,Female,23,Kolkata,West Bengal,East,Consumer,3/24/2024
17038,Rahul,Reddy,Male,43,Lucknow,Uttar Pradesh,North,Corporate,9/6/2023
17039,Neha,Nair,Male,52,Kochi,Kerala,South,Consumer,8/24/2024
17040,Kavya,Verma,Female,46,Ludhiana,Punjab,North,Consumer,9/7/2024
17041,Karan,Bose,Female,18,Jaipur,Rajasthan,North,Consumer,4/13/2023
17042,Riya,Singh,Male,46,Mumbai,Maharashtra,West,Consumer,3/13/2024
17043,Neha,Iyer,Male,19,Kolkata,West Bengal,East,Consumer,11/27/2024
17044,Karan,Reddy,Male,35,Mumbai,Maharashtra,West,Consumer,3/1/2023
17045,Pooja,Khan,Female,48,Gurugram,Haryana,North,Corporate,11/20/2025
17046,Aditya,Sharma,Male,61,Gurugram,Haryana,North,Consumer,7/18/2025
17047,Riya,Verma,Male,64,Chennai,Tamil Nadu,South,Corporate,11/18/2024
17048,Aarav,Banerjee,Female,42,Bengaluru,Karnataka,South,Consumer,1/17/2023
17049,Rohan,Bose,Other,28,New Delhi,Delhi,North,Small Business,7/13/2024
17050,Karan,Bose,Male,57,Bengaluru,Karnataka,South,Corporate,8/28/2025
17051,Amit,Sen,Female,35,Bhopal,Madhya Pradesh,Central,Corporate,1/25/2023
17052,Pooja,Jain,Female,44,Mumbai,Maharashtra,West,Consumer,5/5/2025
17053,Rohan,Patel,Male,27,Chennai,Tamil Nadu,South,Consumer,6/25/2025
17054,Aditya,Singh,Female,35,Hyderabad,Telangana,South,Corporate,3/23/2023
17055,Arjun,Ghosh,Male,41,Mumbai,Maharashtra,West,Corporate,9/6/2023
17056,Kavya,Chatterjee,Male,53,Chennai,Tamil Nadu,South,Corporate,2/20/2025
17057,Sneha,Bose,Male,61,Bhubaneswar,Odisha,East,Consumer,9/11/2025
17058,Vikram,Ghosh,Male,26,Mumbai,Maharashtra,West,Consumer,4/12/2025
17059,Aditya,Patel,Female,44,Ahmedabad,Gujarat,West,Consumer,7/21/2024
17060,Priya,Nair,Female,64,Chennai,Tamil Nadu,South,Consumer,10/12/2024
17061,Ananya,Verma,Female,18,Mumbai,Maharashtra,West,Corporate,7/20/2024
17062,Tanya,Gupta,Female,45,Kolkata,West Bengal,East,Consumer,9/15/2024
17063,Aarav,Sen,Male,54,Bengaluru,Karnataka,South,Consumer,4/12/2025
17064,Nikhil,Bose,Female,22,Kolkata,West Bengal,East,Consumer,2/23/2023
17065,Aarav,Singh,Female,50,Chennai,Tamil Nadu,South,Corporate,8/15/2023
17066,Riya,Mehta,Male,38,Patna,Bihar,East,Consumer,3/6/2023
17067,Nikhil,Das,Female,46,Lucknow,Uttar Pradesh,North,Consumer,5/10/2025
17068,Nikhil,Chatterjee,Female,52,Gurugram,Haryana,North,Corporate,2/24/2025
17069,Meera,Patel,Male,24,Hyderabad,Telangana,South,Corporate,2/27/2023
17070,Kavya,Dutta,Male,21,Lucknow,Uttar Pradesh,North,Consumer,4/25/2023
17071,Ishita,Malhotra,Male,33,Jaipur,Rajasthan,North,Consumer,10/14/2023
17072,Aarav,Malhotra,Other,30,Mumbai,Maharashtra,West,Consumer,9/19/2023
17073,Neha,Sen,Female,31,Bengaluru,Karnataka,South,Consumer,7/14/2024
17074,Vikram,Jain,Female,62,New Delhi,Delhi,North,Consumer,6/22/2024
17075,Amit,Patel,Female,50,Patna,Bihar,East,Consumer,1/22/2024
17076,Arjun,Gupta,Male,35,Hyderabad,Telangana,South,Consumer,6/27/2023
17077,Riya,Patel,Female,47,Mumbai,Maharashtra,West,Consumer,12/2/2024
17078,Neha,Das,Female,25,Bhopal,Madhya Pradesh,Central,Corporate,5/3/2025
17079,Meera,Khan,Female,26,Kolkata,West Bengal,East,Corporate,11/22/2024
17080,Nikhil,Mehta,Male,22,Gurugram,Haryana,North,Consumer,5/21/2025
17081,Neha,Malhotra,Male,38,Patna,Bihar,East,Consumer,9/14/2025
17082,Sneha,Sharma,Male,47,Bhubaneswar,Odisha,East,Consumer,6/28/2025
17083,Ishita,Verma,Male,42,Patna,Bihar,East,Consumer,12/4/2024
17084,Vikram,Chatterjee,Male,44,Mumbai,Maharashtra,West,Consumer,2/23/2023
17085,Karan,Roy,Male,25,Ahmedabad,Gujarat,West,Consumer,12/28/2023
17086,Rahul,Chatterjee,Female,49,Lucknow,Uttar Pradesh,North,Corporate,4/7/2024
17087,Sneha,Mehta,Female,44,Lucknow,Uttar Pradesh,North,Corporate,2/8/2025
17088,Vikram,Mehta,Male,63,Bengaluru,Karnataka,South,Corporate,7/3/2025
17089,Meera,Patel,Male,29,Mumbai,Maharashtra,West,Consumer,11/22/2024
17090,Sahil,Singh,Female,20,Bengaluru,Karnataka,South,Corporate,1/28/2024
17091,Kavya,Malhotra,Female,39,Hyderabad,Telangana,South,Consumer,4/30/2025
17092,Rahul,Malhotra,Female,27,New Delhi,Delhi,North,Consumer,1/21/2025
17093,Aditya,Banerjee,Female,26,Bhubaneswar,Odisha,East,Consumer,5/11/2025
17094,Neha,Mehta,Male,29,Lucknow,Uttar Pradesh,North,Small Business,9/28/2024
17095,Tanya,Iyer,Male,50,Jaipur,Rajasthan,North,Consumer,11/29/2024
17096,Sneha,Iyer,Female,38,Bengaluru,Karnataka,South,Consumer,1/10/2024
17097,Nikhil,Chatterjee,Female,59,Hyderabad,Telangana,South,Consumer,3/7/2024
17098,Amit,Mehta,Female,23,Bengaluru,Karnataka,South,Consumer,10/26/2023
17099,Karan,Patel,Female,62,Mumbai,Maharashtra,West,Small Business,10/5/2023
17100,Amit,Das,Male,37,Kolkata,West Bengal,East,Consumer,12/5/2024
17101,Kavya,Malhotra,Male,43,Bengaluru,Karnataka,South,Small Business,2/19/2024
17102,Pooja,Chatterjee,Male,57,Bengaluru,Karnataka,South,Small Business,5/25/2023
17103,Pooja,Singh,Female,41,New Delhi,Delhi,North,Consumer,2/7/2023
17104,Sneha,Das,Female,25,Kolkata,West Bengal,East,Corporate,7/17/2025
17105,Aditya,Roy,Male,29,Bengaluru,Karnataka,South,Small Business,4/15/2024
17106,Neha,Mehta,Male,61,Kolkata,West Bengal,East,Consumer,9/14/2024
17107,Sahil,Mehta,Female,21,Ahmedabad,Gujarat,West,Consumer,9/4/2025
17108,Pooja,Singh,Male,61,New Delhi,Delhi,North,Consumer,5/1/2023
17109,Tanya,Singh,Female,50,Bengaluru,Karnataka,South,Consumer,10/9/2025
17110,Pooja,Roy,Male,42,Mumbai,Maharashtra,West,Corporate,1/29/2025
17111,Aditya,Verma,Female,33,Gurugram,Haryana,North,Consumer,11/22/2024
17112,Neha,Roy,Female,59,Ahmedabad,Gujarat,West,Corporate,4/10/2024
17113,Karan,Banerjee,Male,19,Jaipur,Rajasthan,North,Consumer,2/1/2025
17114,Meera,Sharma,Female,52,New Delhi,Delhi,North,Consumer,8/9/2023
17115,Priya,Dutta,Female,28,Patna,Bihar,East,Corporate,11/23/2023
17116,Rahul,Malhotra,Male,35,Kochi,Kerala,South,Small Business,11/3/2025
17117,Rahul,Sen,Male,21,Chennai,Tamil Nadu,South,Consumer,10/25/2023
17118,Riya,Bose,Female,44,Jaipur,Rajasthan,North,Consumer,2/16/2025
17119,Pooja,Iyer,Female,25,Mumbai,Maharashtra,West,Corporate,10/1/2025
17120,Tanya,Sharma,Female,23,Jaipur,Rajasthan,North,Consumer,10/2/2024
17121,Karan,Gupta,Male,33,Chennai,Tamil Nadu,South,Consumer,11/18/2023
17122,Riya,Das,Female,41,Kolkata,West Bengal,East,Small Business,7/5/2025
17123,Sneha,Chatterjee,Female,63,Gurugram,Haryana,North,Consumer,6/11/2025
17124,Nikhil,Jain,Male,57,Kochi,Kerala,South,Consumer,8/10/2024
17125,Riya,Ghosh,Male,37,Bengaluru,Karnataka,South,Small Business,5/5/2023
17126,Karan,Sharma,Male,46,Bhopal,Madhya Pradesh,Central,Consumer,4/21/2024
17127,Aditya,Roy,Female,54,Bengaluru,Karnataka,South,Consumer,4/11/2024
17128,Nikhil,Banerjee,Male,36,Hyderabad,Telangana,South,Consumer,7/24/2023
17129,Vikram,Patel,Female,54,Bhubaneswar,Odisha,East,Consumer,3/10/2024
17130,Neha,Patel,Male,49,Bengaluru,Karnataka,South,Consumer,6/15/2023
17131,Amit,Sen,Female,51,Hyderabad,Telangana,South,Small Business,1/17/2025
17132,Sahil,Mehta,Male,64,Jaipur,Rajasthan,North,Consumer,4/11/2024
17133,Vikram,Das,Female,36,Mumbai,Maharashtra,West,Consumer,2/27/2025
17134,Amit,Reddy,Female,21,Hyderabad,Telangana,South,Corporate,5/7/2024
17135,Sahil,Banerjee,Female,43,Bengaluru,Karnataka,South,Small Business,2/9/2025
17136,Vikram,Singh,Female,33,Jaipur,Rajasthan,North,Corporate,3/2/2025
17137,Amit,Sharma,Male,20,Mumbai,Maharashtra,West,Consumer,6/23/2023
17138,Sneha,Reddy,Male,25,Mumbai,Maharashtra,West,Consumer,4/22/2024
17139,Sneha,Mehta,Male,43,Lucknow,Uttar Pradesh,North,Small Business,3/20/2025
17140,Arjun,Malhotra,Female,63,Mumbai,Maharashtra,West,Corporate,10/2/2024
17141,Pooja,Jain,Female,34,Hyderabad,Telangana,South,Corporate,8/28/2023
17142,Priya,Reddy,Male,44,Lucknow,Uttar Pradesh,North,Consumer,6/18/2025
17143,Sahil,Malhotra,Female,26,Lucknow,Uttar Pradesh,North,Corporate,8/4/2023
17144,Tanya,Jain,Male,24,Kolkata,West Bengal,East,Small Business,12/8/2025
17145,Meera,Malhotra,Female,55,Bhubaneswar,Odisha,East,Consumer,2/2/2025
17146,Priya,Malhotra,Male,47,Lucknow,Uttar Pradesh,North,Consumer,12/15/2023
17147,Pooja,Gupta,Other,27,Bengaluru,Karnataka,South,Consumer,7/30/2023
17148,Kavya,Mehta,Female,42,Lucknow,Uttar Pradesh,North,Corporate,9/1/2025
17149,Vikram,Reddy,Other,45,Lucknow,Uttar Pradesh,North,Consumer,7/19/2024
17150,Vikram,Malhotra,Female,20,Ahmedabad,Gujarat,West,Consumer,5/20/2025
17151,Aditya,Patel,Male,32,New Delhi,Delhi,North,Consumer,6/17/2025
17152,Rohan,Patel,Female,59,Lucknow,Uttar Pradesh,North,Corporate,3/15/2023
17153,Neha,Roy,Male,35,Bhopal,Madhya Pradesh,Central,Consumer,1/8/2025
17154,Tanya,Chatterjee,Male,52,New Delhi,Delhi,North,Small Business,12/27/2023
17155,Rahul,Khan,Male,47,Patna,Bihar,East,Consumer,9/7/2025
17156,Arjun,Ghosh,Female,18,Lucknow,Uttar Pradesh,North,Consumer,8/25/2023
17157,Riya,Patel,Female,63,Bhubaneswar,Odisha,East,Consumer,2/6/2023
17158,Neha,Das,Male,64,Gurugram,Haryana,North,Consumer,12/18/2024
17159,Priya,Jain,Female,50,Mumbai,Maharashtra,West,Consumer,8/19/2024
17160,Ishita,Gupta,Male,25,Mumbai,Maharashtra,West,Consumer,8/22/2024
17161,Tanya,Sharma,Male,58,Ahmedabad,Gujarat,West,Corporate,10/12/2023
17162,Riya,Roy,Male,18,Hyderabad,Telangana,South,Corporate,6/18/2024
17163,Ananya,Sen,Male,42,New Delhi,Delhi,North,Small Business,11/7/2025
17164,Rahul,Verma,Female,38,Patna,Bihar,East,Small Business,4/4/2025
17165,Ishita,Malhotra,Male,51,Gurugram,Haryana,North,Consumer,11/29/2025
17166,Pooja,Singh,Male,24,Chennai,Tamil Nadu,South,Corporate,12/26/2023
17167,Ananya,Ghosh,Male,60,Lucknow,Uttar Pradesh,North,Consumer,7/28/2025
17168,Aarav,Gupta,Female,45,Mumbai,Maharashtra,West,Consumer,2/18/2024
17169,Riya,Banerjee,Female,30,New Delhi,Delhi,North,Consumer,10/7/2025
17170,Sahil,Gupta,Male,32,Kolkata,West Bengal,East,Consumer,7/23/2025
17171,Arjun,Sen,Female,50,New Delhi,Delhi,North,Small Business,6/27/2023
17172,Karan,Mehta,Male,26,New Delhi,Delhi,North,Consumer,11/15/2025
17173,Neha,Mehta,Female,32,Lucknow,Uttar Pradesh,North,Consumer,10/17/2024
17174,Aarav,Patel,Male,65,Ahmedabad,Gujarat,West,Consumer,4/18/2025
17175,Neha,Singh,Male,60,Chennai,Tamil Nadu,South,Consumer,9/17/2024
17176,Priya,Roy,Male,33,Kolkata,West Bengal,East,Corporate,8/23/2023
17177,Vikram,Malhotra,Male,44,Kolkata,West Bengal,East,Consumer,11/29/2025
17178,Aarav,Sen,Male,37,Bhopal,Madhya Pradesh,Central,Consumer,5/2/2023
17179,Pooja,Mehta,Female,27,Ludhiana,Punjab,North,Corporate,5/23/2025
17180,Kavya,Verma,Male,32,Bengaluru,Karnataka,South,Consumer,8/14/2023
17181,Arjun,Khan,Male,23,Bengaluru,Karnataka,South,Consumer,4/28/2025
17182,Vikram,Sharma,Female,58,Hyderabad,Telangana,South,Corporate,4/1/2024
17183,Karan,Verma,Female,29,Jaipur,Rajasthan,North,Corporate,9/13/2023
17184,Arjun,Reddy,Female,27,Chennai,Tamil Nadu,South,Consumer,9/13/2023
17185,Amit,Dutta,Male,48,Kolkata,West Bengal,East,Consumer,12/12/2023
17186,Vikram,Sen,Female,24,Chennai,Tamil Nadu,South,Consumer,8/31/2025
17187,Rohan,Iyer,Female,63,Bengaluru,Karnataka,South,Consumer,4/10/2025
17188,Ishita,Gupta,Female,60,Bengaluru,Karnataka,South,Consumer,12/25/2024
17189,Pooja,Dutta,Male,37,Mumbai,Maharashtra,West,Consumer,11/11/2024
17190,Karan,Mehta,Male,26,Jaipur,Rajasthan,North,Consumer,3/26/2024
17191,Kavya,Dutta,Male,24,New Delhi,Delhi,North,Corporate,8/31/2025
17192,Arjun,Malhotra,Female,59,Bengaluru,Karnataka,South,Small Business,10/23/2023
17193,Kavya,Sen,Female,39,New Delhi,Delhi,North,Corporate,10/15/2025
17194,Arjun,Banerjee,Male,45,Hyderabad,Telangana,South,Consumer,2/16/2024
17195,Pooja,Mehta,Male,23,Patna,Bihar,East,Consumer,1/4/2024
17196,Rohan,Roy,Female,57,Gurugram,Haryana,North,Consumer,5/29/2024
17197,Riya,Bose,Male,42,Mumbai,Maharashtra,West,Consumer,3/19/2025
17198,Pooja,Mehta,Female,21,Kochi,Kerala,South,Consumer,2/9/2025
17199,Neha,Roy,Female,21,Lucknow,Uttar Pradesh,North,Small Business,4/8/2025
17200,Pooja,Banerjee,Male,64,Jaipur,Rajasthan,North,Consumer,4/7/2023
17201,Sneha,Bose,Female,20,Chennai,Tamil Nadu,South,Consumer,6/23/2023
17202,Priya,Verma,Female,32,Chennai,Tamil Nadu,South,Consumer,7/5/2025
17203,Karan,Chatterjee,Male,18,Kolkata,West Bengal,East,Consumer,11/25/2025
17204,Rahul,Reddy,Male,20,Bhopal,Madhya Pradesh,Central,Consumer,5/18/2023
17205,Sahil,Sen,Female,57,Ahmedabad,Gujarat,West,Consumer,9/3/2025
17206,Pooja,Reddy,Male,54,Chennai,Tamil Nadu,South,Consumer,10/11/2023
17207,Tanya,Verma,Male,33,New Delhi,Delhi,North,Consumer,11/23/2025
17208,Arjun,Mehta,Male,26,Kolkata,West Bengal,East,Consumer,12/9/2025
17209,Neha,Jain,Female,29,Mumbai,Maharashtra,West,Corporate,11/18/2024
17210,Neha,Das,Male,34,Ahmedabad,Gujarat,West,Small Business,7/25/2023
17211,Meera,Chatterjee,Male,55,New Delhi,Delhi,North,Consumer,5/1/2025
17212,Aditya,Mehta,Male,46,Patna,Bihar,East,Consumer,4/20/2023
17213,Nikhil,Nair,Male,39,Jaipur,Rajasthan,North,Corporate,12/27/2023
17214,Rahul,Reddy,Female,21,Ahmedabad,Gujarat,West,Small Business,11/20/2024
17215,Meera,Banerjee,Female,23,Patna,Bihar,East,Corporate,3/14/2023
17216,Vikram,Dutta,Male,27,Kolkata,West Bengal,East,Consumer,2/29/2024
17217,Nikhil,Mehta,Female,28,Jaipur,Rajasthan,North,Small Business,5/10/2025
17218,Rahul,Roy,Female,41,Lucknow,Uttar Pradesh,North,Corporate,4/10/2023
17219,Priya,Nair,Female,59,Bengaluru,Karnataka,South,Consumer,2/1/2024
17220,Neha,Singh,Female,38,Mumbai,Maharashtra,West,Consumer,1/5/2023
17221,Neha,Malhotra,Male,33,Mumbai,Maharashtra,West,Small Business,12/11/2024
17222,Aarav,Singh,Female,44,Mumbai,Maharashtra,West,Small Business,3/27/2023
17223,Pooja,Banerjee,Female,21,New Delhi,Delhi,North,Consumer,10/31/2023
17224,Aditya,Bose,Female,52,Mumbai,Maharashtra,West,Consumer,7/18/2024
17225,Ananya,Sharma,Male,20,Jaipur,Rajasthan,North,Consumer,8/20/2023
17226,Vikram,Banerjee,Male,34,Kolkata,West Bengal,East,Corporate,9/7/2023
17227,Pooja,Iyer,Male,63,Kolkata,West Bengal,East,Consumer,6/20/2025
17228,Arjun,Sen,Male,37,Bengaluru,Karnataka,South,Consumer,4/19/2025
17229,Nikhil,Nair,Male,53,Mumbai,Maharashtra,West,Consumer,3/29/2023
17230,Karan,Sen,Male,31,Bhopal,Madhya Pradesh,Central,Consumer,7/15/2025
17231,Priya,Khan,Male,58,Bengaluru,Karnataka,South,Small Business,5/20/2024
17232,Kavya,Gupta,Male,34,Mumbai,Maharashtra,West,Small Business,6/6/2023
17233,Sahil,Ghosh,Other,28,Mumbai,Maharashtra,West,Consumer,9/6/2025
17234,Tanya,Malhotra,Female,20,Chennai,Tamil Nadu,South,Consumer,12/30/2023
17235,Kavya,Singh,Male,32,Ahmedabad,Gujarat,West,Consumer,12/18/2023
17236,Rahul,Verma,Female,45,Patna,Bihar,East,Consumer,6/8/2023
17237,Ananya,Roy,Male,21,Chennai,Tamil Nadu,South,Consumer,8/15/2025
17238,Rahul,Roy,Male,26,Ahmedabad,Gujarat,West,Consumer,11/6/2023
17239,Meera,Reddy,Female,34,Hyderabad,Telangana,South,Consumer,10/1/2024
17240,Rohan,Chatterjee,Male,52,Bhubaneswar,Odisha,East,Small Business,9/16/2023
17241,Rohan,Dutta,Female,46,New Delhi,Delhi,North,Corporate,8/25/2025
17242,Meera,Ghosh,Male,20,Bengaluru,Karnataka,South,Consumer,4/29/2025
17243,Rahul,Nair,Male,19,Lucknow,Uttar Pradesh,North,Corporate,6/27/2024
17244,Aditya,Chatterjee,Male,20,Bhubaneswar,Odisha,East,Consumer,1/9/2024
17245,Priya,Nair,Male,33,Hyderabad,Telangana,South,Consumer,12/8/2024
17246,Rohan,Bose,Female,31,Bhopal,Madhya Pradesh,Central,Consumer,6/19/2024
17247,Neha,Sen,Male,23,Kochi,Kerala,South,Consumer,10/13/2025
17248,Amit,Patel,Male,39,Mumbai,Maharashtra,West,Consumer,12/28/2024
17249,Priya,Banerjee,Male,46,Patna,Bihar,East,Small Business,1/30/2023
17250,Arjun,Sharma,Female,51,Ahmedabad,Gujarat,West,Corporate,6/7/2025
17251,Karan,Sharma,Female,65,New Delhi,Delhi,North,Consumer,7/28/2023
17252,Vikram,Das,Female,51,New Delhi,Delhi,North,Corporate,11/22/2023
17253,Pooja,Das,Female,65,Bhubaneswar,Odisha,East,Corporate,4/15/2024
17254,Ishita,Chatterjee,Other,64,Ahmedabad,Gujarat,West,Small Business,8/14/2023
17255,Kavya,Mehta,Male,58,New Delhi,Delhi,North,Consumer,10/14/2025
17256,Karan,Dutta,Female,34,Kolkata,West Bengal,East,Consumer,11/22/2025
17257,Kavya,Gupta,Male,20,Hyderabad,Telangana,South,Corporate,6/18/2023
17258,Amit,Sen,Male,20,Ludhiana,Punjab,North,Small Business,12/12/2023
17259,Ishita,Banerjee,Female,59,Lucknow,Uttar Pradesh,North,Consumer,2/5/2024
17260,Rohan,Jain,Female,59,Kolkata,West Bengal,East,Small Business,12/25/2024
17261,Neha,Dutta,Female,32,Kochi,Kerala,South,Consumer,10/7/2024
17262,Karan,Chatterjee,Male,53,Bhubaneswar,Odisha,East,Consumer,1/2/2025
17263,Neha,Iyer,Female,39,New Delhi,Delhi,North,Small Business,2/3/2023
17264,Vikram,Reddy,Male,21,Kolkata,West Bengal,East,Corporate,7/9/2024
17265,Rohan,Singh,Female,49,New Delhi,Delhi,North,Consumer,8/16/2023
17266,Aarav,Banerjee,Male,22,Kolkata,West Bengal,East,Corporate,9/4/2023
17267,Aditya,Roy,Male,24,Bengaluru,Karnataka,South,Consumer,4/16/2025
17268,Meera,Singh,Male,40,Ahmedabad,Gujarat,West,Consumer,6/2/2023
17269,Amit,Khan,Female,21,Ludhiana,Punjab,North,Consumer,2/3/2023
17270,Kavya,Jain,Male,34,Chennai,Tamil Nadu,South,Consumer,6/9/2024
17271,Amit,Sen,Male,54,Kochi,Kerala,South,Consumer,3/5/2025
17272,Nikhil,Bose,Male,46,Ludhiana,Punjab,North,Consumer,7/5/2024
17273,Rahul,Ghosh,Female,20,Kolkata,West Bengal,East,Consumer,6/24/2023
17274,Amit,Chatterjee,Male,28,Mumbai,Maharashtra,West,Consumer,4/15/2025
17275,Riya,Roy,Female,65,Lucknow,Uttar Pradesh,North,Consumer,2/17/2024
17276,Rahul,Malhotra,Male,64,Lucknow,Uttar Pradesh,North,Consumer,2/5/2025
17277,Arjun,Roy,Male,62,Chennai,Tamil Nadu,South,Consumer,8/7/2023
17278,Aditya,Khan,Male,42,Jaipur,Rajasthan,North,Consumer,9/12/2025
17279,Aarav,Jain,Male,38,Ahmedabad,Gujarat,West,Consumer,11/3/2023
17280,Sneha,Nair,Female,54,Lucknow,Uttar Pradesh,North,Corporate,11/14/2025
17281,Aarav,Gupta,Male,63,Lucknow,Uttar Pradesh,North,Corporate,2/12/2024
17282,Arjun,Gupta,Female,24,Kolkata,West Bengal,East,Corporate,2/25/2025
17283,Ishita,Verma,Male,60,Mumbai,Maharashtra,West,Consumer,6/26/2024
17284,Aditya,Verma,Male,47,Mumbai,Maharashtra,West,Consumer,3/24/2023
17285,Aditya,Das,Male,24,Gurugram,Haryana,North,Consumer,4/17/2023
17286,Rohan,Roy,Female,59,Ludhiana,Punjab,North,Corporate,3/13/2024
17287,Aditya,Singh,Male,19,Patna,Bihar,East,Consumer,7/28/2023
17288,Arjun,Singh,Female,19,Kolkata,West Bengal,East,Corporate,10/19/2024
17289,Ishita,Khan,Female,35,New Delhi,Delhi,North,Small Business,5/29/2023
17290,Sahil,Sharma,Male,43,Mumbai,Maharashtra,West,Small Business,9/29/2024
17291,Aarav,Nair,Male,38,Chennai,Tamil Nadu,South,Small Business,8/10/2023
17292,Aarav,Nair,Male,29,Bengaluru,Karnataka,South,Consumer,7/15/2023
17293,Kavya,Roy,Male,49,Bhubaneswar,Odisha,East,Consumer,2/1/2024
17294,Vikram,Malhotra,Male,40,Mumbai,Maharashtra,West,Consumer,9/21/2024
17295,Priya,Mehta,Female,23,Ahmedabad,Gujarat,West,Consumer,3/7/2024
17296,Kavya,Sen,Female,57,Bhopal,Madhya Pradesh,Central,Corporate,1/13/2024
17297,Rohan,Singh,Female,32,Jaipur,Rajasthan,North,Corporate,1/3/2024
17298,Karan,Verma,Male,51,Kolkata,West Bengal,East,Small Business,1/2/2024
17299,Neha,Reddy,Male,34,Ludhiana,Punjab,North,Small Business,3/12/2024
17300,Ananya,Sharma,Female,54,Ahmedabad,Gujarat,West,Consumer,6/19/2025
17301,Kavya,Sharma,Male,31,Hyderabad,Telangana,South,Small Business,9/16/2024
17302,Karan,Verma,Female,28,Jaipur,Rajasthan,North,Small Business,3/31/2024
17303,Rahul,Dutta,Female,21,Kochi,Kerala,South,Corporate,3/20/2025
17304,Kavya,Gupta,Male,57,Hyderabad,Telangana,South,Consumer,7/23/2024
17305,Karan,Chatterjee,Male,52,New Delhi,Delhi,North,Consumer,10/21/2025
17306,Meera,Mehta,Female,47,Hyderabad,Telangana,South,Consumer,8/30/2024
17307,Sahil,Singh,Female,47,Kolkata,West Bengal,East,Consumer,8/22/2023
17308,Rohan,Dutta,Male,21,Patna,Bihar,East,Consumer,8/31/2024
17309,Nikhil,Singh,Male,37,Mumbai,Maharashtra,West,Consumer,4/15/2025
17310,Arjun,Iyer,Male,59,Chennai,Tamil Nadu,South,Consumer,8/19/2023
17311,Rohan,Nair,Female,31,Chennai,Tamil Nadu,South,Consumer,8/7/2023
17312,Karan,Nair,Male,20,Bengaluru,Karnataka,South,Consumer,10/9/2024
17313,Vikram,Malhotra,Female,58,Chennai,Tamil Nadu,South,Small Business,8/13/2025
17314,Rahul,Chatterjee,Female,19,Ahmedabad,Gujarat,West,Consumer,12/28/2023
17315,Ananya,Nair,Female,51,Bengaluru,Karnataka,South,Consumer,7/1/2024
17316,Kavya,Singh,Male,58,Mumbai,Maharashtra,West,Consumer,12/8/2024
17317,Meera,Sen,Female,53,Kochi,Kerala,South,Consumer,12/17/2024
17318,Pooja,Sen,Female,18,Bhopal,Madhya Pradesh,Central,Consumer,6/7/2023
17319,Vikram,Khan,Female,61,Hyderabad,Telangana,South,Corporate,3/2/2024
17320,Kavya,Patel,Male,22,Bengaluru,Karnataka,South,Consumer,12/9/2025
17321,Rahul,Das,Female,58,Kolkata,West Bengal,East,Consumer,8/17/2025
17322,Tanya,Verma,Female,18,Kolkata,West Bengal,East,Consumer,4/13/2025
17323,Aarav,Chatterjee,Female,41,Chennai,Tamil Nadu,South,Consumer,1/27/2023
17324,Neha,Malhotra,Female,60,Gurugram,Haryana,North,Small Business,3/26/2024
17325,Rohan,Dutta,Other,30,Lucknow,Uttar Pradesh,North,Consumer,2/25/2023
17326,Nikhil,Banerjee,Female,20,Chennai,Tamil Nadu,South,Consumer,11/22/2023
17327,Rahul,Malhotra,Male,22,Gurugram,Haryana,North,Corporate,7/23/2025
17328,Karan,Banerjee,Female,35,Hyderabad,Telangana,South,Corporate,2/23/2024
17329,Ananya,Banerjee,Female,35,Bengaluru,Karnataka,South,Consumer,7/1/2023
17330,Ananya,Roy,Female,28,Hyderabad,Telangana,South,Small Business,2/17/2025
17331,Aditya,Ghosh,Male,39,Mumbai,Maharashtra,West,Consumer,3/30/2025
17332,Kavya,Sen,Female,34,Kochi,Kerala,South,Consumer,12/8/2024
17333,Priya,Banerjee,Female,46,Chennai,Tamil Nadu,South,Corporate,5/23/2025
17334,Pooja,Dutta,Female,31,Jaipur,Rajasthan,North,Small Business,1/28/2025
17335,Neha,Iyer,Female,33,Chennai,Tamil Nadu,South,Consumer,11/16/2024
17336,Tanya,Sen,Male,60,Ludhiana,Punjab,North,Consumer,8/18/2025
17337,Rohan,Nair,Female,55,Ahmedabad,Gujarat,West,Consumer,12/17/2023
17338,Rahul,Chatterjee,Female,54,Hyderabad,Telangana,South,Corporate,5/7/2024
17339,Nikhil,Ghosh,Female,36,Mumbai,Maharashtra,West,Consumer,8/31/2024
17340,Rohan,Sharma,Male,60,Ludhiana,Punjab,North,Small Business,12/24/2024
17341,Rahul,Roy,Female,34,New Delhi,Delhi,North,Consumer,5/29/2024
17342,Sahil,Patel,Female,52,Bengaluru,Karnataka,South,Corporate,4/21/2024
17343,Sahil,Reddy,Male,54,Kochi,Kerala,South,Small Business,6/28/2023
17344,Riya,Sen,Female,33,Kolkata,West Bengal,East,Consumer,11/20/2024
17345,Meera,Banerjee,Other,47,Bengaluru,Karnataka,South,Consumer,5/14/2023
17346,Karan,Dutta,Female,26,New Delhi,Delhi,North,Consumer,5/27/2024
17347,Priya,Reddy,Female,36,Bengaluru,Karnataka,South,Consumer,3/17/2024
17348,Vikram,Roy,Male,43,Hyderabad,Telangana,South,Consumer,4/18/2025
17349,Rahul,Malhotra,Female,49,Bengaluru,Karnataka,South,Corporate,5/29/2024
17350,Ananya,Chatterjee,Female,35,Mumbai,Maharashtra,West,Consumer,1/6/2023
17351,Aarav,Ghosh,Female,52,Kolkata,West Bengal,East,Consumer,6/30/2024
17352,Ananya,Singh,Male,48,Mumbai,Maharashtra,West,Consumer,8/21/2023
17353,Neha,Nair,Male,59,Gurugram,Haryana,North,Consumer,2/15/2024
17354,Sahil,Ghosh,Male,19,New Delhi,Delhi,North,Consumer,11/17/2023
17355,Ishita,Verma,Female,42,Hyderabad,Telangana,South,Small Business,6/29/2023
17356,Arjun,Mehta,Female,52,Chennai,Tamil Nadu,South,Corporate,10/18/2025
17357,Aditya,Roy,Female,38,Lucknow,Uttar Pradesh,North,Consumer,10/1/2023
17358,Amit,Ghosh,Female,32,Mumbai,Maharashtra,West,Small Business,7/1/2024
17359,Sahil,Singh,Male,45,Bengaluru,Karnataka,South,Consumer,6/13/2025
17360,Amit,Gupta,Male,40,Jaipur,Rajasthan,North,Small Business,1/29/2024
17361,Sneha,Banerjee,Female,38,Hyderabad,Telangana,South,Consumer,10/9/2025
17362,Karan,Singh,Male,64,Lucknow,Uttar Pradesh,North,Consumer,3/12/2024
17363,Riya,Dutta,Female,38,Kochi,Kerala,South,Small Business,10/19/2025
17364,Aditya,Malhotra,Female,28,Bhubaneswar,Odisha,East,Consumer,5/2/2024
17365,Vikram,Banerjee,Male,18,Mumbai,Maharashtra,West,Small Business,1/16/2023
17366,Arjun,Mehta,Female,23,Kolkata,West Bengal,East,Corporate,7/26/2025
17367,Arjun,Gupta,Female,43,Mumbai,Maharashtra,West,Consumer,7/22/2025
17368,Sahil,Roy,Female,28,Patna,Bihar,East,Consumer,11/5/2025
17369,Rahul,Reddy,Female,23,Ludhiana,Punjab,North,Consumer,5/14/2023
17370,Aarav,Verma,Female,34,Ludhiana,Punjab,North,Consumer,6/30/2025
17371,Neha,Reddy,Female,29,Bengaluru,Karnataka,South,Consumer,1/4/2024
17372,Priya,Das,Male,43,Bhubaneswar,Odisha,East,Consumer,6/27/2025
17373,Tanya,Patel,Female,20,New Delhi,Delhi,North,Consumer,11/6/2025
17374,Nikhil,Banerjee,Female,65,Bhubaneswar,Odisha,East,Consumer,8/3/2023
17375,Sahil,Jain,Other,61,New Delhi,Delhi,North,Consumer,2/5/2024
17376,Rohan,Verma,Male,59,Mumbai,Maharashtra,West,Consumer,10/18/2023
17377,Meera,Bose,Male,26,Kolkata,West Bengal,East,Consumer,11/26/2023
17378,Priya,Patel,Female,52,Gurugram,Haryana,North,Small Business,10/5/2024
17379,Rahul,Malhotra,Female,18,Hyderabad,Telangana,South,Consumer,3/21/2024
17380,Tanya,Verma,Female,52,Chennai,Tamil Nadu,South,Consumer,12/9/2024
17381,Pooja,Gupta,Male,56,Chennai,Tamil Nadu,South,Corporate,12/29/2024
17382,Riya,Ghosh,Female,31,Chennai,Tamil Nadu,South,Consumer,8/7/2023
17383,Meera,Jain,Female,40,Gurugram,Haryana,North,Consumer,2/17/2023
17384,Ananya,Dutta,Female,62,Kolkata,West Bengal,East,Consumer,3/16/2025
17385,Pooja,Das,Female,27,Kolkata,West Bengal,East,Consumer,7/16/2023
17386,Aditya,Chatterjee,Male,43,Patna,Bihar,East,Small Business,8/4/2023
17387,Arjun,Sen,Female,32,New Delhi,Delhi,North,Consumer,10/11/2024
17388,Kavya,Iyer,Male,25,Mumbai,Maharashtra,West,Consumer,10/12/2023
17389,Pooja,Banerjee,Other,50,Kolkata,West Bengal,East,Consumer,7/24/2023
17390,Meera,Jain,Male,63,Mumbai,Maharashtra,West,Consumer,11/28/2023
17391,Karan,Khan,Female,45,Bengaluru,Karnataka,South,Consumer,7/18/2024
17392,Kavya,Gupta,Male,42,Kolkata,West Bengal,East,Consumer,7/2/2025
17393,Nikhil,Banerjee,Male,43,Mumbai,Maharashtra,West,Consumer,12/3/2025
17394,Tanya,Nair,Other,25,Lucknow,Uttar Pradesh,North,Consumer,3/1/2025
17395,Neha,Bose,Male,27,Bhubaneswar,Odisha,East,Consumer,8/28/2025
17396,Arjun,Sharma,Male,53,Kochi,Kerala,South,Small Business,7/27/2024
17397,Rohan,Mehta,Female,46,Chennai,Tamil Nadu,South,Corporate,3/16/2024
17398,Karan,Das,Male,29,Bengaluru,Karnataka,South,Small Business,6/4/2025
17399,Aarav,Ghosh,Female,18,Bhopal,Madhya Pradesh,Central,Small Business,11/23/2023
17400,Aarav,Ghosh,Other,27,Lucknow,Uttar Pradesh,North,Consumer,5/27/2025
17401,Sneha,Malhotra,Male,42,New Delhi,Delhi,North,Small Business,12/14/2025
17402,Nikhil,Singh,Male,30,Bengaluru,Karnataka,South,Small Business,2/26/2024
17403,Rohan,Jain,Female,53,Bengaluru,Karnataka,South,Consumer,11/15/2024
17404,Nikhil,Nair,Female,45,New Delhi,Delhi,North,Consumer,4/23/2025
17405,Sahil,Nair,Male,25,New Delhi,Delhi,North,Consumer,4/26/2025
17406,Rohan,Ghosh,Female,32,Kolkata,West Bengal,East,Consumer,8/11/2023
17407,Rahul,Iyer,Male,19,Gurugram,Haryana,North,Consumer,11/5/2025
17408,Sahil,Das,Male,19,New Delhi,Delhi,North,Consumer,6/27/2024
17409,Kavya,Bose,Male,54,Ahmedabad,Gujarat,West,Consumer,2/15/2023
17410,Karan,Khan,Female,36,Mumbai,Maharashtra,West,Consumer,5/8/2023
17411,Tanya,Patel,Male,60,Lucknow,Uttar Pradesh,North,Consumer,2/24/2025
17412,Aarav,Ghosh,Male,29,Lucknow,Uttar Pradesh,North,Consumer,4/5/2024
17413,Sneha,Dutta,Female,33,Kolkata,West Bengal,East,Consumer,4/27/2023
17414,Karan,Chatterjee,Male,42,Ahmedabad,Gujarat,West,Small Business,7/15/2024
17415,Riya,Roy,Female,31,Jaipur,Rajasthan,North,Corporate,10/9/2024
17416,Tanya,Bose,Female,40,Bhubaneswar,Odisha,East,Consumer,3/28/2023
17417,Neha,Bose,Male,23,Mumbai,Maharashtra,West,Corporate,1/14/2024
17418,Rohan,Sen,Male,21,Kochi,Kerala,South,Corporate,5/14/2024
17419,Rahul,Iyer,Male,59,Hyderabad,Telangana,South,Corporate,4/22/2025
17420,Arjun,Bose,Male,29,Kolkata,West Bengal,East,Small Business,12/4/2024
17421,Neha,Singh,Male,22,Kolkata,West Bengal,East,Consumer,4/4/2023
17422,Tanya,Khan,Male,31,Mumbai,Maharashtra,West,Consumer,10/25/2024
17423,Arjun,Banerjee,Male,38,Bengaluru,Karnataka,South,Small Business,9/1/2025
17424,Aditya,Sharma,Female,41,Hyderabad,Telangana,South,Corporate,2/28/2023
17425,Pooja,Singh,Male,54,Lucknow,Uttar Pradesh,North,Consumer,12/1/2025
17426,Aditya,Ghosh,Male,57,Mumbai,Maharashtra,West,Consumer,4/13/2023
17427,Pooja,Gupta,Male,32,Bhopal,Madhya Pradesh,Central,Consumer,11/3/2024
17428,Amit,Roy,Male,28,Mumbai,Maharashtra,West,Consumer,1/15/2024
17429,Tanya,Gupta,Female,23,Ahmedabad,Gujarat,West,Consumer,2/28/2025
17430,Karan,Patel,Female,25,Ludhiana,Punjab,North,Consumer,6/29/2025
17431,Amit,Ghosh,Male,19,Bhubaneswar,Odisha,East,Consumer,7/9/2025
17432,Rohan,Gupta,Female,18,Ahmedabad,Gujarat,West,Consumer,7/28/2025
17433,Ananya,Nair,Male,38,Lucknow,Uttar Pradesh,North,Consumer,5/31/2025
17434,Riya,Bose,Female,47,Mumbai,Maharashtra,West,Consumer,12/1/2023
17435,Aarav,Banerjee,Male,57,Kolkata,West Bengal,East,Consumer,5/17/2024
17436,Sahil,Dutta,Female,33,Hyderabad,Telangana,South,Consumer,2/15/2025
17437,Arjun,Singh,Male,31,Kolkata,West Bengal,East,Consumer,7/1/2023
17438,Ishita,Reddy,Male,50,Chennai,Tamil Nadu,South,Consumer,9/15/2024
17439,Karan,Sen,Female,48,Mumbai,Maharashtra,West,Consumer,7/26/2024
17440,Pooja,Sen,Male,51,Ludhiana,Punjab,North,Consumer,11/28/2025
17441,Riya,Reddy,Female,26,Kochi,Kerala,South,Corporate,2/23/2023
17442,Meera,Banerjee,Female,20,Patna,Bihar,East,Consumer,4/13/2023
17443,Aditya,Chatterjee,Male,44,Lucknow,Uttar Pradesh,North,Consumer,2/2/2023
17444,Arjun,Bose,Other,38,Mumbai,Maharashtra,West,Consumer,8/14/2024
17445,Aarav,Verma,Male,30,Kolkata,West Bengal,East,Consumer,8/17/2024
17446,Meera,Sen,Female,64,Jaipur,Rajasthan,North,Consumer,10/1/2024
17447,Nikhil,Banerjee,Female,25,Ahmedabad,Gujarat,West,Consumer,9/19/2023
17448,Kavya,Khan,Male,31,Chennai,Tamil Nadu,South,Corporate,11/29/2023
17449,Rohan,Verma,Male,53,Hyderabad,Telangana,South,Consumer,3/26/2024
17450,Nikhil,Roy,Female,43,Hyderabad,Telangana,South,Corporate,2/20/2023
17451,Priya,Dutta,Female,29,Mumbai,Maharashtra,West,Small Business,3/23/2025
17452,Rahul,Mehta,Female,43,Bengaluru,Karnataka,South,Consumer,2/26/2023
17453,Kavya,Jain,Male,38,Chennai,Tamil Nadu,South,Small Business,12/21/2024
17454,Rohan,Nair,Male,30,Ahmedabad,Gujarat,West,Consumer,5/4/2024
17455,Vikram,Khan,Female,50,Gurugram,Haryana,North,Consumer,12/14/2025
17456,Pooja,Sen,Female,55,New Delhi,Delhi,North,Consumer,1/17/2025
17457,Ananya,Reddy,Male,21,Lucknow,Uttar Pradesh,North,Consumer,5/28/2024
17458,Nikhil,Sharma,Female,18,Patna,Bihar,East,Consumer,1/26/2025
17459,Ananya,Gupta,Female,61,Kolkata,West Bengal,East,Consumer,5/7/2023
17460,Tanya,Chatterjee,Female,28,Jaipur,Rajasthan,North,Consumer,7/15/2023
17461,Priya,Iyer,Female,22,Hyderabad,Telangana,South,Consumer,6/22/2024
17462,Aditya,Ghosh,Male,46,New Delhi,Delhi,North,Consumer,7/15/2025
17463,Priya,Sharma,Male,33,Kolkata,West Bengal,East,Consumer,6/4/2025
17464,Vikram,Roy,Female,62,Ludhiana,Punjab,North,Small Business,2/12/2024
17465,Arjun,Mehta,Female,64,Gurugram,Haryana,North,Consumer,11/3/2023
17466,Ananya,Sen,Female,18,Kolkata,West Bengal,East,Small Business,11/7/2025
17467,Vikram,Banerjee,Male,27,Mumbai,Maharashtra,West,Consumer,9/2/2024
17468,Pooja,Reddy,Male,46,Mumbai,Maharashtra,West,Consumer,5/8/2023
17469,Tanya,Ghosh,Male,34,Patna,Bihar,East,Consumer,8/31/2023
17470,Sahil,Ghosh,Female,18,Ahmedabad,Gujarat,West,Consumer,6/22/2025
17471,Nikhil,Singh,Male,40,Mumbai,Maharashtra,West,Consumer,8/28/2025
17472,Kavya,Mehta,Male,47,Patna,Bihar,East,Consumer,9/8/2025
17473,Kavya,Reddy,Female,65,Chennai,Tamil Nadu,South,Corporate,1/8/2023
17474,Rohan,Ghosh,Male,37,Hyderabad,Telangana,South,Consumer,6/7/2025
17475,Nikhil,Jain,Male,55,Chennai,Tamil Nadu,South,Consumer,5/1/2023
17476,Tanya,Reddy,Female,38,New Delhi,Delhi,North,Consumer,5/23/2025
17477,Vikram,Dutta,Male,50,Hyderabad,Telangana,South,Consumer,8/10/2025
17478,Aarav,Sen,Male,64,Bengaluru,Karnataka,South,Small Business,1/26/2024
17479,Arjun,Gupta,Male,56,Hyderabad,Telangana,South,Consumer,7/29/2023
17480,Ishita,Gupta,Male,50,Ludhiana,Punjab,North,Consumer,2/9/2025
17481,Karan,Jain,Female,57,New Delhi,Delhi,North,Small Business,3/15/2023
17482,Neha,Khan,Female,27,Ludhiana,Punjab,North,Small Business,9/17/2024
17483,Meera,Bose,Male,56,New Delhi,Delhi,North,Corporate,12/25/2023
17484,Vikram,Bose,Male,65,Lucknow,Uttar Pradesh,North,Corporate,4/3/2024
17485,Pooja,Nair,Male,64,Bengaluru,Karnataka,South,Consumer,6/10/2025
17486,Kavya,Patel,Female,30,Patna,Bihar,East,Consumer,12/8/2025
17487,Meera,Chatterjee,Female,38,Bengaluru,Karnataka,South,Consumer,3/10/2024
17488,Karan,Roy,Female,50,Kolkata,West Bengal,East,Consumer,11/10/2023
17489,Neha,Mehta,Male,21,Mumbai,Maharashtra,West,Corporate,6/20/2025
17490,Riya,Roy,Female,50,Kolkata,West Bengal,East,Consumer,3/22/2024
17491,Karan,Das,Female,31,Gurugram,Haryana,North,Consumer,8/4/2023
17492,Ananya,Ghosh,Male,58,Bhopal,Madhya Pradesh,Central,Corporate,9/2/2025
17493,Sneha,Banerjee,Male,47,Lucknow,Uttar Pradesh,North,Consumer,12/7/2025
17494,Vikram,Ghosh,Male,37,Kolkata,West Bengal,East,Consumer,11/9/2023
17495,Riya,Banerjee,Female,20,Kochi,Kerala,South,Corporate,6/20/2023
17496,Pooja,Khan,Male,51,Lucknow,Uttar Pradesh,North,Consumer,6/14/2023
17497,Priya,Sharma,Male,43,Bengaluru,Karnataka,South,Consumer,10/8/2024
17498,Vikram,Gupta,Female,48,New Delhi,Delhi,North,Consumer,12/1/2023
17499,Sneha,Malhotra,Female,18,Jaipur,Rajasthan,North,Consumer,11/3/2024
17500,Sneha,Jain,Male,38,Kolkata,West Bengal,East,Consumer,3/31/2025
17501,Sneha,Banerjee,Male,54,New Delhi,Delhi,North,Corporate,1/7/2023
17502,Riya,Sharma,Male,61,Lucknow,Uttar Pradesh,North,Consumer,7/17/2025
17503,Ananya,Reddy,Male,34,Mumbai,Maharashtra,West,Consumer,2/1/2023
17504,Kavya,Chatterjee,Female,30,Hyderabad,Telangana,South,Consumer,5/4/2023
17505,Aarav,Sharma,Female,51,New Delhi,Delhi,North,Corporate,2/21/2025
17506,Ishita,Roy,Female,28,Lucknow,Uttar Pradesh,North,Consumer,11/2/2024
17507,Aarav,Singh,Female,60,Gurugram,Haryana,North,Corporate,11/22/2025
17508,Vikram,Dutta,Female,48,Bhubaneswar,Odisha,East,Consumer,9/4/2024
17509,Karan,Reddy,Male,62,Ahmedabad,Gujarat,West,Corporate,3/26/2024
17510,Ishita,Verma,Male,27,Ahmedabad,Gujarat,West,Consumer,12/23/2024
17511,Kavya,Singh,Female,22,Ahmedabad,Gujarat,West,Small Business,4/2/2025
17512,Priya,Ghosh,Female,57,New Delhi,Delhi,North,Consumer,12/25/2024
17513,Neha,Gupta,Female,31,Kolkata,West Bengal,East,Small Business,2/5/2024
17514,Priya,Patel,Female,34,Jaipur,Rajasthan,North,Consumer,11/2/2025
17515,Vikram,Gupta,Male,30,Lucknow,Uttar Pradesh,North,Consumer,11/22/2023
17516,Riya,Gupta,Male,38,New Delhi,Delhi,North,Corporate,1/10/2024
17517,Priya,Das,Male,61,Kochi,Kerala,South,Consumer,10/27/2023
17518,Amit,Chatterjee,Female,50,Jaipur,Rajasthan,North,Corporate,11/20/2023
17519,Kavya,Khan,Female,21,Chennai,Tamil Nadu,South,Consumer,8/19/2023
17520,Priya,Mehta,Female,60,Kolkata,West Bengal,East,Corporate,9/19/2024
17521,Priya,Mehta,Female,39,Kolkata,West Bengal,East,Consumer,2/26/2025
17522,Priya,Jain,Male,51,Chennai,Tamil Nadu,South,Consumer,4/8/2024
17523,Priya,Jain,Male,35,Hyderabad,Telangana,South,Corporate,9/23/2025
17524,Tanya,Mehta,Male,22,Mumbai,Maharashtra,West,Consumer,5/26/2024
17525,Pooja,Bose,Other,38,Mumbai,Maharashtra,West,Consumer,5/19/2024
17526,Sneha,Mehta,Female,34,Mumbai,Maharashtra,West,Consumer,3/16/2023
17527,Ishita,Sharma,Female,18,Patna,Bihar,East,Consumer,9/2/2025
17528,Vikram,Malhotra,Female,54,Lucknow,Uttar Pradesh,North,Corporate,6/10/2023
17529,Neha,Jain,Male,59,Chennai,Tamil Nadu,South,Consumer,6/27/2023
17530,Sneha,Verma,Female,61,Mumbai,Maharashtra,West,Consumer,10/7/2025
17531,Tanya,Khan,Female,29,Kolkata,West Bengal,East,Corporate,7/15/2024
17532,Priya,Malhotra,Male,48,Kolkata,West Bengal,East,Consumer,3/15/2023
17533,Aditya,Verma,Female,43,Chennai,Tamil Nadu,South,Small Business,4/22/2024
17534,Arjun,Khan,Male,46,Kolkata,West Bengal,East,Small Business,9/29/2024
17535,Ishita,Chatterjee,Female,56,Bengaluru,Karnataka,South,Small Business,1/11/2023
17536,Meera,Sen,Male,36,Gurugram,Haryana,North,Consumer,3/25/2025
17537,Tanya,Verma,Male,31,New Delhi,Delhi,North,Corporate,12/23/2024
17538,Ishita,Jain,Female,40,Bhubaneswar,Odisha,East,Consumer,1/13/2023
17539,Aarav,Roy,Male,49,Mumbai,Maharashtra,West,Consumer,10/29/2024
17540,Amit,Sharma,Male,38,Bengaluru,Karnataka,South,Corporate,8/29/2023
17541,Karan,Sen,Female,32,Gurugram,Haryana,North,Corporate,3/4/2025
17542,Tanya,Singh,Male,20,Chennai,Tamil Nadu,South,Consumer,2/12/2024
17543,Vikram,Khan,Female,45,Ahmedabad,Gujarat,West,Small Business,8/7/2023
17544,Arjun,Das,Female,19,Bhopal,Madhya Pradesh,Central,Small Business,7/1/2024
17545,Nikhil,Mehta,Male,40,New Delhi,Delhi,North,Consumer,4/23/2024
17546,Pooja,Iyer,Other,47,Bengaluru,Karnataka,South,Consumer,1/4/2024
17547,Sahil,Gupta,Male,40,New Delhi,Delhi,North,Small Business,8/6/2025
17548,Aarav,Ghosh,Male,42,Kolkata,West Bengal,East,Consumer,12/1/2024
17549,Ishita,Patel,Male,31,Kolkata,West Bengal,East,Consumer,6/10/2024
17550,Ishita,Sharma,Female,29,Kolkata,West Bengal,East,Consumer,9/2/2023
17551,Priya,Banerjee,Male,58,Kochi,Kerala,South,Corporate,9/6/2024
17552,Sahil,Singh,Male,60,Jaipur,Rajasthan,North,Corporate,1/28/2023
17553,Ananya,Malhotra,Female,25,Bengaluru,Karnataka,South,Corporate,8/13/2025
17554,Riya,Sen,Female,27,Mumbai,Maharashtra,West,Corporate,1/2/2023
17555,Rahul,Verma,Male,35,Jaipur,Rajasthan,North,Corporate,1/24/2025
17556,Tanya,Gupta,Male,51,Ludhiana,Punjab,North,Consumer,1/9/2024
17557,Aarav,Verma,Male,20,Bengaluru,Karnataka,South,Consumer,2/15/2025
17558,Neha,Das,Male,55,Bengaluru,Karnataka,South,Consumer,1/26/2024
17559,Ananya,Dutta,Female,18,Bhubaneswar,Odisha,East,Consumer,1/29/2023
17560,Sneha,Singh,Male,58,Kochi,Kerala,South,Consumer,10/21/2025
17561,Neha,Khan,Male,19,Ludhiana,Punjab,North,Consumer,4/7/2025
17562,Arjun,Bose,Male,58,Bengaluru,Karnataka,South,Consumer,2/18/2023
17563,Rahul,Verma,Female,63,Mumbai,Maharashtra,West,Consumer,2/5/2023
17564,Neha,Chatterjee,Female,56,Hyderabad,Telangana,South,Consumer,7/26/2024
17565,Arjun,Das,Male,65,Bengaluru,Karnataka,South,Consumer,10/30/2025
17566,Ishita,Gupta,Female,39,Kochi,Kerala,South,Consumer,9/16/2024
17567,Karan,Jain,Female,48,Kolkata,West Bengal,East,Corporate,1/12/2023
17568,Rahul,Gupta,Male,47,Ahmedabad,Gujarat,West,Corporate,1/25/2025
17569,Ananya,Verma,Male,18,Ludhiana,Punjab,North,Consumer,4/6/2024
17570,Ishita,Das,Male,59,Bhopal,Madhya Pradesh,Central,Consumer,11/20/2024
17571,Amit,Iyer,Female,51,Jaipur,Rajasthan,North,Consumer,1/14/2024
17572,Arjun,Sen,Male,38,Gurugram,Haryana,North,Corporate,1/9/2023
17573,Rohan,Malhotra,Male,28,Kolkata,West Bengal,East,Consumer,1/20/2023
17574,Tanya,Khan,Female,50,Chennai,Tamil Nadu,South,Consumer,11/13/2024
17575,Rohan,Bose,Female,65,Kolkata,West Bengal,East,Consumer,11/16/2024
17576,Rohan,Dutta,Female,25,Bhopal,Madhya Pradesh,Central,Consumer,12/15/2023
17577,Amit,Bose,Male,62,Ludhiana,Punjab,North,Consumer,3/30/2023
17578,Ishita,Chatterjee,Male,45,Kolkata,West Bengal,East,Consumer,4/14/2025
17579,Sneha,Mehta,Female,55,Kolkata,West Bengal,East,Consumer,6/13/2023
17580,Kavya,Banerjee,Female,24,Chennai,Tamil Nadu,South,Consumer,7/23/2023
17581,Arjun,Das,Other,23,Bengaluru,Karnataka,South,Consumer,5/3/2024
17582,Amit,Patel,Female,49,Bhubaneswar,Odisha,East,Small Business,2/12/2025
17583,Sneha,Khan,Female,31,Mumbai,Maharashtra,West,Consumer,12/10/2025
17584,Meera,Nair,Male,36,Patna,Bihar,East,Corporate,11/6/2024
17585,Amit,Sharma,Other,47,New Delhi,Delhi,North,Consumer,11/3/2025
17586,Nikhil,Dutta,Female,28,Chennai,Tamil Nadu,South,Corporate,12/5/2024
17587,Aarav,Reddy,Male,34,Mumbai,Maharashtra,West,Corporate,7/4/2025
17588,Ananya,Das,Male,35,Bhopal,Madhya Pradesh,Central,Consumer,7/10/2023
17589,Nikhil,Das,Female,34,Ahmedabad,Gujarat,West,Consumer,3/2/2023
17590,Sneha,Bose,Male,51,Hyderabad,Telangana,South,Consumer,12/23/2024
17591,Sahil,Singh,Female,25,Chennai,Tamil Nadu,South,Corporate,11/19/2025
17592,Pooja,Singh,Female,61,Ludhiana,Punjab,North,Consumer,3/6/2025
17593,Ishita,Singh,Male,52,Bhubaneswar,Odisha,East,Consumer,1/6/2024
17594,Arjun,Chatterjee,Other,18,Patna,Bihar,East,Corporate,6/12/2024
17595,Riya,Patel,Female,45,Ahmedabad,Gujarat,West,Consumer,5/2/2023
17596,Amit,Singh,Male,26,Kochi,Kerala,South,Consumer,1/3/2024
17597,Riya,Khan,Male,25,Bengaluru,Karnataka,South,Small Business,1/7/2025
17598,Arjun,Ghosh,Female,51,Lucknow,Uttar Pradesh,North,Small Business,6/29/2023
17599,Rahul,Reddy,Male,29,Chennai,Tamil Nadu,South,Consumer,6/4/2024
17600,Nikhil,Roy,Female,45,Ahmedabad,Gujarat,West,Consumer,11/10/2023
17601,Karan,Gupta,Male,31,Bhopal,Madhya Pradesh,Central,Consumer,6/14/2024
17602,Amit,Iyer,Female,33,Bhopal,Madhya Pradesh,Central,Consumer,4/4/2025
17603,Pooja,Verma,Female,50,New Delhi,Delhi,North,Small Business,8/13/2025
17604,Neha,Ghosh,Male,49,New Delhi,Delhi,North,Consumer,3/18/2024
17605,Priya,Roy,Female,19,Kochi,Kerala,South,Consumer,6/12/2025
17606,Aditya,Ghosh,Male,59,Bhopal,Madhya Pradesh,Central,Small Business,1/28/2025
17607,Vikram,Dutta,Male,46,Lucknow,Uttar Pradesh,North,Consumer,9/22/2025
17608,Tanya,Nair,Male,30,Kolkata,West Bengal,East,Small Business,3/10/2025
17609,Meera,Chatterjee,Male,23,Bengaluru,Karnataka,South,Consumer,8/17/2024
17610,Amit,Das,Male,41,Kochi,Kerala,South,Consumer,12/29/2024
17611,Sahil,Dutta,Male,51,Lucknow,Uttar Pradesh,North,Small Business,12/10/2023
17612,Sahil,Chatterjee,Male,18,Lucknow,Uttar Pradesh,North,Consumer,12/28/2024
17613,Pooja,Ghosh,Male,31,Jaipur,Rajasthan,North,Corporate,2/4/2025
17614,Sahil,Singh,Male,63,Chennai,Tamil Nadu,South,Consumer,10/21/2024
17615,Riya,Mehta,Female,22,Chennai,Tamil Nadu,South,Corporate,4/22/2023
17616,Arjun,Nair,Male,56,Patna,Bihar,East,Consumer,7/13/2024
17617,Aditya,Ghosh,Female,29,Bengaluru,Karnataka,South,Corporate,2/6/2025
17618,Riya,Patel,Male,42,Jaipur,Rajasthan,North,Small Business,8/2/2023
17619,Rohan,Sharma,Male,54,Lucknow,Uttar Pradesh,North,Consumer,4/30/2025
17620,Ananya,Banerjee,Male,65,Bhubaneswar,Odisha,East,Consumer,6/29/2025
17621,Tanya,Chatterjee,Male,46,Bengaluru,Karnataka,South,Corporate,8/4/2024
17622,Pooja,Khan,Female,28,Lucknow,Uttar Pradesh,North,Small Business,11/7/2025
17623,Arjun,Nair,Female,21,Kolkata,West Bengal,East,Consumer,7/15/2025
17624,Karan,Reddy,Male,53,Mumbai,Maharashtra,West,Small Business,5/18/2024
17625,Amit,Malhotra,Male,45,Chennai,Tamil Nadu,South,Small Business,8/13/2025
17626,Rohan,Ghosh,Female,54,Kolkata,West Bengal,East,Corporate,10/4/2025
17627,Meera,Chatterjee,Male,65,Gurugram,Haryana,North,Consumer,4/27/2023
17628,Tanya,Das,Female,57,Ludhiana,Punjab,North,Consumer,12/13/2025
17629,Tanya,Das,Female,42,Kolkata,West Bengal,East,Corporate,1/6/2023
17630,Riya,Chatterjee,Male,50,Bhubaneswar,Odisha,East,Corporate,6/9/2024
17631,Aditya,Bose,Male,48,New Delhi,Delhi,North,Consumer,10/10/2025
17632,Kavya,Singh,Male,27,Lucknow,Uttar Pradesh,North,Consumer,2/21/2025
17633,Aditya,Mehta,Female,32,Kochi,Kerala,South,Corporate,10/16/2023
17634,Ishita,Gupta,Female,22,New Delhi,Delhi,North,Consumer,11/26/2024
17635,Rohan,Patel,Male,35,Kolkata,West Bengal,East,Consumer,8/20/2023
17636,Aditya,Khan,Female,26,Kolkata,West Bengal,East,Consumer,9/14/2023
17637,Pooja,Verma,Male,61,Hyderabad,Telangana,South,Consumer,9/11/2025
17638,Arjun,Jain,Male,59,Gurugram,Haryana,North,Consumer,2/20/2023
17639,Kavya,Malhotra,Female,52,New Delhi,Delhi,North,Consumer,11/5/2025
17640,Amit,Dutta,Female,37,Chennai,Tamil Nadu,South,Consumer,5/4/2024
17641,Aarav,Patel,Male,18,Kolkata,West Bengal,East,Corporate,3/11/2023
17642,Kavya,Dutta,Female,44,Ludhiana,Punjab,North,Consumer,4/30/2025
17643,Vikram,Iyer,Male,19,Bengaluru,Karnataka,South,Consumer,2/22/2023
17644,Rohan,Singh,Female,19,Lucknow,Uttar Pradesh,North,Corporate,12/18/2023
17645,Ishita,Ghosh,Female,25,Jaipur,Rajasthan,North,Consumer,9/18/2023
17646,Vikram,Das,Female,41,Bengaluru,Karnataka,South,Small Business,4/27/2025
17647,Rahul,Banerjee,Female,53,Kolkata,West Bengal,East,Consumer,3/4/2024
17648,Karan,Bose,Female,37,Chennai,Tamil Nadu,South,Small Business,12/8/2024
17649,Karan,Reddy,Female,55,Bengaluru,Karnataka,South,Corporate,3/19/2023
17650,Sneha,Gupta,Female,43,Lucknow,Uttar Pradesh,North,Small Business,1/21/2025
17651,Ishita,Singh,Male,60,Patna,Bihar,East,Consumer,2/6/2025
17652,Karan,Mehta,Female,36,Mumbai,Maharashtra,West,Consumer,11/5/2023
17653,Vikram,Singh,Female,32,New Delhi,Delhi,North,Corporate,8/9/2025
17654,Aditya,Reddy,Female,21,Kolkata,West Bengal,East,Consumer,5/22/2024
17655,Tanya,Sen,Female,28,Mumbai,Maharashtra,West,Consumer,12/21/2024
17656,Meera,Singh,Male,20,Lucknow,Uttar Pradesh,North,Consumer,7/16/2023
17657,Sneha,Roy,Male,26,Patna,Bihar,East,Corporate,10/4/2025
17658,Amit,Khan,Male,63,Lucknow,Uttar Pradesh,North,Corporate,9/24/2023
17659,Sahil,Chatterjee,Female,44,Mumbai,Maharashtra,West,Small Business,11/7/2024
17660,Aarav,Malhotra,Female,46,New Delhi,Delhi,North,Consumer,4/8/2023
17661,Neha,Chatterjee,Female,36,Hyderabad,Telangana,South,Small Business,2/18/2023
17662,Kavya,Ghosh,Male,48,Bhopal,Madhya Pradesh,Central,Corporate,5/17/2023
17663,Riya,Gupta,Other,44,Jaipur,Rajasthan,North,Consumer,10/15/2025
17664,Rohan,Dutta,Male,61,Gurugram,Haryana,North,Consumer,8/16/2023
17665,Kavya,Reddy,Male,56,Mumbai,Maharashtra,West,Consumer,8/7/2025
17666,Nikhil,Ghosh,Female,44,Hyderabad,Telangana,South,Consumer,9/18/2024
17667,Tanya,Jain,Female,55,Lucknow,Uttar Pradesh,North,Consumer,4/6/2023
17668,Karan,Sen,Female,47,Chennai,Tamil Nadu,South,Consumer,4/21/2024
17669,Arjun,Verma,Female,65,Ahmedabad,Gujarat,West,Consumer,6/1/2024
17670,Arjun,Bose,Male,43,New Delhi,Delhi,North,Consumer,10/16/2023
17671,Sahil,Verma,Male,58,Bhopal,Madhya Pradesh,Central,Consumer,10/14/2024
17672,Amit,Jain,Female,26,Mumbai,Maharashtra,West,Small Business,7/19/2025
17673,Ananya,Malhotra,Male,26,Gurugram,Haryana,North,Consumer,8/12/2025
17674,Aarav,Dutta,Female,32,Chennai,Tamil Nadu,South,Consumer,7/21/2024
17675,Aarav,Gupta,Male,57,Hyderabad,Telangana,South,Small Business,8/22/2025
17676,Meera,Banerjee,Male,60,New Delhi,Delhi,North,Consumer,9/23/2025
17677,Kavya,Khan,Female,37,Bengaluru,Karnataka,South,Consumer,4/6/2023
17678,Nikhil,Iyer,Female,39,Gurugram,Haryana,North,Small Business,11/16/2024
17679,Aarav,Chatterjee,Male,41,Ludhiana,Punjab,North,Consumer,4/15/2025
17680,Pooja,Sen,Male,27,Bhopal,Madhya Pradesh,Central,Small Business,1/18/2023
17681,Nikhil,Roy,Male,43,Bhopal,Madhya Pradesh,Central,Small Business,10/13/2024
17682,Vikram,Gupta,Male,57,Jaipur,Rajasthan,North,Consumer,9/13/2025
17683,Kavya,Jain,Female,54,Hyderabad,Telangana,South,Corporate,10/17/2023
17684,Karan,Reddy,Male,22,Bhubaneswar,Odisha,East,Consumer,7/15/2025
17685,Arjun,Patel,Male,34,Kolkata,West Bengal,East,Small Business,10/5/2025
17686,Aditya,Reddy,Female,48,Bhubaneswar,Odisha,East,Consumer,11/17/2024
17687,Priya,Sharma,Female,46,Hyderabad,Telangana,South,Corporate,11/10/2024
17688,Riya,Iyer,Male,51,Jaipur,Rajasthan,North,Consumer,7/31/2024
17689,Neha,Patel,Female,53,Chennai,Tamil Nadu,South,Consumer,3/17/2024
17690,Nikhil,Reddy,Male,32,Chennai,Tamil Nadu,South,Corporate,5/4/2024
17691,Riya,Jain,Male,40,Kolkata,West Bengal,East,Small Business,7/18/2024
17692,Rohan,Khan,Female,26,Hyderabad,Telangana,South,Consumer,6/4/2024
17693,Pooja,Nair,Male,52,Chennai,Tamil Nadu,South,Consumer,6/11/2025
17694,Rohan,Bose,Other,39,Mumbai,Maharashtra,West,Small Business,4/10/2025
17695,Aarav,Roy,Female,34,Bengaluru,Karnataka,South,Consumer,1/11/2024
17696,Ananya,Ghosh,Female,54,Ahmedabad,Gujarat,West,Consumer,7/8/2024
17697,Arjun,Gupta,Male,63,Bengaluru,Karnataka,South,Consumer,8/21/2023
17698,Tanya,Chatterjee,Male,60,Bhubaneswar,Odisha,East,Small Business,7/10/2023
17699,Ishita,Mehta,Female,24,Kolkata,West Bengal,East,Small Business,2/3/2024
17700,Nikhil,Chatterjee,Female,57,New Delhi,Delhi,North,Consumer,3/4/2023
17701,Pooja,Ghosh,Female,45,Mumbai,Maharashtra,West,Corporate,7/11/2025
17702,Rohan,Ghosh,Male,23,New Delhi,Delhi,North,Consumer,5/17/2023
17703,Nikhil,Das,Female,36,New Delhi,Delhi,North,Consumer,12/19/2023
17704,Priya,Malhotra,Male,28,Ahmedabad,Gujarat,West,Corporate,9/29/2023
17705,Ananya,Singh,Male,30,Hyderabad,Telangana,South,Consumer,8/12/2023
17706,Sahil,Khan,Female,47,New Delhi,Delhi,North,Consumer,2/2/2024
17707,Neha,Iyer,Female,37,Mumbai,Maharashtra,West,Consumer,2/15/2025
17708,Aditya,Bose,Female,52,Hyderabad,Telangana,South,Consumer,8/21/2025
17709,Neha,Ghosh,Male,56,Chennai,Tamil Nadu,South,Consumer,7/23/2023
17710,Tanya,Singh,Female,18,Jaipur,Rajasthan,North,Small Business,9/16/2023
17711,Priya,Gupta,Female,57,Hyderabad,Telangana,South,Consumer,5/22/2024
17712,Nikhil,Singh,Male,24,Lucknow,Uttar Pradesh,North,Corporate,12/12/2023
17713,Nikhil,Mehta,Female,18,Hyderabad,Telangana,South,Consumer,5/13/2025
17714,Kavya,Chatterjee,Female,22,Mumbai,Maharashtra,West,Small Business,8/29/2023
17715,Ananya,Chatterjee,Male,20,Bengaluru,Karnataka,South,Consumer,3/10/2024
17716,Riya,Jain,Female,34,Kolkata,West Bengal,East,Small Business,8/12/2024
17717,Aarav,Chatterjee,Female,58,New Delhi,Delhi,North,Consumer,2/17/2024
17718,Amit,Dutta,Female,50,Bhubaneswar,Odisha,East,Consumer,10/28/2024
17719,Sneha,Dutta,Male,39,Lucknow,Uttar Pradesh,North,Consumer,5/13/2025
17720,Tanya,Gupta,Female,63,Hyderabad,Telangana,South,Consumer,7/28/2024
17721,Arjun,Sen,Female,41,Mumbai,Maharashtra,West,Consumer,5/8/2024
17722,Sneha,Das,Female,22,Kochi,Kerala,South,Corporate,10/25/2025
17723,Priya,Gupta,Male,18,Kolkata,West Bengal,East,Consumer,11/26/2025
17724,Meera,Iyer,Male,42,Chennai,Tamil Nadu,South,Corporate,12/11/2025
17725,Aarav,Nair,Female,28,Bhubaneswar,Odisha,East,Consumer,1/18/2023
17726,Aditya,Malhotra,Male,35,Chennai,Tamil Nadu,South,Consumer,6/23/2025
17727,Meera,Mehta,Female,32,Kolkata,West Bengal,East,Corporate,8/28/2025
17728,Tanya,Reddy,Male,37,Bengaluru,Karnataka,South,Consumer,5/19/2025
17729,Nikhil,Mehta,Female,64,Ahmedabad,Gujarat,West,Small Business,3/20/2025
17730,Pooja,Malhotra,Male,21,Mumbai,Maharashtra,West,Corporate,1/31/2024
17731,Ananya,Bose,Female,23,Jaipur,Rajasthan,North,Small Business,2/23/2025
17732,Riya,Banerjee,Female,31,Hyderabad,Telangana,South,Consumer,9/18/2024
17733,Aditya,Malhotra,Male,53,Bengaluru,Karnataka,South,Corporate,6/16/2025
17734,Ishita,Malhotra,Male,30,Bengaluru,Karnataka,South,Small Business,1/15/2024
17735,Vikram,Sen,Female,29,Bhubaneswar,Odisha,East,Consumer,3/13/2025
17736,Arjun,Roy,Female,52,Chennai,Tamil Nadu,South,Consumer,4/27/2025
17737,Pooja,Patel,Female,46,Lucknow,Uttar Pradesh,North,Small Business,6/19/2025
17738,Sneha,Dutta,Male,48,Hyderabad,Telangana,South,Consumer,7/5/2023
17739,Aarav,Verma,Female,49,Kolkata,West Bengal,East,Consumer,7/21/2025
17740,Nikhil,Mehta,Female,48,Hyderabad,Telangana,South,Corporate,8/23/2023
17741,Sneha,Gupta,Male,44,New Delhi,Delhi,North,Corporate,10/9/2025
17742,Rahul,Khan,Female,42,Hyderabad,Telangana,South,Consumer,2/11/2023
17743,Ishita,Verma,Male,54,Patna,Bihar,East,Consumer,8/30/2023
17744,Tanya,Mehta,Female,34,Ludhiana,Punjab,North,Consumer,10/19/2024
17745,Sahil,Singh,Female,33,Patna,Bihar,East,Consumer,8/9/2024
17746,Riya,Jain,Male,29,Ahmedabad,Gujarat,West,Consumer,1/13/2025
17747,Pooja,Khan,Male,57,New Delhi,Delhi,North,Corporate,3/11/2024
17748,Pooja,Roy,Male,18,Ahmedabad,Gujarat,West,Small Business,1/4/2023
17749,Meera,Sharma,Male,28,Bengaluru,Karnataka,South,Small Business,10/29/2024
17750,Tanya,Patel,Female,25,Patna,Bihar,East,Small Business,7/5/2024
17751,Amit,Gupta,Female,35,Bhubaneswar,Odisha,East,Small Business,7/3/2024
17752,Pooja,Chatterjee,Male,28,Bengaluru,Karnataka,South,Consumer,2/12/2024
17753,Sneha,Malhotra,Male,42,Ludhiana,Punjab,North,Consumer,8/19/2025
17754,Meera,Reddy,Male,64,Bhubaneswar,Odisha,East,Consumer,5/5/2025
17755,Nikhil,Gupta,Female,38,Hyderabad,Telangana,South,Consumer,7/15/2023
17756,Tanya,Ghosh,Male,64,Ludhiana,Punjab,North,Small Business,2/12/2023
17757,Tanya,Gupta,Male,32,Mumbai,Maharashtra,West,Consumer,7/15/2023
17758,Karan,Patel,Female,54,Kolkata,West Bengal,East,Consumer,2/22/2023
17759,Tanya,Iyer,Female,24,Chennai,Tamil Nadu,South,Consumer,2/5/2025
17760,Kavya,Ghosh,Female,47,New Delhi,Delhi,North,Consumer,10/31/2024
17761,Rahul,Jain,Male,54,Chennai,Tamil Nadu,South,Corporate,5/15/2024
17762,Arjun,Patel,Male,50,Gurugram,Haryana,North,Consumer,9/30/2024
17763,Tanya,Chatterjee,Female,63,Bengaluru,Karnataka,South,Consumer,5/23/2025
17764,Aditya,Sen,Female,46,Bengaluru,Karnataka,South,Small Business,6/16/2025
17765,Meera,Gupta,Female,46,Ahmedabad,Gujarat,West,Consumer,4/14/2024
17766,Priya,Sharma,Female,49,Kolkata,West Bengal,East,Consumer,10/1/2024
17767,Sneha,Roy,Male,34,Lucknow,Uttar Pradesh,North,Corporate,9/15/2024
17768,Sahil,Banerjee,Female,28,Chennai,Tamil Nadu,South,Consumer,10/22/2025
17769,Vikram,Singh,Male,61,Bhopal,Madhya Pradesh,Central,Consumer,4/2/2025
17770,Pooja,Sen,Male,64,Jaipur,Rajasthan,North,Consumer,12/6/2023
17771,Rohan,Iyer,Female,62,Kolkata,West Bengal,East,Consumer,8/15/2025
17772,Karan,Das,Male,54,Kolkata,West Bengal,East,Consumer,3/5/2024
17773,Ishita,Malhotra,Male,28,Kolkata,West Bengal,East,Small Business,3/29/2025
17774,Nikhil,Sen,Male,29,Gurugram,Haryana,North,Consumer,11/21/2025
17775,Ishita,Jain,Male,32,Jaipur,Rajasthan,North,Small Business,5/23/2025
17776,Riya,Ghosh,Female,42,Hyderabad,Telangana,South,Consumer,4/27/2023
17777,Amit,Jain,Female,29,Mumbai,Maharashtra,West,Small Business,8/11/2023
17778,Tanya,Gupta,Male,55,Kochi,Kerala,South,Small Business,5/9/2025
17779,Meera,Singh,Male,22,Mumbai,Maharashtra,West,Consumer,5/14/2023
17780,Aarav,Patel,Female,61,Lucknow,Uttar Pradesh,North,Consumer,1/13/2023
17781,Tanya,Roy,Male,39,Lucknow,Uttar Pradesh,North,Corporate,10/6/2023
17782,Rohan,Iyer,Female,36,Bengaluru,Karnataka,South,Consumer,6/9/2024
17783,Sahil,Ghosh,Male,39,New Delhi,Delhi,North,Small Business,5/19/2023
17784,Karan,Jain,Female,41,Mumbai,Maharashtra,West,Consumer,6/15/2023
17785,Tanya,Reddy,Male,44,Chennai,Tamil Nadu,South,Small Business,1/1/2024
17786,Rohan,Bose,Female,32,Gurugram,Haryana,North,Consumer,10/8/2024
17787,Karan,Khan,Female,32,Jaipur,Rajasthan,North,Consumer,8/10/2024
17788,Pooja,Banerjee,Male,36,Bhubaneswar,Odisha,East,Consumer,5/12/2025
17789,Ananya,Reddy,Male,25,New Delhi,Delhi,North,Consumer,11/25/2025
17790,Kavya,Chatterjee,Female,28,Mumbai,Maharashtra,West,Consumer,2/5/2023
17791,Aarav,Verma,Other,38,Lucknow,Uttar Pradesh,North,Consumer,1/13/2025
17792,Sahil,Bose,Male,19,New Delhi,Delhi,North,Corporate,6/26/2023
17793,Aarav,Patel,Male,38,Mumbai,Maharashtra,West,Consumer,1/25/2024
17794,Ananya,Nair,Female,37,Chennai,Tamil Nadu,South,Consumer,1/6/2024
17795,Ishita,Dutta,Male,18,Ahmedabad,Gujarat,West,Small Business,1/26/2025
17796,Ananya,Iyer,Female,40,Lucknow,Uttar Pradesh,North,Small Business,10/4/2023
17797,Riya,Ghosh,Female,49,Bengaluru,Karnataka,South,Corporate,8/24/2025
17798,Riya,Das,Male,55,Kochi,Kerala,South,Consumer,2/18/2024
17799,Priya,Ghosh,Female,36,Chennai,Tamil Nadu,South,Small Business,5/30/2025
17800,Ishita,Gupta,Female,43,Bengaluru,Karnataka,South,Consumer,10/25/2025
17801,Arjun,Reddy,Male,21,Mumbai,Maharashtra,West,Consumer,7/5/2024
17802,Aarav,Sen,Female,33,Patna,Bihar,East,Small Business,4/20/2023
17803,Karan,Sen,Male,49,Chennai,Tamil Nadu,South,Consumer,1/27/2025
17804,Rohan,Khan,Male,40,Hyderabad,Telangana,South,Consumer,4/2/2024
17805,Kavya,Nair,Female,63,Mumbai,Maharashtra,West,Consumer,1/1/2024
17806,Sahil,Reddy,Female,56,Jaipur,Rajasthan,North,Consumer,5/8/2024
17807,Arjun,Sen,Female,61,Patna,Bihar,East,Consumer,11/20/2023
17808,Nikhil,Roy,Male,41,Bengaluru,Karnataka,South,Corporate,10/30/2023
17809,Pooja,Jain,Female,21,Gurugram,Haryana,North,Small Business,12/4/2025
17810,Sahil,Iyer,Male,44,Kolkata,West Bengal,East,Small Business,10/28/2023
17811,Ishita,Banerjee,Female,63,Mumbai,Maharashtra,West,Consumer,5/10/2024
17812,Arjun,Reddy,Male,26,Ahmedabad,Gujarat,West,Consumer,2/10/2025
17813,Meera,Banerjee,Female,64,Lucknow,Uttar Pradesh,North,Small Business,8/27/2023
17814,Neha,Ghosh,Male,18,Bengaluru,Karnataka,South,Consumer,10/29/2024
17815,Arjun,Reddy,Male,47,New Delhi,Delhi,North,Consumer,8/25/2025
17816,Ananya,Roy,Male,62,Bengaluru,Karnataka,South,Consumer,5/27/2025
17817,Rahul,Dutta,Female,28,New Delhi,Delhi,North,Consumer,1/31/2023
17818,Sneha,Reddy,Male,30,Jaipur,Rajasthan,North,Consumer,3/13/2024
17819,Aditya,Banerjee,Male,56,Bhopal,Madhya Pradesh,Central,Corporate,1/1/2023
17820,Aditya,Sen,Male,34,Hyderabad,Telangana,South,Consumer,10/17/2024
17821,Meera,Singh,Female,49,Ahmedabad,Gujarat,West,Consumer,12/18/2023
17822,Nikhil,Sharma,Other,23,New Delhi,Delhi,North,Consumer,8/23/2025
17823,Pooja,Reddy,Female,50,Bengaluru,Karnataka,South,Consumer,7/9/2023
17824,Karan,Verma,Female,42,Bengaluru,Karnataka,South,Consumer,7/8/2025
17825,Meera,Nair,Female,42,Bhopal,Madhya Pradesh,Central,Small Business,1/5/2024
17826,Priya,Roy,Male,53,Mumbai,Maharashtra,West,Consumer,9/20/2025
17827,Neha,Sen,Male,39,Patna,Bihar,East,Corporate,8/4/2023
17828,Karan,Bose,Male,50,Mumbai,Maharashtra,West,Consumer,10/18/2023
17829,Priya,Nair,Male,38,Patna,Bihar,East,Consumer,1/15/2024
17830,Tanya,Roy,Female,59,Mumbai,Maharashtra,West,Small Business,11/30/2025
17831,Rahul,Sharma,Female,44,Gurugram,Haryana,North,Consumer,3/3/2025
17832,Riya,Bose,Female,31,Jaipur,Rajasthan,North,Consumer,5/31/2025
17833,Rohan,Das,Female,60,Kolkata,West Bengal,East,Corporate,8/20/2024
17834,Sahil,Sharma,Female,33,Jaipur,Rajasthan,North,Consumer,5/8/2025
17835,Sneha,Sen,Male,63,Ahmedabad,Gujarat,West,Small Business,11/8/2024
17836,Rahul,Dutta,Male,64,Bengaluru,Karnataka,South,Small Business,12/21/2024
17837,Meera,Ghosh,Female,44,Bengaluru,Karnataka,South,Consumer,6/23/2025
17838,Ananya,Sharma,Female,39,Lucknow,Uttar Pradesh,North,Consumer,11/27/2025
17839,Ananya,Dutta,Male,30,Lucknow,Uttar Pradesh,North,Consumer,9/13/2024
17840,Meera,Dutta,Male,58,Bengaluru,Karnataka,South,Consumer,4/21/2024
17841,Rohan,Nair,Female,30,Kochi,Kerala,South,Consumer,12/6/2024
17842,Arjun,Das,Female,47,Bengaluru,Karnataka,South,Consumer,3/11/2025
17843,Aditya,Sharma,Female,56,Kolkata,West Bengal,East,Small Business,12/1/2025
17844,Amit,Malhotra,Other,26,Ahmedabad,Gujarat,West,Small Business,1/24/2025
17845,Kavya,Bose,Male,26,Kolkata,West Bengal,East,Consumer,10/27/2025
17846,Riya,Bose,Female,63,Bengaluru,Karnataka,South,Consumer,3/1/2025
17847,Priya,Banerjee,Female,65,New Delhi,Delhi,North,Small Business,10/24/2025
17848,Karan,Mehta,Female,33,Bengaluru,Karnataka,South,Consumer,3/22/2025
17849,Pooja,Singh,Female,29,Mumbai,Maharashtra,West,Consumer,8/13/2025
17850,Karan,Sharma,Female,48,Lucknow,Uttar Pradesh,North,Consumer,7/26/2023
17851,Rohan,Roy,Male,46,New Delhi,Delhi,North,Consumer,12/7/2025
17852,Meera,Ghosh,Female,30,Bhubaneswar,Odisha,East,Consumer,1/12/2024
17853,Riya,Verma,Female,28,Ahmedabad,Gujarat,West,Consumer,5/11/2025
17854,Sahil,Ghosh,Male,45,Hyderabad,Telangana,South,Consumer,2/28/2024
17855,Nikhil,Verma,Female,31,Bengaluru,Karnataka,South,Corporate,5/9/2024
17856,Pooja,Mehta,Female,43,Patna,Bihar,East,Consumer,3/18/2025
17857,Aditya,Reddy,Female,50,Mumbai,Maharashtra,West,Corporate,8/6/2024
17858,Sneha,Ghosh,Male,30,Bengaluru,Karnataka,South,Consumer,2/12/2025
17859,Aditya,Reddy,Male,45,Bhubaneswar,Odisha,East,Consumer,3/27/2023
17860,Ananya,Reddy,Male,65,Lucknow,Uttar Pradesh,North,Small Business,6/19/2025
17861,Rahul,Ghosh,Female,43,Ahmedabad,Gujarat,West,Consumer,3/17/2024
17862,Karan,Reddy,Male,24,Kolkata,West Bengal,East,Consumer,5/1/2025
17863,Neha,Roy,Female,53,Mumbai,Maharashtra,West,Consumer,11/5/2023
17864,Ishita,Iyer,Female,39,Hyderabad,Telangana,South,Consumer,10/5/2024
17865,Ishita,Das,Male,52,Lucknow,Uttar Pradesh,North,Consumer,9/27/2024
17866,Riya,Das,Male,19,Hyderabad,Telangana,South,Small Business,6/1/2023
17867,Meera,Patel,Male,52,Kolkata,West Bengal,East,Small Business,5/27/2024
17868,Tanya,Patel,Female,50,Mumbai,Maharashtra,West,Consumer,11/17/2024
17869,Rahul,Verma,Female,18,Ahmedabad,Gujarat,West,Consumer,6/22/2025
17870,Rohan,Chatterjee,Male,40,Jaipur,Rajasthan,North,Consumer,8/16/2025
17871,Karan,Reddy,Male,40,Kolkata,West Bengal,East,Consumer,2/20/2024
17872,Arjun,Reddy,Female,44,Kolkata,West Bengal,East,Consumer,11/25/2024
17873,Aarav,Singh,Male,47,Bengaluru,Karnataka,South,Consumer,7/8/2023
17874,Nikhil,Verma,Female,51,Kolkata,West Bengal,East,Consumer,8/25/2025
17875,Ananya,Verma,Male,61,New Delhi,Delhi,North,Consumer,7/26/2025
17876,Neha,Das,Female,54,Mumbai,Maharashtra,West,Consumer,12/14/2025
17877,Meera,Sharma,Male,32,Ahmedabad,Gujarat,West,Consumer,6/9/2024
17878,Amit,Khan,Female,64,Lucknow,Uttar Pradesh,North,Consumer,1/23/2024
17879,Priya,Malhotra,Male,40,Bhopal,Madhya Pradesh,Central,Small Business,3/29/2025
17880,Ananya,Khan,Male,59,Gurugram,Haryana,North,Corporate,2/20/2025
17881,Amit,Khan,Female,41,Bengaluru,Karnataka,South,Consumer,8/18/2023
17882,Aditya,Reddy,Male,33,Kolkata,West Bengal,East,Consumer,8/6/2024
17883,Tanya,Khan,Male,52,Bengaluru,Karnataka,South,Consumer,11/26/2024
17884,Karan,Nair,Male,52,Lucknow,Uttar Pradesh,North,Corporate,5/6/2024
17885,Arjun,Reddy,Female,23,Kolkata,West Bengal,East,Consumer,2/5/2024
17886,Priya,Patel,Female,21,Chennai,Tamil Nadu,South,Consumer,9/17/2023
17887,Amit,Iyer,Female,54,Bengaluru,Karnataka,South,Consumer,3/20/2024
17888,Amit,Sen,Male,24,Mumbai,Maharashtra,West,Consumer,9/23/2023
17889,Amit,Patel,Male,40,Lucknow,Uttar Pradesh,North,Small Business,11/21/2023
17890,Rahul,Sharma,Male,40,Jaipur,Rajasthan,North,Consumer,7/19/2023
17891,Rahul,Ghosh,Male,39,New Delhi,Delhi,North,Consumer,2/11/2024
17892,Rahul,Nair,Male,40,Ludhiana,Punjab,North,Small Business,11/13/2024
17893,Pooja,Mehta,Female,63,Kolkata,West Bengal,East,Consumer,2/12/2024
17894,Arjun,Nair,Female,42,Mumbai,Maharashtra,West,Small Business,6/3/2023
17895,Sahil,Chatterjee,Female,59,Chennai,Tamil Nadu,South,Small Business,5/15/2025
17896,Priya,Das,Female,40,Jaipur,Rajasthan,North,Corporate,4/10/2024
17897,Ishita,Sharma,Female,40,Ahmedabad,Gujarat,West,Corporate,9/22/2024
17898,Rahul,Sen,Male,48,Kolkata,West Bengal,East,Small Business,7/19/2024
17899,Aditya,Mehta,Female,29,Gurugram,Haryana,North,Consumer,6/30/2024
17900,Kavya,Dutta,Male,63,Bengaluru,Karnataka,South,Corporate,4/18/2024
17901,Ananya,Reddy,Female,62,Chennai,Tamil Nadu,South,Consumer,3/27/2025
17902,Neha,Bose,Male,26,Ahmedabad,Gujarat,West,Small Business,7/12/2025
17903,Riya,Gupta,Female,25,Gurugram,Haryana,North,Consumer,9/3/2025
17904,Ananya,Mehta,Female,35,Jaipur,Rajasthan,North,Corporate,4/23/2024
17905,Pooja,Patel,Male,27,Gurugram,Haryana,North,Consumer,1/4/2024
17906,Neha,Banerjee,Male,21,Mumbai,Maharashtra,West,Consumer,3/31/2023
17907,Karan,Das,Female,56,Ahmedabad,Gujarat,West,Corporate,4/23/2024
17908,Rahul,Reddy,Male,27,Bhubaneswar,Odisha,East,Consumer,12/7/2025
17909,Rahul,Banerjee,Male,35,New Delhi,Delhi,North,Consumer,10/9/2023
17910,Aditya,Chatterjee,Male,65,Chennai,Tamil Nadu,South,Corporate,7/1/2025
17911,Aarav,Patel,Male,37,Bhopal,Madhya Pradesh,Central,Consumer,3/28/2025
17912,Meera,Reddy,Female,19,Mumbai,Maharashtra,West,Consumer,12/13/2024
17913,Priya,Iyer,Female,29,Chennai,Tamil Nadu,South,Consumer,9/2/2024
17914,Amit,Das,Female,28,Kochi,Kerala,South,Small Business,3/27/2025
17915,Ananya,Khan,Female,44,Ludhiana,Punjab,North,Consumer,4/17/2023
17916,Pooja,Roy,Female,38,Bhopal,Madhya Pradesh,Central,Consumer,5/19/2023
17917,Rahul,Das,Female,21,Kochi,Kerala,South,Small Business,7/31/2023
17918,Priya,Sharma,Male,32,Kolkata,West Bengal,East,Corporate,4/7/2025
17919,Aditya,Chatterjee,Female,40,Ludhiana,Punjab,North,Consumer,4/11/2024
17920,Aarav,Malhotra,Male,44,Hyderabad,Telangana,South,Consumer,8/13/2023
17921,Aarav,Nair,Male,38,Jaipur,Rajasthan,North,Corporate,2/18/2023
17922,Kavya,Nair,Female,65,Chennai,Tamil Nadu,South,Small Business,6/12/2024
17923,Rohan,Sharma,Female,41,Patna,Bihar,East,Small Business,3/6/2024
17924,Neha,Singh,Female,51,New Delhi,Delhi,North,Consumer,7/12/2023
17925,Karan,Sharma,Female,45,Bhubaneswar,Odisha,East,Corporate,1/26/2023
17926,Karan,Reddy,Male,37,Mumbai,Maharashtra,West,Corporate,3/25/2025
17927,Karan,Chatterjee,Male,19,Mumbai,Maharashtra,West,Corporate,4/21/2025
17928,Tanya,Reddy,Male,50,Hyderabad,Telangana,South,Corporate,9/23/2023
17929,Karan,Dutta,Male,59,Kolkata,West Bengal,East,Consumer,6/17/2024
17930,Rohan,Roy,Female,59,Jaipur,Rajasthan,North,Corporate,10/1/2023
17931,Priya,Iyer,Female,56,Bengaluru,Karnataka,South,Consumer,3/17/2024
17932,Sahil,Ghosh,Male,28,New Delhi,Delhi,North,Consumer,4/28/2023
17933,Aditya,Chatterjee,Male,39,Kolkata,West Bengal,East,Consumer,10/18/2025
17934,Neha,Nair,Male,52,Mumbai,Maharashtra,West,Consumer,2/17/2025
17935,Sahil,Banerjee,Female,53,Ahmedabad,Gujarat,West,Consumer,8/31/2025
17936,Rahul,Sharma,Male,47,Bengaluru,Karnataka,South,Consumer,11/16/2023
17937,Rahul,Dutta,Male,20,Mumbai,Maharashtra,West,Consumer,7/31/2025
17938,Riya,Nair,Male,53,Mumbai,Maharashtra,West,Small Business,7/13/2024
17939,Riya,Bose,Male,45,Mumbai,Maharashtra,West,Consumer,8/2/2023
17940,Karan,Roy,Male,22,Ahmedabad,Gujarat,West,Consumer,12/25/2023
17941,Vikram,Patel,Female,43,Mumbai,Maharashtra,West,Consumer,5/26/2025
17942,Priya,Dutta,Male,53,Chennai,Tamil Nadu,South,Corporate,4/16/2025
17943,Rahul,Bose,Male,62,Jaipur,Rajasthan,North,Consumer,2/16/2025
17944,Pooja,Bose,Male,55,New Delhi,Delhi,North,Consumer,9/2/2023
17945,Riya,Verma,Male,30,Ahmedabad,Gujarat,West,Consumer,11/30/2024
17946,Amit,Dutta,Female,50,Bengaluru,Karnataka,South,Consumer,10/13/2025
17947,Nikhil,Roy,Female,50,Gurugram,Haryana,North,Corporate,2/22/2023
17948,Ishita,Jain,Male,27,Chennai,Tamil Nadu,South,Corporate,12/14/2023
17949,Ishita,Banerjee,Female,57,Bengaluru,Karnataka,South,Consumer,3/28/2023
17950,Vikram,Singh,Male,25,Ludhiana,Punjab,North,Consumer,4/23/2023
17951,Riya,Chatterjee,Male,54,Jaipur,Rajasthan,North,Consumer,12/13/2025
17952,Karan,Khan,Male,53,Ahmedabad,Gujarat,West,Small Business,9/17/2023
17953,Sneha,Singh,Female,64,Kochi,Kerala,South,Corporate,7/13/2023
17954,Ishita,Chatterjee,Female,49,Kolkata,West Bengal,East,Corporate,3/21/2023
17955,Arjun,Jain,Male,21,Bhubaneswar,Odisha,East,Small Business,11/25/2025
17956,Meera,Sen,Female,65,Jaipur,Rajasthan,North,Consumer,5/21/2024
17957,Rohan,Reddy,Male,36,Chennai,Tamil Nadu,South,Consumer,5/4/2025
17958,Riya,Chatterjee,Male,39,Bengaluru,Karnataka,South,Corporate,9/28/2023
17959,Kavya,Sharma,Male,59,Kolkata,West Bengal,East,Consumer,11/23/2024
17960,Tanya,Sen,Male,29,Gurugram,Haryana,North,Consumer,8/14/2025
17961,Vikram,Reddy,Male,49,Mumbai,Maharashtra,West,Corporate,12/25/2024
17962,Arjun,Singh,Female,54,Bengaluru,Karnataka,South,Consumer,7/12/2024
17963,Tanya,Reddy,Male,43,Jaipur,Rajasthan,North,Consumer,8/16/2023
17964,Rahul,Iyer,Male,53,Lucknow,Uttar Pradesh,North,Consumer,9/10/2023
17965,Rahul,Nair,Male,52,Mumbai,Maharashtra,West,Consumer,10/6/2024
17966,Amit,Nair,Male,43,Patna,Bihar,East,Consumer,5/2/2024
17967,Rohan,Iyer,Male,22,New Delhi,Delhi,North,Consumer,2/20/2023
17968,Riya,Iyer,Male,53,Bhubaneswar,Odisha,East,Consumer,7/31/2023
17969,Pooja,Mehta,Male,55,Kolkata,West Bengal,East,Small Business,4/11/2024
17970,Priya,Ghosh,Male,32,Kolkata,West Bengal,East,Consumer,7/13/2023
17971,Meera,Chatterjee,Male,57,Ahmedabad,Gujarat,West,Small Business,8/21/2024
17972,Ananya,Verma,Female,28,Mumbai,Maharashtra,West,Small Business,11/21/2023
17973,Nikhil,Verma,Female,26,New Delhi,Delhi,North,Consumer,11/11/2023
17974,Amit,Jain,Male,24,Kolkata,West Bengal,East,Consumer,4/27/2023
17975,Rahul,Jain,Female,44,Lucknow,Uttar Pradesh,North,Small Business,6/27/2024
17976,Neha,Ghosh,Female,31,Kochi,Kerala,South,Consumer,7/23/2023
17977,Nikhil,Banerjee,Female,51,Bhubaneswar,Odisha,East,Consumer,11/11/2024
17978,Riya,Mehta,Female,49,Gurugram,Haryana,North,Consumer,10/10/2025
17979,Sahil,Mehta,Female,38,Ludhiana,Punjab,North,Corporate,9/12/2025
17980,Ishita,Verma,Female,30,Hyderabad,Telangana,South,Corporate,12/21/2024
17981,Nikhil,Singh,Male,61,Chennai,Tamil Nadu,South,Consumer,5/22/2025
17982,Rahul,Iyer,Male,60,Kochi,Kerala,South,Consumer,9/21/2025
17983,Amit,Verma,Female,34,Ludhiana,Punjab,North,Consumer,1/6/2025
17984,Tanya,Das,Female,29,Bhopal,Madhya Pradesh,Central,Consumer,10/5/2023
17985,Rohan,Reddy,Male,56,Lucknow,Uttar Pradesh,North,Consumer,6/24/2024
17986,Aarav,Nair,Female,50,Mumbai,Maharashtra,West,Small Business,7/14/2025
17987,Sneha,Patel,Female,39,Gurugram,Haryana,North,Consumer,12/22/2024
17988,Neha,Roy,Female,43,Gurugram,Haryana,North,Consumer,1/27/2024
17989,Karan,Mehta,Female,52,Jaipur,Rajasthan,North,Consumer,7/1/2023
17990,Ishita,Malhotra,Female,28,Bhubaneswar,Odisha,East,Corporate,6/5/2023
17991,Nikhil,Banerjee,Female,65,New Delhi,Delhi,North,Small Business,2/12/2024
17992,Neha,Bose,Female,44,Gurugram,Haryana,North,Consumer,5/19/2025
17993,Karan,Patel,Male,24,Kolkata,West Bengal,East,Consumer,8/19/2024
17994,Tanya,Iyer,Female,63,Kochi,Kerala,South,Small Business,3/6/2023
17995,Nikhil,Bose,Female,65,Kolkata,West Bengal,East,Consumer,9/18/2025
17996,Rohan,Bose,Female,63,Bengaluru,Karnataka,South,Small Business,3/13/2024
17997,Priya,Roy,Male,51,Mumbai,Maharashtra,West,Small Business,2/26/2024
17998,Amit,Nair,Male,31,Hyderabad,Telangana,South,Corporate,6/3/2025
17999,Vikram,Sharma,Male,43,Mumbai,Maharashtra,West,Consumer,2/12/2024
18000,Aditya,Patel,Male,43,Gurugram,Haryana,North,Consumer,10/28/2024
