payment_id,order_id,payment_date,payment_method,payment_status,transaction_amount
300001,200001,7/14/2025,Cash on Delivery,Paid,3003.42
300002,200002,12/25/2025,Net Banking,Paid,6568.67
300003,200003,1/23/2025,Net Banking,Paid,2095.43
300004,200004,12/6/2025,UPI,Paid,8628.19
300005,200005,7/23/2025,UPI,Paid,2803.12
300006,200006,12/16/2025,UPI,Paid,8224.62
300007,200007,9/22/2025,Credit Card,Paid,3119.78
300008,200008,4/21/2025,UPI,Pending,15131.06
300009,200009,5/11/2024,Debit Card,Paid,658.97
300010,200010,10/21/2024,Debit Card,Paid,5992.09
300011,200011,9/14/2024,Cash on Delivery,Paid,4242.14
300012,200012,9/14/2023,Credit Card,Paid,28958.21
300013,200013,12/28/2025,UPI,Paid,13880.1
300014,200014,6/6/2024,Cash on Delivery,Paid,6371.92
300015,200015,4/25/2025,UPI,Paid,1975.21
300016,200016,12/24/2024,Debit Card,Paid,6357.46
300017,200017,11/6/2025,UPI,Paid,6976.61
300018,200018,8/2/2025,Cash on Delivery,Paid,11243.53
300019,200019,12/25/2025,UPI,Paid,4428.82
300020,200020,10/20/2025,UPI,Paid,1765.53
300021,200021,1/3/2025,UPI,Paid,14068.34
300022,200022,12/24/2025,Credit Card,Paid,14084.01
300023,200023,5/12/2025,UPI,Paid,3995.59
300024,200024,7/4/2025,UPI,Paid,2931.36
300025,200025,12/14/2025,UPI,Paid,6966.75
300026,200026,6/1/2025,Credit Card,Paid,2327.83
300027,200027,12/22/2023,Cash on Delivery,Paid,855.38
300028,200028,8/26/2025,Net Banking,Pending,3848.86
300029,200029,6/30/2023,UPI,Paid,9309.32
300030,200030,3/21/2025,Debit Card,Paid,2593.72
300031,200031,1/22/2025,UPI,Paid,1361.13
300032,200032,1/26/2025,UPI,Failed,783.16
300033,200033,11/13/2025,Credit Card,Pending,2564.74
300034,200034,12/10/2024,Debit Card,Paid,23885.65
300035,200035,3/19/2025,Credit Card,Paid,5616.38
300036,200036,4/27/2024,Cash on Delivery,Paid,1473.03
300037,200037,6/24/2025,Cash on Delivery,Paid,2587.5
300038,200038,5/25/2025,Debit Card,Failed,5221.77
300039,200039,7/16/2025,Credit Card,Paid,5939.6
300040,200040,11/21/2024,Cash on Delivery,Pending,7819.79
300041,200041,11/19/2025,Net Banking,Paid,1214.29
300042,200042,5/8/2025,Debit Card,Paid,12801.71
300043,200043,7/24/2025,UPI,Paid,12481
300044,200044,11/4/2025,Credit Card,Paid,4620.13
300045,200045,8/27/2025,Cash on Delivery,Paid,2498.63
300046,200046,5/17/2025,Credit Card,Paid,3844.72
300047,200047,11/18/2024,Credit Card,Paid,985.84
300048,200048,1/4/2025,Credit Card,Paid,489.02
300049,200049,1/30/2025,UPI,Paid,11777.21
300050,200050,8/18/2025,Debit Card,Paid,32796.3
300051,200051,9/3/2025,Cash on Delivery,Paid,4419.22
300052,200052,4/28/2025,Net Banking,Paid,26380.82
300053,200053,2/24/2025,Cash on Delivery,Paid,2268.05
300054,200054,11/17/2025,Credit Card,Paid,4155.61
300055,200055,12/1/2023,Credit Card,Paid,2962.44
300056,200056,2/26/2025,Credit Card,Paid,3771.96
300057,200057,9/20/2025,Net Banking,Paid,3229.53
300058,200058,3/23/2024,UPI,Paid,2125.92
300059,200059,8/2/2023,UPI,Paid,13294
300060,200060,8/20/2025,UPI,Paid,445.15
300061,200061,10/19/2025,Credit Card,Pending,10135.3
300062,200062,12/29/2025,UPI,Paid,1847.58
300063,200063,12/14/2025,UPI,Paid,811.93
300064,200064,10/19/2024,Debit Card,Paid,2835.74
300065,200065,9/17/2024,Debit Card,Paid,7857.97
300066,200066,9/30/2025,Credit Card,Paid,12633.02
300067,200067,5/28/2025,Cash on Delivery,Paid,1160.79
300068,200068,10/26/2025,UPI,Paid,9478.86
300069,200069,1/22/2025,Credit Card,Paid,6453.67
300070,200070,10/4/2025,UPI,Paid,5754.86
300071,200071,12/21/2025,UPI,Paid,4085.12
300072,200072,12/29/2025,Credit Card,Paid,3054.75
300073,200073,7/4/2024,UPI,Paid,321.25
300074,200074,5/19/2025,Debit Card,Paid,2875.11
300075,200075,12/24/2025,Cash on Delivery,Paid,1674.16
300076,200076,12/7/2025,Credit Card,Paid,4442.14
300077,200077,2/1/2025,UPI,Paid,1059.57
300078,200078,12/20/2025,Debit Card,Paid,1566.24
300079,200079,6/5/2024,Debit Card,Paid,15148.71
300080,200080,6/20/2025,Debit Card,Paid,3621.56
300081,200081,2/22/2024,Credit Card,Paid,5199.71
300082,200082,9/10/2024,Credit Card,Paid,1853.74
300083,200083,11/19/2025,Debit Card,Paid,16317.41
300084,200084,11/27/2025,UPI,Paid,9155.91
300085,200085,5/1/2025,UPI,Paid,1347.68
300086,200086,11/9/2025,UPI,Failed,9284.34
300087,200087,3/15/2025,Credit Card,Paid,462.17
300088,200088,9/19/2024,Credit Card,Paid,2070.24
300089,200089,6/30/2024,Net Banking,Paid,3172.01
300090,200090,6/25/2025,Credit Card,Paid,6272.19
300091,200091,9/18/2023,Wallet,Paid,26178.26
300092,200092,8/13/2025,Credit Card,Paid,2959.6
300093,200093,12/4/2025,UPI,Paid,2684.61
300094,200094,8/4/2025,UPI,Paid,4166.17
300095,200095,10/30/2025,Net Banking,Failed,4799.71
300096,200096,5/24/2025,Cash on Delivery,Paid,1064.67
300097,200097,5/15/2025,UPI,Paid,343.71
300098,200098,10/26/2025,UPI,Paid,6115.33
300099,200099,6/23/2025,Debit Card,Paid,13027.04
300100,200100,12/15/2025,Debit Card,Paid,3956.14
300101,200101,6/16/2025,Debit Card,Failed,6589.28
300102,200102,4/24/2025,Net Banking,Paid,8708.39
300103,200103,4/20/2025,Cash on Delivery,Paid,8960.7
300104,200104,6/22/2025,Cash on Delivery,Paid,6587.99
300105,200105,6/20/2024,UPI,Paid,733.71
300106,200106,11/9/2025,UPI,Paid,1780.79
300107,200107,7/8/2025,Credit Card,Paid,3460.99
300108,200108,11/24/2024,UPI,Paid,7349.73
300109,200109,6/10/2025,Cash on Delivery,Paid,838.95
300110,200110,7/23/2024,Credit Card,Paid,2320.14
300111,200111,9/5/2024,UPI,Paid,5454.66
300112,200112,5/4/2025,UPI,Failed,7517.56
300113,200113,11/2/2025,UPI,Paid,190.48
300114,200114,12/25/2025,Cash on Delivery,Paid,2413.27
300115,200115,8/20/2025,UPI,Paid,3058.67
300116,200116,6/29/2025,UPI,Paid,3918.27
300117,200117,3/23/2025,Wallet,Paid,5577.94
300118,200118,10/5/2025,Debit Card,Paid,3950.59
300119,200119,10/27/2024,UPI,Paid,6248.98
300120,200120,6/19/2025,Credit Card,Paid,38499.06
300121,200121,12/30/2025,UPI,Paid,14216.24
300122,200122,12/12/2025,Debit Card,Paid,12141.29
300123,200123,12/13/2024,Net Banking,Paid,6040.08
300124,200124,11/11/2025,Credit Card,Paid,4074.15
300125,200125,10/8/2024,Credit Card,Paid,768.2
300126,200126,6/11/2025,Cash on Delivery,Paid,5394
300127,200127,10/23/2024,Credit Card,Paid,5288.18
300128,200128,9/29/2025,UPI,Paid,459.35
300129,200129,4/20/2025,Cash on Delivery,Paid,6249.93
300130,200130,3/3/2025,Debit Card,Paid,2524.18
300131,200131,12/6/2025,Wallet,Pending,106.57
300132,200132,11/4/2024,Cash on Delivery,Pending,659.54
300133,200133,9/20/2025,Debit Card,Paid,23576.39
300134,200134,8/19/2025,UPI,Paid,7257.24
300135,200135,12/12/2025,UPI,Paid,4556.77
300136,200136,9/24/2025,Debit Card,Paid,1238.8
300137,200137,9/22/2023,Wallet,Paid,6507.08
300138,200138,3/21/2025,Credit Card,Paid,849.29
300139,200139,12/26/2025,Net Banking,Paid,6391.81
300140,200140,3/7/2023,Cash on Delivery,Paid,408.14
300141,200141,12/20/2025,Wallet,Paid,144.64
300142,200142,7/28/2024,Credit Card,Paid,22036.78
300143,200143,12/11/2024,UPI,Paid,2584.31
300144,200144,9/6/2025,UPI,Paid,6218.48
300145,200145,6/8/2025,Debit Card,Paid,14749.37
300146,200146,12/5/2023,UPI,Paid,3336.79
300147,200147,1/22/2025,UPI,Paid,4040.18
300148,200148,12/7/2025,Net Banking,Paid,3648.95
300149,200149,9/5/2025,UPI,Paid,9682.95
300150,200150,7/7/2025,UPI,Paid,5236.32
300151,200151,8/20/2025,Credit Card,Paid,2464.9
300152,200152,11/25/2025,UPI,Paid,3475.22
300153,200153,5/6/2023,Cash on Delivery,Paid,1963.28
300154,200154,4/2/2025,Wallet,Paid,3011.62
300155,200155,6/18/2025,UPI,Paid,3124.21
300156,200156,11/1/2024,UPI,Paid,2512.01
300157,200157,5/10/2025,Debit Card,Paid,634.83
300158,200158,8/25/2024,Credit Card,Paid,4334.7
300159,200159,3/4/2025,Cash on Delivery,Paid,1607.9
300160,200160,3/21/2025,Wallet,Paid,4720.64
300161,200161,5/17/2024,UPI,Paid,3793.89
300162,200162,12/15/2025,Credit Card,Paid,5309.76
300163,200163,11/25/2025,UPI,Paid,3487.42
300164,200164,9/17/2025,Cash on Delivery,Paid,8489.45
300165,200165,7/30/2024,Net Banking,Paid,3258.21
300166,200166,11/2/2024,Debit Card,Paid,6756.66
300167,200167,12/8/2025,Debit Card,Paid,4407.61
300168,200168,11/2/2025,UPI,Paid,538.76
300169,200169,11/17/2024,Cash on Delivery,Paid,1897.16
300170,200170,12/9/2025,UPI,Paid,3666.51
300171,200171,10/28/2023,Credit Card,Paid,5261.6
300172,200172,3/26/2024,UPI,Paid,5838.9
300173,200173,2/19/2025,Debit Card,Pending,3316.54
300174,200174,10/30/2025,UPI,Paid,21331.73
300175,200175,7/12/2023,Debit Card,Paid,800.86
300176,200176,10/11/2025,Credit Card,Paid,764.33
300177,200177,8/14/2025,UPI,Paid,5449.99
300178,200178,9/29/2025,Debit Card,Paid,3798.01
300179,200179,11/11/2024,Net Banking,Paid,4167.87
300180,200180,12/28/2025,UPI,Paid,2114.45
300181,200181,2/6/2025,UPI,Paid,832.73
300182,200182,4/10/2025,Credit Card,Paid,11625.45
300183,200183,5/21/2025,UPI,Paid,7807.46
300184,200184,10/27/2024,UPI,Paid,7946.8
300185,200185,10/13/2023,Debit Card,Pending,24101.97
300186,200186,11/26/2023,Wallet,Paid,6238.74
300187,200187,11/25/2025,Cash on Delivery,Paid,5295.72
300188,200188,9/29/2025,UPI,Paid,2453.63
300189,200189,12/30/2023,Debit Card,Paid,3975.55
300190,200190,8/15/2025,UPI,Paid,1814.18
300191,200191,8/5/2025,UPI,Paid,12089.13
300192,200192,9/19/2025,Cash on Delivery,Paid,4394.37
300193,200193,4/15/2025,UPI,Paid,5754.39
300194,200194,9/14/2025,Wallet,Paid,22300.95
300195,200195,5/15/2024,UPI,Paid,4304.73
300196,200196,7/27/2025,UPI,Paid,571.6
300197,200197,11/3/2025,Net Banking,Paid,15861.07
300198,200198,11/6/2025,Net Banking,Paid,15307.99
300199,200199,1/7/2025,Debit Card,Paid,30793.45
300200,200200,1/10/2025,Debit Card,Paid,3032.91
300201,200201,10/1/2025,Credit Card,Paid,7698.08
300202,200202,1/18/2025,Credit Card,Paid,8573.99
300203,200203,11/29/2025,Net Banking,Paid,21286.01
300204,200204,11/9/2025,Credit Card,Paid,8987.32
300205,200205,12/14/2024,Debit Card,Paid,8372.95
300206,200206,7/12/2025,Credit Card,Paid,1082.12
300207,200207,10/1/2025,Credit Card,Paid,1035.52
300208,200208,4/23/2025,Debit Card,Paid,8133.71
300209,200209,9/11/2024,UPI,Pending,8981.93
300210,200210,2/1/2025,Debit Card,Paid,2478.33
300211,200211,5/16/2025,Wallet,Paid,3078.07
300212,200212,2/24/2024,Net Banking,Paid,2756.86
300213,200213,5/28/2023,Credit Card,Paid,1449.77
300214,200214,2/28/2025,Debit Card,Pending,4203.43
300215,200215,11/26/2025,Credit Card,Paid,3396.05
300216,200216,7/10/2024,Cash on Delivery,Paid,10474.92
300217,200217,12/19/2025,Cash on Delivery,Paid,16097.99
300218,200218,12/15/2024,Debit Card,Paid,2693.07
300219,200219,3/19/2024,UPI,Paid,5820.46
300220,200220,7/3/2023,UPI,Paid,5258.71
300221,200221,3/4/2024,UPI,Paid,11034.76
300222,200222,7/11/2025,Cash on Delivery,Paid,224.54
300223,200223,2/17/2025,Credit Card,Paid,4465.16
300224,200224,10/16/2025,Credit Card,Paid,7280.78
300225,200225,11/2/2025,UPI,Paid,12647.18
300226,200226,7/16/2025,Credit Card,Paid,5840.83
300227,200227,7/18/2023,Debit Card,Paid,10544.56
300228,200228,5/10/2024,Credit Card,Paid,2241.5
300229,200229,6/18/2023,Debit Card,Paid,10350.66
300230,200230,11/20/2025,Credit Card,Paid,4156.33
300231,200231,8/19/2025,UPI,Paid,7257.6
300232,200232,11/12/2024,Debit Card,Paid,8304.82
300233,200233,11/14/2025,Net Banking,Paid,4022.78
300234,200234,2/2/2024,Debit Card,Paid,7337.79
300235,200235,8/12/2024,UPI,Paid,9606.56
300236,200236,6/5/2025,UPI,Paid,6699.61
300237,200237,4/15/2025,Wallet,Paid,1473.15
300238,200238,10/23/2025,UPI,Paid,8631.84
300239,200239,6/16/2025,Debit Card,Paid,3420.77
300240,200240,12/16/2025,UPI,Paid,3275.74
300241,200241,9/25/2023,UPI,Paid,4188.22
300242,200242,2/20/2025,Debit Card,Paid,5914.79
300243,200243,11/6/2024,Debit Card,Paid,1393.78
300244,200244,4/21/2025,Credit Card,Paid,14922.77
300245,200245,9/19/2025,Net Banking,Paid,1431.34
300246,200246,11/11/2024,Credit Card,Paid,5920.89
300247,200247,8/7/2025,UPI,Paid,3058.48
300248,200248,8/21/2023,UPI,Paid,4133.98
300249,200249,9/29/2023,UPI,Paid,4535.68
300250,200250,1/28/2024,Cash on Delivery,Paid,2331.79
300251,200251,5/2/2025,UPI,Paid,12076.39
300252,200252,12/25/2025,Cash on Delivery,Paid,11028.38
300253,200253,6/23/2025,Wallet,Pending,522.6
300254,200254,5/1/2025,Cash on Delivery,Paid,3061.16
300255,200255,11/4/2025,Credit Card,Paid,1529.15
300256,200256,12/4/2025,Credit Card,Paid,1142.79
300257,200257,6/6/2025,UPI,Paid,2471.71
300258,200258,5/7/2025,Wallet,Paid,8852.56
300259,200259,12/26/2025,Net Banking,Paid,669.74
300260,200260,12/22/2025,UPI,Paid,6170.41
300261,200261,9/7/2025,UPI,Paid,7620.67
300262,200262,7/10/2025,Net Banking,Paid,3637.57
300263,200263,4/3/2024,Net Banking,Paid,511.47
300264,200264,1/25/2025,Debit Card,Paid,2584.45
300265,200265,12/18/2025,Credit Card,Paid,12149.37
300266,200266,12/1/2025,Debit Card,Paid,16017.93
300267,200267,12/1/2025,UPI,Paid,7632.28
300268,200268,2/24/2025,UPI,Paid,16459.04
300269,200269,10/14/2025,Net Banking,Paid,9034.76
300270,200270,10/12/2025,UPI,Paid,8919.73
300271,200271,12/1/2025,UPI,Paid,9279.89
300272,200272,1/17/2024,Cash on Delivery,Paid,2258.48
300273,200273,5/19/2025,UPI,Paid,357.21
300274,200274,4/28/2025,Cash on Delivery,Paid,362.51
300275,200275,12/7/2025,Wallet,Paid,459.34
300276,200276,1/1/2025,UPI,Paid,697.91
300277,200277,12/25/2024,UPI,Paid,4154.81
300278,200278,11/8/2024,Cash on Delivery,Paid,2771.73
300279,200279,7/22/2025,Credit Card,Paid,2611.39
300280,200280,4/11/2024,UPI,Pending,2795.92
300281,200281,6/6/2025,Debit Card,Paid,29055.34
300282,200282,10/1/2025,Net Banking,Paid,5836.65
300283,200283,8/6/2024,Net Banking,Paid,3735.1
300284,200284,7/18/2025,UPI,Paid,10105.2
300285,200285,5/20/2025,Credit Card,Paid,4564.21
300286,200286,1/14/2025,UPI,Paid,12524.02
300287,200287,10/14/2025,UPI,Paid,23554.37
300288,200288,11/23/2025,UPI,Paid,9903.36
300289,200289,10/7/2024,Net Banking,Paid,2527.52
300290,200290,3/3/2025,Net Banking,Paid,22283.15
300291,200291,6/28/2023,Credit Card,Paid,619.72
300292,200292,3/21/2023,Credit Card,Paid,2080.52
300293,200293,5/29/2025,Credit Card,Paid,191.08
300294,200294,8/25/2024,UPI,Paid,1084.23
300295,200295,12/17/2025,UPI,Paid,3083.51
300296,200296,10/22/2025,UPI,Paid,21217.81
300297,200297,3/18/2025,Net Banking,Paid,1355.63
300298,200298,7/28/2025,Wallet,Paid,1190
300299,200299,10/20/2025,UPI,Paid,7025.68
300300,200300,5/25/2024,Net Banking,Paid,4831.19
300301,200301,9/7/2025,Debit Card,Paid,229.1
300302,200302,9/2/2025,UPI,Paid,8009.18
300303,200303,10/12/2025,UPI,Paid,2228.48
300304,200304,11/8/2024,Credit Card,Paid,489.75
300305,200305,9/8/2025,Credit Card,Paid,5722.6
300306,200306,10/7/2025,Credit Card,Paid,11905.76
300307,200307,8/27/2025,Credit Card,Paid,8227.53
300308,200308,5/26/2025,Cash on Delivery,Paid,16485.75
300309,200309,9/28/2025,UPI,Paid,860.94
300310,200310,10/31/2024,Credit Card,Paid,7724.38
300311,200311,6/1/2025,Debit Card,Paid,1126.54
300312,200312,3/23/2025,UPI,Paid,7307.11
300313,200313,5/24/2024,Debit Card,Paid,5445.43
300314,200314,1/19/2024,UPI,Paid,702.86
300315,200315,8/14/2025,UPI,Paid,907.92
300316,200316,5/3/2025,UPI,Paid,4904.88
300317,200317,8/29/2025,UPI,Paid,15658.54
300318,200318,8/29/2024,UPI,Paid,610.23
300319,200319,12/6/2025,UPI,Paid,1857.44
300320,200320,10/7/2024,Net Banking,Paid,12736.44
300321,200321,6/30/2024,UPI,Paid,7440.07
300322,200322,6/21/2025,Debit Card,Paid,573.99
300323,200323,4/11/2023,Wallet,Paid,2719.05
300324,200324,10/5/2025,Net Banking,Paid,181.85
300325,200325,6/16/2025,Debit Card,Paid,981.8
300326,200326,10/28/2025,Credit Card,Paid,8285.72
300327,200327,9/3/2025,Credit Card,Paid,5588.84
300328,200328,1/9/2024,UPI,Paid,1060.25
300329,200329,9/1/2024,UPI,Paid,2095.04
300330,200330,3/19/2025,Wallet,Paid,4586.58
300331,200331,3/12/2024,Net Banking,Paid,4530.32
300332,200332,7/22/2025,Cash on Delivery,Paid,4364.39
300333,200333,2/23/2025,Debit Card,Paid,2244.92
300334,200334,5/12/2025,Credit Card,Paid,5346.39
300335,200335,11/3/2024,Credit Card,Paid,7361.04
300336,200336,11/7/2025,Debit Card,Paid,4810.77
300337,200337,8/9/2025,UPI,Paid,2163.18
300338,200338,7/11/2025,Cash on Delivery,Paid,11126.06
300339,200339,10/22/2024,UPI,Paid,2145.04
300340,200340,5/3/2025,UPI,Paid,13282.43
300341,200341,8/25/2024,Net Banking,Paid,10091.12
300342,200342,11/7/2024,Credit Card,Paid,849.78
300343,200343,10/31/2025,UPI,Paid,7101.89
300344,200344,2/11/2025,UPI,Failed,3918.26
300345,200345,7/15/2025,UPI,Paid,14788.07
300346,200346,2/8/2025,Credit Card,Paid,2879.6
300347,200347,11/27/2025,UPI,Paid,3921.05
300348,200348,3/17/2025,Credit Card,Paid,826.7
300349,200349,4/19/2025,UPI,Paid,3437.22
300350,200350,12/25/2025,Cash on Delivery,Paid,305.61
300351,200351,9/2/2023,Cash on Delivery,Paid,2562.05
300352,200352,5/17/2025,Debit Card,Paid,7395.54
300353,200353,9/6/2024,Credit Card,Paid,22655.45
300354,200354,1/13/2025,Debit Card,Paid,5344.78
300355,200355,9/25/2025,Credit Card,Paid,9430.82
300356,200356,12/4/2025,UPI,Paid,1453.59
300357,200357,12/29/2025,UPI,Pending,8951.04
300358,200358,11/19/2025,Wallet,Paid,7242.83
300359,200359,10/19/2025,UPI,Paid,1456.95
300360,200360,2/24/2025,Wallet,Paid,4021.62
300361,200361,6/15/2025,UPI,Paid,6219.59
300362,200362,9/28/2025,Debit Card,Paid,4857.81
300363,200363,2/15/2024,Debit Card,Paid,3051.74
300364,200364,3/11/2024,UPI,Paid,8514.3
300365,200365,9/20/2024,Cash on Delivery,Paid,4404.07
300366,200366,1/29/2025,Credit Card,Pending,19116.79
300367,200367,12/8/2025,UPI,Paid,6119.11
300368,200368,7/22/2024,Credit Card,Paid,10730.81
300369,200369,11/25/2025,Debit Card,Paid,349.87
300370,200370,5/2/2024,UPI,Paid,5347.66
300371,200371,6/4/2024,Cash on Delivery,Paid,1122.35
300372,200372,10/13/2025,UPI,Paid,8912.36
300373,200373,3/11/2024,UPI,Paid,6587.88
300374,200374,8/2/2025,Debit Card,Paid,946.64
300375,200375,10/16/2024,UPI,Paid,3167.34
300376,200376,11/28/2024,Debit Card,Paid,4113.32
300377,200377,10/23/2025,Credit Card,Paid,2977.76
300378,200378,11/23/2024,Net Banking,Failed,13956.99
300379,200379,9/10/2025,Debit Card,Paid,742.75
300380,200380,2/9/2023,UPI,Paid,2573.22
300381,200381,9/19/2023,Wallet,Paid,10034.54
300382,200382,11/12/2025,Credit Card,Paid,7598.76
300383,200383,10/20/2025,Net Banking,Paid,4913.35
300384,200384,7/2/2024,Cash on Delivery,Paid,5299.79
300385,200385,4/7/2025,Credit Card,Paid,2017.73
300386,200386,6/3/2024,Cash on Delivery,Paid,3478.62
300387,200387,6/22/2024,Debit Card,Paid,10042.89
300388,200388,8/27/2025,Credit Card,Paid,7580.28
300389,200389,4/4/2025,Cash on Delivery,Failed,17098.93
300390,200390,10/28/2025,Debit Card,Paid,1019.33
300391,200391,5/22/2025,Cash on Delivery,Paid,9382.01
300392,200392,1/6/2025,Credit Card,Paid,4700.2
300393,200393,11/6/2025,Debit Card,Paid,5734.96
300394,200394,9/25/2025,Credit Card,Paid,13785.18
300395,200395,8/12/2025,UPI,Paid,2635.67
300396,200396,9/14/2025,Debit Card,Paid,7662.05
300397,200397,4/19/2025,Net Banking,Paid,3412.48
300398,200398,5/14/2025,Wallet,Paid,3236.47
300399,200399,7/5/2023,UPI,Paid,295.46
300400,200400,11/9/2025,Cash on Delivery,Failed,16364.37
300401,200401,8/25/2025,UPI,Paid,6707.17
300402,200402,9/17/2024,Debit Card,Paid,52613.25
300403,200403,8/22/2025,Credit Card,Paid,4179.09
300404,200404,10/13/2023,Credit Card,Paid,942.47
300405,200405,1/2/2025,Debit Card,Paid,8383.68
300406,200406,4/11/2025,Credit Card,Paid,3345.68
300407,200407,2/25/2025,UPI,Paid,4155.97
300408,200408,2/25/2023,UPI,Paid,466.23
300409,200409,12/23/2025,Credit Card,Paid,7704.51
300410,200410,3/5/2025,Net Banking,Pending,2004.53
300411,200411,8/9/2025,Net Banking,Paid,3161.43
300412,200412,9/15/2024,Credit Card,Paid,7907.63
300413,200413,1/12/2025,Wallet,Paid,14161.43
300414,200414,10/30/2025,Credit Card,Paid,6833.48
300415,200415,12/31/2024,Credit Card,Paid,3919.63
300416,200416,4/21/2025,UPI,Paid,9061.75
300417,200417,8/3/2025,UPI,Paid,7705.87
300418,200418,9/19/2024,Cash on Delivery,Failed,13092.88
300419,200419,9/29/2024,Credit Card,Paid,7691.04
300420,200420,11/2/2025,UPI,Paid,6815.74
300421,200421,10/28/2025,Cash on Delivery,Paid,1298.06
300422,200422,12/13/2025,Credit Card,Paid,712.8
300423,200423,2/27/2024,UPI,Paid,3069.06
300424,200424,9/24/2023,UPI,Failed,17409.08
300425,200425,9/4/2024,Credit Card,Paid,1611.29
300426,200426,12/14/2025,Wallet,Paid,480.82
300427,200427,3/29/2025,Credit Card,Paid,10138.32
300428,200428,10/5/2025,Cash on Delivery,Failed,10258.61
300429,200429,11/25/2025,Debit Card,Paid,11949.64
300430,200430,7/19/2025,UPI,Paid,4393.72
300431,200431,5/18/2025,Net Banking,Paid,16267.56
300432,200432,9/4/2024,UPI,Paid,1262.55
300433,200433,8/15/2025,UPI,Paid,4354.61
300434,200434,7/10/2025,UPI,Paid,362.22
300435,200435,4/6/2025,Cash on Delivery,Failed,5360.74
300436,200436,9/15/2025,UPI,Paid,7643.4
300437,200437,1/25/2025,Credit Card,Paid,4075.08
300438,200438,4/3/2024,Wallet,Paid,23050.08
300439,200439,12/8/2025,Credit Card,Paid,2185.08
300440,200440,8/9/2024,Cash on Delivery,Paid,1979.2
300441,200441,8/19/2025,Credit Card,Failed,2761.02
300442,200442,12/2/2025,UPI,Paid,1026.54
300443,200443,2/25/2025,UPI,Paid,4438.07
300444,200444,12/5/2025,Credit Card,Failed,8824.6
300445,200445,8/21/2025,Debit Card,Paid,5041.53
300446,200446,2/3/2025,Debit Card,Paid,983.26
300447,200447,2/28/2024,UPI,Paid,4317.34
300448,200448,10/10/2023,UPI,Paid,14583.11
300449,200449,10/27/2024,UPI,Paid,4415.76
300450,200450,6/28/2025,Credit Card,Paid,3068.03
300451,200451,10/7/2025,Debit Card,Paid,20736.94
300452,200452,12/19/2024,Debit Card,Paid,5609.7
300453,200453,3/31/2025,UPI,Paid,4710
300454,200454,10/30/2024,UPI,Paid,211.39
300455,200455,8/12/2024,UPI,Paid,1490.9
300456,200456,7/10/2025,Credit Card,Paid,966.71
300457,200457,10/26/2025,UPI,Paid,1541.47
300458,200458,10/7/2024,Cash on Delivery,Paid,368.54
300459,200459,7/3/2024,Net Banking,Failed,11075.36
300460,200460,9/3/2025,Cash on Delivery,Paid,1044.81
300461,200461,10/23/2025,UPI,Paid,7551.72
300462,200462,10/29/2025,Net Banking,Paid,642.47
300463,200463,5/28/2025,Net Banking,Paid,2327.83
300464,200464,3/2/2025,Credit Card,Paid,4760.95
300465,200465,3/18/2024,UPI,Paid,884.27
300466,200466,7/30/2025,Credit Card,Paid,504.95
300467,200467,11/13/2025,UPI,Paid,3693.32
300468,200468,7/23/2024,Credit Card,Paid,4485.25
300469,200469,4/3/2025,Cash on Delivery,Paid,20130.7
300470,200470,8/29/2023,UPI,Paid,2933.08
300471,200471,6/2/2025,Wallet,Paid,24211.27
300472,200472,11/29/2024,UPI,Paid,1728.09
300473,200473,2/10/2025,UPI,Paid,575.88
300474,200474,5/13/2025,Credit Card,Paid,9265.54
300475,200475,1/1/2025,UPI,Paid,12125.86
300476,200476,12/13/2024,Debit Card,Paid,5063.91
300477,200477,8/25/2025,Cash on Delivery,Paid,4516.34
300478,200478,9/11/2024,UPI,Paid,6202.98
300479,200479,8/14/2025,UPI,Paid,3806.7
300480,200480,10/24/2025,Credit Card,Paid,3947.16
300481,200481,12/28/2025,Cash on Delivery,Paid,7414.2
300482,200482,7/9/2023,Debit Card,Paid,9258.94
300483,200483,10/26/2025,Cash on Delivery,Paid,10795.73
300484,200484,9/22/2025,Credit Card,Paid,7408.89
300485,200485,12/2/2024,Credit Card,Paid,11790.96
300486,200486,4/27/2025,Credit Card,Paid,1268.93
300487,200487,5/29/2025,UPI,Paid,7239.9
300488,200488,8/28/2025,Credit Card,Paid,2812.59
300489,200489,11/8/2025,UPI,Paid,181.23
300490,200490,5/21/2025,Debit Card,Paid,3517.75
300491,200491,5/23/2025,Net Banking,Paid,1659.86
300492,200492,3/20/2025,UPI,Paid,6567.78
300493,200493,9/29/2025,Credit Card,Paid,7146.47
300494,200494,8/23/2025,Debit Card,Paid,1281.36
300495,200495,4/2/2025,Debit Card,Paid,6547.74
300496,200496,6/8/2025,UPI,Paid,4243.49
300497,200497,2/10/2024,Credit Card,Paid,4574.71
300498,200498,5/31/2024,UPI,Paid,2480.91
300499,200499,7/13/2025,Wallet,Paid,2093.75
300500,200500,10/3/2025,UPI,Paid,2555.97
300501,200501,7/21/2025,Net Banking,Paid,6400.49
300502,200502,8/9/2024,UPI,Paid,11843.7
300503,200503,7/23/2024,Wallet,Paid,3935.66
300504,200504,12/27/2025,Credit Card,Paid,5100.3
300505,200505,3/19/2025,UPI,Paid,2255.61
300506,200506,12/15/2025,Credit Card,Paid,2169.31
300507,200507,8/13/2025,Debit Card,Paid,2009.83
300508,200508,11/18/2023,UPI,Paid,4507.25
300509,200509,3/20/2024,UPI,Paid,310.93
300510,200510,5/18/2025,UPI,Paid,1271.42
300511,200511,12/17/2024,Credit Card,Paid,971.28
300512,200512,3/6/2025,Credit Card,Paid,14897.12
300513,200513,4/22/2025,Wallet,Paid,2934.4
300514,200514,4/8/2025,UPI,Paid,10115.02
300515,200515,8/14/2025,Cash on Delivery,Paid,5426.66
300516,200516,1/3/2024,UPI,Paid,9216.43
300517,200517,7/23/2025,UPI,Paid,347.94
300518,200518,8/10/2025,Debit Card,Paid,13548.31
300519,200519,12/1/2024,Cash on Delivery,Paid,3502.43
300520,200520,9/23/2024,Debit Card,Paid,5216.84
300521,200521,1/24/2025,UPI,Paid,2670.49
300522,200522,8/3/2025,UPI,Paid,1443.97
300523,200523,7/3/2024,Cash on Delivery,Paid,4481.7
300524,200524,12/19/2024,Wallet,Paid,330.16
300525,200525,6/5/2025,Wallet,Paid,1126.32
300526,200526,9/2/2025,Debit Card,Paid,2020.99
300527,200527,8/26/2025,Wallet,Paid,4556.01
300528,200528,5/17/2025,Credit Card,Paid,34010.3
300529,200529,12/16/2025,Wallet,Paid,6308.16
300530,200530,10/30/2025,Net Banking,Paid,4065.29
300531,200531,8/4/2025,UPI,Paid,1072.88
300532,200532,7/1/2025,Credit Card,Paid,7338.68
300533,200533,8/30/2024,UPI,Paid,2179
300534,200534,7/28/2025,Wallet,Paid,1275.52
300535,200535,5/31/2025,UPI,Paid,5331.99
300536,200536,1/28/2025,UPI,Paid,6424.45
300537,200537,3/19/2025,Wallet,Paid,539.76
300538,200538,4/20/2025,Cash on Delivery,Paid,3981.77
300539,200539,7/27/2025,UPI,Paid,17010.87
300540,200540,11/17/2025,Wallet,Paid,15583.98
300541,200541,2/16/2024,Credit Card,Paid,8061.17
300542,200542,7/28/2023,UPI,Paid,4238.38
300543,200543,10/28/2025,Debit Card,Paid,8167.68
300544,200544,4/20/2025,UPI,Paid,2732.76
300545,200545,11/30/2025,Debit Card,Paid,9157.76
300546,200546,6/1/2025,Net Banking,Paid,3159.96
300547,200547,12/25/2025,UPI,Paid,2414.08
300548,200548,12/9/2024,UPI,Paid,698.15
300549,200549,4/30/2025,Cash on Delivery,Paid,10270.47
300550,200550,1/27/2024,UPI,Paid,5896.13
300551,200551,11/19/2025,Cash on Delivery,Paid,9099.96
300552,200552,12/9/2025,Debit Card,Paid,2934.92
300553,200553,8/6/2024,Debit Card,Paid,5520.97
300554,200554,12/21/2024,Debit Card,Paid,4084.44
300555,200555,12/14/2024,Credit Card,Paid,1032.25
300556,200556,4/14/2025,Debit Card,Paid,5331.81
300557,200557,9/14/2024,Debit Card,Paid,3701.63
300558,200558,2/19/2025,Debit Card,Paid,4913.66
300559,200559,6/12/2025,Debit Card,Paid,1043.16
300560,200560,5/11/2025,UPI,Paid,5825.72
300561,200561,6/7/2025,UPI,Paid,30529.07
300562,200562,6/7/2025,Debit Card,Paid,2156.88
300563,200563,11/25/2023,UPI,Paid,1189.63
300564,200564,7/1/2025,Credit Card,Paid,24283.45
300565,200565,3/4/2025,UPI,Paid,1648.26
300566,200566,10/21/2024,UPI,Paid,716.07
300567,200567,6/24/2025,Credit Card,Paid,4300.39
300568,200568,2/12/2025,Credit Card,Paid,3308.39
300569,200569,6/15/2025,Credit Card,Paid,4339.81
300570,200570,10/29/2025,Credit Card,Paid,4582.62
300571,200571,12/8/2025,Wallet,Paid,3938.97
300572,200572,12/23/2025,UPI,Paid,30455.27
300573,200573,12/17/2025,UPI,Paid,3587.9
300574,200574,7/26/2025,Cash on Delivery,Paid,256.06
300575,200575,5/11/2025,UPI,Paid,31371.55
300576,200576,5/16/2024,Net Banking,Paid,11678.04
300577,200577,11/23/2025,Net Banking,Paid,1394.2
300578,200578,3/31/2024,Debit Card,Paid,6227.94
300579,200579,8/25/2024,UPI,Paid,1315.43
300580,200580,8/7/2025,Cash on Delivery,Paid,3751.38
300581,200581,12/3/2025,Credit Card,Paid,5373.41
300582,200582,7/11/2025,Debit Card,Paid,586.77
300583,200583,2/8/2025,UPI,Paid,15943.44
300584,200584,8/30/2025,Credit Card,Paid,766.06
300585,200585,7/18/2025,Credit Card,Paid,3851.44
300586,200586,11/13/2025,Credit Card,Paid,1126.18
300587,200587,4/16/2025,Credit Card,Paid,7995.08
300588,200588,10/18/2025,Credit Card,Paid,653.15
300589,200589,9/1/2025,Credit Card,Paid,1215.5
300590,200590,11/5/2025,UPI,Paid,2056.25
300591,200591,6/11/2024,Cash on Delivery,Paid,11294.69
300592,200592,2/18/2025,Wallet,Paid,15091.38
300593,200593,4/12/2025,Credit Card,Paid,22697.11
300594,200594,12/10/2024,Credit Card,Paid,4963.54
300595,200595,11/2/2024,UPI,Paid,1686.84
300596,200596,7/24/2025,Net Banking,Paid,2754.67
300597,200597,6/2/2025,UPI,Paid,4285.84
300598,200598,12/15/2025,Credit Card,Paid,17667.55
300599,200599,12/19/2025,Net Banking,Paid,19369.62
300600,200600,10/23/2025,Debit Card,Paid,1263.94
300601,200601,1/23/2024,Net Banking,Paid,2234.13
300602,200602,10/5/2025,Debit Card,Paid,1907.11
300603,200603,1/16/2025,Debit Card,Paid,1720.73
300604,200604,9/16/2025,Net Banking,Paid,6903.92
300605,200605,2/5/2025,Wallet,Paid,2465.68
300606,200606,7/22/2025,Cash on Delivery,Paid,2679.96
300607,200607,11/10/2025,UPI,Paid,13930.85
300608,200608,8/16/2025,UPI,Paid,481.22
300609,200609,7/15/2024,UPI,Paid,2612.61
300610,200610,4/3/2025,Credit Card,Paid,5325.43
300611,200611,6/10/2024,Cash on Delivery,Paid,6670.65
300612,200612,7/9/2024,Credit Card,Paid,22449.92
300613,200613,8/15/2025,UPI,Paid,1890.8
300614,200614,8/4/2023,UPI,Pending,6030.67
300615,200615,8/16/2025,Debit Card,Paid,2200.36
300616,200616,2/14/2024,UPI,Paid,2772.82
300617,200617,12/10/2025,Credit Card,Paid,7300.13
300618,200618,4/30/2024,Credit Card,Paid,16435.6
300619,200619,10/9/2025,Credit Card,Paid,6460.13
300620,200620,12/16/2024,UPI,Paid,8121.15
300621,200621,12/6/2025,UPI,Paid,7213.22
300622,200622,6/19/2023,Debit Card,Paid,3177.72
300623,200623,8/18/2024,Net Banking,Paid,1249.63
300624,200624,8/14/2024,Cash on Delivery,Paid,133.71
300625,200625,8/19/2024,Debit Card,Paid,2999.85
300626,200626,12/2/2023,UPI,Paid,4935.25
300627,200627,3/8/2025,Debit Card,Paid,1864.37
300628,200628,9/14/2025,Net Banking,Paid,2843.49
300629,200629,9/24/2025,UPI,Failed,8341.52
300630,200630,10/7/2024,Credit Card,Paid,8062.6
300631,200631,9/16/2025,Cash on Delivery,Paid,4776.5
300632,200632,5/27/2024,Credit Card,Paid,25420.71
300633,200633,12/10/2025,Debit Card,Paid,187.93
300634,200634,5/19/2024,Debit Card,Paid,2101.53
300635,200635,12/19/2025,UPI,Paid,5036.36
300636,200636,3/19/2025,Wallet,Paid,3481.85
300637,200637,7/24/2025,Credit Card,Paid,8094.65
300638,200638,8/17/2024,Credit Card,Paid,2685.43
300639,200639,10/17/2024,Credit Card,Paid,19595.47
300640,200640,2/28/2024,Debit Card,Paid,5403.42
300641,200641,10/30/2025,Credit Card,Paid,5129.44
300642,200642,3/31/2025,UPI,Paid,6761.93
300643,200643,11/24/2025,Credit Card,Paid,9263
300644,200644,4/29/2025,Credit Card,Paid,4225.95
300645,200645,9/25/2025,Credit Card,Paid,8902.11
300646,200646,1/10/2024,UPI,Paid,6345.51
300647,200647,12/5/2023,UPI,Paid,5993.76
300648,200648,11/29/2025,UPI,Paid,1459.4
300649,200649,7/17/2025,UPI,Paid,3386.43
300650,200650,7/11/2025,Net Banking,Paid,1115.73
300651,200651,9/20/2025,Credit Card,Paid,2700.63
300652,200652,7/27/2025,Debit Card,Paid,10426.45
300653,200653,7/11/2025,Cash on Delivery,Pending,11995.34
300654,200654,12/27/2025,Cash on Delivery,Paid,6483.07
300655,200655,8/14/2025,Debit Card,Paid,9586.08
300656,200656,8/28/2025,Wallet,Paid,1068.87
300657,200657,10/22/2025,Cash on Delivery,Paid,2336.66
300658,200658,11/13/2025,UPI,Failed,8245.93
300659,200659,2/3/2024,Net Banking,Paid,22289.98
300660,200660,12/4/2025,UPI,Paid,356.1
300661,200661,5/16/2025,UPI,Paid,982.3
300662,200662,7/27/2025,Debit Card,Paid,6881.57
300663,200663,11/21/2025,Credit Card,Pending,1539.7
300664,200664,7/24/2024,Cash on Delivery,Paid,1457.48
300665,200665,12/8/2025,UPI,Paid,654.74
300666,200666,2/3/2025,Credit Card,Pending,3836.99
300667,200667,5/25/2023,Credit Card,Paid,7448.88
300668,200668,6/30/2023,Credit Card,Paid,505.18
300669,200669,8/26/2025,Cash on Delivery,Paid,10409.56
300670,200670,12/1/2025,Debit Card,Paid,17727.8
300671,200671,8/30/2025,Debit Card,Paid,14726.36
300672,200672,2/5/2025,UPI,Failed,675.92
300673,200673,11/20/2023,Cash on Delivery,Paid,5780.43
300674,200674,12/17/2025,Credit Card,Paid,19238.73
300675,200675,6/28/2025,Debit Card,Paid,1841.91
300676,200676,8/31/2024,Credit Card,Paid,5541.98
300677,200677,3/25/2024,Cash on Delivery,Paid,12067
300678,200678,7/31/2025,UPI,Paid,14084.75
300679,200679,9/14/2023,Net Banking,Paid,12594.02
300680,200680,1/26/2025,UPI,Paid,7172.18
300681,200681,7/5/2024,Debit Card,Paid,407
300682,200682,5/24/2024,Debit Card,Paid,253.94
300683,200683,4/9/2025,UPI,Paid,3673.26
300684,200684,12/28/2025,UPI,Paid,908.37
300685,200685,12/31/2024,UPI,Paid,9770.12
300686,200686,7/6/2024,Cash on Delivery,Paid,14050.05
300687,200687,11/2/2025,Credit Card,Paid,3206.02
300688,200688,11/16/2025,Debit Card,Paid,1270.33
300689,200689,8/24/2025,Wallet,Paid,8831.48
300690,200690,9/8/2025,Debit Card,Paid,7824.09
300691,200691,6/22/2025,Net Banking,Paid,21915.92
300692,200692,5/22/2024,UPI,Pending,10398.86
300693,200693,1/15/2025,UPI,Paid,4792.8
300694,200694,3/16/2023,Credit Card,Paid,20052.06
300695,200695,11/21/2025,Credit Card,Paid,5077.99
300696,200696,8/5/2025,UPI,Paid,8202.7
300697,200697,12/25/2025,Credit Card,Paid,2622.73
300698,200698,6/16/2024,Net Banking,Paid,909.73
300699,200699,7/22/2023,Debit Card,Paid,7595.14
300700,200700,5/15/2025,Credit Card,Paid,3133.4
300701,200701,8/14/2025,Net Banking,Paid,8630.6
300702,200702,12/20/2025,Net Banking,Paid,4034.59
300703,200703,11/11/2024,UPI,Paid,5173.03
300704,200704,3/10/2025,Credit Card,Paid,3023.58
300705,200705,11/20/2025,Net Banking,Paid,13939.42
300706,200706,8/25/2023,Credit Card,Paid,470.56
300707,200707,11/19/2025,Credit Card,Paid,12560.49
300708,200708,6/21/2025,Net Banking,Paid,1661.39
300709,200709,7/19/2025,UPI,Paid,14086.5
300710,200710,4/11/2025,Debit Card,Paid,4209.31
300711,200711,12/9/2025,Cash on Delivery,Paid,2004.65
300712,200712,6/8/2025,Cash on Delivery,Paid,12788.17
300713,200713,7/24/2025,Credit Card,Paid,5604.79
300714,200714,3/29/2025,Debit Card,Paid,1989.65
300715,200715,7/19/2025,UPI,Paid,7828.49
300716,200716,6/25/2025,Cash on Delivery,Paid,6440.82
300717,200717,9/27/2024,Credit Card,Paid,1822.41
300718,200718,11/2/2025,Net Banking,Paid,11871.57
300719,200719,8/7/2025,UPI,Paid,35748.71
300720,200720,9/23/2025,Credit Card,Paid,4522.54
300721,200721,1/5/2025,Credit Card,Paid,7371.06
300722,200722,12/18/2025,UPI,Paid,2152.79
300723,200723,10/15/2023,Net Banking,Paid,7434.86
300724,200724,8/23/2025,Credit Card,Paid,1933.28
300725,200725,8/12/2024,Credit Card,Pending,7882.64
300726,200726,7/14/2024,Debit Card,Paid,4477.34
300727,200727,8/6/2025,Net Banking,Failed,5969.82
300728,200728,12/17/2024,Debit Card,Paid,1737.9
300729,200729,11/10/2025,Credit Card,Paid,3250.89
300730,200730,12/23/2025,UPI,Paid,4151.63
300731,200731,4/23/2025,Credit Card,Paid,17951.42
300732,200732,9/22/2024,Credit Card,Paid,7843.38
300733,200733,6/9/2023,Debit Card,Paid,951.55
300734,200734,9/17/2025,Debit Card,Paid,956.97
300735,200735,12/27/2025,Debit Card,Paid,18522.29
300736,200736,8/24/2025,Cash on Delivery,Paid,7463.61
300737,200737,12/6/2024,UPI,Paid,5201.81
300738,200738,5/7/2025,Credit Card,Paid,414.17
300739,200739,11/30/2025,Wallet,Paid,4983.41
300740,200740,12/7/2024,Credit Card,Paid,9549.76
300741,200741,12/1/2025,Cash on Delivery,Paid,9128.19
300742,200742,12/23/2024,Credit Card,Paid,3014.15
300743,200743,10/11/2025,Cash on Delivery,Paid,2934.54
300744,200744,9/11/2024,Wallet,Paid,3099.06
300745,200745,11/3/2024,UPI,Failed,5497.92
300746,200746,10/25/2025,UPI,Paid,1472.82
300747,200747,6/6/2024,UPI,Paid,1943.63
300748,200748,12/2/2025,Credit Card,Paid,6719.37
300749,200749,11/3/2025,Credit Card,Paid,14568.58
300750,200750,12/4/2025,Net Banking,Paid,8982.54
300751,200751,4/4/2025,Net Banking,Paid,180.33
300752,200752,1/14/2024,Credit Card,Paid,6092.2
300753,200753,9/10/2025,Debit Card,Failed,2911.18
300754,200754,8/5/2025,Wallet,Paid,98.92
300755,200755,3/18/2025,UPI,Paid,4407.81
300756,200756,10/7/2025,UPI,Paid,3652.91
300757,200757,2/4/2024,Cash on Delivery,Paid,8907.66
300758,200758,1/21/2024,Cash on Delivery,Paid,33079.23
300759,200759,6/11/2024,UPI,Paid,2037.55
300760,200760,4/15/2023,Cash on Delivery,Paid,20040.21
300761,200761,12/9/2025,UPI,Paid,1129.81
300762,200762,9/16/2025,UPI,Paid,4257.18
300763,200763,1/5/2025,Debit Card,Paid,8933.91
300764,200764,12/25/2025,Debit Card,Paid,40538.14
300765,200765,11/24/2024,Credit Card,Paid,10321.04
300766,200766,12/12/2024,UPI,Paid,6500.85
300767,200767,6/30/2025,UPI,Paid,4103.97
300768,200768,11/23/2023,Net Banking,Paid,6298.95
300769,200769,5/14/2025,Cash on Delivery,Paid,1800.25
300770,200770,11/25/2024,UPI,Paid,5221.32
300771,200771,9/3/2024,Credit Card,Paid,2252.67
300772,200772,11/10/2024,Wallet,Paid,11480.14
300773,200773,10/26/2025,Credit Card,Paid,18842.45
300774,200774,6/5/2025,UPI,Paid,2931.69
300775,200775,2/13/2024,Credit Card,Paid,14777.41
300776,200776,9/7/2025,Debit Card,Paid,15391.08
300777,200777,9/27/2023,Cash on Delivery,Paid,4308.17
300778,200778,11/1/2025,UPI,Paid,6580.14
300779,200779,4/6/2025,UPI,Paid,9157.86
300780,200780,9/30/2023,UPI,Paid,11702.27
300781,200781,12/5/2025,Cash on Delivery,Paid,889.97
300782,200782,7/15/2024,Cash on Delivery,Paid,1211.03
300783,200783,7/8/2025,UPI,Failed,3036.58
300784,200784,1/31/2025,UPI,Paid,2026.64
300785,200785,12/15/2025,Net Banking,Paid,596.08
300786,200786,1/29/2025,Wallet,Paid,2804.09
300787,200787,6/20/2025,UPI,Paid,5028.43
300788,200788,7/8/2023,Cash on Delivery,Paid,5180.78
300789,200789,5/23/2023,Credit Card,Paid,1555.24
300790,200790,12/5/2024,UPI,Paid,5635.22
300791,200791,12/23/2025,UPI,Paid,11337.35
300792,200792,10/27/2025,UPI,Paid,6896.11
300793,200793,1/11/2025,Net Banking,Paid,414.26
300794,200794,1/21/2025,Cash on Delivery,Paid,16883.26
300795,200795,5/21/2025,Credit Card,Paid,4022.27
300796,200796,4/1/2025,UPI,Paid,11482.8
300797,200797,3/10/2025,Wallet,Paid,541.56
300798,200798,9/4/2025,Credit Card,Paid,5916.99
300799,200799,5/28/2025,UPI,Paid,4826.69
300800,200800,1/31/2025,UPI,Paid,4205.54
300801,200801,1/19/2024,Credit Card,Paid,1045.85
300802,200802,10/16/2025,Cash on Delivery,Paid,9702.65
300803,200803,11/1/2025,Credit Card,Paid,7672.69
300804,200804,5/31/2024,Credit Card,Paid,3874.09
300805,200805,7/2/2025,UPI,Paid,2002.9
300806,200806,10/30/2023,Wallet,Paid,250.22
300807,200807,7/26/2024,Credit Card,Paid,3899.42
300808,200808,8/18/2025,Net Banking,Paid,22066.51
300809,200809,12/21/2025,UPI,Paid,1074.68
300810,200810,1/7/2025,Credit Card,Paid,4122.96
300811,200811,6/18/2024,Debit Card,Paid,12815.88
300812,200812,11/16/2024,Credit Card,Paid,2735.1
300813,200813,12/10/2025,Debit Card,Paid,1004.94
300814,200814,6/27/2025,Credit Card,Paid,6414.52
300815,200815,11/18/2025,UPI,Paid,947.07
300816,200816,10/19/2023,UPI,Paid,3730.85
300817,200817,12/15/2025,Cash on Delivery,Paid,14416.84
300818,200818,6/11/2025,Debit Card,Paid,6032.11
300819,200819,6/29/2025,UPI,Paid,4345.77
300820,200820,5/16/2025,Debit Card,Paid,2109.62
300821,200821,3/19/2025,Debit Card,Paid,10894.84
300822,200822,1/21/2025,UPI,Failed,714.1
300823,200823,12/7/2024,Net Banking,Paid,187.57
300824,200824,4/30/2025,Credit Card,Paid,7209.04
300825,200825,9/19/2025,Cash on Delivery,Paid,20752.75
300826,200826,11/14/2025,Wallet,Paid,831.17
300827,200827,8/31/2025,UPI,Paid,3706.73
300828,200828,10/10/2025,UPI,Paid,1983.48
300829,200829,12/14/2025,UPI,Paid,4186.21
300830,200830,5/9/2025,UPI,Paid,17849.17
300831,200831,2/13/2024,Credit Card,Paid,3563.63
300832,200832,10/4/2025,Credit Card,Paid,4456.31
300833,200833,6/7/2023,UPI,Paid,3670.1
300834,200834,9/11/2024,UPI,Paid,2296.05
300835,200835,2/11/2025,Debit Card,Paid,3368.42
300836,200836,1/17/2025,Debit Card,Paid,301.2
300837,200837,4/17/2024,Cash on Delivery,Paid,13257.61
300838,200838,12/17/2025,Debit Card,Paid,2379.91
300839,200839,11/19/2024,Net Banking,Paid,31105.61
300840,200840,10/4/2024,Wallet,Paid,6479.21
300841,200841,9/17/2025,Credit Card,Paid,7497.63
300842,200842,8/23/2025,UPI,Paid,17529.48
300843,200843,1/26/2025,Net Banking,Paid,4011.19
300844,200844,6/2/2024,UPI,Paid,24607.48
300845,200845,12/4/2025,Credit Card,Paid,6355.9
300846,200846,7/24/2025,Net Banking,Paid,17935.56
300847,200847,5/14/2024,UPI,Paid,800.14
300848,200848,11/22/2025,UPI,Paid,7562.91
300849,200849,2/26/2025,Cash on Delivery,Paid,1582.69
300850,200850,11/10/2025,Cash on Delivery,Paid,16018.52
300851,200851,11/1/2024,Credit Card,Paid,21534.15
300852,200852,7/1/2025,Cash on Delivery,Paid,3520.1
300853,200853,9/4/2025,Credit Card,Paid,4863.67
300854,200854,12/6/2025,Credit Card,Paid,2447.83
300855,200855,12/21/2025,UPI,Paid,5164.49
300856,200856,5/9/2025,UPI,Paid,9998.77
300857,200857,8/14/2025,Credit Card,Pending,686.89
300858,200858,4/2/2025,Debit Card,Paid,3084.62
300859,200859,4/23/2025,Credit Card,Paid,6622.98
300860,200860,7/28/2025,Debit Card,Paid,4570.95
300861,200861,5/6/2024,Wallet,Paid,26981.64
300862,200862,2/13/2024,Cash on Delivery,Paid,2738.5
300863,200863,12/19/2025,UPI,Paid,5257.83
300864,200864,12/20/2025,UPI,Pending,2240.51
300865,200865,10/27/2025,Credit Card,Paid,2273.84
300866,200866,11/8/2024,Net Banking,Paid,3916.03
300867,200867,11/28/2025,UPI,Paid,3864.78
300868,200868,5/15/2025,UPI,Paid,2899.17
300869,200869,5/2/2025,Cash on Delivery,Paid,8381.52
300870,200870,9/24/2024,UPI,Paid,12092.34
300871,200871,4/23/2024,Credit Card,Paid,5200.08
300872,200872,12/23/2025,UPI,Paid,7751.62
300873,200873,9/29/2024,Cash on Delivery,Paid,7423.68
300874,200874,11/20/2025,Cash on Delivery,Paid,20710.02
300875,200875,10/2/2023,Wallet,Paid,3638.54
300876,200876,7/2/2025,Net Banking,Paid,4731.92
300877,200877,10/23/2025,UPI,Paid,15071.16
300878,200878,10/25/2024,Debit Card,Paid,12092.22
300879,200879,1/8/2025,UPI,Paid,1501.07
300880,200880,11/12/2025,Net Banking,Paid,2136.02
300881,200881,2/26/2024,Debit Card,Paid,10870.68
300882,200882,9/12/2025,UPI,Paid,6148.02
300883,200883,10/2/2025,UPI,Paid,16023.84
300884,200884,9/2/2024,UPI,Paid,5257.94
300885,200885,9/14/2023,Net Banking,Paid,2676.1
300886,200886,10/31/2025,Debit Card,Paid,4148.01
300887,200887,9/2/2025,Credit Card,Failed,85.34
300888,200888,3/4/2025,Debit Card,Paid,1586.74
300889,200889,7/17/2025,Net Banking,Paid,4761.63
300890,200890,3/29/2025,UPI,Paid,1343.92
300891,200891,9/9/2024,Cash on Delivery,Paid,10666.49
300892,200892,2/13/2025,Debit Card,Paid,1682.18
300893,200893,2/14/2025,Credit Card,Paid,7534.27
300894,200894,9/26/2025,UPI,Paid,10092.97
300895,200895,11/19/2025,Net Banking,Pending,1679.52
300896,200896,8/9/2025,Debit Card,Paid,813.16
300897,200897,7/17/2025,Debit Card,Paid,14870.69
300898,200898,9/17/2025,UPI,Paid,8301.59
300899,200899,1/19/2024,Debit Card,Paid,2471.27
300900,200900,6/25/2024,Net Banking,Paid,7777.49
300901,200901,2/25/2025,UPI,Paid,18717.14
300902,200902,9/28/2025,Cash on Delivery,Paid,418.26
300903,200903,2/13/2024,Credit Card,Failed,15671.01
300904,200904,12/18/2024,Credit Card,Paid,8291.21
300905,200905,4/16/2024,Cash on Delivery,Paid,8433.38
300906,200906,12/15/2025,Credit Card,Paid,4505.06
300907,200907,3/9/2025,UPI,Paid,2681.25
300908,200908,5/1/2024,Cash on Delivery,Paid,4040.64
300909,200909,11/18/2023,Debit Card,Paid,814.01
300910,200910,1/30/2025,Credit Card,Paid,5034.23
300911,200911,12/17/2025,Debit Card,Pending,606.92
300912,200912,9/15/2025,Cash on Delivery,Paid,860.78
300913,200913,4/15/2025,Net Banking,Paid,3289.4
300914,200914,11/5/2025,Cash on Delivery,Paid,4537.7
300915,200915,7/15/2024,UPI,Paid,8339.86
300916,200916,11/30/2023,Cash on Delivery,Paid,2455.59
300917,200917,11/18/2025,Credit Card,Paid,7078.1
300918,200918,2/6/2024,UPI,Paid,522.44
300919,200919,1/5/2025,Credit Card,Paid,13120.05
300920,200920,10/17/2024,Cash on Delivery,Paid,2555.37
300921,200921,6/2/2023,Debit Card,Paid,7360.5
300922,200922,4/30/2025,Debit Card,Paid,1488.77
300923,200923,7/4/2025,Credit Card,Paid,8008.66
300924,200924,8/5/2024,UPI,Paid,283.32
300925,200925,10/17/2024,UPI,Paid,2223.18
300926,200926,10/11/2025,Cash on Delivery,Paid,8524.36
300927,200927,8/19/2025,Wallet,Paid,4952.69
300928,200928,9/28/2025,UPI,Paid,6686.26
300929,200929,12/31/2024,Wallet,Paid,2753.38
300930,200930,12/6/2023,Cash on Delivery,Paid,5570.3
300931,200931,9/27/2025,Debit Card,Paid,2717.75
300932,200932,12/9/2025,Cash on Delivery,Paid,20428.87
300933,200933,12/17/2025,UPI,Paid,5501.99
300934,200934,3/8/2024,UPI,Paid,12771.79
300935,200935,11/27/2025,UPI,Paid,750.17
300936,200936,12/19/2024,UPI,Paid,384.71
300937,200937,1/17/2025,Net Banking,Paid,1217.84
300938,200938,2/6/2025,Wallet,Paid,17466.31
300939,200939,10/31/2025,Credit Card,Paid,1201.1
300940,200940,3/27/2024,Debit Card,Paid,315.03
300941,200941,7/4/2025,UPI,Paid,16109.31
300942,200942,8/17/2025,UPI,Paid,1470.67
300943,200943,11/4/2025,UPI,Paid,297.03
300944,200944,4/25/2024,UPI,Paid,9364.61
300945,200945,2/14/2025,UPI,Paid,16642.01
300946,200946,11/2/2025,Net Banking,Paid,2123.01
300947,200947,12/30/2024,Cash on Delivery,Paid,4943.93
300948,200948,11/15/2024,Cash on Delivery,Paid,4943.06
300949,200949,1/7/2024,Wallet,Paid,2963.81
300950,200950,12/10/2025,Net Banking,Paid,1625.83
300951,200951,11/16/2025,Debit Card,Paid,5837.38
300952,200952,7/22/2025,Credit Card,Failed,10254.72
300953,200953,1/4/2025,Net Banking,Paid,661.04
300954,200954,8/4/2025,Debit Card,Paid,6331.61
300955,200955,6/12/2025,UPI,Paid,167.87
300956,200956,10/8/2025,Debit Card,Paid,4344.98
300957,200957,9/8/2024,UPI,Paid,11717.39
300958,200958,11/19/2023,Debit Card,Paid,3957.39
300959,200959,3/29/2025,Debit Card,Paid,8979.48
300960,200960,1/16/2025,UPI,Paid,10247.74
300961,200961,10/31/2025,Wallet,Paid,7414.81
300962,200962,7/24/2025,Net Banking,Paid,625.04
300963,200963,6/18/2025,Debit Card,Paid,831.35
300964,200964,7/4/2025,Debit Card,Paid,1485.77
300965,200965,3/25/2025,Credit Card,Paid,304.9
300966,200966,11/25/2023,Debit Card,Paid,3700.1
300967,200967,2/11/2025,Net Banking,Paid,3553.38
300968,200968,5/14/2024,Credit Card,Failed,6565.52
300969,200969,5/14/2025,UPI,Paid,7368.56
300970,200970,9/16/2025,UPI,Paid,3251.12
300971,200971,6/28/2024,Wallet,Paid,9975.01
300972,200972,7/24/2025,Credit Card,Paid,6696.57
300973,200973,8/28/2025,Net Banking,Paid,1674.19
300974,200974,4/7/2025,UPI,Paid,16257.61
300975,200975,9/29/2025,Credit Card,Paid,14311.3
300976,200976,8/27/2024,Debit Card,Paid,3486.15
300977,200977,10/19/2025,Credit Card,Paid,3339.04
300978,200978,1/15/2025,Net Banking,Paid,184.16
300979,200979,4/2/2023,Cash on Delivery,Paid,2900.55
300980,200980,9/6/2025,UPI,Paid,3137.33
300981,200981,8/22/2025,Debit Card,Paid,14148.2
300982,200982,5/29/2024,Net Banking,Paid,5491.22
300983,200983,10/12/2023,UPI,Paid,4749.17
300984,200984,7/17/2025,Credit Card,Paid,4408.31
300985,200985,4/24/2025,UPI,Paid,4145.5
300986,200986,4/29/2023,Net Banking,Paid,3063.64
300987,200987,10/14/2023,Wallet,Paid,13320.49
300988,200988,2/2/2025,Net Banking,Paid,7424.7
300989,200989,2/10/2025,Cash on Delivery,Paid,6617.31
300990,200990,12/9/2025,UPI,Paid,1724.05
300991,200991,6/3/2025,UPI,Paid,1545.01
300992,200992,2/4/2025,UPI,Paid,6192.5
300993,200993,9/12/2024,Debit Card,Paid,708.69
300994,200994,5/26/2025,Credit Card,Paid,5497.94
300995,200995,7/5/2024,UPI,Paid,32966.67
300996,200996,4/27/2024,UPI,Paid,7344.74
300997,200997,5/2/2025,Debit Card,Paid,2092.72
300998,200998,8/28/2025,Net Banking,Paid,14240.37
300999,200999,12/22/2025,Cash on Delivery,Paid,7085.1
301000,201000,9/23/2024,Debit Card,Paid,6571.6
301001,201001,1/13/2024,Credit Card,Paid,5820.1
301002,201002,4/17/2025,Net Banking,Paid,14063.8
301003,201003,12/7/2023,Net Banking,Paid,9723.65
301004,201004,1/27/2024,UPI,Paid,458.4
301005,201005,12/5/2025,Credit Card,Paid,20032.97
301006,201006,10/31/2024,Debit Card,Paid,3840.68
301007,201007,12/8/2025,Cash on Delivery,Paid,14873.15
301008,201008,6/18/2023,UPI,Paid,2689.97
301009,201009,7/8/2025,Wallet,Paid,12653.05
301010,201010,8/21/2025,Debit Card,Paid,1099.64
301011,201011,11/16/2025,Credit Card,Paid,2386.12
301012,201012,12/30/2025,UPI,Paid,2431.94
301013,201013,9/17/2025,UPI,Paid,8005.27
301014,201014,5/10/2024,Credit Card,Paid,8024.29
301015,201015,4/5/2025,UPI,Failed,8306.73
301016,201016,10/11/2024,Net Banking,Paid,4211.76
301017,201017,11/8/2025,Wallet,Paid,2013.38
301018,201018,2/6/2025,Cash on Delivery,Paid,12667.61
301019,201019,6/24/2025,Wallet,Paid,14875.58
301020,201020,4/18/2025,Net Banking,Paid,5886.09
301021,201021,2/14/2025,Debit Card,Paid,10836.57
301022,201022,3/5/2025,Wallet,Paid,3173.9
301023,201023,12/6/2025,Cash on Delivery,Paid,13820.15
301024,201024,8/11/2025,Credit Card,Paid,114.49
301025,201025,12/30/2025,Debit Card,Paid,4610.7
301026,201026,4/6/2025,UPI,Paid,3964.7
301027,201027,5/10/2025,Credit Card,Paid,4550.68
301028,201028,3/4/2024,UPI,Paid,5709.45
301029,201029,12/31/2025,UPI,Paid,3012.05
301030,201030,4/18/2025,Debit Card,Pending,38961.51
301031,201031,12/16/2025,Debit Card,Paid,4387.61
301032,201032,11/6/2025,Credit Card,Paid,10988.55
301033,201033,9/20/2025,Cash on Delivery,Paid,3898.35
301034,201034,11/26/2025,Cash on Delivery,Paid,39534.81
301035,201035,11/30/2024,Debit Card,Paid,9495.73
301036,201036,9/2/2025,Cash on Delivery,Pending,17412.83
301037,201037,4/6/2025,Credit Card,Paid,1395.58
301038,201038,12/22/2024,Credit Card,Paid,3748.08
301039,201039,8/7/2024,Credit Card,Paid,9440.13
301040,201040,3/27/2025,Wallet,Paid,5049.01
301041,201041,4/21/2025,Credit Card,Paid,2145.22
301042,201042,11/10/2025,Wallet,Paid,3930.88
301043,201043,7/2/2025,Cash on Delivery,Paid,1800.36
301044,201044,7/10/2025,Credit Card,Paid,11671.65
301045,201045,2/4/2025,Cash on Delivery,Paid,403.3
301046,201046,9/8/2025,Cash on Delivery,Paid,18823.96
301047,201047,4/12/2025,Wallet,Paid,10857.2
301048,201048,12/27/2025,Debit Card,Paid,15352.39
301049,201049,2/24/2024,Cash on Delivery,Paid,2680.2
301050,201050,12/3/2025,Credit Card,Paid,2780.82
301051,201051,3/6/2025,UPI,Paid,9494.49
301052,201052,8/27/2025,UPI,Paid,1475.41
301053,201053,12/21/2025,Debit Card,Paid,1590.57
301054,201054,7/22/2024,Wallet,Paid,2902.21
301055,201055,12/9/2025,Debit Card,Paid,1395.38
301056,201056,12/8/2025,Wallet,Paid,7226.06
301057,201057,8/19/2024,Credit Card,Paid,4634.2
301058,201058,6/12/2025,Credit Card,Paid,4136.62
301059,201059,10/23/2025,UPI,Paid,15877.8
301060,201060,6/24/2025,Credit Card,Paid,3213.44
301061,201061,12/26/2023,Cash on Delivery,Paid,8850.93
301062,201062,5/7/2024,UPI,Paid,12778.68
301063,201063,11/15/2025,UPI,Paid,642.44
301064,201064,7/12/2025,Net Banking,Paid,14882.83
301065,201065,8/11/2025,Cash on Delivery,Paid,13739.04
301066,201066,9/21/2025,UPI,Paid,7131.1
301067,201067,5/2/2025,Wallet,Paid,3854.3
301068,201068,10/4/2025,UPI,Paid,248.54
301069,201069,8/19/2024,Credit Card,Paid,8009.77
301070,201070,11/8/2025,Net Banking,Paid,7932.57
301071,201071,11/16/2025,Credit Card,Paid,9366.36
301072,201072,11/4/2025,Cash on Delivery,Paid,110.96
301073,201073,7/28/2025,Debit Card,Paid,1844.8
301074,201074,8/25/2024,UPI,Paid,4463.48
301075,201075,11/7/2025,UPI,Paid,36099.05
301076,201076,7/29/2024,Net Banking,Paid,8959.01
301077,201077,1/2/2025,UPI,Paid,432.18
301078,201078,3/28/2025,Net Banking,Paid,12735.51
301079,201079,10/30/2024,UPI,Paid,3904.83
301080,201080,12/15/2025,UPI,Paid,2342.86
301081,201081,1/27/2024,Credit Card,Paid,2824.69
301082,201082,4/12/2025,UPI,Paid,244.3
301083,201083,2/1/2025,Cash on Delivery,Paid,6832.43
301084,201084,8/7/2024,Debit Card,Paid,3727.89
301085,201085,11/21/2025,Net Banking,Pending,1282.04
301086,201086,12/10/2025,UPI,Paid,14934.29
301087,201087,3/9/2025,Credit Card,Paid,10081.36
301088,201088,4/26/2025,UPI,Paid,2593.72
301089,201089,1/26/2024,Cash on Delivery,Paid,1827.13
301090,201090,10/2/2025,Cash on Delivery,Paid,3204.9
301091,201091,9/13/2025,Credit Card,Paid,4630.17
301092,201092,10/8/2025,UPI,Paid,1916.3
301093,201093,12/20/2025,Credit Card,Paid,1019.63
301094,201094,11/14/2025,Credit Card,Paid,1962.98
301095,201095,10/9/2025,Credit Card,Paid,846.31
301096,201096,9/13/2025,Debit Card,Paid,559.69
301097,201097,8/5/2025,Credit Card,Paid,5920.74
301098,201098,8/15/2023,Credit Card,Paid,7256.46
301099,201099,9/26/2025,Wallet,Paid,1703.61
301100,201100,3/27/2025,Cash on Delivery,Paid,457.74
301101,201101,7/31/2025,UPI,Paid,9144.2
301102,201102,9/9/2025,Credit Card,Paid,861.08
301103,201103,8/16/2024,Cash on Delivery,Paid,16032.12
301104,201104,12/23/2025,Debit Card,Paid,2446.86
301105,201105,5/28/2025,UPI,Paid,7545.16
301106,201106,10/20/2025,UPI,Paid,5452.23
301107,201107,11/27/2025,Cash on Delivery,Paid,9779.02
301108,201108,3/18/2024,UPI,Paid,4501.75
301109,201109,12/23/2025,UPI,Paid,1529.5
301110,201110,5/13/2025,Debit Card,Paid,2420.19
301111,201111,1/18/2025,Credit Card,Paid,5758.47
301112,201112,10/10/2024,Debit Card,Paid,11398.84
301113,201113,2/1/2024,UPI,Paid,8703.85
301114,201114,2/3/2025,Debit Card,Paid,14179.67
301115,201115,5/22/2025,Credit Card,Paid,331.13
301116,201116,11/30/2024,UPI,Paid,5815.48
301117,201117,10/12/2024,Cash on Delivery,Paid,3897.05
301118,201118,12/29/2025,Debit Card,Paid,19220.5
301119,201119,4/8/2025,UPI,Failed,2914.06
301120,201120,8/24/2025,Debit Card,Paid,947.45
301121,201121,2/28/2024,Credit Card,Paid,2206.68
301122,201122,8/19/2025,UPI,Paid,6980.61
301123,201123,2/11/2025,UPI,Paid,9366.7
301124,201124,9/5/2025,Credit Card,Paid,2027.62
301125,201125,8/8/2025,UPI,Paid,4223.3
301126,201126,1/27/2025,Credit Card,Paid,8575.23
301127,201127,6/19/2023,Debit Card,Paid,7930.97
301128,201128,11/8/2024,Credit Card,Paid,6735.08
301129,201129,12/21/2023,Debit Card,Paid,6717.68
301130,201130,6/26/2025,Credit Card,Paid,868.93
301131,201131,12/4/2025,Debit Card,Paid,6877.62
301132,201132,10/31/2023,Debit Card,Paid,478.64
301133,201133,7/22/2025,Debit Card,Paid,22233.19
301134,201134,1/19/2025,Debit Card,Paid,3603.73
301135,201135,10/7/2025,Debit Card,Paid,1724.04
301136,201136,7/24/2024,Net Banking,Paid,3481.15
301137,201137,11/2/2025,Credit Card,Paid,1805.64
301138,201138,12/23/2025,Credit Card,Paid,4206.18
301139,201139,1/20/2025,Wallet,Failed,2262.99
301140,201140,2/8/2025,UPI,Paid,4495.22
301141,201141,12/10/2025,Credit Card,Paid,2362.08
301142,201142,10/2/2025,Debit Card,Paid,16435
301143,201143,3/7/2024,Cash on Delivery,Paid,492.91
301144,201144,11/4/2024,Net Banking,Paid,6325.02
301145,201145,9/27/2025,Debit Card,Paid,1865.82
301146,201146,7/22/2024,Credit Card,Paid,22837.57
301147,201147,7/1/2024,Debit Card,Paid,3617
301148,201148,12/21/2025,Debit Card,Paid,8352.37
301149,201149,10/9/2025,UPI,Paid,4053.9
301150,201150,4/30/2025,UPI,Paid,6031.11
301151,201151,7/29/2025,Net Banking,Paid,2664.36
301152,201152,6/5/2025,Credit Card,Paid,2615.19
301153,201153,8/7/2025,Net Banking,Paid,6087.79
301154,201154,12/2/2025,Cash on Delivery,Paid,1979.97
301155,201155,3/29/2025,Credit Card,Paid,7019.93
301156,201156,6/21/2025,Credit Card,Paid,8392.81
301157,201157,2/3/2025,Wallet,Paid,9657.31
301158,201158,12/30/2023,UPI,Paid,13160.59
301159,201159,12/6/2025,Net Banking,Paid,12019.06
301160,201160,11/29/2025,Net Banking,Paid,5632.49
301161,201161,3/9/2025,Cash on Delivery,Paid,2327.11
301162,201162,2/13/2025,Wallet,Paid,719.87
301163,201163,4/1/2025,UPI,Paid,7743.24
301164,201164,11/17/2024,Wallet,Paid,13785.56
301165,201165,4/6/2025,Credit Card,Paid,20408.95
301166,201166,8/16/2025,Credit Card,Paid,1351.99
301167,201167,1/22/2024,Credit Card,Paid,785.22
301168,201168,10/29/2025,UPI,Paid,2807.87
301169,201169,6/23/2025,Net Banking,Paid,4793.73
301170,201170,4/21/2025,Credit Card,Paid,2120.1
301171,201171,11/3/2024,Debit Card,Paid,3159.17
301172,201172,2/3/2024,Wallet,Paid,8864.69
301173,201173,7/12/2025,UPI,Paid,5899.63
301174,201174,5/31/2025,Net Banking,Paid,158.27
301175,201175,7/22/2025,UPI,Paid,2504.94
301176,201176,10/23/2025,Wallet,Paid,9758.21
301177,201177,8/22/2025,UPI,Paid,12307.59
301178,201178,6/6/2025,Credit Card,Paid,9146.21
301179,201179,12/26/2025,UPI,Paid,1093.2
301180,201180,12/19/2025,Net Banking,Paid,4995.75
301181,201181,10/15/2025,Cash on Delivery,Paid,1660.22
301182,201182,2/26/2025,Credit Card,Paid,928.31
301183,201183,1/17/2025,UPI,Paid,2326.25
301184,201184,4/29/2025,Cash on Delivery,Paid,842.13
301185,201185,3/31/2024,Credit Card,Paid,1723.29
301186,201186,11/16/2023,Cash on Delivery,Paid,316.58
301187,201187,9/20/2025,Cash on Delivery,Paid,3375.35
301188,201188,8/4/2024,UPI,Paid,8062.99
301189,201189,10/11/2025,Credit Card,Paid,5656.89
301190,201190,9/12/2025,UPI,Paid,7343.2
301191,201191,11/23/2025,Wallet,Paid,2161.32
301192,201192,11/15/2025,Cash on Delivery,Paid,854.59
301193,201193,5/14/2025,Debit Card,Paid,11861.35
301194,201194,4/21/2025,UPI,Paid,15144.3
301195,201195,4/11/2025,UPI,Paid,13345.93
301196,201196,2/18/2025,Debit Card,Paid,3863.83
301197,201197,3/25/2025,UPI,Paid,11152.09
301198,201198,1/26/2025,Cash on Delivery,Paid,1384
301199,201199,9/13/2023,UPI,Paid,358.27
301200,201200,7/19/2024,Credit Card,Paid,8332.95
301201,201201,11/17/2025,Cash on Delivery,Paid,7027.13
301202,201202,6/4/2024,Credit Card,Paid,2885.63
301203,201203,6/8/2024,UPI,Pending,642.79
301204,201204,3/8/2025,Credit Card,Paid,15045.67
301205,201205,7/8/2025,Credit Card,Paid,1951.02
301206,201206,11/8/2024,UPI,Paid,409.88
301207,201207,10/22/2025,UPI,Paid,6136.21
301208,201208,7/1/2024,Credit Card,Paid,6735.07
301209,201209,10/29/2025,UPI,Paid,4485.85
301210,201210,5/2/2024,Credit Card,Paid,13913.21
301211,201211,12/27/2025,Credit Card,Paid,3773.11
301212,201212,2/9/2025,Credit Card,Paid,1934.87
301213,201213,6/14/2024,UPI,Paid,7179.83
301214,201214,10/9/2025,Debit Card,Paid,15371.94
301215,201215,10/22/2024,Net Banking,Paid,3328.83
301216,201216,11/3/2025,Debit Card,Paid,1287.39
301217,201217,4/3/2025,Net Banking,Paid,20954.48
301218,201218,7/3/2023,UPI,Paid,5418.41
301219,201219,10/24/2025,Credit Card,Paid,3607.87
301220,201220,9/12/2024,Credit Card,Paid,6328.48
301221,201221,5/11/2024,UPI,Paid,30625.83
301222,201222,10/8/2025,UPI,Paid,3990.6
301223,201223,7/1/2025,Net Banking,Paid,10862.5
301224,201224,3/15/2024,Debit Card,Paid,506.15
301225,201225,3/31/2025,Credit Card,Paid,6442
301226,201226,10/5/2025,Cash on Delivery,Paid,2648.57
301227,201227,11/8/2025,UPI,Paid,1347.42
301228,201228,12/16/2023,UPI,Paid,3195.73
301229,201229,8/27/2024,Credit Card,Paid,2228.69
301230,201230,12/5/2025,UPI,Paid,10185.43
301231,201231,12/14/2025,Debit Card,Paid,6780.09
301232,201232,4/19/2024,Debit Card,Paid,10264.02
301233,201233,1/10/2025,UPI,Paid,551.54
301234,201234,12/1/2025,Credit Card,Paid,527.91
301235,201235,10/17/2025,Cash on Delivery,Paid,4468.03
301236,201236,5/14/2025,Wallet,Paid,24570.62
301237,201237,2/24/2025,Debit Card,Paid,23111.56
301238,201238,2/9/2025,Cash on Delivery,Paid,5902.31
301239,201239,3/14/2025,Credit Card,Paid,1914.01
301240,201240,2/24/2025,Debit Card,Paid,1830.82
301241,201241,4/19/2025,Net Banking,Pending,1733.44
301242,201242,5/21/2024,UPI,Paid,5273.21
301243,201243,9/23/2025,Credit Card,Paid,1549.94
301244,201244,3/19/2025,UPI,Paid,7419.13
301245,201245,12/2/2025,UPI,Paid,481.28
301246,201246,4/22/2025,Cash on Delivery,Paid,1157.91
301247,201247,11/13/2025,Net Banking,Paid,19187.97
301248,201248,6/24/2025,UPI,Paid,2503.88
301249,201249,10/15/2024,UPI,Paid,1015.12
301250,201250,11/9/2024,Debit Card,Paid,9603.26
301251,201251,9/28/2025,Credit Card,Paid,9520.81
301252,201252,11/22/2025,Net Banking,Paid,5931.07
301253,201253,12/8/2025,Credit Card,Paid,1775.48
301254,201254,9/12/2025,Net Banking,Paid,5131.31
301255,201255,12/20/2025,Net Banking,Paid,4794.09
301256,201256,10/18/2025,Net Banking,Paid,5813.5
301257,201257,8/9/2025,Debit Card,Paid,212.87
301258,201258,9/2/2025,Debit Card,Paid,14502.44
301259,201259,12/5/2025,Debit Card,Paid,5224
301260,201260,11/9/2025,Credit Card,Paid,3303.1
301261,201261,7/7/2025,UPI,Paid,12939.89
301262,201262,6/28/2024,Net Banking,Paid,10850.46
301263,201263,5/14/2025,Credit Card,Paid,1200.61
301264,201264,7/15/2025,UPI,Paid,6044.9
301265,201265,5/29/2025,UPI,Paid,2154.06
301266,201266,12/21/2025,Cash on Delivery,Paid,18262.59
301267,201267,3/21/2025,Net Banking,Paid,16306.54
301268,201268,8/19/2025,Cash on Delivery,Paid,2034.17
301269,201269,10/2/2023,Credit Card,Paid,6082.74
301270,201270,6/20/2023,Credit Card,Paid,4457.81
301271,201271,12/6/2024,UPI,Paid,13878.59
301272,201272,11/18/2025,Credit Card,Paid,6902.46
301273,201273,8/3/2024,UPI,Paid,3226.65
301274,201274,7/2/2024,Credit Card,Paid,4049.73
301275,201275,9/30/2025,Credit Card,Paid,11628.4
301276,201276,11/19/2024,UPI,Paid,6075.59
301277,201277,6/10/2024,Debit Card,Paid,7738.72
301278,201278,10/10/2025,Net Banking,Paid,649.05
301279,201279,7/18/2025,Cash on Delivery,Paid,21583.8
301280,201280,4/9/2025,Credit Card,Paid,2440.57
301281,201281,10/7/2025,UPI,Paid,7473.32
301282,201282,5/25/2025,Credit Card,Paid,6662.67
301283,201283,3/20/2025,Credit Card,Paid,2502.44
301284,201284,9/4/2025,Credit Card,Paid,9989.53
301285,201285,8/19/2024,Debit Card,Paid,970.97
301286,201286,9/28/2025,Net Banking,Paid,3685.36
301287,201287,11/19/2024,Credit Card,Paid,2647.82
301288,201288,6/29/2025,UPI,Paid,11999.08
301289,201289,12/8/2025,Credit Card,Paid,7688.34
301290,201290,11/6/2025,Net Banking,Paid,1825.53
301291,201291,6/29/2025,Debit Card,Paid,6950.38
301292,201292,7/25/2025,Cash on Delivery,Paid,11782.34
301293,201293,5/15/2025,UPI,Paid,13151.81
301294,201294,9/9/2025,Cash on Delivery,Paid,18280.43
301295,201295,4/11/2024,Wallet,Paid,1137.52
301296,201296,11/21/2025,UPI,Paid,2617.88
301297,201297,8/23/2024,UPI,Paid,10724.08
301298,201298,9/19/2024,Credit Card,Paid,7007.96
301299,201299,3/10/2025,Credit Card,Paid,244.74
301300,201300,4/29/2024,UPI,Paid,11146.88
301301,201301,12/30/2025,Debit Card,Failed,2151.78
301302,201302,9/2/2025,Cash on Delivery,Paid,20106.93
301303,201303,7/19/2025,Debit Card,Paid,2557.91
301304,201304,12/9/2024,Credit Card,Paid,5654.49
301305,201305,5/13/2024,Wallet,Paid,8372.4
301306,201306,6/10/2025,Debit Card,Paid,6278.35
301307,201307,7/17/2025,UPI,Paid,1142.07
301308,201308,2/24/2024,UPI,Paid,5225.92
301309,201309,11/9/2023,Net Banking,Paid,9187.88
301310,201310,6/15/2025,Cash on Delivery,Paid,779.65
301311,201311,7/2/2025,Wallet,Paid,1753.16
301312,201312,9/8/2025,Wallet,Paid,337.64
301313,201313,11/17/2025,Cash on Delivery,Paid,5450.66
301314,201314,8/2/2025,Credit Card,Paid,3547.93
301315,201315,1/6/2025,Cash on Delivery,Paid,2500.59
301316,201316,10/31/2025,Credit Card,Paid,19722.85
301317,201317,12/13/2025,Credit Card,Paid,14790.13
301318,201318,3/27/2025,Credit Card,Paid,3101.67
301319,201319,6/21/2025,Credit Card,Paid,6276.36
301320,201320,2/16/2025,Net Banking,Paid,8803.29
301321,201321,3/1/2025,UPI,Paid,5625.7
301322,201322,6/7/2025,Credit Card,Paid,16390.41
301323,201323,12/18/2025,UPI,Failed,2007.86
301324,201324,12/29/2025,Debit Card,Paid,9057.52
301325,201325,12/5/2023,UPI,Paid,3410.31
301326,201326,11/30/2025,UPI,Paid,6344.99
301327,201327,7/23/2025,UPI,Paid,25241.45
301328,201328,4/4/2025,Credit Card,Paid,4711.54
301329,201329,11/7/2024,UPI,Paid,6065.15
301330,201330,7/27/2024,UPI,Paid,12790.58
301331,201331,6/22/2025,Net Banking,Paid,19549.18
301332,201332,12/6/2025,UPI,Paid,1211.76
301333,201333,11/10/2025,UPI,Paid,525.11
301334,201334,11/18/2024,Cash on Delivery,Paid,2744.48
301335,201335,9/14/2024,Debit Card,Paid,751.67
301336,201336,12/14/2024,Debit Card,Paid,689.78
301337,201337,9/21/2024,Cash on Delivery,Paid,4666.62
301338,201338,11/1/2025,Net Banking,Paid,1586.09
301339,201339,4/12/2023,UPI,Paid,2720.44
301340,201340,2/2/2025,UPI,Paid,4631.18
301341,201341,2/17/2024,UPI,Paid,4842.13
301342,201342,9/3/2025,Wallet,Paid,6454.93
301343,201343,10/4/2023,Debit Card,Paid,10017.53
301344,201344,2/22/2025,Credit Card,Paid,3958.78
301345,201345,2/9/2025,UPI,Paid,2789.19
301346,201346,8/26/2025,UPI,Paid,10423.98
301347,201347,6/14/2025,Debit Card,Paid,14813.17
301348,201348,11/7/2025,UPI,Paid,2087.73
301349,201349,10/31/2023,Credit Card,Paid,437.12
301350,201350,4/3/2025,Debit Card,Paid,11647.6
301351,201351,7/31/2024,UPI,Pending,2896.06
301352,201352,6/7/2025,Wallet,Paid,1192.54
301353,201353,7/19/2025,UPI,Paid,10908.64
301354,201354,2/25/2025,Cash on Delivery,Paid,3828.79
301355,201355,1/29/2025,Net Banking,Paid,3020.96
301356,201356,11/21/2025,UPI,Failed,3372.16
301357,201357,12/15/2024,Credit Card,Paid,4452.29
301358,201358,4/9/2024,Cash on Delivery,Paid,3026.91
301359,201359,7/4/2025,UPI,Paid,4096.89
301360,201360,10/21/2025,UPI,Paid,525.76
301361,201361,2/5/2025,Debit Card,Paid,12651.96
301362,201362,8/9/2024,UPI,Paid,10793.93
301363,201363,4/27/2025,Debit Card,Paid,3396.69
301364,201364,2/13/2025,UPI,Paid,256.59
301365,201365,11/1/2025,Debit Card,Paid,1985.19
301366,201366,6/8/2025,Credit Card,Paid,885.98
301367,201367,4/6/2024,Cash on Delivery,Paid,2395.88
301368,201368,12/26/2024,Wallet,Paid,923.53
301369,201369,8/8/2025,Credit Card,Paid,5041.81
301370,201370,12/25/2025,Net Banking,Paid,5779.21
301371,201371,12/18/2025,Credit Card,Paid,7740.32
301372,201372,8/30/2023,Net Banking,Paid,2833.56
301373,201373,12/21/2025,Credit Card,Paid,2235.94
301374,201374,4/18/2025,Debit Card,Paid,153.01
301375,201375,12/22/2024,Cash on Delivery,Paid,484.65
301376,201376,10/20/2025,UPI,Paid,8384.25
301377,201377,9/19/2025,Credit Card,Paid,21709.97
301378,201378,10/7/2024,UPI,Paid,4306.05
301379,201379,7/17/2025,Credit Card,Paid,538
301380,201380,12/12/2025,UPI,Paid,2405.69
301381,201381,11/26/2025,Wallet,Paid,2067.66
301382,201382,7/23/2025,UPI,Paid,17741.1
301383,201383,12/21/2025,Net Banking,Paid,8284.23
301384,201384,10/1/2024,Net Banking,Failed,3194.93
301385,201385,10/17/2024,UPI,Paid,1180.57
301386,201386,3/13/2025,Wallet,Paid,8403.6
301387,201387,11/26/2025,Credit Card,Paid,3118.23
301388,201388,7/3/2025,Credit Card,Failed,4257.75
301389,201389,11/5/2025,Wallet,Paid,8321.47
301390,201390,10/25/2025,Cash on Delivery,Paid,768.34
301391,201391,8/26/2024,UPI,Paid,3414.52
301392,201392,2/1/2025,Credit Card,Paid,3437.14
301393,201393,10/31/2025,UPI,Paid,12697.4
301394,201394,2/10/2024,Wallet,Paid,1741.59
301395,201395,3/17/2024,Debit Card,Paid,6248.62
301396,201396,12/16/2025,Debit Card,Paid,3147.24
301397,201397,9/15/2024,Wallet,Paid,12442.62
301398,201398,2/19/2025,Cash on Delivery,Paid,357.66
301399,201399,5/8/2025,Credit Card,Paid,946.04
301400,201400,10/12/2025,Debit Card,Paid,2310.59
301401,201401,4/6/2025,UPI,Paid,9751.14
301402,201402,1/3/2025,UPI,Failed,3896.96
301403,201403,5/27/2025,UPI,Paid,3191.43
301404,201404,12/9/2025,UPI,Paid,8149.03
301405,201405,8/8/2024,Cash on Delivery,Paid,18766.25
301406,201406,1/23/2024,Wallet,Paid,3465.84
301407,201407,8/12/2025,Credit Card,Paid,5766.64
301408,201408,12/23/2025,Credit Card,Paid,7797.23
301409,201409,9/23/2025,UPI,Paid,14366.27
301410,201410,12/9/2024,UPI,Paid,449.9
301411,201411,11/2/2025,Debit Card,Paid,2398.73
301412,201412,11/13/2025,Credit Card,Paid,7669.47
301413,201413,4/11/2025,Wallet,Paid,3798.82
301414,201414,12/29/2025,UPI,Paid,2358.65
301415,201415,10/28/2025,UPI,Paid,4060.12
301416,201416,1/4/2025,Credit Card,Paid,4133.44
301417,201417,7/21/2024,UPI,Paid,3032.39
301418,201418,4/20/2024,UPI,Paid,9140.55
301419,201419,11/8/2025,Debit Card,Paid,760.03
301420,201420,11/26/2025,Cash on Delivery,Paid,3276.21
301421,201421,4/7/2024,Credit Card,Paid,10354.05
301422,201422,11/29/2023,Debit Card,Paid,16870.3
301423,201423,6/8/2024,Debit Card,Paid,2826.63
301424,201424,6/18/2025,Credit Card,Paid,2054.68
301425,201425,1/2/2025,Credit Card,Paid,1097.83
301426,201426,3/21/2024,UPI,Paid,2481.66
301427,201427,12/29/2024,UPI,Paid,5950.45
301428,201428,12/31/2025,Debit Card,Paid,1427.34
301429,201429,11/7/2025,Credit Card,Paid,2647.35
301430,201430,4/22/2024,UPI,Paid,380.88
301431,201431,10/1/2025,Debit Card,Failed,5224.51
301432,201432,9/26/2023,Cash on Delivery,Paid,23259.81
301433,201433,5/24/2023,UPI,Paid,4037.56
301434,201434,2/24/2025,UPI,Paid,79.1
301435,201435,12/31/2024,UPI,Pending,1934.1
301436,201436,10/26/2024,Net Banking,Failed,14994.71
301437,201437,9/12/2025,Credit Card,Paid,6186.65
301438,201438,11/30/2025,Credit Card,Paid,2152.15
301439,201439,7/2/2025,Credit Card,Paid,6412.39
301440,201440,12/14/2023,Wallet,Paid,14955.88
301441,201441,12/29/2025,Debit Card,Paid,2461.66
301442,201442,7/28/2025,UPI,Paid,4978.92
301443,201443,10/2/2025,Debit Card,Paid,3529.87
301444,201444,6/29/2025,Credit Card,Paid,3958.78
301445,201445,7/5/2025,Net Banking,Paid,16706.04
301446,201446,10/29/2025,UPI,Paid,6587.7
301447,201447,4/8/2025,Wallet,Paid,4897.71
301448,201448,10/8/2025,UPI,Paid,3774.12
301449,201449,8/9/2024,Debit Card,Paid,1771.07
301450,201450,9/24/2025,UPI,Paid,4884.87
301451,201451,7/13/2024,UPI,Paid,9107.17
301452,201452,11/26/2025,UPI,Paid,10039.9
301453,201453,11/28/2025,Cash on Delivery,Paid,1795.88
301454,201454,1/9/2025,UPI,Paid,5876.38
301455,201455,10/20/2023,Cash on Delivery,Paid,1903.49
301456,201456,3/31/2025,Credit Card,Failed,2081.98
301457,201457,9/30/2025,Wallet,Paid,293.2
301458,201458,10/27/2025,Net Banking,Paid,9402.08
301459,201459,4/16/2025,Debit Card,Paid,1853.96
301460,201460,12/26/2025,Credit Card,Paid,22612.55
301461,201461,11/28/2025,UPI,Paid,732.52
301462,201462,9/21/2025,Wallet,Paid,3563.73
301463,201463,6/6/2025,UPI,Failed,1589.4
301464,201464,7/1/2025,UPI,Paid,9468.44
301465,201465,12/10/2025,Debit Card,Paid,2615.07
301466,201466,10/8/2024,Net Banking,Paid,2372.33
301467,201467,7/11/2023,Net Banking,Paid,432.42
301468,201468,12/14/2025,UPI,Paid,885.09
301469,201469,12/1/2025,Wallet,Paid,1198.45
301470,201470,6/8/2025,Debit Card,Paid,2583.57
301471,201471,8/18/2025,Net Banking,Pending,1660.88
301472,201472,5/9/2025,UPI,Paid,522.04
301473,201473,6/6/2024,Wallet,Paid,7537.81
301474,201474,12/3/2025,Cash on Delivery,Paid,5553.6
301475,201475,12/13/2025,UPI,Paid,2055.17
301476,201476,3/22/2025,UPI,Paid,10054.68
301477,201477,1/12/2025,Debit Card,Paid,3902.29
301478,201478,1/12/2024,Wallet,Paid,17401.91
301479,201479,1/19/2025,Credit Card,Paid,998.64
301480,201480,10/3/2025,Debit Card,Paid,3566.94
301481,201481,5/2/2025,Wallet,Paid,1598.39
301482,201482,11/25/2024,Credit Card,Paid,5429.86
301483,201483,3/11/2025,Credit Card,Paid,9150.86
301484,201484,7/31/2025,UPI,Paid,15271.45
301485,201485,6/4/2024,UPI,Paid,1065.87
301486,201486,7/14/2025,Credit Card,Paid,2277.69
301487,201487,3/6/2025,Cash on Delivery,Paid,3558.68
301488,201488,6/29/2024,UPI,Paid,3783.18
301489,201489,2/24/2025,UPI,Paid,24565.33
301490,201490,4/19/2025,Credit Card,Paid,901
301491,201491,7/10/2023,UPI,Failed,7333.18
301492,201492,10/26/2025,Credit Card,Paid,3483.91
301493,201493,11/11/2025,UPI,Paid,2207.72
301494,201494,12/14/2025,Credit Card,Paid,1299.77
301495,201495,5/5/2025,Wallet,Paid,1135.39
301496,201496,9/25/2025,UPI,Paid,19335.01
301497,201497,9/30/2025,Credit Card,Paid,5534.92
301498,201498,8/25/2025,Cash on Delivery,Paid,894.27
301499,201499,3/22/2024,Credit Card,Paid,6408.55
301500,201500,10/13/2025,Net Banking,Paid,4041.89
301501,201501,8/12/2025,Credit Card,Paid,1235.08
301502,201502,8/19/2024,UPI,Paid,22846.88
301503,201503,10/22/2023,UPI,Paid,11944.99
301504,201504,10/2/2025,Credit Card,Paid,868.71
301505,201505,6/21/2024,Wallet,Paid,4960.09
301506,201506,7/20/2025,UPI,Paid,6441.72
301507,201507,9/7/2025,Debit Card,Paid,25643.44
301508,201508,5/29/2025,Debit Card,Paid,9986.68
301509,201509,11/14/2024,Credit Card,Paid,4367.69
301510,201510,11/20/2023,UPI,Paid,16097.75
301511,201511,12/5/2025,UPI,Failed,536.99
301512,201512,7/3/2025,Credit Card,Paid,4872.34
301513,201513,9/10/2025,Credit Card,Paid,7792.51
301514,201514,10/25/2024,UPI,Paid,4957.82
301515,201515,12/21/2023,Wallet,Paid,14431.41
301516,201516,9/23/2024,UPI,Paid,1763.26
301517,201517,11/25/2024,Credit Card,Paid,13438.24
301518,201518,3/22/2025,Debit Card,Paid,1929.44
301519,201519,7/21/2025,Net Banking,Paid,2949.8
301520,201520,10/17/2025,Credit Card,Paid,279.13
301521,201521,9/25/2025,Credit Card,Paid,3891.96
301522,201522,12/28/2025,Wallet,Paid,826.67
301523,201523,5/16/2025,Credit Card,Paid,4482.78
301524,201524,8/7/2024,UPI,Paid,8649.62
301525,201525,4/5/2025,Cash on Delivery,Paid,17068.68
301526,201526,12/24/2025,Cash on Delivery,Pending,6614.73
301527,201527,9/20/2025,Credit Card,Paid,2167.82
301528,201528,6/11/2024,Debit Card,Paid,2896.3
301529,201529,3/12/2025,Debit Card,Paid,1286.84
301530,201530,8/17/2024,Cash on Delivery,Paid,6740.37
301531,201531,1/18/2024,UPI,Paid,6023.01
301532,201532,8/27/2024,Cash on Delivery,Failed,652.61
301533,201533,8/7/2025,Cash on Delivery,Paid,12297.95
301534,201534,1/25/2025,Cash on Delivery,Paid,6496.48
301535,201535,7/26/2025,UPI,Paid,6614.35
301536,201536,10/4/2024,UPI,Paid,3250.94
301537,201537,6/26/2025,Debit Card,Paid,10350.5
301538,201538,12/10/2025,UPI,Paid,4143.22
301539,201539,3/20/2025,UPI,Paid,738.17
301540,201540,10/7/2024,UPI,Failed,2174.66
301541,201541,5/4/2025,Cash on Delivery,Failed,13150.47
301542,201542,1/26/2025,Debit Card,Paid,8368.38
301543,201543,10/13/2025,UPI,Paid,2906.53
301544,201544,12/22/2025,Credit Card,Paid,12032.63
301545,201545,4/30/2024,Wallet,Paid,7569.98
301546,201546,3/1/2024,Credit Card,Paid,139.66
301547,201547,12/2/2025,Net Banking,Pending,6086.41
301548,201548,5/1/2025,Credit Card,Paid,1118.35
301549,201549,8/9/2024,Debit Card,Paid,3545.49
301550,201550,11/19/2025,UPI,Paid,2536.61
301551,201551,11/7/2025,Credit Card,Paid,1401.77
301552,201552,1/7/2025,UPI,Pending,6849.1
301553,201553,8/9/2023,Wallet,Paid,15317.26
301554,201554,8/28/2025,UPI,Paid,729.96
301555,201555,3/15/2025,Debit Card,Paid,3114.57
301556,201556,2/20/2025,Cash on Delivery,Paid,2028.58
301557,201557,10/9/2025,Credit Card,Paid,6516
301558,201558,12/15/2025,Credit Card,Paid,8201.44
301559,201559,4/14/2025,UPI,Paid,3134.16
301560,201560,12/2/2025,UPI,Paid,8306.43
301561,201561,8/3/2025,Cash on Delivery,Paid,8120.79
301562,201562,5/12/2025,Cash on Delivery,Paid,1390.46
301563,201563,12/7/2025,Debit Card,Paid,2100.23
301564,201564,11/12/2025,Net Banking,Paid,6094.77
301565,201565,12/27/2025,Net Banking,Paid,5402.63
301566,201566,8/20/2025,Credit Card,Paid,9478.42
301567,201567,11/25/2025,Cash on Delivery,Paid,7956.8
301568,201568,10/19/2024,UPI,Failed,364.5
301569,201569,7/22/2025,Credit Card,Paid,2007.39
301570,201570,2/19/2025,Cash on Delivery,Paid,3711.04
301571,201571,6/20/2025,UPI,Paid,9557.76
301572,201572,6/10/2025,Cash on Delivery,Paid,3523.61
301573,201573,3/7/2025,Credit Card,Paid,4258.61
301574,201574,4/20/2025,UPI,Paid,9841.11
301575,201575,7/27/2025,UPI,Paid,14726.74
301576,201576,3/27/2025,Wallet,Paid,16404.27
301577,201577,10/10/2025,Wallet,Paid,11738.45
301578,201578,6/11/2025,Cash on Delivery,Paid,11592.02
301579,201579,8/12/2025,Credit Card,Paid,12324.09
301580,201580,3/25/2025,UPI,Paid,943.87
301581,201581,6/16/2024,Wallet,Paid,3779.46
301582,201582,3/30/2024,Credit Card,Paid,4786.05
301583,201583,5/16/2025,UPI,Paid,5272.89
301584,201584,6/22/2025,UPI,Paid,3947.88
301585,201585,11/12/2025,Debit Card,Paid,4006.43
301586,201586,8/9/2025,Debit Card,Pending,7120.58
301587,201587,11/12/2025,UPI,Paid,3820.93
301588,201588,3/2/2025,UPI,Paid,905.34
301589,201589,11/25/2025,UPI,Failed,4231.36
301590,201590,11/26/2025,UPI,Pending,13636.25
301591,201591,9/18/2025,Wallet,Paid,1824.59
301592,201592,4/11/2023,Credit Card,Paid,6129.05
301593,201593,10/19/2025,Debit Card,Paid,3545.35
301594,201594,12/28/2025,UPI,Paid,7429.82
301595,201595,11/8/2025,UPI,Paid,17987.1
301596,201596,8/22/2025,Credit Card,Paid,8598.43
301597,201597,1/22/2024,UPI,Paid,10174.55
301598,201598,10/6/2024,UPI,Paid,3179.79
301599,201599,6/24/2025,Credit Card,Paid,4061.71
301600,201600,7/14/2025,Net Banking,Pending,913.32
301601,201601,11/27/2023,UPI,Paid,1073.32
301602,201602,3/7/2025,UPI,Paid,7804.27
301603,201603,6/17/2025,Wallet,Paid,14807.46
301604,201604,12/4/2025,UPI,Paid,6286.47
301605,201605,11/10/2024,Net Banking,Paid,152.51
301606,201606,7/8/2025,Cash on Delivery,Paid,51291.32
301607,201607,8/15/2024,Cash on Delivery,Paid,9610.03
301608,201608,10/5/2023,UPI,Paid,6017.19
301609,201609,9/14/2025,Debit Card,Failed,1734.04
301610,201610,9/16/2025,UPI,Paid,2544.22
301611,201611,1/6/2024,Debit Card,Paid,1585.49
301612,201612,7/27/2025,UPI,Paid,11006.74
301613,201613,11/1/2025,Debit Card,Paid,8189.11
301614,201614,5/1/2025,UPI,Paid,1993.98
301615,201615,5/12/2025,Credit Card,Paid,11967.29
301616,201616,8/27/2025,UPI,Paid,1679.81
301617,201617,2/20/2024,UPI,Paid,10015.82
301618,201618,6/11/2024,UPI,Paid,7608.47
301619,201619,7/2/2023,Credit Card,Paid,8431.86
301620,201620,3/13/2024,Credit Card,Paid,13153
301621,201621,11/25/2024,Debit Card,Paid,13179.7
301622,201622,12/15/2025,Credit Card,Paid,4940.42
301623,201623,7/3/2025,Credit Card,Paid,47377.75
301624,201624,12/3/2025,UPI,Paid,2863.87
301625,201625,5/26/2025,Net Banking,Paid,8969.1
301626,201626,6/28/2025,Cash on Delivery,Paid,406.02
301627,201627,12/9/2025,UPI,Paid,10359.14
301628,201628,4/10/2024,UPI,Paid,2787.96
301629,201629,9/23/2023,Debit Card,Paid,4373.02
301630,201630,10/19/2025,UPI,Paid,13356.06
301631,201631,6/28/2025,Credit Card,Paid,1964.16
301632,201632,7/29/2025,UPI,Failed,729.49
301633,201633,11/14/2025,Debit Card,Paid,3819.05
301634,201634,11/23/2025,UPI,Paid,5524.86
301635,201635,11/21/2024,UPI,Paid,11126.69
301636,201636,8/30/2024,Net Banking,Paid,2365.12
301637,201637,12/15/2025,UPI,Paid,15110.6
301638,201638,5/14/2025,Credit Card,Paid,4931.09
301639,201639,9/18/2025,Cash on Delivery,Paid,12980.38
301640,201640,8/3/2025,Cash on Delivery,Paid,8409.47
301641,201641,8/2/2024,Net Banking,Paid,5955.34
301642,201642,11/12/2025,Debit Card,Paid,14212.22
301643,201643,6/24/2024,Net Banking,Paid,15447.47
301644,201644,12/23/2025,Net Banking,Paid,6726.23
301645,201645,12/18/2025,Debit Card,Paid,8274.99
301646,201646,10/28/2025,UPI,Paid,8060.64
301647,201647,8/22/2024,Credit Card,Paid,12863.42
301648,201648,9/1/2024,Net Banking,Paid,16535.51
301649,201649,11/23/2024,UPI,Paid,4316.9
301650,201650,11/1/2025,UPI,Paid,16024.88
301651,201651,5/4/2025,UPI,Paid,25600.9
301652,201652,6/21/2024,UPI,Failed,2197.4
301653,201653,10/5/2025,Credit Card,Paid,2247.12
301654,201654,8/23/2024,UPI,Paid,17282.56
301655,201655,1/12/2025,Wallet,Paid,1194.47
301656,201656,11/24/2025,UPI,Paid,3206.25
301657,201657,9/8/2025,Debit Card,Paid,6951.24
301658,201658,3/19/2025,Credit Card,Paid,6794.92
301659,201659,3/5/2025,UPI,Paid,2341.16
301660,201660,7/30/2025,UPI,Paid,3945.91
301661,201661,3/29/2025,Credit Card,Paid,4654.31
301662,201662,12/1/2025,Net Banking,Paid,1690.45
301663,201663,1/28/2025,Cash on Delivery,Paid,3823.6
301664,201664,7/16/2025,Credit Card,Paid,3480.65
301665,201665,8/18/2024,Cash on Delivery,Paid,3541.84
301666,201666,12/27/2025,Credit Card,Paid,973.08
301667,201667,8/23/2023,UPI,Paid,19915.29
301668,201668,12/28/2025,Debit Card,Paid,14773.87
301669,201669,8/18/2025,UPI,Paid,4256.57
301670,201670,7/10/2025,Credit Card,Paid,5701.31
301671,201671,2/13/2025,Wallet,Paid,12232.58
301672,201672,8/20/2025,Debit Card,Paid,7876.86
301673,201673,4/6/2025,Credit Card,Pending,7467.48
301674,201674,7/24/2025,Credit Card,Paid,493.04
301675,201675,12/22/2025,Credit Card,Paid,867.48
301676,201676,12/29/2024,Debit Card,Paid,1270.72
301677,201677,10/4/2025,Credit Card,Paid,860.8
301678,201678,12/11/2025,Debit Card,Paid,975.97
301679,201679,11/29/2025,UPI,Paid,12790.91
301680,201680,6/10/2025,Debit Card,Paid,1630.35
301681,201681,10/27/2025,Debit Card,Pending,2032.97
301682,201682,6/14/2025,UPI,Paid,12381.94
301683,201683,11/29/2025,Cash on Delivery,Paid,20099.75
301684,201684,12/4/2025,UPI,Paid,4148.61
301685,201685,8/12/2025,Credit Card,Paid,278.86
301686,201686,9/15/2023,UPI,Failed,3490.34
301687,201687,3/30/2025,UPI,Paid,3531.16
301688,201688,3/2/2025,Wallet,Paid,769.65
301689,201689,11/16/2023,Credit Card,Paid,4719.51
301690,201690,10/12/2024,Cash on Delivery,Paid,2917.32
301691,201691,9/15/2025,Debit Card,Paid,12274.51
301692,201692,9/15/2025,UPI,Paid,13136.8
301693,201693,11/11/2025,Net Banking,Paid,150.74
301694,201694,8/7/2025,Credit Card,Paid,3573.65
301695,201695,2/3/2025,Credit Card,Paid,4151.2
301696,201696,6/4/2023,Credit Card,Paid,28683.54
301697,201697,5/25/2024,UPI,Paid,5815.8
301698,201698,6/13/2025,UPI,Paid,1122.85
301699,201699,1/22/2025,Net Banking,Paid,6529.05
301700,201700,2/1/2024,UPI,Paid,14109.54
301701,201701,12/31/2023,Debit Card,Paid,7780.01
301702,201702,12/12/2025,UPI,Paid,5896.12
301703,201703,11/10/2025,UPI,Paid,2794.61
301704,201704,7/29/2025,Credit Card,Paid,3579.66
301705,201705,8/18/2024,Net Banking,Paid,5084.74
301706,201706,12/16/2025,UPI,Paid,5410.3
301707,201707,1/30/2025,UPI,Paid,2124.08
301708,201708,5/27/2025,Cash on Delivery,Paid,10511.03
301709,201709,12/1/2025,Cash on Delivery,Paid,5138.93
301710,201710,9/6/2025,UPI,Paid,25984.41
301711,201711,6/30/2025,UPI,Paid,5621.06
301712,201712,3/17/2024,Net Banking,Paid,2347.2
301713,201713,2/23/2025,UPI,Paid,10529.18
301714,201714,2/23/2025,Credit Card,Paid,2528.91
301715,201715,6/2/2025,Credit Card,Paid,1567
301716,201716,6/19/2024,UPI,Paid,7700.97
301717,201717,5/22/2024,UPI,Paid,3104.94
301718,201718,7/9/2024,Credit Card,Paid,1173.25
301719,201719,5/9/2023,UPI,Paid,7889.53
301720,201720,12/1/2025,UPI,Paid,14985.16
301721,201721,5/11/2024,Cash on Delivery,Paid,2664.14
301722,201722,7/26/2025,Cash on Delivery,Pending,15714.33
301723,201723,4/4/2025,Debit Card,Paid,2100.78
301724,201724,1/31/2025,Debit Card,Paid,1798.2
301725,201725,8/1/2025,Credit Card,Paid,2285.17
301726,201726,9/23/2024,Credit Card,Paid,13382.03
301727,201727,2/2/2025,Cash on Delivery,Paid,35216.36
301728,201728,9/26/2025,Cash on Delivery,Paid,137.86
301729,201729,5/16/2025,Cash on Delivery,Paid,8475.82
301730,201730,8/9/2024,Debit Card,Paid,1355.24
301731,201731,10/4/2024,UPI,Paid,508.94
301732,201732,10/5/2025,UPI,Paid,796.89
301733,201733,8/1/2024,UPI,Paid,3758.3
301734,201734,10/7/2025,Cash on Delivery,Paid,2715.75
301735,201735,11/5/2025,UPI,Paid,20879.35
301736,201736,10/9/2025,Cash on Delivery,Paid,9365.5
301737,201737,12/2/2024,Wallet,Paid,1841.8
301738,201738,1/17/2025,Credit Card,Paid,6065.68
301739,201739,8/28/2023,Debit Card,Paid,338.61
301740,201740,9/6/2025,Cash on Delivery,Paid,694.75
301741,201741,3/17/2025,UPI,Paid,13646.7
301742,201742,7/7/2025,Wallet,Paid,3685.25
301743,201743,9/24/2025,UPI,Pending,2248.73
301744,201744,5/30/2025,Cash on Delivery,Paid,785.6
301745,201745,5/1/2025,UPI,Paid,1476.92
301746,201746,2/1/2024,UPI,Paid,16580.05
301747,201747,9/26/2025,Credit Card,Paid,1887.74
301748,201748,11/4/2025,Credit Card,Paid,2432.02
301749,201749,11/14/2025,UPI,Paid,28291.74
301750,201750,12/6/2025,Cash on Delivery,Paid,2260.56
301751,201751,12/12/2025,Credit Card,Paid,3003.89
301752,201752,9/15/2023,Credit Card,Paid,3505.87
301753,201753,1/31/2024,Debit Card,Paid,9243.58
301754,201754,12/31/2025,Credit Card,Paid,6284.23
301755,201755,11/25/2023,UPI,Paid,1864.97
301756,201756,12/28/2024,Net Banking,Paid,3757.17
301757,201757,9/10/2025,Debit Card,Paid,3067.83
301758,201758,11/13/2025,UPI,Paid,3350.77
301759,201759,6/28/2025,Debit Card,Paid,11837.98
301760,201760,11/1/2025,Credit Card,Paid,6441.25
301761,201761,1/5/2024,Cash on Delivery,Paid,7032.35
301762,201762,1/22/2025,Net Banking,Paid,12521.73
301763,201763,11/29/2024,Credit Card,Paid,8168.3
301764,201764,11/26/2025,Credit Card,Paid,7653.25
301765,201765,7/14/2025,Debit Card,Paid,26428.94
301766,201766,7/11/2023,Net Banking,Paid,4583.59
301767,201767,2/6/2024,Wallet,Paid,10291.42
301768,201768,10/7/2025,UPI,Pending,1541.67
301769,201769,11/24/2025,Cash on Delivery,Paid,14294.57
301770,201770,10/24/2025,UPI,Paid,10914.16
301771,201771,10/28/2025,Cash on Delivery,Paid,2604.87
301772,201772,12/12/2024,Credit Card,Failed,3075.39
301773,201773,9/5/2025,UPI,Paid,2112.58
301774,201774,4/1/2024,Cash on Delivery,Paid,9335.22
301775,201775,12/8/2025,Wallet,Paid,7125.06
301776,201776,7/12/2025,Credit Card,Paid,9177.42
301777,201777,11/2/2025,Credit Card,Paid,9512
301778,201778,8/24/2025,UPI,Paid,2020.49
301779,201779,11/22/2023,Cash on Delivery,Paid,11782.7
301780,201780,2/28/2025,Cash on Delivery,Paid,18754.16
301781,201781,9/10/2025,Credit Card,Paid,14975.78
301782,201782,6/20/2025,Credit Card,Paid,16498.27
301783,201783,12/28/2025,Credit Card,Paid,18459.91
301784,201784,11/7/2025,Credit Card,Paid,11046.24
301785,201785,8/24/2024,Debit Card,Paid,3288.06
301786,201786,9/16/2024,Debit Card,Paid,2077.99
301787,201787,5/7/2025,UPI,Paid,3260.85
301788,201788,5/4/2024,Net Banking,Paid,3394.89
301789,201789,4/17/2025,UPI,Paid,1205.39
301790,201790,5/18/2025,UPI,Paid,4872.75
301791,201791,8/6/2023,Credit Card,Failed,5884.08
301792,201792,3/1/2024,Cash on Delivery,Paid,2081.71
301793,201793,7/29/2025,UPI,Paid,5801.3
301794,201794,11/21/2025,UPI,Paid,1406.18
301795,201795,10/10/2025,Credit Card,Paid,17034.01
301796,201796,10/5/2025,Wallet,Paid,9279.44
301797,201797,9/4/2025,Credit Card,Paid,1607.08
301798,201798,8/19/2025,UPI,Paid,9337.15
301799,201799,1/8/2025,UPI,Paid,440.04
301800,201800,12/14/2025,UPI,Paid,16193.26
301801,201801,8/23/2025,Cash on Delivery,Paid,15771.21
301802,201802,12/10/2025,Cash on Delivery,Paid,230.56
301803,201803,6/15/2025,Debit Card,Paid,993.89
301804,201804,3/7/2025,Net Banking,Failed,200.9
301805,201805,12/24/2025,UPI,Paid,1836.72
301806,201806,7/17/2025,Credit Card,Paid,583.19
301807,201807,5/30/2024,Cash on Delivery,Paid,5144.73
301808,201808,8/27/2024,Debit Card,Paid,3531.29
301809,201809,12/10/2024,Credit Card,Paid,4455.57
301810,201810,9/23/2024,UPI,Paid,4561.95
301811,201811,10/26/2025,UPI,Paid,5999.97
301812,201812,3/13/2025,Net Banking,Paid,2924.17
301813,201813,6/19/2025,UPI,Paid,1872.74
301814,201814,10/20/2025,UPI,Paid,3508.94
301815,201815,6/19/2025,UPI,Paid,5998.53
301816,201816,10/22/2025,UPI,Paid,9352.81
301817,201817,12/14/2024,Credit Card,Paid,4269.81
301818,201818,12/19/2025,UPI,Paid,3992.68
301819,201819,6/7/2025,UPI,Paid,440.5
301820,201820,5/18/2025,Cash on Delivery,Paid,3637.66
301821,201821,2/6/2024,Debit Card,Paid,16507.6
301822,201822,4/13/2024,Net Banking,Paid,2215.65
301823,201823,11/14/2025,UPI,Paid,1797.32
301824,201824,5/18/2025,Credit Card,Paid,6139.69
301825,201825,6/23/2025,UPI,Paid,17006.25
301826,201826,12/25/2024,Credit Card,Paid,20597.77
301827,201827,12/2/2025,UPI,Pending,3368.62
301828,201828,12/18/2025,Credit Card,Paid,39023.4
301829,201829,1/17/2025,UPI,Paid,574.25
301830,201830,11/14/2025,Credit Card,Pending,2956.05
301831,201831,5/14/2025,UPI,Paid,15515.35
301832,201832,10/23/2023,Cash on Delivery,Paid,15749.65
301833,201833,7/24/2025,Credit Card,Paid,31978.99
301834,201834,6/5/2025,Net Banking,Paid,3422.44
301835,201835,8/28/2025,Debit Card,Paid,5200.55
301836,201836,12/13/2025,UPI,Paid,559.18
301837,201837,12/4/2023,Debit Card,Paid,5642.03
301838,201838,1/30/2025,UPI,Paid,605.18
301839,201839,12/16/2024,UPI,Paid,11075.82
301840,201840,11/19/2025,Net Banking,Paid,7274.68
301841,201841,3/10/2025,UPI,Paid,11645.5
301842,201842,10/13/2025,UPI,Paid,311.04
301843,201843,12/8/2025,Wallet,Paid,4935.45
301844,201844,6/14/2023,UPI,Paid,2192.79
301845,201845,5/10/2025,Cash on Delivery,Paid,4438.19
301846,201846,6/9/2024,Net Banking,Paid,3867.5
301847,201847,8/15/2024,UPI,Paid,4710.82
301848,201848,10/4/2025,UPI,Paid,941.41
301849,201849,9/2/2025,Wallet,Paid,11514.26
301850,201850,12/8/2025,UPI,Paid,3678.45
301851,201851,12/25/2024,Debit Card,Paid,2384.34
301852,201852,3/16/2025,UPI,Paid,6678.26
301853,201853,4/15/2025,Credit Card,Paid,17926.77
301854,201854,8/30/2023,UPI,Paid,4605.62
301855,201855,9/15/2025,Credit Card,Paid,14831.13
301856,201856,11/24/2024,Debit Card,Paid,5662.69
301857,201857,11/9/2025,Debit Card,Paid,3818.41
301858,201858,8/19/2025,Wallet,Paid,781.43
301859,201859,6/28/2025,UPI,Paid,772.68
301860,201860,4/21/2025,Credit Card,Paid,3897.66
301861,201861,2/5/2024,Net Banking,Paid,6432.68
301862,201862,12/16/2025,Credit Card,Paid,8345.67
301863,201863,7/19/2025,Cash on Delivery,Paid,2386.81
301864,201864,6/21/2024,UPI,Paid,4752.18
301865,201865,5/24/2025,UPI,Paid,7801.72
301866,201866,7/8/2025,Credit Card,Paid,13076.41
301867,201867,12/9/2025,Debit Card,Paid,5632.87
301868,201868,1/12/2025,Credit Card,Paid,5579.98
301869,201869,12/26/2025,Debit Card,Paid,11384.21
301870,201870,12/18/2025,Cash on Delivery,Paid,10080.22
301871,201871,10/24/2025,UPI,Paid,198.68
301872,201872,12/18/2025,Credit Card,Paid,8061.04
301873,201873,3/25/2025,Cash on Delivery,Paid,36723.74
301874,201874,12/31/2025,UPI,Paid,5977.18
301875,201875,3/25/2025,Credit Card,Paid,1625.63
301876,201876,7/12/2025,UPI,Paid,2747.14
301877,201877,2/20/2025,Credit Card,Paid,989.75
301878,201878,12/28/2025,Wallet,Paid,2316.99
301879,201879,7/14/2025,Credit Card,Paid,4720.07
301880,201880,12/28/2025,Wallet,Paid,2855.74
301881,201881,11/20/2025,Debit Card,Pending,1423.6
301882,201882,7/12/2025,Credit Card,Failed,480.02
301883,201883,2/16/2025,Credit Card,Paid,2059.59
301884,201884,12/3/2025,Debit Card,Paid,859.27
301885,201885,12/12/2025,UPI,Paid,2855.68
301886,201886,7/21/2024,UPI,Paid,2066.33
301887,201887,1/5/2024,UPI,Paid,4553.72
301888,201888,11/6/2024,Net Banking,Failed,1073.09
301889,201889,1/9/2025,Credit Card,Paid,5019.68
301890,201890,10/23/2025,Credit Card,Pending,6239.33
301891,201891,12/17/2025,Credit Card,Paid,1329.41
301892,201892,12/16/2025,Credit Card,Paid,1548.66
301893,201893,10/30/2024,Cash on Delivery,Paid,10927.93
301894,201894,10/27/2025,UPI,Paid,3448.94
301895,201895,2/10/2025,Wallet,Paid,1058.88
301896,201896,7/7/2024,UPI,Paid,1324.52
301897,201897,11/13/2025,Cash on Delivery,Paid,6493.27
301898,201898,9/6/2025,UPI,Paid,28971.73
301899,201899,4/23/2025,UPI,Paid,472.26
301900,201900,11/4/2025,Credit Card,Failed,904.93
301901,201901,11/26/2025,Wallet,Paid,1925.42
301902,201902,7/22/2025,Debit Card,Paid,1629.74
301903,201903,9/22/2024,Net Banking,Paid,6927.53
301904,201904,10/30/2025,Cash on Delivery,Paid,4359.78
301905,201905,12/28/2025,UPI,Paid,2708.75
301906,201906,9/12/2024,Debit Card,Paid,6291.51
301907,201907,1/25/2025,UPI,Paid,7819.64
301908,201908,2/4/2025,Cash on Delivery,Paid,4253.32
301909,201909,10/20/2025,UPI,Paid,5038.1
301910,201910,5/22/2025,Credit Card,Paid,6523.22
301911,201911,5/8/2024,Credit Card,Paid,1437.97
301912,201912,4/30/2025,Credit Card,Paid,10172.73
301913,201913,12/8/2025,Credit Card,Paid,24161.77
301914,201914,2/4/2025,Wallet,Paid,5291.1
301915,201915,6/23/2024,Debit Card,Paid,9941.68
301916,201916,12/25/2024,UPI,Paid,3564.65
301917,201917,10/18/2025,Wallet,Paid,14751.16
301918,201918,12/7/2025,Credit Card,Paid,1211.02
301919,201919,12/29/2023,Debit Card,Paid,5060.33
301920,201920,8/3/2024,Net Banking,Paid,9877.44
301921,201921,1/17/2025,Credit Card,Paid,5771.92
301922,201922,10/8/2025,UPI,Paid,8283.59
301923,201923,4/16/2025,Credit Card,Paid,4660.24
301924,201924,11/15/2025,Cash on Delivery,Paid,5941.77
301925,201925,12/5/2024,Cash on Delivery,Paid,865.79
301926,201926,9/26/2024,Debit Card,Paid,14421.95
301927,201927,9/8/2025,Net Banking,Paid,6030.36
301928,201928,6/8/2025,Credit Card,Paid,5178.83
301929,201929,12/21/2025,Credit Card,Paid,8575.74
301930,201930,8/28/2024,Debit Card,Paid,2565.75
301931,201931,2/2/2025,Credit Card,Paid,144.82
301932,201932,11/4/2025,Credit Card,Paid,21935.24
301933,201933,5/22/2025,UPI,Paid,7217.56
301934,201934,12/11/2025,Cash on Delivery,Paid,3752.06
301935,201935,10/29/2023,UPI,Paid,3334.16
301936,201936,8/18/2025,UPI,Paid,1920.55
301937,201937,11/9/2024,UPI,Paid,1255.14
301938,201938,4/19/2025,Credit Card,Paid,2253.57
301939,201939,10/15/2025,UPI,Paid,5227.7
301940,201940,6/16/2025,Wallet,Paid,4645.74
301941,201941,7/4/2025,UPI,Paid,1152.22
301942,201942,10/23/2025,Credit Card,Paid,26272.26
301943,201943,1/3/2025,UPI,Paid,4679
301944,201944,12/3/2025,UPI,Paid,14310.05
301945,201945,12/12/2025,Net Banking,Paid,4805.79
301946,201946,3/4/2024,Cash on Delivery,Paid,23033.81
301947,201947,3/27/2025,UPI,Paid,16156.07
301948,201948,3/8/2024,Net Banking,Paid,375.7
301949,201949,12/1/2025,Credit Card,Paid,1702.4
301950,201950,1/5/2024,UPI,Paid,7535.04
301951,201951,1/22/2025,UPI,Paid,9881.88
301952,201952,4/9/2024,Wallet,Paid,2604.78
301953,201953,11/21/2025,Credit Card,Paid,11476.97
301954,201954,12/23/2025,Cash on Delivery,Paid,282.58
301955,201955,5/17/2025,Credit Card,Paid,481.7
301956,201956,11/6/2025,Debit Card,Paid,3331.76
301957,201957,9/29/2025,UPI,Pending,2161.05
301958,201958,9/29/2025,UPI,Paid,6986.37
301959,201959,6/17/2025,Credit Card,Paid,8263.36
301960,201960,12/21/2025,UPI,Paid,3705.63
301961,201961,12/11/2025,UPI,Pending,5376.64
301962,201962,8/28/2025,Cash on Delivery,Paid,1992.56
301963,201963,8/12/2024,UPI,Paid,3904.95
301964,201964,4/25/2024,Net Banking,Paid,3043.89
301965,201965,3/9/2024,Net Banking,Paid,21037.12
301966,201966,10/15/2025,Debit Card,Paid,979.67
301967,201967,4/26/2024,UPI,Paid,3090.14
301968,201968,10/23/2024,Debit Card,Paid,3880.47
301969,201969,8/3/2025,Cash on Delivery,Paid,677.65
301970,201970,4/5/2024,Debit Card,Paid,1280.7
301971,201971,10/21/2025,UPI,Paid,573.51
301972,201972,12/22/2025,UPI,Paid,2267.18
301973,201973,12/30/2024,UPI,Paid,9773.97
301974,201974,12/13/2025,Net Banking,Paid,2071.26
301975,201975,2/16/2025,UPI,Paid,103.49
301976,201976,9/5/2025,Credit Card,Paid,1054.2
301977,201977,12/19/2025,Net Banking,Paid,4278.06
301978,201978,1/16/2025,Cash on Delivery,Paid,10226.92
301979,201979,12/17/2024,UPI,Paid,3742.51
301980,201980,12/16/2025,UPI,Paid,11388.75
301981,201981,9/10/2023,Credit Card,Paid,17731.55
301982,201982,3/18/2025,Net Banking,Paid,630.46
301983,201983,11/24/2025,Credit Card,Paid,8978.3
301984,201984,5/6/2024,Wallet,Paid,685.46
301985,201985,1/24/2025,UPI,Paid,3654.73
301986,201986,11/5/2024,Net Banking,Paid,7884.6
301987,201987,10/8/2025,Credit Card,Paid,455.88
301988,201988,4/6/2025,UPI,Paid,8327.34
301989,201989,11/6/2024,Wallet,Paid,2688.48
301990,201990,10/3/2024,Credit Card,Paid,4236.47
301991,201991,8/29/2025,Net Banking,Paid,4285.68
301992,201992,8/20/2025,UPI,Paid,5038.13
301993,201993,4/21/2025,Credit Card,Paid,5640.86
301994,201994,7/8/2025,Cash on Delivery,Paid,1163.72
301995,201995,4/5/2025,Cash on Delivery,Paid,548.94
301996,201996,9/30/2025,UPI,Paid,8664.46
301997,201997,12/19/2023,Credit Card,Paid,8598.57
301998,201998,6/19/2025,Debit Card,Paid,9397.62
301999,201999,6/17/2025,Credit Card,Pending,2430.7
302000,202000,4/13/2025,Wallet,Failed,13269.15
302001,202001,10/16/2025,Cash on Delivery,Paid,8479.56
302002,202002,11/14/2025,UPI,Paid,8026.67
302003,202003,2/5/2024,Credit Card,Paid,9363.15
302004,202004,12/7/2025,Debit Card,Paid,7928.15
302005,202005,1/22/2024,UPI,Paid,23463.48
302006,202006,6/6/2025,Debit Card,Paid,15921.79
302007,202007,4/19/2025,Debit Card,Paid,8138.7
302008,202008,8/1/2025,Debit Card,Paid,23991.86
302009,202009,5/15/2025,UPI,Paid,1683.19
302010,202010,12/6/2025,UPI,Paid,7775.67
302011,202011,9/11/2025,UPI,Paid,14657.68
302012,202012,5/6/2025,Credit Card,Failed,4874.85
302013,202013,10/23/2025,Debit Card,Paid,219.49
302014,202014,9/14/2025,Credit Card,Paid,3706.16
302015,202015,1/13/2024,Cash on Delivery,Paid,7021.69
302016,202016,9/24/2025,Cash on Delivery,Paid,1445.31
302017,202017,10/17/2025,UPI,Paid,1130.76
302018,202018,10/1/2024,UPI,Paid,2121.67
302019,202019,10/24/2024,UPI,Paid,7199.17
302020,202020,1/1/2025,Cash on Delivery,Paid,2226.05
302021,202021,11/4/2025,Net Banking,Paid,1557.88
302022,202022,5/18/2025,Net Banking,Paid,15894.52
302023,202023,2/4/2025,Cash on Delivery,Paid,3236.69
302024,202024,4/27/2025,UPI,Paid,3790.7
302025,202025,11/23/2025,Debit Card,Paid,1219.59
302026,202026,4/2/2024,UPI,Pending,1330.78
302027,202027,5/28/2025,UPI,Paid,4165.51
302028,202028,9/21/2025,Debit Card,Paid,9772
302029,202029,6/1/2025,Net Banking,Paid,26826.69
302030,202030,11/3/2025,Debit Card,Paid,1975.36
302031,202031,11/6/2025,Cash on Delivery,Paid,7408.51
302032,202032,7/29/2025,Net Banking,Paid,20241.98
302033,202033,9/11/2025,Wallet,Paid,18661.49
302034,202034,12/22/2025,Debit Card,Paid,4420.21
302035,202035,11/30/2025,Debit Card,Paid,870.61
302036,202036,10/16/2025,UPI,Paid,5265.61
302037,202037,1/22/2025,Debit Card,Paid,7064.03
302038,202038,3/15/2025,Cash on Delivery,Paid,2099.38
302039,202039,11/5/2025,UPI,Failed,11506.15
302040,202040,8/14/2025,Credit Card,Paid,17008.31
302041,202041,2/19/2024,Cash on Delivery,Paid,21744.75
302042,202042,12/12/2025,UPI,Paid,9824.16
302043,202043,12/22/2025,Debit Card,Paid,1463.41
302044,202044,8/15/2025,Net Banking,Paid,13183.66
302045,202045,12/8/2024,Debit Card,Paid,31215.92
302046,202046,11/13/2024,Credit Card,Paid,6092.68
302047,202047,12/12/2025,Wallet,Paid,2531.82
302048,202048,10/2/2025,Debit Card,Paid,73.14
302049,202049,6/8/2025,Cash on Delivery,Paid,10005.63
302050,202050,4/17/2025,Debit Card,Paid,11929.84
302051,202051,5/2/2023,Debit Card,Pending,1897.22
302052,202052,10/16/2024,Net Banking,Paid,960.1
302053,202053,12/13/2025,UPI,Pending,2738.49
302054,202054,10/7/2025,Net Banking,Paid,2827.88
302055,202055,12/4/2023,UPI,Paid,6438.16
302056,202056,11/25/2024,Wallet,Paid,5659.51
302057,202057,8/9/2024,Debit Card,Paid,2859.48
302058,202058,4/12/2025,Debit Card,Paid,3674.09
302059,202059,12/17/2025,Wallet,Paid,7006.45
302060,202060,8/8/2025,Net Banking,Paid,938.71
302061,202061,3/6/2025,Credit Card,Paid,2038.06
302062,202062,8/11/2023,UPI,Paid,2868.97
302063,202063,7/24/2025,UPI,Paid,1571.96
302064,202064,3/12/2025,Debit Card,Paid,1207.66
302065,202065,11/22/2025,Credit Card,Paid,3326.9
302066,202066,11/3/2025,UPI,Pending,2331.99
302067,202067,12/27/2024,Wallet,Paid,6697.27
302068,202068,11/25/2025,UPI,Paid,6251.29
302069,202069,5/14/2025,Cash on Delivery,Paid,2307.75
302070,202070,5/12/2025,UPI,Paid,295.93
302071,202071,9/4/2025,Net Banking,Paid,2406.67
302072,202072,5/1/2024,Credit Card,Paid,2594.25
302073,202073,8/18/2025,Cash on Delivery,Paid,6338.94
302074,202074,2/1/2025,Credit Card,Paid,8581.77
302075,202075,12/21/2025,Debit Card,Paid,5263.17
302076,202076,8/14/2024,Credit Card,Paid,5635.42
302077,202077,10/4/2025,UPI,Paid,4129.31
302078,202078,2/25/2023,Credit Card,Paid,4212.54
302079,202079,2/28/2024,Debit Card,Paid,11135.53
302080,202080,12/23/2025,UPI,Paid,20203.69
302081,202081,7/25/2025,Cash on Delivery,Paid,5175.9
302082,202082,12/22/2025,Credit Card,Paid,3208.74
302083,202083,10/24/2025,UPI,Pending,6769.58
302084,202084,3/9/2025,Cash on Delivery,Pending,25339.1
302085,202085,10/19/2024,Net Banking,Paid,362.57
302086,202086,12/6/2025,Debit Card,Paid,7025.86
302087,202087,10/26/2025,UPI,Paid,7252.57
302088,202088,2/24/2025,Debit Card,Paid,747.8
302089,202089,7/24/2025,UPI,Paid,4991.86
302090,202090,4/29/2024,UPI,Paid,6339.23
302091,202091,12/24/2025,Net Banking,Paid,2536.79
302092,202092,9/30/2023,Cash on Delivery,Paid,11749.55
302093,202093,7/20/2024,Cash on Delivery,Paid,1979.7
302094,202094,3/19/2025,Net Banking,Paid,7351.39
302095,202095,8/24/2024,UPI,Paid,6340.41
302096,202096,3/26/2025,Debit Card,Paid,4170.28
302097,202097,11/20/2023,Debit Card,Paid,5328.33
302098,202098,7/8/2025,Cash on Delivery,Paid,7632.9
302099,202099,12/25/2024,Net Banking,Paid,6715.14
302100,202100,1/2/2024,UPI,Paid,9649.85
302101,202101,10/18/2025,Debit Card,Paid,5180.28
302102,202102,10/23/2025,Credit Card,Paid,2062.79
302103,202103,12/26/2025,Debit Card,Paid,3683.43
302104,202104,2/7/2025,Credit Card,Paid,4531.74
302105,202105,9/17/2023,UPI,Paid,3167.09
302106,202106,11/29/2024,Net Banking,Paid,813.9
302107,202107,3/27/2024,Net Banking,Paid,239.26
302108,202108,9/7/2024,UPI,Paid,8674.98
302109,202109,11/4/2025,UPI,Paid,2876.11
302110,202110,11/6/2025,Debit Card,Paid,7341.41
302111,202111,10/27/2023,Credit Card,Paid,2679.23
302112,202112,6/24/2025,Credit Card,Paid,271.09
302113,202113,12/24/2025,Credit Card,Paid,2146.01
302114,202114,12/21/2025,Debit Card,Paid,8936.58
302115,202115,7/27/2023,UPI,Paid,1674.26
302116,202116,10/6/2025,Credit Card,Paid,17870.52
302117,202117,5/24/2024,Cash on Delivery,Paid,5821.76
302118,202118,9/10/2025,Debit Card,Paid,6801.77
302119,202119,1/23/2025,UPI,Paid,21679.18
302120,202120,10/20/2025,UPI,Paid,3295.74
302121,202121,10/19/2025,Cash on Delivery,Paid,4478.11
302122,202122,7/20/2024,Credit Card,Paid,3343.43
302123,202123,9/28/2025,Credit Card,Paid,957.65
302124,202124,6/22/2025,Credit Card,Paid,4247.32
302125,202125,6/18/2025,Credit Card,Paid,9121.75
302126,202126,6/28/2025,UPI,Pending,10796.62
302127,202127,12/20/2025,UPI,Pending,15749.31
302128,202128,7/19/2025,Net Banking,Paid,204.66
302129,202129,8/15/2025,Debit Card,Paid,11397.53
302130,202130,5/15/2025,UPI,Paid,7177.7
302131,202131,6/28/2025,Debit Card,Paid,2725.76
302132,202132,6/9/2025,Credit Card,Paid,16734.07
302133,202133,11/9/2023,Debit Card,Failed,7545.53
302134,202134,4/26/2024,UPI,Paid,5847.9
302135,202135,8/14/2025,Cash on Delivery,Paid,11794.97
302136,202136,12/11/2024,Credit Card,Paid,7191.19
302137,202137,9/25/2025,UPI,Paid,7858.23
302138,202138,12/22/2025,UPI,Paid,5899.88
302139,202139,1/15/2024,Debit Card,Paid,10776.7
302140,202140,6/3/2025,UPI,Paid,5786.14
302141,202141,8/12/2025,Debit Card,Paid,4016.35
302142,202142,8/30/2025,UPI,Paid,948.87
302143,202143,8/18/2023,Credit Card,Paid,8260.26
302144,202144,12/5/2025,UPI,Paid,5413.83
302145,202145,11/24/2025,Cash on Delivery,Paid,8070.51
302146,202146,10/8/2025,Cash on Delivery,Paid,2191.07
302147,202147,12/13/2025,Credit Card,Paid,11560.66
302148,202148,6/2/2024,Debit Card,Paid,144.5
302149,202149,1/11/2024,Cash on Delivery,Paid,553.95
302150,202150,6/4/2025,Credit Card,Paid,4968.87
302151,202151,2/15/2025,Cash on Delivery,Paid,662.37
302152,202152,12/3/2025,Debit Card,Paid,1374.33
302153,202153,1/7/2025,Net Banking,Paid,4202.83
302154,202154,4/7/2025,Cash on Delivery,Paid,3272.39
302155,202155,9/15/2024,Debit Card,Paid,18580.96
302156,202156,11/30/2025,Credit Card,Paid,4359.79
302157,202157,9/18/2025,UPI,Paid,15301.56
302158,202158,8/12/2024,UPI,Paid,3398.54
302159,202159,7/8/2025,Credit Card,Pending,7366.17
302160,202160,3/10/2024,Wallet,Paid,3638.95
302161,202161,5/12/2025,Credit Card,Paid,1759.71
302162,202162,10/5/2025,Debit Card,Paid,1305.25
302163,202163,8/1/2025,Debit Card,Paid,4637.7
302164,202164,12/4/2025,Credit Card,Paid,11643.77
302165,202165,10/6/2023,UPI,Paid,1480.87
302166,202166,6/6/2025,Credit Card,Paid,986.48
302167,202167,5/4/2025,Debit Card,Paid,27540.83
302168,202168,11/21/2025,UPI,Paid,11775.77
302169,202169,12/17/2024,Wallet,Paid,1248.71
302170,202170,8/8/2025,Cash on Delivery,Paid,3438.86
302171,202171,1/27/2024,Net Banking,Paid,8439.53
302172,202172,9/13/2025,Credit Card,Paid,217.42
302173,202173,8/31/2024,UPI,Paid,13490.18
302174,202174,10/2/2025,Net Banking,Paid,19302.52
302175,202175,5/31/2025,Net Banking,Paid,3349.1
302176,202176,12/10/2024,UPI,Paid,4234.27
302177,202177,12/31/2025,Credit Card,Paid,289.28
302178,202178,11/27/2025,UPI,Paid,3179
302179,202179,11/20/2025,Credit Card,Paid,342.59
302180,202180,11/11/2025,Wallet,Paid,2013.58
302181,202181,8/15/2024,UPI,Paid,28269.86
302182,202182,1/3/2025,Debit Card,Paid,8859.19
302183,202183,10/21/2025,Credit Card,Pending,7701.22
302184,202184,2/22/2024,Net Banking,Paid,3078.99
302185,202185,11/23/2023,Wallet,Paid,11449.26
302186,202186,4/7/2025,UPI,Paid,6562.1
302187,202187,4/14/2024,Credit Card,Paid,6243.04
302188,202188,12/16/2025,Debit Card,Paid,11914.73
302189,202189,10/21/2024,UPI,Paid,993.69
302190,202190,11/25/2024,UPI,Paid,3106.44
302191,202191,4/26/2025,UPI,Paid,2646.95
302192,202192,11/13/2025,Debit Card,Paid,2669.42
302193,202193,6/5/2025,Credit Card,Paid,3225.88
302194,202194,9/30/2025,Debit Card,Paid,5368.44
302195,202195,2/22/2024,Cash on Delivery,Paid,4572.4
302196,202196,8/4/2025,Credit Card,Paid,7784.12
302197,202197,7/10/2024,Wallet,Paid,1244.8
302198,202198,6/26/2025,Credit Card,Paid,1351.54
302199,202199,10/27/2025,UPI,Paid,1462.4
302200,202200,8/10/2024,Cash on Delivery,Paid,8247.84
302201,202201,6/12/2025,Credit Card,Paid,4824.99
302202,202202,3/13/2025,Debit Card,Paid,2719.15
302203,202203,7/21/2024,UPI,Paid,6902.54
302204,202204,3/8/2025,Debit Card,Paid,2983.83
302205,202205,12/28/2023,UPI,Paid,15909.99
302206,202206,12/21/2025,Net Banking,Paid,13657.75
302207,202207,5/6/2024,UPI,Paid,6612
302208,202208,4/23/2023,Net Banking,Paid,16571.63
302209,202209,12/20/2024,UPI,Paid,3457.69
302210,202210,12/19/2025,Net Banking,Paid,4146.47
302211,202211,5/5/2025,Cash on Delivery,Paid,1718.28
302212,202212,10/3/2025,Net Banking,Paid,3070.41
302213,202213,7/9/2025,Net Banking,Paid,17082.69
302214,202214,5/22/2025,Debit Card,Paid,3828.68
302215,202215,1/24/2025,Credit Card,Paid,1010.99
302216,202216,12/25/2023,Credit Card,Paid,6680.07
302217,202217,6/15/2025,Credit Card,Paid,2188.6
302218,202218,11/22/2025,Credit Card,Paid,2850.54
302219,202219,7/9/2025,Cash on Delivery,Paid,2002.81
302220,202220,8/20/2025,UPI,Paid,7985.54
302221,202221,10/10/2024,Wallet,Paid,4044.82
302222,202222,7/12/2024,UPI,Paid,1137.02
302223,202223,10/7/2025,Cash on Delivery,Paid,7102.23
302224,202224,11/7/2025,UPI,Paid,3347.41
302225,202225,10/16/2025,Cash on Delivery,Paid,4311.25
302226,202226,4/17/2025,Wallet,Paid,1957.85
302227,202227,12/1/2025,Debit Card,Paid,1662.33
302228,202228,5/24/2025,Debit Card,Failed,1139.1
302229,202229,12/13/2025,UPI,Paid,6123.94
302230,202230,1/25/2024,Credit Card,Paid,6202.84
302231,202231,9/20/2025,Net Banking,Paid,4802.53
302232,202232,9/11/2023,Credit Card,Paid,2319.29
302233,202233,1/4/2025,Credit Card,Paid,15656.64
302234,202234,11/8/2025,Net Banking,Paid,7953.7
302235,202235,3/6/2025,Debit Card,Paid,1668.66
302236,202236,9/23/2024,Cash on Delivery,Paid,1256.53
302237,202237,6/6/2025,Credit Card,Paid,11534.19
302238,202238,6/9/2024,Net Banking,Paid,5036.82
302239,202239,11/16/2025,Credit Card,Pending,13679.23
302240,202240,11/25/2024,Cash on Delivery,Paid,1582.7
302241,202241,11/16/2025,Credit Card,Paid,4716.07
302242,202242,6/29/2025,Wallet,Paid,9679.61
302243,202243,6/12/2025,Debit Card,Paid,11072.15
302244,202244,12/21/2025,Net Banking,Paid,14764.94
302245,202245,11/16/2025,Net Banking,Paid,5496.09
302246,202246,7/5/2025,Debit Card,Paid,7280.89
302247,202247,9/5/2025,Debit Card,Paid,1610.24
302248,202248,6/23/2023,Debit Card,Failed,7965.76
302249,202249,4/5/2025,Credit Card,Paid,5924.67
302250,202250,2/14/2025,Credit Card,Paid,519.66
302251,202251,3/1/2025,Net Banking,Paid,4406.09
302252,202252,11/7/2025,Credit Card,Paid,2251.93
302253,202253,8/30/2024,Credit Card,Paid,10215.53
302254,202254,8/3/2025,Credit Card,Paid,273.37
302255,202255,6/21/2025,Credit Card,Paid,3128.35
302256,202256,10/27/2023,Debit Card,Paid,1712.54
302257,202257,7/23/2024,Cash on Delivery,Paid,6134.16
302258,202258,9/3/2025,Cash on Delivery,Pending,13421.34
302259,202259,12/12/2025,Credit Card,Paid,11052.92
302260,202260,11/30/2024,UPI,Paid,3251.22
302261,202261,2/16/2025,UPI,Paid,2259.33
302262,202262,5/3/2024,UPI,Paid,8409.63
302263,202263,5/21/2025,UPI,Paid,7526.42
302264,202264,10/29/2025,Net Banking,Paid,197.52
302265,202265,9/8/2025,Credit Card,Paid,13327.23
302266,202266,12/22/2025,UPI,Paid,2738.95
302267,202267,12/28/2025,Cash on Delivery,Paid,9096.17
302268,202268,11/5/2024,Cash on Delivery,Paid,4674.73
302269,202269,11/16/2025,UPI,Paid,6088.29
302270,202270,12/17/2024,Credit Card,Paid,923.01
302271,202271,8/2/2025,UPI,Paid,770.72
302272,202272,7/1/2025,UPI,Paid,22227.14
302273,202273,2/27/2025,Wallet,Paid,8152.41
302274,202274,1/22/2025,Credit Card,Paid,17627.42
302275,202275,5/7/2024,UPI,Paid,2877.92
302276,202276,7/25/2025,UPI,Failed,4265.77
302277,202277,9/17/2025,UPI,Paid,7111.9
302278,202278,10/29/2025,Cash on Delivery,Paid,9783.41
302279,202279,9/14/2024,Credit Card,Failed,6375.89
302280,202280,4/19/2025,UPI,Paid,4912.6
302281,202281,12/8/2025,Wallet,Paid,7859.22
302282,202282,12/23/2024,UPI,Paid,8336.26
302283,202283,8/15/2025,Wallet,Paid,4105.5
302284,202284,3/27/2025,Credit Card,Pending,2298.35
302285,202285,9/19/2025,Net Banking,Pending,251.17
302286,202286,10/22/2025,UPI,Paid,8622.45
302287,202287,1/1/2024,UPI,Paid,1633.55
302288,202288,3/27/2025,Cash on Delivery,Pending,1106.76
302289,202289,7/26/2025,UPI,Paid,8486.05
302290,202290,3/8/2025,Cash on Delivery,Paid,4175.84
302291,202291,7/8/2025,UPI,Paid,1659.73
302292,202292,7/13/2025,Credit Card,Paid,1650.82
302293,202293,12/31/2024,Net Banking,Paid,12841.24
302294,202294,10/27/2025,Credit Card,Paid,21833.13
302295,202295,2/12/2025,Credit Card,Paid,12475.62
302296,202296,1/23/2024,Net Banking,Pending,5700.78
302297,202297,12/25/2025,Wallet,Paid,10714.47
302298,202298,6/27/2025,Credit Card,Paid,4277.17
302299,202299,12/22/2025,Debit Card,Paid,737.82
302300,202300,11/9/2024,UPI,Paid,10513.7
302301,202301,8/9/2025,UPI,Paid,6529.65
302302,202302,3/5/2023,Credit Card,Paid,4096.5
302303,202303,5/12/2024,Credit Card,Paid,15114.71
302304,202304,3/2/2025,UPI,Failed,1474.99
302305,202305,6/30/2025,Cash on Delivery,Paid,1248.85
302306,202306,5/26/2024,Cash on Delivery,Paid,2607.06
302307,202307,11/16/2025,Credit Card,Paid,2569.78
302308,202308,9/21/2024,UPI,Paid,2811.93
302309,202309,5/26/2025,Cash on Delivery,Pending,3889.98
302310,202310,1/1/2025,Cash on Delivery,Paid,8497.15
302311,202311,2/20/2025,Credit Card,Paid,37059.16
302312,202312,9/10/2025,Credit Card,Paid,922.08
302313,202313,10/16/2025,Credit Card,Paid,1281.1
302314,202314,7/11/2024,UPI,Paid,3634.55
302315,202315,12/30/2025,Net Banking,Paid,10528.58
302316,202316,12/26/2024,Debit Card,Paid,1343.61
302317,202317,9/24/2023,UPI,Paid,11942.45
302318,202318,11/1/2025,UPI,Paid,735.22
302319,202319,4/23/2024,Net Banking,Paid,10448.45
302320,202320,10/27/2025,Debit Card,Paid,10411.23
302321,202321,12/17/2023,Cash on Delivery,Paid,29333.38
302322,202322,7/20/2025,UPI,Paid,2939.85
302323,202323,9/27/2024,UPI,Failed,3604.7
302324,202324,3/29/2024,Cash on Delivery,Paid,2310.83
302325,202325,9/10/2024,Credit Card,Pending,218.31
302326,202326,5/21/2025,Wallet,Paid,308.98
302327,202327,4/16/2025,Net Banking,Paid,2628.3
302328,202328,1/12/2024,Debit Card,Paid,15358.21
302329,202329,4/20/2024,Cash on Delivery,Paid,5886.43
302330,202330,12/20/2024,Cash on Delivery,Paid,54974
302331,202331,12/16/2024,UPI,Paid,786.67
302332,202332,5/22/2024,Cash on Delivery,Paid,3703.19
302333,202333,1/12/2024,Debit Card,Paid,865.54
302334,202334,9/20/2025,Debit Card,Paid,13642.93
302335,202335,11/17/2025,Net Banking,Paid,4991.22
302336,202336,8/27/2025,Cash on Delivery,Paid,6180.69
302337,202337,2/25/2025,Debit Card,Paid,1221.37
302338,202338,2/20/2025,UPI,Paid,2295.63
302339,202339,12/28/2025,Credit Card,Paid,1961.96
302340,202340,10/21/2025,Cash on Delivery,Paid,2199.37
302341,202341,8/27/2025,Credit Card,Paid,10230.59
302342,202342,11/2/2024,Debit Card,Paid,3590.82
302343,202343,12/31/2025,Net Banking,Paid,356.28
302344,202344,2/13/2024,Credit Card,Paid,344.01
302345,202345,2/13/2024,Credit Card,Paid,4659.7
302346,202346,9/12/2024,Cash on Delivery,Paid,2691.22
302347,202347,4/10/2024,Wallet,Paid,12081.57
302348,202348,9/3/2024,UPI,Paid,3616.57
302349,202349,11/11/2025,Wallet,Paid,5620.13
302350,202350,1/16/2025,Debit Card,Paid,11283.18
302351,202351,3/8/2024,Net Banking,Pending,7124.5
302352,202352,8/6/2025,Credit Card,Paid,4078.8
302353,202353,3/22/2024,Cash on Delivery,Paid,5467.97
302354,202354,6/19/2025,Credit Card,Paid,1044.8
302355,202355,2/5/2024,UPI,Paid,6235.47
302356,202356,2/22/2025,UPI,Paid,1925.15
302357,202357,2/3/2025,Debit Card,Paid,900.53
302358,202358,4/25/2023,Credit Card,Paid,1478.98
302359,202359,4/21/2025,Net Banking,Paid,7716.03
302360,202360,12/10/2024,Debit Card,Paid,7842.67
302361,202361,8/3/2024,Credit Card,Paid,7839.68
302362,202362,10/3/2024,Net Banking,Paid,1305.77
302363,202363,10/1/2025,UPI,Paid,4776.49
302364,202364,11/30/2025,Credit Card,Paid,8846.13
302365,202365,8/3/2025,UPI,Paid,7288.67
302366,202366,11/24/2025,Credit Card,Paid,23691.83
302367,202367,9/9/2025,UPI,Paid,174.26
302368,202368,7/16/2025,UPI,Paid,11017.57
302369,202369,5/24/2025,Debit Card,Paid,2629.95
302370,202370,10/11/2025,Credit Card,Paid,1491.79
302371,202371,7/28/2025,Credit Card,Paid,3181.61
302372,202372,7/20/2025,Debit Card,Paid,3655.29
302373,202373,8/5/2025,Net Banking,Paid,11492.83
302374,202374,10/20/2025,Credit Card,Paid,615.87
302375,202375,2/16/2025,Debit Card,Paid,7964.38
302376,202376,7/10/2024,Cash on Delivery,Paid,7887.11
302377,202377,10/11/2024,UPI,Paid,2807.31
302378,202378,11/12/2025,Cash on Delivery,Paid,2481.51
302379,202379,12/1/2024,Cash on Delivery,Paid,241.09
302380,202380,10/4/2024,Credit Card,Paid,374.56
302381,202381,10/12/2025,Cash on Delivery,Paid,5827.13
302382,202382,10/3/2025,Credit Card,Paid,964.44
302383,202383,1/15/2025,Credit Card,Paid,444.15
302384,202384,2/26/2025,Credit Card,Paid,7776.54
302385,202385,11/23/2025,Credit Card,Paid,6986.66
302386,202386,3/12/2025,UPI,Paid,2537.72
302387,202387,7/7/2024,UPI,Paid,6197.3
302388,202388,7/16/2024,Credit Card,Pending,15814.65
302389,202389,6/5/2025,UPI,Paid,6743.34
302390,202390,10/17/2025,Credit Card,Paid,1185.71
302391,202391,12/8/2025,Credit Card,Paid,5440.4
302392,202392,6/10/2025,Credit Card,Paid,1051.43
302393,202393,10/25/2025,Credit Card,Paid,22454.54
302394,202394,8/9/2025,Credit Card,Paid,3425.07
302395,202395,10/6/2025,Credit Card,Paid,3595.66
302396,202396,12/6/2025,Net Banking,Paid,3852.07
302397,202397,7/1/2025,UPI,Failed,31840.46
302398,202398,10/29/2024,UPI,Paid,8843.14
302399,202399,10/20/2024,UPI,Paid,782.01
302400,202400,8/15/2025,UPI,Paid,4967.81
302401,202401,12/17/2023,Cash on Delivery,Paid,3243.69
302402,202402,11/7/2025,Debit Card,Paid,5067.01
302403,202403,7/15/2025,Cash on Delivery,Paid,358.09
302404,202404,2/3/2025,Cash on Delivery,Paid,21847.67
302405,202405,11/22/2025,Cash on Delivery,Paid,3201.36
302406,202406,10/10/2025,Credit Card,Paid,4691.57
302407,202407,10/24/2025,UPI,Paid,8650.1
302408,202408,3/23/2024,Wallet,Paid,909.72
302409,202409,3/27/2025,Wallet,Paid,23138.19
302410,202410,11/18/2025,Net Banking,Paid,2576.13
302411,202411,3/8/2025,Wallet,Paid,4267.32
302412,202412,7/15/2023,Net Banking,Paid,6347.42
302413,202413,1/17/2025,UPI,Paid,13650.32
302414,202414,11/7/2023,Cash on Delivery,Paid,617.52
302415,202415,12/18/2024,Credit Card,Paid,9382.34
302416,202416,2/20/2024,UPI,Paid,11120.29
302417,202417,11/26/2024,Credit Card,Paid,12501.21
302418,202418,10/28/2025,Net Banking,Paid,20929.89
302419,202419,9/7/2025,UPI,Paid,9586.73
302420,202420,12/28/2025,UPI,Paid,3575.04
302421,202421,10/3/2025,Net Banking,Paid,10335.64
302422,202422,8/20/2025,Debit Card,Paid,3314.91
302423,202423,6/13/2025,Credit Card,Failed,2246.2
302424,202424,9/18/2023,Credit Card,Paid,7593.08
302425,202425,1/24/2025,UPI,Paid,1960.02
302426,202426,6/23/2025,Credit Card,Paid,7308.06
302427,202427,4/13/2025,Debit Card,Paid,13430.05
302428,202428,7/11/2025,UPI,Paid,3698.23
302429,202429,4/14/2025,UPI,Pending,1005.99
302430,202430,7/25/2025,UPI,Pending,772.58
302431,202431,11/28/2025,Credit Card,Paid,3931.8
302432,202432,7/29/2024,Credit Card,Paid,2635.6
302433,202433,7/1/2025,Net Banking,Paid,1223.02
302434,202434,4/5/2025,Credit Card,Paid,2619.46
302435,202435,12/17/2025,UPI,Paid,4536.29
302436,202436,6/29/2025,Credit Card,Paid,923.92
302437,202437,7/4/2025,Credit Card,Paid,28487.22
302438,202438,7/28/2025,Debit Card,Paid,5881.56
302439,202439,12/3/2025,Credit Card,Paid,3004.92
302440,202440,9/5/2025,Net Banking,Paid,2906.91
302441,202441,6/27/2025,Wallet,Paid,2707.53
302442,202442,8/31/2024,UPI,Paid,896.83
302443,202443,11/10/2024,Cash on Delivery,Paid,5566.27
302444,202444,11/10/2024,UPI,Paid,9976.51
302445,202445,5/15/2023,Cash on Delivery,Paid,521.16
302446,202446,11/29/2025,Credit Card,Paid,4396.85
302447,202447,11/20/2025,Credit Card,Paid,4678.02
302448,202448,5/25/2025,Debit Card,Paid,2374.57
302449,202449,12/20/2025,Debit Card,Paid,13371.51
302450,202450,6/10/2025,Wallet,Paid,8713.16
302451,202451,12/30/2025,Net Banking,Paid,5996.48
302452,202452,12/19/2025,UPI,Paid,5883.24
302453,202453,3/12/2025,Debit Card,Paid,4401.29
302454,202454,10/3/2025,Cash on Delivery,Paid,20193.7
302455,202455,3/16/2025,Wallet,Paid,17006.3
302456,202456,6/11/2025,Credit Card,Paid,8847.75
302457,202457,9/18/2025,UPI,Paid,13459.96
302458,202458,3/17/2025,UPI,Paid,26583.72
302459,202459,9/6/2025,Net Banking,Paid,6729.75
302460,202460,6/8/2024,UPI,Paid,3456.87
302461,202461,11/15/2025,Wallet,Paid,3436.95
302462,202462,5/30/2025,Net Banking,Paid,9549.79
302463,202463,9/13/2025,UPI,Paid,3948.42
302464,202464,7/10/2025,UPI,Paid,6766.98
302465,202465,10/29/2025,Debit Card,Paid,2621.68
302466,202466,1/17/2025,UPI,Paid,3218.83
302467,202467,10/31/2025,Cash on Delivery,Paid,6987.71
302468,202468,9/4/2025,UPI,Paid,9933.2
302469,202469,8/9/2025,UPI,Paid,738.73
302470,202470,12/20/2024,Credit Card,Paid,2496.8
302471,202471,6/8/2025,UPI,Paid,4648.71
302472,202472,8/13/2023,UPI,Paid,12893.87
302473,202473,9/12/2025,UPI,Paid,2446.69
302474,202474,9/18/2025,Debit Card,Paid,9239.91
302475,202475,10/17/2025,Credit Card,Paid,4911.59
302476,202476,10/31/2025,Debit Card,Paid,2104.09
302477,202477,5/5/2025,UPI,Paid,7245.47
302478,202478,3/22/2025,UPI,Paid,17082.67
302479,202479,12/20/2025,UPI,Paid,1186.17
302480,202480,8/8/2025,Credit Card,Paid,5544.01
302481,202481,6/5/2023,Credit Card,Pending,5913.41
302482,202482,12/4/2025,Net Banking,Paid,1718.93
302483,202483,3/6/2025,Debit Card,Paid,4332.4
302484,202484,12/24/2025,Credit Card,Failed,31319.2
302485,202485,4/2/2024,Credit Card,Paid,553.54
302486,202486,10/2/2025,UPI,Paid,7012.8
302487,202487,12/12/2025,Wallet,Paid,5088.07
302488,202488,10/7/2024,Credit Card,Paid,6929.86
302489,202489,12/21/2025,Debit Card,Paid,1672.86
302490,202490,3/22/2025,UPI,Paid,2494.57
302491,202491,10/2/2025,Wallet,Paid,2147.86
302492,202492,3/21/2025,UPI,Paid,740.67
302493,202493,3/28/2025,UPI,Paid,2955.33
302494,202494,6/10/2025,Net Banking,Paid,1978.98
302495,202495,9/13/2023,Debit Card,Paid,6295.84
302496,202496,5/23/2025,Cash on Delivery,Paid,2379.25
302497,202497,6/25/2025,Debit Card,Paid,826.75
302498,202498,6/30/2025,Net Banking,Paid,4369.66
302499,202499,12/31/2023,Cash on Delivery,Paid,4255.5
302500,202500,8/24/2025,Net Banking,Paid,4662.75
302501,202501,2/21/2024,Credit Card,Paid,1253.24
302502,202502,12/18/2025,Cash on Delivery,Paid,2196.23
302503,202503,9/4/2024,UPI,Paid,5370.18
302504,202504,12/19/2025,Debit Card,Paid,22693.35
302505,202505,9/14/2025,UPI,Paid,1413.61
302506,202506,11/23/2025,Cash on Delivery,Paid,1814.86
302507,202507,5/28/2023,Credit Card,Pending,4444.98
302508,202508,10/15/2025,UPI,Paid,159.94
302509,202509,9/18/2024,Credit Card,Paid,3520.94
302510,202510,10/8/2025,Credit Card,Paid,3084.67
302511,202511,6/29/2025,UPI,Paid,6973.87
302512,202512,12/3/2025,Debit Card,Paid,2911.76
302513,202513,12/30/2025,Cash on Delivery,Paid,4151.53
302514,202514,11/17/2025,UPI,Paid,2448.7
302515,202515,3/26/2024,Cash on Delivery,Paid,9998.78
302516,202516,7/3/2025,UPI,Paid,14159.81
302517,202517,11/18/2025,UPI,Paid,1953.64
302518,202518,5/21/2025,Credit Card,Paid,7793.7
302519,202519,2/20/2024,Cash on Delivery,Paid,3996.51
302520,202520,12/15/2024,Debit Card,Paid,12575.7
302521,202521,6/22/2024,UPI,Pending,4194.08
302522,202522,12/5/2025,UPI,Paid,7683.97
302523,202523,5/8/2024,UPI,Paid,8915.57
302524,202524,8/17/2025,Net Banking,Paid,1226.83
302525,202525,4/22/2025,Credit Card,Paid,6838.02
302526,202526,7/29/2023,UPI,Paid,5250.85
302527,202527,11/6/2024,Cash on Delivery,Paid,1048.95
302528,202528,3/26/2025,Debit Card,Paid,1251.62
302529,202529,12/6/2024,Cash on Delivery,Paid,4003.18
302530,202530,12/29/2025,Credit Card,Paid,6948.36
302531,202531,10/3/2025,UPI,Paid,6074.46
302532,202532,11/29/2024,Credit Card,Paid,1566.65
302533,202533,8/30/2024,Credit Card,Paid,5095.29
302534,202534,12/24/2023,Debit Card,Paid,4164
302535,202535,11/3/2024,Net Banking,Paid,748.35
302536,202536,5/2/2025,UPI,Pending,2146.2
302537,202537,2/23/2025,Debit Card,Paid,4472.43
302538,202538,12/2/2025,UPI,Paid,12161.47
302539,202539,2/25/2025,Credit Card,Paid,3292.03
302540,202540,10/6/2024,UPI,Paid,339.92
302541,202541,2/8/2023,Credit Card,Paid,7712.07
302542,202542,12/27/2024,Cash on Delivery,Paid,9816.64
302543,202543,11/6/2024,UPI,Paid,6660.32
302544,202544,11/29/2025,UPI,Paid,3040.34
302545,202545,8/29/2024,Cash on Delivery,Paid,1227.64
302546,202546,6/18/2025,Credit Card,Paid,1486.49
302547,202547,9/25/2024,Credit Card,Paid,944.61
302548,202548,10/22/2023,UPI,Paid,4245.32
302549,202549,12/19/2025,Cash on Delivery,Paid,8307.74
302550,202550,1/30/2025,Debit Card,Paid,830.55
302551,202551,11/5/2025,UPI,Paid,1671.38
302552,202552,9/9/2024,Debit Card,Paid,19570.49
302553,202553,8/9/2025,Credit Card,Paid,2557.33
302554,202554,11/30/2025,Debit Card,Paid,4220.21
302555,202555,7/11/2025,UPI,Paid,3321.46
302556,202556,9/30/2025,UPI,Paid,15821.05
302557,202557,5/9/2025,Credit Card,Failed,4803.84
302558,202558,12/19/2025,UPI,Paid,2870.12
302559,202559,6/29/2025,Credit Card,Pending,2173.9
302560,202560,9/23/2025,Credit Card,Paid,8919.65
302561,202561,12/30/2025,Cash on Delivery,Paid,8455.92
302562,202562,1/5/2025,Credit Card,Paid,7800.49
302563,202563,7/6/2025,UPI,Paid,6867.98
302564,202564,10/22/2025,Wallet,Paid,3744.33
302565,202565,10/29/2025,Net Banking,Failed,1168.41
302566,202566,1/28/2025,UPI,Paid,455.25
302567,202567,11/25/2025,Credit Card,Paid,8951.31
302568,202568,10/10/2025,Credit Card,Paid,2221.79
302569,202569,9/1/2025,Wallet,Paid,7488.12
302570,202570,9/5/2023,Cash on Delivery,Paid,2103.66
302571,202571,11/11/2025,UPI,Paid,3376.64
302572,202572,11/24/2025,Credit Card,Paid,4837.36
302573,202573,5/6/2024,Credit Card,Paid,511.35
302574,202574,10/8/2025,Debit Card,Paid,12244.02
302575,202575,6/13/2025,UPI,Paid,8169.15
302576,202576,10/11/2025,UPI,Paid,821.52
302577,202577,1/27/2024,Credit Card,Paid,4718.14
302578,202578,12/4/2025,Debit Card,Paid,872.47
302579,202579,2/18/2025,Debit Card,Paid,20138.86
302580,202580,10/21/2025,Credit Card,Paid,6070.96
302581,202581,7/29/2025,Debit Card,Paid,3122.34
302582,202582,8/1/2025,UPI,Paid,307.37
302583,202583,8/26/2025,Credit Card,Paid,1329.28
302584,202584,12/3/2025,UPI,Paid,2294.06
302585,202585,10/27/2025,Cash on Delivery,Paid,1109.17
302586,202586,3/28/2025,UPI,Paid,1968.19
302587,202587,9/20/2024,Net Banking,Paid,13233.19
302588,202588,12/3/2025,Cash on Delivery,Paid,167.33
302589,202589,6/24/2024,Debit Card,Paid,8383.61
302590,202590,11/20/2025,Net Banking,Paid,993.42
302591,202591,7/18/2025,Cash on Delivery,Paid,6333.68
302592,202592,10/13/2025,Wallet,Paid,693.39
302593,202593,11/5/2024,Cash on Delivery,Pending,303.32
302594,202594,4/19/2025,UPI,Paid,6165.28
302595,202595,10/1/2025,UPI,Paid,2659.19
302596,202596,10/3/2025,Debit Card,Paid,11895.04
302597,202597,12/7/2024,UPI,Paid,3399.77
302598,202598,1/22/2025,Net Banking,Paid,10062.79
302599,202599,8/12/2025,UPI,Paid,1262.06
302600,202600,12/18/2023,UPI,Paid,11578.82
302601,202601,4/12/2025,UPI,Pending,7710.54
302602,202602,7/29/2025,Cash on Delivery,Pending,16662.05
302603,202603,9/11/2025,Cash on Delivery,Paid,6025.22
302604,202604,2/24/2024,Credit Card,Paid,1867.54
302605,202605,2/12/2024,UPI,Paid,2146.17
302606,202606,7/6/2023,Credit Card,Paid,7326.1
302607,202607,6/3/2025,UPI,Paid,6432.62
302608,202608,3/4/2024,UPI,Paid,1448.23
302609,202609,6/3/2024,UPI,Paid,9726.38
302610,202610,10/16/2024,UPI,Paid,11355.14
302611,202611,12/11/2025,Debit Card,Paid,722.65
302612,202612,12/27/2024,Credit Card,Paid,3592.97
302613,202613,8/9/2025,Credit Card,Failed,1048.95
302614,202614,8/21/2025,Debit Card,Paid,285.6
302615,202615,10/21/2025,UPI,Paid,2300.23
302616,202616,10/12/2025,Cash on Delivery,Paid,14056.09
302617,202617,11/26/2025,Wallet,Paid,10993.72
302618,202618,7/7/2025,UPI,Paid,1695.74
302619,202619,5/24/2025,Credit Card,Paid,285.83
302620,202620,10/1/2024,UPI,Paid,1275.65
302621,202621,9/27/2025,Cash on Delivery,Paid,4809.76
302622,202622,11/20/2025,Credit Card,Pending,623.36
302623,202623,9/26/2023,Credit Card,Paid,6237.5
302624,202624,8/27/2024,UPI,Paid,1978.38
302625,202625,9/14/2025,Credit Card,Paid,5134.53
302626,202626,10/1/2025,Debit Card,Paid,1771.57
302627,202627,11/21/2025,UPI,Paid,2890.06
302628,202628,5/28/2025,Credit Card,Paid,4687.87
302629,202629,9/19/2025,Wallet,Failed,4279.64
302630,202630,8/3/2025,Credit Card,Paid,6642.95
302631,202631,6/29/2025,Cash on Delivery,Paid,1022.46
302632,202632,11/5/2025,UPI,Paid,1424.03
302633,202633,4/20/2024,Credit Card,Paid,381.02
302634,202634,7/16/2024,Credit Card,Paid,3889.6
302635,202635,5/2/2025,Credit Card,Paid,7916.72
302636,202636,8/13/2025,Credit Card,Paid,5259.61
302637,202637,12/12/2025,UPI,Paid,405.33
302638,202638,5/22/2024,UPI,Pending,12407.84
302639,202639,9/3/2025,Credit Card,Paid,837.11
302640,202640,12/4/2025,Wallet,Paid,1586.47
302641,202641,6/4/2024,Wallet,Paid,572.44
302642,202642,11/14/2024,Debit Card,Paid,4034.81
302643,202643,7/16/2025,Credit Card,Paid,1826.73
302644,202644,7/15/2024,Credit Card,Paid,34206.1
302645,202645,9/20/2025,Wallet,Paid,5279.2
302646,202646,8/21/2025,Debit Card,Paid,1208.27
302647,202647,9/13/2025,UPI,Paid,1401.9
302648,202648,7/21/2025,Cash on Delivery,Paid,1014.01
302649,202649,11/26/2025,Net Banking,Paid,4585.78
302650,202650,7/5/2024,Credit Card,Paid,985.41
302651,202651,6/12/2025,UPI,Paid,2947.13
302652,202652,11/19/2025,Net Banking,Paid,94.67
302653,202653,10/22/2024,Debit Card,Paid,3138.64
302654,202654,11/16/2024,Debit Card,Paid,971.71
302655,202655,4/17/2025,Credit Card,Paid,5153.77
302656,202656,10/10/2024,UPI,Paid,3359.52
302657,202657,3/24/2024,UPI,Paid,653.21
302658,202658,9/29/2023,Debit Card,Paid,2363.96
302659,202659,7/25/2025,Net Banking,Paid,946.7
302660,202660,7/31/2025,Debit Card,Paid,9837.26
302661,202661,12/9/2024,Credit Card,Paid,10035.8
302662,202662,12/27/2025,Debit Card,Paid,2523.17
302663,202663,4/7/2024,Credit Card,Paid,5057.6
302664,202664,6/7/2025,Net Banking,Paid,1653.53
302665,202665,7/11/2024,UPI,Paid,14469.22
302666,202666,7/7/2025,UPI,Failed,14785.36
302667,202667,8/2/2025,Credit Card,Paid,23197.79
302668,202668,12/8/2024,Wallet,Paid,3431.19
302669,202669,5/27/2025,Debit Card,Paid,4390.48
302670,202670,12/30/2024,Net Banking,Paid,1091.69
302671,202671,11/12/2025,Wallet,Paid,6031.53
302672,202672,12/9/2025,UPI,Paid,5562.43
302673,202673,7/28/2025,Debit Card,Pending,642.38
302674,202674,6/5/2025,Cash on Delivery,Paid,1618.88
302675,202675,10/14/2025,Cash on Delivery,Paid,2752.02
302676,202676,7/19/2025,Credit Card,Paid,19307.1
302677,202677,4/14/2025,UPI,Paid,2793.73
302678,202678,10/29/2025,Credit Card,Paid,188.21
302679,202679,10/5/2023,Cash on Delivery,Paid,17169.68
302680,202680,6/22/2024,Cash on Delivery,Paid,13139.74
302681,202681,9/10/2024,Debit Card,Paid,1897.18
302682,202682,4/29/2025,UPI,Paid,8287.13
302683,202683,7/18/2025,Wallet,Paid,3685.34
302684,202684,3/3/2025,UPI,Paid,220.42
302685,202685,10/7/2025,Credit Card,Paid,14433.19
302686,202686,12/29/2025,Net Banking,Paid,1723.53
302687,202687,12/22/2025,Wallet,Paid,2614.27
302688,202688,11/22/2024,UPI,Paid,6524.2
302689,202689,5/8/2025,Debit Card,Paid,2391.71
302690,202690,7/14/2025,Debit Card,Paid,5440.93
302691,202691,12/6/2025,Cash on Delivery,Paid,4174.29
302692,202692,7/28/2025,Wallet,Paid,11666.94
302693,202693,10/18/2025,Debit Card,Paid,2692.67
302694,202694,2/26/2024,UPI,Paid,1010.93
302695,202695,5/31/2024,UPI,Paid,5801
302696,202696,3/15/2025,Debit Card,Paid,5862.2
302697,202697,9/4/2025,UPI,Paid,4556.55
302698,202698,7/15/2025,UPI,Paid,3049.6
302699,202699,9/29/2024,Credit Card,Paid,25703.43
302700,202700,12/22/2025,Net Banking,Paid,4296.25
302701,202701,8/14/2023,Cash on Delivery,Paid,11861.32
302702,202702,12/6/2025,Cash on Delivery,Paid,5489.13
302703,202703,12/28/2024,Credit Card,Paid,2458.65
302704,202704,8/9/2025,UPI,Paid,12702.47
302705,202705,8/18/2024,UPI,Paid,7030.13
302706,202706,10/25/2024,Credit Card,Paid,14079.99
302707,202707,12/13/2025,Net Banking,Paid,1712.27
302708,202708,12/7/2025,Credit Card,Paid,2889.82
302709,202709,9/12/2024,Cash on Delivery,Pending,1900.01
302710,202710,11/11/2024,UPI,Paid,926.49
302711,202711,12/30/2025,Credit Card,Paid,13915.42
302712,202712,12/20/2025,Debit Card,Paid,21701.79
302713,202713,6/22/2024,Wallet,Paid,20891.77
302714,202714,4/12/2025,UPI,Paid,3782.58
302715,202715,1/23/2025,Debit Card,Paid,1610.28
302716,202716,3/21/2025,Net Banking,Paid,1517.82
302717,202717,11/25/2025,Cash on Delivery,Paid,2363.07
302718,202718,7/14/2025,Wallet,Paid,8910.23
302719,202719,6/11/2025,Credit Card,Paid,2697.06
302720,202720,11/30/2023,Net Banking,Paid,7846
302721,202721,8/23/2025,Net Banking,Failed,4516.89
302722,202722,10/1/2025,UPI,Paid,16993.21
302723,202723,10/6/2025,Wallet,Paid,5422.85
302724,202724,10/1/2024,Wallet,Paid,269.35
302725,202725,1/10/2025,UPI,Paid,10017.02
302726,202726,6/9/2025,UPI,Paid,7429.69
302727,202727,11/12/2025,Wallet,Paid,2351.83
302728,202728,9/2/2024,Debit Card,Failed,8077.56
302729,202729,11/24/2025,UPI,Paid,9718.3
302730,202730,4/7/2025,UPI,Paid,4442.89
302731,202731,11/12/2025,UPI,Paid,2253.08
302732,202732,10/18/2024,UPI,Paid,14381.87
302733,202733,2/10/2025,Cash on Delivery,Paid,10324.11
302734,202734,5/6/2025,UPI,Paid,4021.74
302735,202735,10/13/2025,Net Banking,Paid,7602.08
302736,202736,7/22/2025,Net Banking,Paid,7117.93
302737,202737,6/29/2024,UPI,Paid,1686.78
302738,202738,12/17/2024,Credit Card,Paid,17654.52
302739,202739,12/19/2025,UPI,Paid,8698.35
302740,202740,6/8/2025,UPI,Paid,11713.12
302741,202741,10/27/2024,Debit Card,Paid,3513.41
302742,202742,4/16/2025,UPI,Paid,17936.96
302743,202743,7/2/2025,Cash on Delivery,Paid,1402.7
302744,202744,12/6/2024,Credit Card,Paid,2819.56
302745,202745,12/13/2023,Credit Card,Paid,6747.77
302746,202746,12/22/2025,Net Banking,Paid,7128.78
302747,202747,8/7/2025,Credit Card,Paid,1865.07
302748,202748,4/24/2025,UPI,Pending,1944.41
302749,202749,8/1/2025,Net Banking,Paid,5077.61
302750,202750,4/24/2024,Wallet,Paid,38377.5
302751,202751,8/2/2025,Credit Card,Paid,20728.31
302752,202752,11/22/2025,Credit Card,Paid,3486.24
302753,202753,7/7/2024,Wallet,Paid,7252.32
302754,202754,7/27/2025,Net Banking,Paid,3231.17
302755,202755,5/26/2025,Debit Card,Paid,1541.86
302756,202756,12/16/2024,Debit Card,Paid,6400.97
302757,202757,11/9/2024,Wallet,Paid,3949.58
302758,202758,6/2/2025,Debit Card,Paid,611.02
302759,202759,2/28/2025,Credit Card,Paid,9823.98
302760,202760,8/21/2025,Cash on Delivery,Paid,14075.45
302761,202761,12/24/2025,Debit Card,Paid,3193.59
302762,202762,11/17/2024,UPI,Pending,4852.18
302763,202763,4/9/2025,Cash on Delivery,Paid,4146.14
302764,202764,5/11/2024,UPI,Paid,3567.32
302765,202765,10/23/2025,UPI,Paid,2638.85
302766,202766,8/25/2025,Net Banking,Paid,7041.33
302767,202767,1/4/2025,UPI,Paid,2528.48
302768,202768,2/5/2025,Credit Card,Paid,7077.37
302769,202769,7/16/2025,Credit Card,Paid,11283.55
302770,202770,12/10/2024,UPI,Paid,7383.52
302771,202771,8/3/2025,Credit Card,Paid,8965.22
302772,202772,10/3/2025,Credit Card,Paid,7880.81
302773,202773,5/17/2024,Cash on Delivery,Paid,1433.59
302774,202774,12/24/2025,Net Banking,Failed,1530.73
302775,202775,7/24/2025,Credit Card,Paid,3179.11
302776,202776,9/1/2024,Debit Card,Paid,3725.23
302777,202777,5/5/2024,Debit Card,Paid,7593.57
302778,202778,10/24/2025,Debit Card,Paid,8579.03
302779,202779,12/1/2025,Wallet,Paid,3481.51
302780,202780,10/17/2025,UPI,Paid,7593.22
302781,202781,10/30/2025,UPI,Paid,995.69
302782,202782,3/11/2025,UPI,Paid,4191.88
302783,202783,2/13/2025,Debit Card,Paid,6546.8
302784,202784,5/31/2025,Cash on Delivery,Paid,7007.2
302785,202785,12/29/2025,Wallet,Failed,4276.75
302786,202786,12/8/2025,Wallet,Paid,5681.69
302787,202787,11/28/2025,Cash on Delivery,Paid,7167.06
302788,202788,8/3/2025,Debit Card,Paid,12978.08
302789,202789,6/21/2025,Credit Card,Paid,8665.87
302790,202790,11/5/2024,UPI,Pending,10569.07
302791,202791,11/20/2024,Cash on Delivery,Paid,7378.18
302792,202792,10/12/2025,Wallet,Paid,8968.79
302793,202793,10/16/2025,UPI,Paid,6238.44
302794,202794,12/25/2025,Debit Card,Paid,8200.26
302795,202795,10/20/2024,UPI,Paid,8377.3
302796,202796,3/22/2025,UPI,Paid,19178.47
302797,202797,9/26/2024,UPI,Paid,207.67
302798,202798,8/18/2025,UPI,Paid,12643.75
302799,202799,6/2/2024,Cash on Delivery,Paid,1504.61
302800,202800,7/11/2025,Cash on Delivery,Paid,1597.61
302801,202801,7/12/2025,UPI,Paid,2189.55
302802,202802,7/13/2025,Credit Card,Paid,206.28
302803,202803,11/12/2025,Credit Card,Paid,3168.45
302804,202804,11/16/2025,Cash on Delivery,Paid,4435.85
302805,202805,9/7/2025,Credit Card,Paid,4401.97
302806,202806,10/14/2025,Cash on Delivery,Paid,8498.74
302807,202807,6/9/2025,Wallet,Paid,7994.8
302808,202808,10/3/2025,Wallet,Paid,3795.85
302809,202809,8/29/2025,UPI,Paid,1372.96
302810,202810,8/29/2024,Net Banking,Paid,3757.33
302811,202811,6/29/2025,UPI,Paid,3874.61
302812,202812,8/19/2024,UPI,Paid,7376.12
302813,202813,6/1/2025,Wallet,Paid,20585.92
302814,202814,8/29/2025,Cash on Delivery,Paid,8086.8
302815,202815,6/1/2025,Wallet,Paid,8490.18
302816,202816,11/29/2023,UPI,Paid,1585.24
302817,202817,7/6/2025,UPI,Paid,335.06
302818,202818,12/19/2025,UPI,Paid,5826.07
302819,202819,6/2/2025,UPI,Paid,1890.76
302820,202820,11/1/2025,UPI,Paid,782.02
302821,202821,2/23/2024,Cash on Delivery,Paid,4838.48
302822,202822,5/23/2025,Debit Card,Paid,2592.76
302823,202823,7/10/2024,Debit Card,Paid,920.17
302824,202824,11/26/2025,Debit Card,Paid,8840.35
302825,202825,11/1/2025,Debit Card,Paid,5982.32
302826,202826,11/3/2025,Credit Card,Paid,8974.21
302827,202827,1/6/2025,Cash on Delivery,Paid,8650.08
302828,202828,12/18/2025,Debit Card,Paid,3650.01
302829,202829,12/2/2025,Net Banking,Pending,13564.73
302830,202830,12/28/2025,UPI,Paid,1177.98
302831,202831,10/25/2025,Debit Card,Paid,6135.42
302832,202832,7/1/2025,Debit Card,Paid,1236.93
302833,202833,8/18/2023,Wallet,Failed,37127.07
302834,202834,11/17/2024,Credit Card,Paid,5298.02
302835,202835,10/2/2025,Wallet,Paid,2229.18
302836,202836,12/17/2025,Debit Card,Paid,2854.16
302837,202837,12/2/2025,Wallet,Paid,5168.82
302838,202838,10/7/2025,UPI,Paid,8629.19
302839,202839,9/24/2025,Credit Card,Paid,3410.71
302840,202840,3/27/2025,Wallet,Paid,6721.19
302841,202841,9/7/2025,UPI,Paid,22813.46
302842,202842,5/15/2025,Debit Card,Paid,1433.51
302843,202843,12/7/2024,Credit Card,Paid,3450.22
302844,202844,6/17/2025,Cash on Delivery,Paid,234.12
302845,202845,8/28/2025,UPI,Paid,8632.01
302846,202846,4/24/2025,Wallet,Paid,8704.37
302847,202847,5/11/2025,UPI,Paid,5360.68
302848,202848,8/8/2024,UPI,Paid,158.3
302849,202849,7/26/2024,UPI,Paid,26874.97
302850,202850,12/12/2025,UPI,Paid,4695.76
302851,202851,5/29/2024,Cash on Delivery,Paid,2544.7
302852,202852,3/15/2025,Cash on Delivery,Paid,26054.91
302853,202853,11/29/2025,Debit Card,Paid,896.07
302854,202854,12/22/2025,UPI,Paid,3762.16
302855,202855,9/7/2025,Wallet,Paid,7575.96
302856,202856,11/22/2025,Credit Card,Paid,1148.69
302857,202857,5/31/2024,Debit Card,Paid,2434.83
302858,202858,3/4/2025,UPI,Paid,967.4
302859,202859,12/22/2024,Debit Card,Paid,13987.83
302860,202860,9/21/2023,Credit Card,Paid,5175.72
302861,202861,11/9/2025,Wallet,Paid,3045.14
302862,202862,12/17/2025,UPI,Paid,7584.67
302863,202863,10/19/2024,Debit Card,Paid,6577.72
302864,202864,2/14/2025,Net Banking,Paid,9625.39
302865,202865,8/9/2025,UPI,Paid,609.77
302866,202866,11/5/2025,Credit Card,Paid,3157.21
302867,202867,12/25/2025,UPI,Paid,8386.24
302868,202868,9/18/2025,UPI,Paid,6854.94
302869,202869,6/4/2025,UPI,Paid,3296.3
302870,202870,11/24/2024,Net Banking,Paid,154.68
302871,202871,9/14/2025,Net Banking,Paid,3137.1
302872,202872,12/28/2025,Cash on Delivery,Paid,7078.57
302873,202873,11/17/2025,Debit Card,Paid,6747.82
302874,202874,11/20/2025,Debit Card,Paid,427.52
302875,202875,5/21/2025,UPI,Paid,5786.65
302876,202876,9/23/2024,UPI,Paid,1593.4
302877,202877,12/14/2025,UPI,Paid,2948.8
302878,202878,1/4/2025,UPI,Paid,13216.06
302879,202879,10/5/2025,UPI,Paid,2955.26
302880,202880,1/10/2025,UPI,Paid,6413.58
302881,202881,12/28/2025,Debit Card,Paid,4445.31
302882,202882,12/30/2024,UPI,Paid,1968.26
302883,202883,9/23/2023,UPI,Paid,4209.28
302884,202884,10/9/2024,Debit Card,Paid,4886.19
302885,202885,7/17/2024,Credit Card,Paid,5846.06
302886,202886,11/12/2024,Credit Card,Paid,4400.49
302887,202887,8/11/2024,UPI,Paid,2495.11
302888,202888,12/23/2025,Cash on Delivery,Paid,2524.96
302889,202889,6/17/2025,Credit Card,Paid,3506.15
302890,202890,9/16/2025,Cash on Delivery,Paid,13853.19
302891,202891,3/22/2024,UPI,Paid,4838.11
302892,202892,8/12/2023,UPI,Paid,3635.02
302893,202893,11/1/2025,UPI,Paid,4612.22
302894,202894,7/25/2025,Credit Card,Paid,2316.43
302895,202895,7/29/2024,Debit Card,Paid,767.06
302896,202896,10/4/2024,Cash on Delivery,Paid,2099.43
302897,202897,6/11/2025,UPI,Paid,6314.83
302898,202898,11/24/2025,UPI,Paid,2271.46
302899,202899,6/17/2023,UPI,Paid,3326.76
302900,202900,7/28/2025,Net Banking,Paid,12996.95
302901,202901,11/2/2025,UPI,Paid,4585.91
302902,202902,10/12/2025,Credit Card,Paid,1600.34
302903,202903,12/16/2025,UPI,Paid,2887.5
302904,202904,12/15/2025,Wallet,Paid,1302.58
302905,202905,7/12/2025,Cash on Delivery,Paid,21040.51
302906,202906,10/2/2025,Net Banking,Paid,2747.13
302907,202907,5/21/2025,UPI,Paid,535.17
302908,202908,10/8/2023,Cash on Delivery,Paid,4206.11
302909,202909,8/11/2025,Debit Card,Paid,24775.05
302910,202910,12/3/2023,Credit Card,Failed,1644.48
302911,202911,9/9/2025,Cash on Delivery,Paid,2799.97
302912,202912,11/27/2025,Debit Card,Paid,25816.46
302913,202913,3/31/2024,Credit Card,Pending,3672.41
302914,202914,8/28/2023,Debit Card,Paid,790.96
302915,202915,8/12/2023,Net Banking,Paid,2628.3
302916,202916,12/27/2025,Credit Card,Paid,1898.64
302917,202917,11/21/2025,UPI,Paid,1623.9
302918,202918,1/8/2025,UPI,Failed,1020.54
302919,202919,11/4/2025,Debit Card,Paid,21174.66
302920,202920,6/30/2025,UPI,Paid,6532.34
302921,202921,7/9/2025,UPI,Paid,13325.81
302922,202922,3/29/2025,Debit Card,Paid,16045.37
302923,202923,9/27/2025,Credit Card,Paid,7682.74
302924,202924,9/5/2025,Credit Card,Paid,13718.83
302925,202925,10/18/2023,Credit Card,Paid,1897.89
302926,202926,8/19/2024,Credit Card,Paid,30078.63
302927,202927,11/2/2025,Credit Card,Paid,3324.36
302928,202928,5/22/2025,Wallet,Paid,10159.38
302929,202929,6/29/2025,Credit Card,Paid,3860.49
302930,202930,8/18/2025,Wallet,Paid,9579.61
302931,202931,11/30/2025,UPI,Paid,9766.77
302932,202932,12/17/2025,UPI,Failed,9248.94
302933,202933,11/5/2025,UPI,Paid,16021.35
302934,202934,9/20/2024,Credit Card,Failed,2249.61
302935,202935,8/20/2025,Cash on Delivery,Paid,6690.16
302936,202936,8/19/2025,Debit Card,Paid,1774.86
302937,202937,1/18/2025,Cash on Delivery,Paid,6150.46
302938,202938,5/27/2025,Debit Card,Paid,4006.42
302939,202939,11/5/2023,Debit Card,Paid,4512.9
302940,202940,2/20/2024,Credit Card,Paid,941.38
302941,202941,3/31/2024,Debit Card,Paid,1014.81
302942,202942,7/17/2025,Cash on Delivery,Paid,1933.17
302943,202943,5/27/2024,UPI,Paid,4481.66
302944,202944,11/26/2025,Credit Card,Paid,5762.38
302945,202945,1/9/2024,Cash on Delivery,Paid,19501.19
302946,202946,8/20/2024,UPI,Paid,13830.82
302947,202947,8/15/2025,Cash on Delivery,Paid,7020.75
302948,202948,11/23/2024,Credit Card,Paid,2845.75
302949,202949,11/9/2023,Debit Card,Paid,1576.06
302950,202950,4/27/2025,Debit Card,Paid,11144.43
302951,202951,12/15/2025,UPI,Paid,12869.45
302952,202952,10/6/2025,Credit Card,Paid,1782.5
302953,202953,12/17/2025,Credit Card,Pending,5220.75
302954,202954,7/6/2024,Cash on Delivery,Paid,5025.99
302955,202955,10/17/2023,Debit Card,Paid,697.26
302956,202956,4/7/2024,UPI,Paid,7278.49
302957,202957,7/21/2025,Cash on Delivery,Paid,4268.48
302958,202958,8/24/2025,Credit Card,Paid,6902.08
302959,202959,3/22/2024,Credit Card,Paid,2820.21
302960,202960,8/19/2024,Cash on Delivery,Paid,5727.29
302961,202961,12/21/2025,UPI,Paid,1731.33
302962,202962,10/9/2025,Debit Card,Paid,10272.89
302963,202963,9/11/2025,Cash on Delivery,Paid,6248.56
302964,202964,12/4/2024,UPI,Paid,5683.48
302965,202965,2/5/2025,Net Banking,Paid,9579.22
302966,202966,12/22/2025,Cash on Delivery,Paid,5145.36
302967,202967,11/14/2025,Credit Card,Paid,4577.32
302968,202968,11/2/2025,Credit Card,Paid,2603.11
302969,202969,6/9/2024,Credit Card,Paid,10535.82
302970,202970,12/16/2025,UPI,Paid,2261.43
302971,202971,1/27/2025,Debit Card,Paid,9056.35
302972,202972,11/7/2023,Wallet,Paid,6204.59
302973,202973,9/8/2025,Debit Card,Paid,10073.86
302974,202974,12/9/2024,Debit Card,Paid,4106.72
302975,202975,10/14/2024,Net Banking,Paid,2607.83
302976,202976,2/28/2024,UPI,Paid,6882.13
302977,202977,11/2/2024,Debit Card,Paid,12495.57
302978,202978,7/16/2025,Wallet,Paid,2748.76
302979,202979,4/23/2023,Net Banking,Pending,4304.42
302980,202980,8/11/2025,UPI,Paid,18316.37
302981,202981,6/22/2025,Credit Card,Paid,12493.11
302982,202982,7/3/2025,UPI,Paid,8928.8
302983,202983,10/12/2025,Cash on Delivery,Paid,4999.34
302984,202984,12/27/2025,Wallet,Paid,9954.84
302985,202985,12/18/2025,Debit Card,Paid,4551.92
302986,202986,1/9/2024,Credit Card,Paid,237.9
302987,202987,4/17/2024,Debit Card,Paid,815.38
302988,202988,3/15/2024,Credit Card,Paid,2084.18
302989,202989,10/6/2025,Debit Card,Paid,8034.95
302990,202990,12/20/2023,Cash on Delivery,Paid,2789.39
302991,202991,1/26/2025,UPI,Paid,4108.62
302992,202992,7/12/2025,Net Banking,Paid,11004.76
302993,202993,9/4/2024,UPI,Paid,369.82
302994,202994,4/16/2024,Credit Card,Paid,12940.37
302995,202995,11/28/2023,Debit Card,Paid,1638.34
302996,202996,2/10/2025,Cash on Delivery,Paid,2963.23
302997,202997,10/7/2024,Debit Card,Paid,10024.57
302998,202998,6/8/2025,UPI,Paid,2953.24
302999,202999,11/16/2025,UPI,Paid,4417.23
303000,203000,6/7/2025,UPI,Paid,3677.88
303001,203001,8/28/2025,Credit Card,Paid,5494.26
303002,203002,6/18/2024,UPI,Paid,1383.75
303003,203003,7/27/2025,Credit Card,Paid,2257.51
303004,203004,4/17/2025,Cash on Delivery,Paid,5859.04
303005,203005,2/22/2025,UPI,Paid,415.88
303006,203006,7/4/2025,UPI,Failed,7504.25
303007,203007,12/7/2023,Debit Card,Pending,5443.17
303008,203008,5/11/2025,UPI,Paid,5626.01
303009,203009,10/11/2025,Net Banking,Paid,4525.34
303010,203010,11/13/2025,Credit Card,Paid,7627.66
303011,203011,1/29/2023,Credit Card,Pending,3272.19
303012,203012,6/15/2025,Debit Card,Paid,1571.88
303013,203013,5/3/2024,UPI,Paid,23556.58
303014,203014,12/16/2025,UPI,Paid,10688.7
303015,203015,8/12/2025,UPI,Paid,1108.86
303016,203016,12/26/2025,Credit Card,Paid,3818.19
303017,203017,1/30/2025,Net Banking,Failed,1794.24
303018,203018,7/19/2025,UPI,Paid,15146.94
303019,203019,5/27/2025,UPI,Paid,1194.24
303020,203020,6/5/2025,Net Banking,Pending,823.6
303021,203021,10/1/2025,Net Banking,Paid,2952.74
303022,203022,5/10/2024,Credit Card,Paid,1103.08
303023,203023,11/12/2025,Net Banking,Paid,2223.13
303024,203024,2/1/2025,Credit Card,Paid,5520.04
303025,203025,12/19/2025,Credit Card,Paid,369.86
303026,203026,8/16/2025,UPI,Paid,3421.08
303027,203027,11/21/2025,Cash on Delivery,Failed,7961.24
303028,203028,7/12/2024,UPI,Paid,828.93
303029,203029,10/13/2025,Cash on Delivery,Pending,7408.25
303030,203030,12/15/2025,Cash on Delivery,Paid,9996.9
303031,203031,6/11/2025,Credit Card,Paid,4586.15
303032,203032,7/9/2025,Debit Card,Failed,23639.29
303033,203033,11/3/2025,UPI,Paid,2897.59
303034,203034,3/24/2025,UPI,Paid,12313.13
303035,203035,11/10/2025,Net Banking,Paid,9860.35
303036,203036,9/7/2024,Debit Card,Paid,7449.2
303037,203037,9/4/2025,UPI,Paid,3767.61
303038,203038,10/21/2025,Cash on Delivery,Paid,4712.6
303039,203039,9/3/2024,Credit Card,Paid,6234.76
303040,203040,12/10/2025,UPI,Paid,10178.38
303041,203041,2/16/2024,UPI,Paid,1165.64
303042,203042,11/20/2025,UPI,Paid,3599.46
303043,203043,7/2/2025,Credit Card,Paid,3016.5
303044,203044,3/5/2024,UPI,Paid,1879.56
303045,203045,1/28/2025,Credit Card,Paid,2632.86
303046,203046,10/16/2025,Cash on Delivery,Paid,5459.73
303047,203047,12/17/2023,UPI,Paid,984.65
303048,203048,9/10/2024,UPI,Paid,8370.25
303049,203049,9/11/2025,Wallet,Paid,194.65
303050,203050,7/6/2025,Net Banking,Paid,13563.11
303051,203051,11/14/2025,Net Banking,Paid,2455.57
303052,203052,9/3/2025,UPI,Pending,4010.19
303053,203053,3/6/2025,UPI,Paid,1341.27
303054,203054,6/5/2025,Credit Card,Paid,1724.72
303055,203055,7/26/2025,Wallet,Paid,1341.94
303056,203056,12/6/2023,Credit Card,Paid,6296.52
303057,203057,5/10/2023,Debit Card,Paid,2066.07
303058,203058,6/14/2025,UPI,Paid,6297.99
303059,203059,12/6/2025,Credit Card,Paid,771.14
303060,203060,7/8/2025,UPI,Paid,1173.42
303061,203061,5/3/2024,UPI,Paid,9763.82
303062,203062,1/17/2024,UPI,Paid,4450.92
303063,203063,8/25/2025,Debit Card,Paid,5778.61
303064,203064,10/18/2024,Credit Card,Paid,4966.69
303065,203065,12/4/2025,Net Banking,Paid,6481.73
303066,203066,10/5/2023,UPI,Paid,7259.32
303067,203067,12/20/2024,Credit Card,Paid,29510.89
303068,203068,3/22/2025,Net Banking,Paid,1039.83
303069,203069,11/22/2024,UPI,Paid,938.41
303070,203070,9/22/2024,Credit Card,Paid,4814.01
303071,203071,12/30/2025,Cash on Delivery,Paid,3228.45
303072,203072,10/7/2024,Wallet,Paid,25448.39
303073,203073,11/10/2024,Debit Card,Pending,1462.83
303074,203074,12/28/2025,UPI,Pending,4165.35
303075,203075,8/12/2025,UPI,Paid,4590.55
303076,203076,11/19/2025,UPI,Paid,6178.15
303077,203077,11/24/2025,Debit Card,Paid,21676.06
303078,203078,11/2/2025,Cash on Delivery,Paid,1817.12
303079,203079,4/15/2024,UPI,Paid,15952.02
303080,203080,11/27/2025,Cash on Delivery,Paid,4880.82
303081,203081,12/25/2025,UPI,Paid,7854.23
303082,203082,5/11/2025,Cash on Delivery,Paid,3028.86
303083,203083,12/18/2025,UPI,Paid,398.2
303084,203084,3/31/2025,UPI,Paid,3979.57
303085,203085,3/1/2024,Debit Card,Paid,4652.95
303086,203086,12/15/2025,Credit Card,Paid,10417.51
303087,203087,3/31/2024,Credit Card,Paid,669.42
303088,203088,12/1/2025,Net Banking,Paid,17643.25
303089,203089,7/16/2024,UPI,Paid,18287.59
303090,203090,7/24/2025,Credit Card,Paid,4248.2
303091,203091,12/23/2025,UPI,Paid,1952.89
303092,203092,10/19/2024,Debit Card,Paid,7171.54
303093,203093,12/30/2025,Credit Card,Failed,10366.8
303094,203094,8/30/2025,UPI,Paid,17892.47
303095,203095,4/2/2023,UPI,Paid,8248.48
303096,203096,12/28/2025,Cash on Delivery,Paid,701.62
303097,203097,12/31/2024,Debit Card,Paid,2588.8
303098,203098,6/30/2025,Debit Card,Paid,5111.26
303099,203099,2/18/2025,UPI,Pending,3772.38
303100,203100,12/16/2025,UPI,Paid,668.19
303101,203101,9/24/2025,UPI,Paid,284.37
303102,203102,12/11/2025,Credit Card,Paid,6050.47
303103,203103,12/28/2025,UPI,Paid,2251.42
303104,203104,7/28/2025,UPI,Paid,10163.49
303105,203105,11/11/2025,Wallet,Paid,12433.43
303106,203106,7/4/2023,UPI,Paid,800.67
303107,203107,12/27/2025,Net Banking,Paid,4897.08
303108,203108,5/4/2024,UPI,Paid,7733.03
303109,203109,12/28/2025,Credit Card,Paid,9384.3
303110,203110,9/5/2025,Cash on Delivery,Paid,14239.08
303111,203111,6/4/2025,Debit Card,Paid,3642.32
303112,203112,12/1/2025,Cash on Delivery,Paid,2132.46
303113,203113,6/17/2025,Debit Card,Paid,5908.17
303114,203114,5/16/2025,Credit Card,Paid,9952.84
303115,203115,7/24/2024,Wallet,Paid,6007.94
303116,203116,10/9/2024,UPI,Paid,11876.56
303117,203117,6/7/2023,UPI,Paid,2389.19
303118,203118,8/23/2024,UPI,Paid,3639.17
303119,203119,10/29/2025,Debit Card,Paid,169.47
303120,203120,11/22/2025,UPI,Paid,3784.15
303121,203121,12/15/2025,Credit Card,Paid,950.43
303122,203122,12/28/2025,UPI,Paid,7647.9
303123,203123,9/12/2024,UPI,Paid,706.23
303124,203124,11/30/2025,Debit Card,Paid,5101.13
303125,203125,5/18/2024,UPI,Paid,2817.98
303126,203126,9/26/2025,Credit Card,Paid,10462.42
303127,203127,12/12/2024,Debit Card,Paid,16116.29
303128,203128,6/1/2025,Net Banking,Paid,9309.87
303129,203129,12/1/2024,UPI,Paid,7073.31
303130,203130,11/4/2025,Cash on Delivery,Paid,2512.71
303131,203131,12/9/2025,Debit Card,Paid,7042.42
303132,203132,8/24/2025,UPI,Paid,3647.36
303133,203133,10/4/2025,Cash on Delivery,Pending,2491.47
303134,203134,7/5/2025,Debit Card,Paid,990.24
303135,203135,6/5/2025,UPI,Paid,3068.11
303136,203136,12/22/2025,UPI,Paid,3015.7
303137,203137,6/7/2025,Cash on Delivery,Paid,449.4
303138,203138,12/24/2025,Wallet,Paid,12780.67
303139,203139,9/5/2025,UPI,Failed,4243.7
303140,203140,11/2/2024,UPI,Paid,3733.96
303141,203141,10/28/2025,Credit Card,Paid,909.31
303142,203142,9/19/2025,Cash on Delivery,Failed,2713.3
303143,203143,12/2/2024,Credit Card,Paid,1315.19
303144,203144,12/2/2025,Wallet,Paid,742.97
303145,203145,9/23/2025,Debit Card,Paid,3080.42
303146,203146,2/4/2024,Wallet,Failed,2017.23
303147,203147,3/31/2023,UPI,Paid,2545.22
303148,203148,4/25/2024,Debit Card,Paid,1047.55
303149,203149,1/5/2025,Net Banking,Paid,981.29
303150,203150,5/9/2024,Debit Card,Paid,1764.21
303151,203151,5/7/2025,UPI,Paid,1048.37
303152,203152,10/21/2025,Debit Card,Paid,277.29
303153,203153,4/26/2024,Net Banking,Paid,8968.38
303154,203154,8/5/2025,Credit Card,Paid,3743.58
303155,203155,10/27/2025,UPI,Paid,6160.5
303156,203156,6/21/2025,Cash on Delivery,Paid,1704.68
303157,203157,12/1/2025,UPI,Paid,14061.3
303158,203158,6/13/2025,Credit Card,Paid,4415.28
303159,203159,10/15/2025,Credit Card,Paid,18873.74
303160,203160,10/29/2025,UPI,Failed,5023.93
303161,203161,7/26/2024,Net Banking,Paid,5977.75
303162,203162,10/8/2024,Debit Card,Paid,9600.49
303163,203163,3/28/2023,Debit Card,Paid,2278.43
303164,203164,10/20/2024,Credit Card,Paid,467.97
303165,203165,11/4/2025,Net Banking,Paid,15021.09
303166,203166,8/9/2025,Credit Card,Paid,7193.88
303167,203167,9/8/2025,UPI,Paid,1363.65
303168,203168,12/11/2025,Cash on Delivery,Paid,11135.07
303169,203169,3/8/2025,Debit Card,Paid,3072.14
303170,203170,6/27/2025,UPI,Failed,2336.78
303171,203171,8/30/2025,Cash on Delivery,Paid,19636.89
303172,203172,5/16/2025,Credit Card,Paid,6899.53
303173,203173,3/30/2025,Credit Card,Paid,4095.15
303174,203174,9/11/2025,Net Banking,Paid,10989.36
303175,203175,12/17/2025,UPI,Paid,14773.56
303176,203176,7/7/2025,Credit Card,Paid,8890.86
303177,203177,6/3/2024,Debit Card,Paid,3473.1
303178,203178,10/18/2025,Debit Card,Paid,14929.74
303179,203179,5/11/2025,UPI,Paid,5256.89
303180,203180,2/9/2024,Debit Card,Paid,4709.74
303181,203181,6/27/2025,Net Banking,Pending,6894.3
303182,203182,3/27/2024,Credit Card,Paid,2403.9
303183,203183,2/27/2025,Credit Card,Paid,7002.23
303184,203184,6/21/2025,Debit Card,Paid,1891.87
303185,203185,5/30/2025,UPI,Paid,4602.68
303186,203186,12/1/2024,Wallet,Paid,3815.3
303187,203187,4/17/2025,Wallet,Paid,3885.18
303188,203188,12/16/2025,Cash on Delivery,Paid,3163.75
303189,203189,9/30/2025,UPI,Paid,7936.77
303190,203190,10/7/2025,Credit Card,Paid,5392.11
303191,203191,12/26/2025,Credit Card,Paid,5189.77
303192,203192,7/1/2025,Net Banking,Paid,4674.02
303193,203193,7/27/2025,Cash on Delivery,Paid,4223.16
303194,203194,9/14/2025,UPI,Paid,3058.15
303195,203195,1/27/2025,Cash on Delivery,Paid,1040.23
303196,203196,2/6/2025,Credit Card,Paid,3724.5
303197,203197,10/16/2025,Credit Card,Paid,5006.18
303198,203198,9/6/2024,Wallet,Paid,17003.02
303199,203199,7/31/2025,UPI,Paid,5592.22
303200,203200,7/13/2025,UPI,Paid,6565.98
303201,203201,9/28/2024,Cash on Delivery,Paid,1285.12
303202,203202,10/31/2025,Cash on Delivery,Paid,674.12
303203,203203,9/11/2025,UPI,Paid,2288.01
303204,203204,9/28/2024,Cash on Delivery,Paid,454.41
303205,203205,8/27/2025,UPI,Paid,7525.32
303206,203206,3/30/2024,UPI,Paid,11186.22
303207,203207,3/1/2025,Debit Card,Paid,2115.79
303208,203208,7/11/2024,Debit Card,Paid,9754.84
303209,203209,8/30/2025,Credit Card,Paid,2327.52
303210,203210,11/26/2025,UPI,Paid,2166.05
303211,203211,12/14/2025,Debit Card,Paid,11864.42
303212,203212,12/30/2025,Net Banking,Paid,796.38
303213,203213,11/25/2025,Wallet,Paid,9801.38
303214,203214,10/28/2024,Net Banking,Paid,7887.66
303215,203215,9/20/2025,UPI,Paid,30495.42
303216,203216,3/26/2025,UPI,Paid,9907.06
303217,203217,12/29/2025,Net Banking,Paid,494.23
303218,203218,12/17/2024,Debit Card,Paid,669.93
303219,203219,12/11/2024,Cash on Delivery,Paid,2991.4
303220,203220,12/15/2025,UPI,Paid,20525.92
303221,203221,11/21/2025,Cash on Delivery,Paid,4949.55
303222,203222,10/23/2025,Debit Card,Paid,22392.51
303223,203223,12/9/2025,UPI,Paid,1221.12
303224,203224,11/16/2023,UPI,Paid,4576.59
303225,203225,1/4/2024,Cash on Delivery,Paid,5825.99
303226,203226,5/27/2024,Credit Card,Paid,4419.23
303227,203227,7/2/2025,Credit Card,Paid,3171.23
303228,203228,12/27/2023,Cash on Delivery,Failed,4278.63
303229,203229,11/21/2024,UPI,Paid,3771.52
303230,203230,1/22/2024,Net Banking,Paid,5440.32
303231,203231,8/30/2025,Debit Card,Failed,15370.31
303232,203232,1/17/2025,UPI,Paid,23265.63
303233,203233,5/13/2024,UPI,Paid,4249.45
303234,203234,4/16/2025,Debit Card,Paid,1824.35
303235,203235,3/29/2025,Credit Card,Paid,17671.31
303236,203236,4/18/2025,Debit Card,Paid,23703.82
303237,203237,10/25/2025,Cash on Delivery,Paid,387.43
303238,203238,1/13/2025,Wallet,Paid,3448.75
303239,203239,9/7/2025,Credit Card,Paid,1434.75
303240,203240,5/3/2025,Credit Card,Paid,3650.58
303241,203241,12/5/2025,UPI,Paid,7685.87
303242,203242,11/18/2025,UPI,Paid,3400.49
303243,203243,9/2/2024,Credit Card,Paid,4014.21
303244,203244,3/15/2024,Credit Card,Paid,4113
303245,203245,4/6/2025,UPI,Paid,410.17
303246,203246,11/30/2025,Credit Card,Paid,1034.07
303247,203247,12/17/2024,Cash on Delivery,Paid,21709.79
303248,203248,12/3/2025,Net Banking,Paid,7042.16
303249,203249,12/19/2025,UPI,Paid,2335.67
303250,203250,2/19/2025,Wallet,Paid,817.1
303251,203251,11/9/2024,UPI,Paid,6997.15
303252,203252,5/9/2025,Credit Card,Paid,1881.94
303253,203253,8/3/2024,Debit Card,Paid,17486.84
303254,203254,9/19/2025,UPI,Paid,2287
303255,203255,10/13/2024,Cash on Delivery,Paid,6855.69
303256,203256,9/20/2025,UPI,Paid,3620.52
303257,203257,8/11/2025,UPI,Paid,497.61
303258,203258,9/16/2025,Debit Card,Paid,6867.58
303259,203259,8/24/2025,Debit Card,Paid,21655.02
303260,203260,6/13/2025,Credit Card,Paid,10018.22
303261,203261,1/16/2024,UPI,Paid,4353.63
303262,203262,12/18/2025,UPI,Paid,2589.63
303263,203263,2/13/2025,UPI,Paid,2540.04
303264,203264,9/18/2025,Net Banking,Paid,13994.02
303265,203265,10/2/2025,UPI,Paid,2106.77
303266,203266,10/27/2025,UPI,Paid,5985.63
303267,203267,10/16/2024,Wallet,Paid,3363.41
303268,203268,12/12/2025,UPI,Paid,1610.53
303269,203269,3/26/2023,UPI,Paid,3270.4
303270,203270,1/20/2024,Cash on Delivery,Paid,9117.56
303271,203271,10/7/2024,UPI,Paid,12638.19
303272,203272,6/9/2025,Credit Card,Pending,3684.28
303273,203273,9/10/2025,Credit Card,Paid,1192.87
303274,203274,9/4/2025,Debit Card,Paid,2961.98
303275,203275,9/25/2024,UPI,Paid,1073.62
303276,203276,12/14/2023,Net Banking,Paid,1016.23
303277,203277,1/10/2025,Cash on Delivery,Paid,1774.79
303278,203278,11/9/2025,UPI,Paid,6837.82
303279,203279,6/14/2025,Credit Card,Paid,3399.1
303280,203280,6/4/2025,Debit Card,Pending,4188.62
303281,203281,8/4/2024,Net Banking,Paid,23085.03
303282,203282,5/13/2025,Cash on Delivery,Paid,173.36
303283,203283,12/2/2024,Debit Card,Paid,1180.05
303284,203284,11/12/2025,Debit Card,Paid,518.61
303285,203285,11/5/2025,Wallet,Paid,4072.32
303286,203286,9/25/2025,UPI,Paid,5317.21
303287,203287,11/21/2025,Wallet,Paid,3938.45
303288,203288,6/5/2025,Credit Card,Paid,4847.1
303289,203289,9/27/2024,Credit Card,Paid,8657.32
303290,203290,11/29/2025,UPI,Paid,5769.68
303291,203291,11/17/2025,Net Banking,Paid,10550.74
303292,203292,5/5/2024,Credit Card,Paid,3887.79
303293,203293,12/27/2023,Credit Card,Paid,12848.68
303294,203294,12/13/2025,Net Banking,Paid,6075.13
303295,203295,2/10/2024,Debit Card,Paid,9900.75
303296,203296,12/24/2025,UPI,Paid,7481.77
303297,203297,12/26/2025,Net Banking,Paid,11382.58
303298,203298,8/23/2023,UPI,Paid,6761.86
303299,203299,11/12/2025,Debit Card,Paid,5565.3
303300,203300,9/23/2025,UPI,Paid,7740.04
303301,203301,1/14/2025,Debit Card,Failed,5521.65
303302,203302,6/16/2025,Debit Card,Paid,5765.12
303303,203303,3/19/2025,UPI,Paid,2356.19
303304,203304,10/1/2024,Net Banking,Paid,1085.78
303305,203305,10/11/2025,Wallet,Paid,28076.26
303306,203306,9/4/2025,Wallet,Paid,2431.99
303307,203307,11/16/2025,Credit Card,Paid,5919.38
303308,203308,12/28/2025,Cash on Delivery,Paid,386.4
303309,203309,9/7/2025,Wallet,Failed,6700.33
303310,203310,3/27/2023,Credit Card,Paid,7267.49
303311,203311,1/23/2025,Credit Card,Paid,25926.69
303312,203312,9/27/2024,Debit Card,Pending,366.79
303313,203313,11/4/2024,UPI,Paid,6738.87
303314,203314,1/25/2024,Debit Card,Pending,6817.86
303315,203315,3/30/2025,Wallet,Paid,5698.45
303316,203316,5/31/2024,Wallet,Paid,7045.32
303317,203317,8/29/2023,Credit Card,Paid,11906.9
303318,203318,12/5/2024,Net Banking,Paid,2757.72
303319,203319,10/2/2025,Debit Card,Paid,6841.17
303320,203320,6/22/2025,Cash on Delivery,Paid,5039.75
303321,203321,11/24/2025,Debit Card,Paid,870.86
303322,203322,4/15/2025,Cash on Delivery,Paid,8902.88
303323,203323,5/9/2023,UPI,Paid,4869.03
303324,203324,12/12/2025,UPI,Paid,4109.31
303325,203325,7/14/2025,Net Banking,Paid,4882.04
303326,203326,12/2/2025,Net Banking,Paid,10687.21
303327,203327,6/27/2025,Credit Card,Paid,2852.57
303328,203328,1/5/2024,Credit Card,Paid,1670.02
303329,203329,1/8/2025,Credit Card,Pending,16422.6
303330,203330,12/4/2025,Credit Card,Paid,1443.3
303331,203331,11/12/2025,Credit Card,Paid,6207.61
303332,203332,1/11/2025,Credit Card,Pending,1270.34
303333,203333,11/8/2025,UPI,Paid,849.27
303334,203334,10/20/2025,Cash on Delivery,Paid,607.36
303335,203335,3/1/2024,UPI,Paid,3538.9
303336,203336,4/19/2025,UPI,Paid,19781.02
303337,203337,10/20/2025,UPI,Pending,2789.69
303338,203338,3/13/2025,Credit Card,Paid,2629.48
303339,203339,10/3/2024,Credit Card,Paid,29308.42
303340,203340,12/7/2025,UPI,Paid,3557.82
303341,203341,5/12/2024,Wallet,Paid,2999.07
303342,203342,1/1/2024,UPI,Paid,9860.62
303343,203343,4/6/2025,Credit Card,Paid,9094.28
303344,203344,8/1/2025,Credit Card,Paid,10312.71
303345,203345,11/1/2025,Cash on Delivery,Paid,8538.21
303346,203346,9/1/2025,Credit Card,Paid,27765.35
303347,203347,12/11/2023,Debit Card,Paid,5131.06
303348,203348,6/16/2024,Cash on Delivery,Paid,2511.39
303349,203349,5/14/2023,Cash on Delivery,Paid,1030.91
303350,203350,5/31/2024,UPI,Paid,1294.55
303351,203351,6/10/2025,Credit Card,Paid,22107.41
303352,203352,10/29/2025,Debit Card,Paid,1075.86
303353,203353,11/14/2023,Credit Card,Paid,14935.04
303354,203354,5/5/2025,UPI,Paid,6579.46
303355,203355,12/27/2024,Debit Card,Paid,960.94
303356,203356,12/15/2025,Cash on Delivery,Paid,19900.5
303357,203357,4/8/2024,Debit Card,Paid,7029.02
303358,203358,4/20/2025,Wallet,Paid,1751.72
303359,203359,11/23/2024,Wallet,Paid,4269.14
303360,203360,12/9/2024,Credit Card,Paid,6932.74
303361,203361,12/22/2025,Debit Card,Paid,13002.36
303362,203362,6/24/2025,Debit Card,Paid,6978.35
303363,203363,11/28/2025,Wallet,Paid,4686.93
303364,203364,10/11/2025,Debit Card,Paid,8064.88
303365,203365,6/6/2024,UPI,Paid,7013.48
303366,203366,4/7/2025,UPI,Paid,1319.06
303367,203367,11/3/2023,UPI,Paid,9046.68
303368,203368,7/6/2024,Debit Card,Paid,16888.63
303369,203369,12/1/2024,Wallet,Paid,6277
303370,203370,11/8/2025,Credit Card,Paid,3770.54
303371,203371,6/25/2024,UPI,Paid,8106.56
303372,203372,9/22/2024,UPI,Paid,831.25
303373,203373,4/6/2024,UPI,Paid,8766.09
303374,203374,6/5/2024,UPI,Paid,6437.96
303375,203375,10/24/2024,Wallet,Paid,6185.63
303376,203376,12/11/2025,Cash on Delivery,Paid,1562.07
303377,203377,9/2/2025,Credit Card,Paid,9404.92
303378,203378,10/28/2025,UPI,Paid,1523.26
303379,203379,8/16/2025,Cash on Delivery,Paid,2127.9
303380,203380,2/12/2025,UPI,Paid,1210.11
303381,203381,11/25/2025,Wallet,Failed,10662.15
303382,203382,11/24/2025,Debit Card,Paid,1217.45
303383,203383,11/29/2025,Credit Card,Paid,4401.54
303384,203384,12/15/2025,Debit Card,Paid,9916.91
303385,203385,7/10/2025,Debit Card,Paid,5297.68
303386,203386,10/4/2024,Wallet,Paid,3812.64
303387,203387,7/20/2024,Cash on Delivery,Failed,10173.39
303388,203388,1/31/2025,Wallet,Paid,9247.13
303389,203389,7/11/2025,UPI,Paid,8222.48
303390,203390,2/14/2025,Debit Card,Paid,1312.93
303391,203391,11/9/2023,UPI,Paid,11137.42
303392,203392,6/27/2025,UPI,Paid,10258.85
303393,203393,2/16/2024,Net Banking,Paid,1763.72
303394,203394,8/12/2025,Credit Card,Paid,3527.75
303395,203395,9/6/2025,Wallet,Paid,5181.59
303396,203396,9/27/2024,Cash on Delivery,Paid,9817.52
303397,203397,9/12/2025,UPI,Paid,11374.45
303398,203398,5/18/2024,UPI,Paid,2506.44
303399,203399,12/30/2025,Net Banking,Paid,125.8
303400,203400,3/20/2024,Debit Card,Paid,1000.44
303401,203401,5/25/2025,Credit Card,Paid,9132.64
303402,203402,10/5/2025,UPI,Paid,307.29
303403,203403,10/17/2024,Debit Card,Paid,2021.36
303404,203404,9/26/2025,Credit Card,Paid,28331.35
303405,203405,6/8/2024,Debit Card,Paid,1020.81
303406,203406,5/1/2024,UPI,Paid,7724.05
303407,203407,12/16/2024,Cash on Delivery,Pending,917.54
303408,203408,11/1/2025,Credit Card,Paid,7764.56
303409,203409,5/5/2025,Net Banking,Paid,1626.97
303410,203410,8/5/2025,Credit Card,Paid,8547.47
303411,203411,1/17/2025,Cash on Delivery,Paid,7855.21
303412,203412,5/28/2024,Debit Card,Paid,2750.56
303413,203413,6/21/2025,Cash on Delivery,Paid,9247.26
303414,203414,12/29/2025,Credit Card,Pending,9962.59
303415,203415,5/17/2025,Debit Card,Paid,1619.94
303416,203416,4/2/2024,Credit Card,Paid,2086.19
303417,203417,7/19/2025,UPI,Paid,953.88
303418,203418,8/14/2025,Debit Card,Paid,1396.18
303419,203419,11/24/2024,UPI,Paid,5240.58
303420,203420,12/19/2025,Cash on Delivery,Paid,2879.77
303421,203421,10/12/2024,UPI,Paid,3839.62
303422,203422,9/15/2025,Credit Card,Paid,3140.53
303423,203423,5/28/2024,UPI,Paid,8034.39
303424,203424,12/28/2025,Debit Card,Paid,6409.27
303425,203425,7/13/2025,Net Banking,Paid,20011.66
303426,203426,6/7/2025,Net Banking,Paid,868.65
303427,203427,2/26/2024,Credit Card,Paid,15761.65
303428,203428,7/30/2025,UPI,Paid,3126.79
303429,203429,11/8/2025,UPI,Paid,2941.28
303430,203430,9/11/2025,Wallet,Paid,10914.09
303431,203431,11/1/2024,Debit Card,Paid,6954.42
303432,203432,12/14/2025,UPI,Paid,8167.68
303433,203433,9/12/2025,Debit Card,Paid,6807.05
303434,203434,10/8/2025,UPI,Paid,249.24
303435,203435,10/14/2025,Net Banking,Paid,3179.33
303436,203436,9/26/2025,Wallet,Paid,4096.96
303437,203437,12/19/2024,UPI,Paid,2227.83
303438,203438,7/31/2025,Debit Card,Paid,4653.08
303439,203439,4/18/2025,Cash on Delivery,Paid,6815.22
303440,203440,5/2/2025,UPI,Pending,5588.18
303441,203441,9/25/2023,Debit Card,Paid,9114.6
303442,203442,8/22/2025,Credit Card,Paid,3971.86
303443,203443,7/19/2024,Debit Card,Paid,32958.56
303444,203444,5/17/2025,Cash on Delivery,Paid,4755.06
303445,203445,1/15/2025,Credit Card,Paid,344.07
303446,203446,6/17/2025,Net Banking,Paid,5064.19
303447,203447,8/26/2025,Net Banking,Paid,4388.83
303448,203448,9/8/2025,UPI,Paid,1799.18
303449,203449,2/26/2025,Cash on Delivery,Paid,16362.71
303450,203450,2/28/2025,Cash on Delivery,Paid,571.53
303451,203451,4/30/2025,Credit Card,Paid,6231.88
303452,203452,6/24/2024,Net Banking,Paid,8031.79
303453,203453,12/7/2024,UPI,Paid,6074.88
303454,203454,10/2/2024,Credit Card,Paid,4473.71
303455,203455,12/15/2025,UPI,Paid,2196.67
303456,203456,3/31/2025,Credit Card,Paid,3585.75
303457,203457,12/12/2025,UPI,Paid,1963.77
303458,203458,5/19/2025,Wallet,Paid,1927.18
303459,203459,9/26/2025,Wallet,Paid,4827.78
303460,203460,8/20/2024,UPI,Paid,3619.45
303461,203461,8/23/2025,UPI,Paid,9755.13
303462,203462,10/31/2024,Wallet,Paid,1851.86
303463,203463,3/31/2025,UPI,Paid,2169.58
303464,203464,11/3/2025,Net Banking,Paid,1326.44
303465,203465,7/3/2025,Cash on Delivery,Paid,15948.54
303466,203466,10/4/2025,Credit Card,Paid,6927.56
303467,203467,2/21/2025,Debit Card,Failed,7721.01
303468,203468,11/7/2024,UPI,Paid,4226.53
303469,203469,6/22/2024,UPI,Paid,1212.18
303470,203470,3/11/2025,Wallet,Paid,270.66
303471,203471,8/25/2025,Net Banking,Paid,11468.41
303472,203472,12/16/2025,Net Banking,Pending,3241.36
303473,203473,9/15/2025,Net Banking,Paid,9383.19
303474,203474,8/31/2025,Credit Card,Paid,8767.08
303475,203475,9/22/2023,Cash on Delivery,Paid,6741.16
303476,203476,2/20/2025,Credit Card,Paid,3839.77
303477,203477,12/22/2025,Net Banking,Paid,3744.99
303478,203478,5/4/2025,UPI,Paid,11638.38
303479,203479,5/19/2023,UPI,Paid,7307.22
303480,203480,12/11/2024,Debit Card,Paid,9496.61
303481,203481,5/28/2024,UPI,Paid,3490.22
303482,203482,1/13/2025,UPI,Paid,6631.25
303483,203483,12/18/2025,Credit Card,Failed,4607.48
303484,203484,12/6/2025,Credit Card,Paid,2407.22
303485,203485,8/15/2023,Credit Card,Paid,8845.88
303486,203486,4/23/2024,UPI,Paid,7420.46
303487,203487,12/11/2025,UPI,Pending,998.97
303488,203488,8/15/2025,Net Banking,Paid,27438.82
303489,203489,12/5/2025,Debit Card,Paid,2709.55
303490,203490,10/24/2025,Credit Card,Paid,1508.21
303491,203491,10/16/2024,UPI,Paid,1990.59
303492,203492,8/23/2023,UPI,Paid,350.92
303493,203493,7/11/2024,Debit Card,Paid,3313.59
303494,203494,10/9/2025,Debit Card,Paid,2933.26
303495,203495,7/4/2024,UPI,Paid,389.62
303496,203496,1/3/2025,Credit Card,Paid,2584.97
303497,203497,12/16/2025,Debit Card,Paid,1706.88
303498,203498,2/5/2024,Debit Card,Paid,1102.87
303499,203499,5/16/2025,UPI,Paid,4717.59
303500,203500,4/7/2023,Credit Card,Paid,10499.97
303501,203501,9/2/2024,Cash on Delivery,Paid,21146.32
303502,203502,4/18/2025,UPI,Paid,7825.61
303503,203503,2/18/2024,Credit Card,Paid,8671.02
303504,203504,11/28/2025,Credit Card,Paid,6715.18
303505,203505,7/21/2023,Debit Card,Paid,9070.05
303506,203506,12/4/2025,UPI,Paid,949.08
303507,203507,1/28/2025,Debit Card,Paid,10917.06
303508,203508,12/11/2025,Credit Card,Paid,787.74
303509,203509,2/23/2023,UPI,Paid,487.98
303510,203510,8/31/2023,Credit Card,Paid,3934.28
303511,203511,4/22/2025,UPI,Paid,17743.53
303512,203512,5/19/2025,UPI,Paid,7866.41
303513,203513,6/29/2024,Debit Card,Paid,7386.01
303514,203514,8/20/2025,Debit Card,Paid,1423.64
303515,203515,4/19/2023,UPI,Paid,19770.02
303516,203516,6/21/2025,Wallet,Paid,414.05
303517,203517,4/3/2024,Credit Card,Paid,221.93
303518,203518,3/29/2025,Credit Card,Paid,6839.16
303519,203519,10/1/2025,Wallet,Paid,18165.44
303520,203520,12/15/2025,Credit Card,Paid,4291.43
303521,203521,3/24/2025,UPI,Paid,13133.04
303522,203522,4/5/2025,Cash on Delivery,Paid,11376.82
303523,203523,12/12/2023,Debit Card,Paid,3039.5
303524,203524,10/29/2025,Debit Card,Paid,13455.09
303525,203525,10/16/2023,Debit Card,Paid,15058.92
303526,203526,8/2/2024,Debit Card,Paid,5997.35
303527,203527,7/23/2023,Credit Card,Paid,16856.16
303528,203528,11/22/2024,Debit Card,Paid,4476.51
303529,203529,10/10/2025,Net Banking,Paid,3191.87
303530,203530,10/4/2025,Debit Card,Paid,5162.26
303531,203531,12/30/2025,Net Banking,Paid,1175.33
303532,203532,12/25/2025,Debit Card,Paid,8245.2
303533,203533,5/27/2024,Debit Card,Paid,6569.08
303534,203534,12/7/2025,UPI,Paid,15686.86
303535,203535,4/24/2025,Net Banking,Paid,2965.33
303536,203536,7/1/2025,Debit Card,Paid,5612.97
303537,203537,8/29/2025,UPI,Paid,1185.91
303538,203538,10/10/2024,UPI,Paid,1544.32
303539,203539,11/28/2024,Credit Card,Paid,3150.41
303540,203540,8/25/2025,Net Banking,Paid,11295.44
303541,203541,12/1/2024,UPI,Paid,23760.05
303542,203542,11/23/2025,Credit Card,Paid,7379.2
303543,203543,2/24/2024,Credit Card,Paid,175.6
303544,203544,11/30/2025,Debit Card,Paid,3925.36
303545,203545,12/8/2025,Debit Card,Paid,1832.96
303546,203546,5/8/2024,Debit Card,Paid,4165.25
303547,203547,2/1/2024,Cash on Delivery,Paid,25500.29
303548,203548,12/18/2024,Credit Card,Paid,278.45
303549,203549,10/30/2025,Wallet,Paid,1450.14
303550,203550,12/28/2025,UPI,Paid,2450.82
303551,203551,9/14/2024,Debit Card,Paid,1577.74
303552,203552,3/21/2025,UPI,Paid,2016.1
303553,203553,6/24/2025,UPI,Paid,697.06
303554,203554,8/10/2023,UPI,Paid,17730.34
303555,203555,12/15/2024,UPI,Paid,625.31
303556,203556,6/14/2023,Debit Card,Paid,4000.91
303557,203557,7/12/2025,Cash on Delivery,Paid,1151.15
303558,203558,12/29/2025,Net Banking,Paid,8674.54
303559,203559,1/15/2025,UPI,Failed,8909.04
303560,203560,12/8/2025,Cash on Delivery,Pending,1736.24
303561,203561,11/30/2025,Debit Card,Paid,2282.48
303562,203562,3/31/2024,Wallet,Paid,10678.93
303563,203563,12/12/2024,Wallet,Paid,19690.22
303564,203564,9/27/2025,Credit Card,Paid,1918.94
303565,203565,11/17/2024,UPI,Paid,3963.43
303566,203566,8/11/2024,Net Banking,Paid,6450.7
303567,203567,9/10/2025,Credit Card,Paid,6889.07
303568,203568,10/19/2025,UPI,Paid,7466.51
303569,203569,8/10/2025,UPI,Paid,2453.74
303570,203570,2/10/2025,Debit Card,Paid,1630.25
303571,203571,1/7/2025,Credit Card,Paid,6165.34
303572,203572,8/6/2025,Cash on Delivery,Failed,458.06
303573,203573,12/26/2025,Credit Card,Paid,5017.19
303574,203574,4/23/2024,Credit Card,Paid,5217.51
303575,203575,11/24/2025,Credit Card,Paid,9853.67
303576,203576,4/11/2025,UPI,Paid,6768.33
303577,203577,9/18/2023,Wallet,Paid,2425.48
303578,203578,3/14/2025,UPI,Paid,2028.42
303579,203579,6/6/2025,UPI,Paid,899.95
303580,203580,5/2/2024,Debit Card,Paid,8285.27
303581,203581,4/24/2025,Credit Card,Paid,9999.59
303582,203582,6/5/2023,UPI,Paid,5990.02
303583,203583,8/14/2025,Credit Card,Paid,5848.39
303584,203584,8/31/2025,UPI,Paid,16105.99
303585,203585,11/8/2024,UPI,Paid,3451.71
303586,203586,7/10/2025,UPI,Paid,3638.91
303587,203587,8/14/2024,Cash on Delivery,Paid,6951.03
303588,203588,12/15/2023,UPI,Paid,6009.36
303589,203589,10/3/2024,Wallet,Paid,28197.41
303590,203590,10/17/2025,Net Banking,Paid,4017.19
303591,203591,6/9/2025,UPI,Paid,2225.45
303592,203592,2/18/2025,Cash on Delivery,Paid,4267.57
303593,203593,11/19/2025,Credit Card,Paid,8342.26
303594,203594,8/29/2024,UPI,Paid,17056.7
303595,203595,3/16/2025,Debit Card,Failed,14070.98
303596,203596,5/17/2025,UPI,Paid,4271.07
303597,203597,10/31/2025,Cash on Delivery,Paid,12873.51
303598,203598,11/2/2024,Net Banking,Paid,23980.13
303599,203599,12/25/2025,UPI,Paid,11889.58
303600,203600,10/28/2024,Debit Card,Paid,495.59
303601,203601,12/5/2023,Net Banking,Paid,466.72
303602,203602,11/3/2025,Cash on Delivery,Paid,4801.6
303603,203603,12/8/2025,UPI,Paid,2093.04
303604,203604,10/20/2024,Debit Card,Paid,5819.09
303605,203605,3/7/2025,UPI,Paid,22851.86
303606,203606,10/10/2025,Debit Card,Paid,794.72
303607,203607,3/6/2025,UPI,Paid,5062.83
303608,203608,12/10/2025,Debit Card,Paid,22528.42
303609,203609,12/15/2025,UPI,Paid,17719.43
303610,203610,1/25/2025,Credit Card,Paid,8993.27
303611,203611,1/7/2025,Credit Card,Paid,283.51
303612,203612,3/6/2025,Debit Card,Paid,6367.16
303613,203613,10/23/2025,UPI,Paid,1818.96
303614,203614,1/20/2025,UPI,Paid,3369.9
303615,203615,1/31/2025,Debit Card,Paid,4843.38
303616,203616,11/12/2025,Debit Card,Paid,5568.77
303617,203617,8/9/2024,Debit Card,Paid,1689.35
303618,203618,11/20/2024,Wallet,Paid,3035.27
303619,203619,9/17/2025,UPI,Paid,13518.9
303620,203620,2/5/2024,UPI,Paid,5169.64
303621,203621,8/11/2025,UPI,Paid,1594.37
303622,203622,3/21/2024,Cash on Delivery,Paid,4186.48
303623,203623,2/12/2025,Debit Card,Paid,4637.04
303624,203624,12/24/2025,Wallet,Paid,545.4
303625,203625,3/22/2023,Credit Card,Paid,24640.68
303626,203626,12/18/2023,Cash on Delivery,Paid,6444.43
303627,203627,5/18/2025,UPI,Paid,3311.19
303628,203628,11/18/2025,Debit Card,Paid,6434.39
303629,203629,3/20/2025,UPI,Paid,5678.48
303630,203630,11/24/2025,Credit Card,Paid,11897.83
303631,203631,5/25/2025,UPI,Paid,6242.02
303632,203632,8/30/2025,Net Banking,Paid,3689.07
303633,203633,9/25/2024,Credit Card,Paid,18923.42
303634,203634,11/18/2024,Debit Card,Paid,2538.68
303635,203635,12/20/2025,Credit Card,Paid,24023.03
303636,203636,2/14/2025,Cash on Delivery,Paid,5826.2
303637,203637,3/8/2025,Debit Card,Paid,566.96
303638,203638,7/3/2025,Cash on Delivery,Paid,6312.56
303639,203639,3/2/2024,Net Banking,Paid,10637.05
303640,203640,7/31/2024,Cash on Delivery,Paid,45787.29
303641,203641,7/25/2025,Wallet,Paid,14790.1
303642,203642,9/22/2024,Credit Card,Paid,4280.72
303643,203643,11/11/2025,Cash on Delivery,Paid,4897.87
303644,203644,12/16/2025,Debit Card,Paid,6024.51
303645,203645,8/29/2025,Cash on Delivery,Paid,965.93
303646,203646,7/15/2024,Wallet,Paid,1630.11
303647,203647,7/7/2024,Cash on Delivery,Paid,8133.62
303648,203648,10/24/2025,Cash on Delivery,Paid,7852.34
303649,203649,5/13/2025,Credit Card,Paid,78.29
303650,203650,6/21/2023,UPI,Paid,881.04
303651,203651,3/4/2025,Debit Card,Paid,6557.06
303652,203652,11/24/2025,Credit Card,Paid,4665.75
303653,203653,12/12/2024,UPI,Paid,1898.62
303654,203654,10/9/2025,Credit Card,Paid,1149.2
303655,203655,1/29/2025,Credit Card,Paid,4574.62
303656,203656,11/16/2024,UPI,Paid,9655.74
303657,203657,3/1/2025,UPI,Pending,12452.47
303658,203658,3/23/2025,Net Banking,Paid,10803.41
303659,203659,12/24/2025,Debit Card,Paid,11295.52
303660,203660,10/27/2024,UPI,Paid,1134.17
303661,203661,9/28/2024,Credit Card,Paid,48879.7
303662,203662,11/25/2024,Credit Card,Paid,6424.39
303663,203663,3/8/2025,Credit Card,Paid,12603.46
303664,203664,12/12/2024,UPI,Paid,7768.15
303665,203665,1/14/2025,Cash on Delivery,Pending,2664.91
303666,203666,4/23/2025,Cash on Delivery,Paid,854.61
303667,203667,8/15/2025,Debit Card,Paid,1747.81
303668,203668,3/12/2025,Debit Card,Paid,1906.84
303669,203669,11/18/2025,Credit Card,Paid,4475.08
303670,203670,8/12/2025,Cash on Delivery,Paid,3401.57
303671,203671,7/19/2024,Credit Card,Paid,2299.49
303672,203672,9/26/2025,Cash on Delivery,Paid,4319.25
303673,203673,9/3/2025,UPI,Failed,12893.96
303674,203674,12/7/2025,Credit Card,Paid,19883.87
303675,203675,12/20/2024,Credit Card,Paid,3539.2
303676,203676,12/10/2025,Credit Card,Paid,1097.07
303677,203677,12/25/2025,Cash on Delivery,Paid,453.06
303678,203678,12/23/2025,Cash on Delivery,Paid,13528.43
303679,203679,9/17/2025,Debit Card,Paid,4099.74
303680,203680,9/23/2025,Cash on Delivery,Paid,6810.77
303681,203681,6/22/2025,UPI,Paid,2972.3
303682,203682,12/14/2025,UPI,Paid,1143.28
303683,203683,12/5/2024,Net Banking,Paid,1954.38
303684,203684,12/24/2025,UPI,Paid,1490.55
303685,203685,11/14/2025,Wallet,Paid,2781.71
303686,203686,12/13/2025,UPI,Paid,4015.65
303687,203687,10/11/2025,UPI,Paid,4494.02
303688,203688,6/26/2025,UPI,Paid,2730.85
303689,203689,9/11/2025,UPI,Paid,7597.39
303690,203690,12/17/2024,UPI,Paid,11946.24
303691,203691,6/25/2025,Credit Card,Paid,15302.42
303692,203692,4/19/2024,Credit Card,Paid,5672.29
303693,203693,8/6/2024,Credit Card,Paid,5757.19
303694,203694,5/30/2024,UPI,Paid,1059.92
303695,203695,1/11/2025,Credit Card,Paid,14023.81
303696,203696,11/3/2025,Credit Card,Paid,7465.39
303697,203697,10/7/2025,Wallet,Paid,5521.61
303698,203698,7/11/2025,Credit Card,Failed,821.51
303699,203699,12/19/2025,UPI,Paid,5932.54
303700,203700,11/21/2023,Credit Card,Failed,3490.45
303701,203701,5/31/2024,Debit Card,Paid,714.7
303702,203702,7/16/2025,Cash on Delivery,Paid,8931.83
303703,203703,6/28/2025,Net Banking,Paid,1819.41
303704,203704,7/2/2024,Cash on Delivery,Paid,171.23
303705,203705,1/15/2024,UPI,Paid,1137.86
303706,203706,6/14/2023,Debit Card,Paid,1297.1
303707,203707,12/8/2023,Debit Card,Paid,6138.22
303708,203708,11/23/2025,Cash on Delivery,Paid,1898.4
303709,203709,8/9/2025,UPI,Paid,6342.65
303710,203710,9/29/2025,Net Banking,Paid,3478.36
303711,203711,1/17/2025,UPI,Paid,2848.65
303712,203712,11/20/2023,Credit Card,Paid,3113.59
303713,203713,4/19/2025,Debit Card,Paid,3938.45
303714,203714,12/16/2025,UPI,Paid,1920.14
303715,203715,1/14/2025,Credit Card,Paid,14802.21
303716,203716,8/16/2025,Credit Card,Paid,3131.47
303717,203717,11/13/2024,Credit Card,Paid,7075.57
303718,203718,2/21/2025,Net Banking,Paid,1023.24
303719,203719,11/11/2025,Wallet,Paid,3609.95
303720,203720,11/14/2024,UPI,Paid,21070.93
303721,203721,12/3/2024,Debit Card,Paid,846.26
303722,203722,11/24/2024,Credit Card,Paid,1426.66
303723,203723,10/29/2025,Credit Card,Paid,6848.54
303724,203724,5/7/2025,Credit Card,Paid,12170.21
303725,203725,12/19/2024,Credit Card,Paid,3474.23
303726,203726,8/5/2025,UPI,Paid,9370.47
303727,203727,6/18/2024,Net Banking,Paid,11594.21
303728,203728,9/24/2024,Debit Card,Paid,6801.5
303729,203729,8/15/2025,UPI,Paid,4050.55
303730,203730,5/28/2025,Credit Card,Paid,3496.21
303731,203731,7/29/2023,UPI,Paid,2314.84
303732,203732,11/18/2025,UPI,Paid,12462.34
303733,203733,12/11/2024,Credit Card,Paid,16475.87
303734,203734,3/17/2025,Credit Card,Paid,2400.34
303735,203735,11/26/2025,UPI,Paid,1223.5
303736,203736,8/20/2025,Net Banking,Pending,1801.12
303737,203737,12/14/2025,Debit Card,Paid,22263.24
303738,203738,5/2/2025,Debit Card,Paid,1818.96
303739,203739,5/20/2024,UPI,Paid,200.86
303740,203740,10/9/2025,Credit Card,Paid,4294.97
303741,203741,4/8/2024,Wallet,Paid,5937.5
303742,203742,11/29/2023,UPI,Paid,7247.33
303743,203743,4/29/2025,Wallet,Paid,7845.63
303744,203744,1/31/2025,UPI,Paid,463.46
303745,203745,11/14/2025,Credit Card,Paid,2119.15
303746,203746,11/23/2025,Debit Card,Paid,3306.48
303747,203747,9/4/2023,UPI,Paid,1308.1
303748,203748,8/17/2025,UPI,Paid,11591.56
303749,203749,9/13/2024,Wallet,Paid,2311.82
303750,203750,8/21/2025,Credit Card,Paid,13749.95
303751,203751,8/7/2025,UPI,Paid,335.22
303752,203752,8/20/2025,Net Banking,Paid,7063.16
303753,203753,11/22/2025,UPI,Paid,8688.69
303754,203754,5/5/2025,Debit Card,Paid,7406.72
303755,203755,3/9/2025,UPI,Paid,200.22
303756,203756,7/11/2025,Wallet,Paid,9106.26
303757,203757,3/10/2024,UPI,Paid,6914.4
303758,203758,6/8/2025,Credit Card,Paid,3318.9
303759,203759,9/8/2025,UPI,Paid,6932.52
303760,203760,9/8/2025,UPI,Paid,5140.93
303761,203761,6/16/2025,Cash on Delivery,Paid,12588.2
303762,203762,5/27/2025,UPI,Paid,1376.38
303763,203763,10/7/2025,UPI,Paid,3301.16
303764,203764,10/7/2025,Credit Card,Paid,17932.61
303765,203765,5/20/2025,Debit Card,Paid,4911.02
303766,203766,7/8/2025,UPI,Paid,5299.83
303767,203767,10/24/2025,UPI,Paid,6170
303768,203768,6/19/2024,UPI,Paid,3793.38
303769,203769,10/13/2024,Credit Card,Paid,1650.65
303770,203770,9/12/2025,Credit Card,Paid,5025.63
303771,203771,4/5/2024,UPI,Paid,13049.03
303772,203772,7/12/2025,UPI,Paid,4773.77
303773,203773,6/8/2025,UPI,Paid,15388.18
303774,203774,9/9/2025,UPI,Paid,4141.29
303775,203775,12/20/2025,Cash on Delivery,Paid,22578.6
303776,203776,2/15/2024,UPI,Paid,3390.44
303777,203777,5/2/2025,Credit Card,Paid,2167.19
303778,203778,7/27/2025,UPI,Paid,6283.52
303779,203779,8/20/2025,Credit Card,Paid,18494.79
303780,203780,4/28/2025,Debit Card,Paid,7655.17
303781,203781,5/26/2025,Debit Card,Paid,1758.83
303782,203782,12/2/2023,UPI,Paid,5247.22
303783,203783,6/20/2025,UPI,Paid,5086.62
303784,203784,1/12/2024,Credit Card,Paid,5470.5
303785,203785,10/10/2025,Credit Card,Paid,3438.64
303786,203786,1/29/2025,Debit Card,Paid,2428.9
303787,203787,7/12/2025,Debit Card,Paid,6017.44
303788,203788,8/10/2025,Cash on Delivery,Paid,4381.61
303789,203789,11/2/2024,Cash on Delivery,Paid,11000.19
303790,203790,1/30/2024,UPI,Pending,22894.56
303791,203791,7/12/2025,UPI,Paid,2223.81
303792,203792,9/22/2025,Net Banking,Paid,1100.13
303793,203793,5/26/2025,Credit Card,Paid,21213.8
303794,203794,3/11/2024,UPI,Paid,6450.15
303795,203795,4/17/2025,UPI,Paid,1787.68
303796,203796,4/22/2024,UPI,Paid,10389.56
303797,203797,12/25/2025,UPI,Paid,3029.42
303798,203798,7/23/2023,Debit Card,Paid,6263.78
303799,203799,12/16/2025,Credit Card,Paid,1522.9
303800,203800,6/24/2025,Net Banking,Paid,8977.96
303801,203801,9/10/2024,UPI,Paid,1491.65
303802,203802,10/30/2025,UPI,Paid,366.27
303803,203803,7/27/2025,Cash on Delivery,Paid,4289.53
303804,203804,2/27/2025,Wallet,Paid,3910.44
303805,203805,12/4/2025,UPI,Paid,1532.56
303806,203806,6/5/2025,UPI,Paid,4084.27
303807,203807,5/2/2024,Cash on Delivery,Pending,1535.99
303808,203808,3/24/2025,Credit Card,Paid,395.37
303809,203809,2/17/2025,Debit Card,Paid,5022.5
303810,203810,1/3/2025,Credit Card,Paid,923.47
303811,203811,11/10/2024,Debit Card,Paid,4341.72
303812,203812,7/19/2025,UPI,Failed,8857.61
303813,203813,7/4/2025,UPI,Paid,8737.85
303814,203814,9/26/2025,Debit Card,Paid,25423.25
303815,203815,7/9/2025,Cash on Delivery,Paid,4519.51
303816,203816,8/24/2023,UPI,Paid,1411.02
303817,203817,1/17/2024,Net Banking,Paid,1929.78
303818,203818,10/2/2024,UPI,Paid,1699.88
303819,203819,1/13/2024,UPI,Paid,128.94
303820,203820,1/12/2025,Wallet,Paid,8742.04
303821,203821,9/1/2024,Debit Card,Paid,2190.72
303822,203822,12/13/2024,Debit Card,Paid,33150.81
303823,203823,12/26/2025,Net Banking,Paid,5294.67
303824,203824,3/30/2025,UPI,Failed,21147.63
303825,203825,11/1/2024,Debit Card,Paid,5094.49
303826,203826,10/13/2025,Wallet,Paid,11362.97
303827,203827,8/21/2024,UPI,Paid,20112.68
303828,203828,5/17/2024,Credit Card,Paid,23926.84
303829,203829,8/3/2025,Debit Card,Paid,5653.87
303830,203830,1/3/2024,Net Banking,Paid,17874.8
303831,203831,12/23/2025,Debit Card,Paid,6544.02
303832,203832,12/16/2025,Debit Card,Paid,646.15
303833,203833,7/31/2023,Cash on Delivery,Paid,5029.16
303834,203834,12/20/2025,Debit Card,Paid,1493.85
303835,203835,7/7/2025,Credit Card,Paid,975.36
303836,203836,3/2/2025,Cash on Delivery,Paid,23699.73
303837,203837,4/23/2025,Cash on Delivery,Paid,9612.18
303838,203838,3/25/2025,UPI,Paid,12114.16
303839,203839,8/16/2023,Credit Card,Paid,5747.07
303840,203840,5/10/2024,UPI,Paid,3424.27
303841,203841,6/19/2025,Credit Card,Paid,14779.75
303842,203842,11/22/2025,UPI,Pending,9362.27
303843,203843,10/16/2024,UPI,Paid,8616.42
303844,203844,4/28/2025,Credit Card,Paid,1382.95
303845,203845,8/6/2025,UPI,Paid,2107.72
303846,203846,11/1/2025,UPI,Paid,3959.91
303847,203847,12/22/2025,Debit Card,Paid,5540.29
303848,203848,10/16/2025,Credit Card,Paid,3736.15
303849,203849,7/30/2025,Credit Card,Paid,10111.05
303850,203850,7/23/2023,UPI,Paid,2555.2
303851,203851,2/26/2025,Credit Card,Paid,1991.15
303852,203852,8/27/2025,Credit Card,Paid,1710.58
303853,203853,3/25/2024,Debit Card,Paid,4055.99
303854,203854,6/15/2024,UPI,Paid,1750.31
303855,203855,10/3/2024,Cash on Delivery,Paid,4549.55
303856,203856,7/9/2025,Debit Card,Paid,12341.49
303857,203857,10/16/2025,Net Banking,Paid,1666.5
303858,203858,11/20/2025,UPI,Paid,11698.56
303859,203859,12/11/2025,Debit Card,Paid,1432.43
303860,203860,9/28/2024,Credit Card,Paid,1893.35
303861,203861,12/14/2025,UPI,Paid,1803.04
303862,203862,1/10/2024,Net Banking,Paid,13769.72
303863,203863,12/1/2025,Credit Card,Paid,3323.08
303864,203864,11/24/2023,UPI,Pending,9486.89
303865,203865,11/4/2024,Credit Card,Paid,992.84
303866,203866,12/9/2025,UPI,Paid,431.69
303867,203867,7/14/2023,Credit Card,Paid,5912.44
303868,203868,9/12/2025,Cash on Delivery,Paid,1332
303869,203869,10/24/2025,Net Banking,Paid,4311.03
303870,203870,6/30/2025,UPI,Paid,23129.76
303871,203871,12/3/2025,UPI,Paid,10478.76
303872,203872,5/19/2025,Debit Card,Paid,9060.25
303873,203873,8/15/2025,Debit Card,Paid,15510.37
303874,203874,11/27/2025,Net Banking,Paid,18599.97
303875,203875,5/9/2025,Credit Card,Paid,8408.05
303876,203876,9/17/2025,UPI,Paid,786.09
303877,203877,2/16/2025,UPI,Paid,3596.4
303878,203878,11/6/2025,UPI,Paid,9826.32
303879,203879,12/4/2025,Debit Card,Paid,8913.14
303880,203880,1/20/2025,UPI,Paid,6790.27
303881,203881,5/21/2024,UPI,Paid,2967.46
303882,203882,12/6/2024,Wallet,Paid,1745.4
303883,203883,11/12/2025,Credit Card,Paid,11035
303884,203884,12/3/2025,Net Banking,Paid,10032.07
303885,203885,8/29/2024,UPI,Paid,818
303886,203886,11/23/2025,Credit Card,Paid,8780.92
303887,203887,8/24/2025,UPI,Paid,17317.86
303888,203888,7/21/2025,Credit Card,Paid,10966.13
303889,203889,5/20/2024,UPI,Paid,817.03
303890,203890,3/18/2025,Net Banking,Paid,1237.74
303891,203891,8/27/2024,Net Banking,Paid,3003.25
303892,203892,11/19/2024,UPI,Paid,11603.25
303893,203893,7/24/2025,Wallet,Paid,1596.26
303894,203894,9/18/2024,Cash on Delivery,Paid,7689.82
303895,203895,1/11/2025,UPI,Paid,4157.59
303896,203896,9/28/2025,Cash on Delivery,Paid,2034.33
303897,203897,5/13/2025,Cash on Delivery,Paid,5915.4
303898,203898,3/5/2025,Credit Card,Paid,571.8
303899,203899,10/19/2024,UPI,Paid,6534.6
303900,203900,9/9/2024,UPI,Paid,8160.68
303901,203901,9/12/2024,Cash on Delivery,Paid,12010.64
303902,203902,12/17/2025,Debit Card,Paid,6803.38
303903,203903,10/17/2023,Cash on Delivery,Paid,8098.2
303904,203904,1/23/2025,Wallet,Paid,5830.08
303905,203905,5/18/2023,Debit Card,Paid,857.46
303906,203906,10/4/2024,Cash on Delivery,Paid,3364.5
303907,203907,5/27/2024,UPI,Paid,4460.27
303908,203908,7/18/2025,UPI,Failed,10048.2
303909,203909,1/1/2025,Credit Card,Paid,1778.82
303910,203910,7/23/2025,UPI,Paid,11195.72
303911,203911,9/10/2023,Credit Card,Paid,9962.79
303912,203912,3/23/2024,UPI,Paid,1927.73
303913,203913,11/5/2025,Net Banking,Paid,2329.55
303914,203914,7/16/2025,Debit Card,Paid,5939.9
303915,203915,12/25/2025,Net Banking,Paid,11436.3
303916,203916,3/17/2025,UPI,Paid,1270.82
303917,203917,10/26/2025,Debit Card,Paid,8754.02
303918,203918,9/20/2025,UPI,Paid,14384.32
303919,203919,3/23/2025,Credit Card,Paid,24463.54
303920,203920,12/16/2025,Net Banking,Paid,9683.55
303921,203921,10/16/2024,Net Banking,Paid,4935.35
303922,203922,9/24/2025,Wallet,Paid,9926.66
303923,203923,12/5/2025,Credit Card,Paid,9443.96
303924,203924,5/11/2025,Wallet,Paid,4232.46
303925,203925,1/15/2024,Wallet,Paid,6988.79
303926,203926,11/9/2025,Wallet,Paid,4425.34
303927,203927,12/6/2025,Debit Card,Failed,10922.3
303928,203928,10/26/2025,Credit Card,Paid,1080.27
303929,203929,12/26/2025,Cash on Delivery,Paid,1868.61
303930,203930,12/24/2023,Debit Card,Paid,6538.34
303931,203931,11/4/2025,Cash on Delivery,Paid,5590.95
303932,203932,11/7/2025,Cash on Delivery,Paid,3215.96
303933,203933,6/21/2025,UPI,Paid,4867.35
303934,203934,8/16/2024,UPI,Paid,10753.69
303935,203935,8/28/2024,UPI,Paid,3130.61
303936,203936,11/17/2025,Debit Card,Paid,12619.13
303937,203937,1/27/2024,Debit Card,Paid,2119.19
303938,203938,10/4/2025,Credit Card,Paid,11602.52
303939,203939,12/12/2025,Net Banking,Paid,4231.44
303940,203940,12/20/2024,Debit Card,Paid,10280.28
303941,203941,7/27/2025,UPI,Paid,2715.29
303942,203942,12/11/2025,Net Banking,Paid,2329.07
303943,203943,10/12/2025,Credit Card,Paid,11306.47
303944,203944,5/28/2025,Cash on Delivery,Paid,3673.38
303945,203945,11/21/2024,Debit Card,Paid,296.86
303946,203946,10/19/2024,Cash on Delivery,Paid,8713.11
303947,203947,6/28/2023,Net Banking,Paid,1726.41
303948,203948,9/14/2025,Debit Card,Paid,7699.21
303949,203949,12/22/2025,Cash on Delivery,Paid,16911.87
303950,203950,4/10/2024,Net Banking,Paid,11641.48
303951,203951,8/6/2025,Credit Card,Paid,3900.11
303952,203952,9/21/2024,Credit Card,Paid,3609.86
303953,203953,5/16/2025,UPI,Paid,4528.01
303954,203954,7/9/2025,Cash on Delivery,Paid,8274.14
303955,203955,6/28/2025,Debit Card,Paid,605.72
303956,203956,5/3/2025,Credit Card,Paid,4062.75
303957,203957,5/20/2025,UPI,Paid,9543.8
303958,203958,10/15/2023,Credit Card,Paid,3715.77
303959,203959,1/21/2025,UPI,Paid,8306.49
303960,203960,12/14/2025,Cash on Delivery,Paid,1944.39
303961,203961,3/3/2025,UPI,Pending,7675.88
303962,203962,7/23/2025,UPI,Paid,5717.9
303963,203963,7/15/2024,Cash on Delivery,Paid,1857.16
303964,203964,4/17/2024,Credit Card,Paid,5168.79
303965,203965,7/14/2025,Net Banking,Paid,3222.67
303966,203966,11/14/2023,Debit Card,Paid,4883.95
303967,203967,12/18/2025,Net Banking,Paid,1634.67
303968,203968,12/31/2025,Net Banking,Paid,3173.04
303969,203969,8/31/2025,UPI,Paid,15458.83
303970,203970,12/13/2024,Net Banking,Paid,3963.14
303971,203971,11/20/2025,Cash on Delivery,Paid,1158.78
303972,203972,12/12/2025,UPI,Paid,1734.26
303973,203973,2/13/2025,Cash on Delivery,Paid,13305.23
303974,203974,8/12/2024,Wallet,Paid,272.66
303975,203975,11/20/2023,Credit Card,Paid,6237.86
303976,203976,12/4/2025,UPI,Paid,12537.28
303977,203977,11/2/2024,UPI,Paid,1068.23
303978,203978,9/18/2024,Wallet,Paid,9953.78
303979,203979,7/14/2025,UPI,Paid,4533.91
303980,203980,8/19/2025,UPI,Paid,8724.78
303981,203981,1/10/2025,Credit Card,Paid,1638.97
303982,203982,11/30/2025,Cash on Delivery,Paid,6168.55
303983,203983,5/31/2025,Credit Card,Paid,31691.79
303984,203984,11/20/2024,UPI,Paid,2537.88
303985,203985,2/14/2025,Debit Card,Paid,146.82
303986,203986,3/13/2023,UPI,Paid,3396.91
303987,203987,8/9/2024,Wallet,Paid,18899.95
303988,203988,1/31/2025,Credit Card,Paid,503.63
303989,203989,12/21/2025,Debit Card,Paid,3303.39
303990,203990,9/15/2025,Cash on Delivery,Paid,13010.13
303991,203991,8/5/2023,Cash on Delivery,Paid,8425.82
303992,203992,9/29/2024,Credit Card,Paid,11530
303993,203993,3/20/2025,Credit Card,Paid,176.43
303994,203994,8/20/2025,Credit Card,Paid,13075.42
303995,203995,9/7/2025,Cash on Delivery,Paid,393.94
303996,203996,7/19/2024,UPI,Paid,14113.51
303997,203997,11/1/2025,UPI,Paid,21947.85
303998,203998,3/2/2025,UPI,Paid,1108.27
303999,203999,11/27/2023,UPI,Paid,3435.07
304000,204000,11/25/2023,UPI,Paid,6365.99
304001,204001,10/31/2025,Wallet,Paid,4943.24
304002,204002,4/16/2024,UPI,Paid,20215.77
304003,204003,10/11/2025,Debit Card,Paid,1285.88
304004,204004,5/14/2024,Credit Card,Paid,4630.77
304005,204005,9/27/2025,Wallet,Paid,4356.7
304006,204006,8/6/2025,Debit Card,Paid,14838.98
304007,204007,8/29/2025,Credit Card,Paid,8228.29
304008,204008,8/2/2025,Cash on Delivery,Paid,6364.94
304009,204009,4/1/2025,Net Banking,Paid,29068.18
304010,204010,6/5/2023,UPI,Paid,5961.3
304011,204011,12/21/2023,Debit Card,Paid,16323.27
304012,204012,8/24/2024,Net Banking,Paid,7702.58
304013,204013,6/20/2025,UPI,Paid,18382.47
304014,204014,9/18/2025,Credit Card,Paid,12692.59
304015,204015,12/10/2024,Debit Card,Paid,8525.49
304016,204016,12/14/2025,Cash on Delivery,Paid,4090.23
304017,204017,11/12/2025,Cash on Delivery,Paid,2167.16
304018,204018,3/28/2025,UPI,Paid,672.68
304019,204019,6/15/2025,Net Banking,Paid,1744.85
304020,204020,8/22/2025,UPI,Paid,1099.84
304021,204021,9/28/2025,Credit Card,Failed,6375.06
304022,204022,10/29/2024,Wallet,Paid,325.78
304023,204023,8/27/2025,Credit Card,Paid,647.15
304024,204024,8/29/2025,Debit Card,Paid,7792.57
304025,204025,11/27/2025,Credit Card,Paid,9657.67
304026,204026,7/21/2025,UPI,Paid,3773.6
304027,204027,6/2/2025,Debit Card,Paid,310.12
304028,204028,7/1/2025,Net Banking,Paid,2085.1
304029,204029,6/25/2023,Credit Card,Pending,7780.94
304030,204030,6/24/2025,UPI,Paid,7091.26
304031,204031,6/26/2024,Net Banking,Paid,2116.16
304032,204032,3/19/2025,UPI,Paid,13218.05
304033,204033,5/14/2025,Debit Card,Paid,17467.32
304034,204034,4/11/2025,UPI,Paid,2523.96
304035,204035,10/1/2025,Cash on Delivery,Paid,16380.75
304036,204036,1/15/2025,Wallet,Paid,1914.69
304037,204037,12/17/2025,UPI,Paid,6929.83
304038,204038,12/21/2025,UPI,Paid,1844.91
304039,204039,10/28/2023,UPI,Paid,3889.19
304040,204040,10/25/2024,Net Banking,Paid,79.25
304041,204041,10/26/2025,UPI,Paid,25268.39
304042,204042,12/11/2025,UPI,Paid,26081.66
304043,204043,10/26/2025,Net Banking,Paid,580.4
304044,204044,12/23/2025,UPI,Paid,5238.18
304045,204045,2/10/2024,Credit Card,Paid,22394.02
304046,204046,11/1/2025,UPI,Pending,3950.82
304047,204047,8/9/2025,Cash on Delivery,Paid,18766.7
304048,204048,8/29/2025,Net Banking,Paid,1777.79
304049,204049,4/18/2025,Cash on Delivery,Paid,10736.27
304050,204050,11/26/2025,Credit Card,Paid,9400.31
304051,204051,9/29/2024,UPI,Paid,12269.35
304052,204052,6/4/2024,UPI,Paid,4556.58
304053,204053,4/19/2025,Credit Card,Paid,7907.36
304054,204054,1/10/2025,UPI,Paid,1485.35
304055,204055,7/3/2025,Cash on Delivery,Paid,1107.49
304056,204056,9/28/2025,Cash on Delivery,Paid,6003.76
304057,204057,7/28/2025,Credit Card,Paid,6913.81
304058,204058,1/16/2025,Credit Card,Paid,7010.08
304059,204059,7/7/2025,UPI,Paid,20184.01
304060,204060,5/16/2025,Cash on Delivery,Paid,40362.01
304061,204061,3/15/2024,UPI,Paid,7306.39
304062,204062,3/21/2025,UPI,Paid,18833.88
304063,204063,8/19/2024,UPI,Paid,9218.58
304064,204064,4/5/2025,Credit Card,Paid,606.25
304065,204065,11/9/2025,UPI,Paid,1697.02
304066,204066,8/28/2025,Credit Card,Paid,7124.78
304067,204067,11/17/2025,Cash on Delivery,Paid,2905.32
304068,204068,7/23/2025,Debit Card,Paid,567.97
304069,204069,1/24/2025,UPI,Paid,3079.81
304070,204070,11/28/2025,UPI,Paid,1447.77
304071,204071,10/20/2025,Cash on Delivery,Paid,11931.64
304072,204072,10/9/2023,Cash on Delivery,Paid,4413.59
304073,204073,8/19/2024,Wallet,Paid,4767.52
304074,204074,12/8/2025,Cash on Delivery,Paid,6326.85
304075,204075,2/9/2025,UPI,Paid,3231.04
304076,204076,5/12/2024,Cash on Delivery,Paid,3881.83
304077,204077,12/4/2025,Credit Card,Paid,15682.67
304078,204078,7/5/2025,Debit Card,Paid,2706
304079,204079,5/1/2025,Wallet,Paid,1374.3
304080,204080,11/25/2025,Debit Card,Paid,15524.15
304081,204081,1/24/2025,UPI,Paid,6731.03
304082,204082,12/12/2023,UPI,Paid,5150.44
304083,204083,5/5/2024,Debit Card,Paid,29002.97
304084,204084,11/7/2025,Net Banking,Paid,6119
304085,204085,4/10/2025,Wallet,Failed,605.57
304086,204086,9/26/2025,Credit Card,Pending,9344.24
304087,204087,4/25/2025,UPI,Paid,9995.16
304088,204088,2/21/2025,Cash on Delivery,Paid,12493.98
304089,204089,9/15/2025,Credit Card,Paid,21339.25
304090,204090,8/3/2025,UPI,Paid,3841.86
304091,204091,11/21/2025,Debit Card,Paid,1285.82
304092,204092,12/6/2025,UPI,Paid,13607.31
304093,204093,12/25/2025,Debit Card,Pending,4909.02
304094,204094,2/24/2025,Credit Card,Paid,2318.17
304095,204095,3/13/2025,Cash on Delivery,Paid,8179.47
304096,204096,10/27/2025,UPI,Paid,365.22
304097,204097,12/31/2023,UPI,Pending,9778.72
304098,204098,8/31/2025,Debit Card,Paid,14613.39
304099,204099,4/16/2025,Cash on Delivery,Paid,4428.34
304100,204100,1/30/2025,Debit Card,Paid,1372.46
304101,204101,10/24/2025,Credit Card,Paid,2389.76
304102,204102,9/11/2025,Credit Card,Failed,1294.1
304103,204103,5/27/2025,Wallet,Paid,7064.48
304104,204104,12/25/2025,Credit Card,Paid,5607.15
304105,204105,4/1/2025,UPI,Paid,2127.76
304106,204106,12/10/2025,Wallet,Paid,1871.32
304107,204107,12/26/2024,Debit Card,Paid,10836.17
304108,204108,1/5/2024,Credit Card,Paid,3073.03
304109,204109,9/29/2025,UPI,Paid,2251.7
304110,204110,2/22/2025,Cash on Delivery,Paid,6313.82
304111,204111,6/23/2025,Credit Card,Paid,14641.09
304112,204112,12/1/2025,Cash on Delivery,Paid,39303.43
304113,204113,7/20/2025,Net Banking,Paid,2306.67
304114,204114,3/1/2025,UPI,Paid,4401.48
304115,204115,9/20/2025,UPI,Paid,8104.96
304116,204116,12/25/2025,Cash on Delivery,Paid,962.29
304117,204117,12/31/2023,UPI,Paid,4342.55
304118,204118,12/30/2025,Credit Card,Pending,26053.52
304119,204119,8/4/2025,Net Banking,Paid,1792.88
304120,204120,4/5/2025,Cash on Delivery,Paid,4878.75
304121,204121,10/10/2024,Debit Card,Paid,5454.47
304122,204122,12/3/2025,Wallet,Paid,4717.44
304123,204123,12/5/2025,Cash on Delivery,Paid,9650.14
304124,204124,10/26/2025,Credit Card,Paid,20759.94
304125,204125,11/19/2024,UPI,Paid,3896.94
304126,204126,2/19/2024,Debit Card,Paid,4175.4
304127,204127,11/29/2024,UPI,Paid,4319.79
304128,204128,8/6/2025,Cash on Delivery,Paid,1863.07
304129,204129,7/10/2025,UPI,Paid,3398.06
304130,204130,10/6/2025,Cash on Delivery,Paid,7477.31
304131,204131,1/15/2024,UPI,Paid,6250.49
304132,204132,10/4/2025,Debit Card,Paid,5473.43
304133,204133,5/11/2025,Net Banking,Paid,17674.27
304134,204134,6/20/2024,Cash on Delivery,Paid,14177.43
304135,204135,3/18/2025,Cash on Delivery,Paid,13452.75
304136,204136,6/11/2025,UPI,Paid,11261.96
304137,204137,8/8/2024,UPI,Paid,350.11
304138,204138,10/15/2025,UPI,Paid,26392.42
304139,204139,10/31/2025,Credit Card,Paid,1160.48
304140,204140,4/8/2025,UPI,Paid,11159.45
304141,204141,9/9/2025,Cash on Delivery,Paid,15774.22
304142,204142,12/13/2024,Credit Card,Paid,933.09
304143,204143,1/31/2025,Credit Card,Paid,7194.02
304144,204144,4/19/2025,UPI,Paid,5822.17
304145,204145,1/21/2025,Credit Card,Paid,5868.74
304146,204146,2/12/2025,Debit Card,Paid,9172.52
304147,204147,3/23/2024,Credit Card,Paid,2301.89
304148,204148,8/9/2025,UPI,Paid,1645.95
304149,204149,4/3/2025,Net Banking,Paid,10457.9
304150,204150,2/22/2025,Credit Card,Paid,198.1
304151,204151,4/5/2025,Cash on Delivery,Paid,4117.16
304152,204152,1/29/2025,UPI,Paid,34310.99
304153,204153,7/7/2024,Wallet,Paid,6980.26
304154,204154,9/4/2024,Cash on Delivery,Paid,1393.66
304155,204155,9/26/2025,Credit Card,Failed,8707.66
304156,204156,6/26/2025,Cash on Delivery,Paid,7050.79
304157,204157,7/5/2025,UPI,Paid,17109.48
304158,204158,1/15/2024,UPI,Paid,8706.78
304159,204159,12/11/2025,Net Banking,Paid,5317.04
304160,204160,11/23/2024,Wallet,Paid,4429.46
304161,204161,6/12/2025,Debit Card,Paid,3362.86
304162,204162,10/24/2025,Debit Card,Paid,23275.99
304163,204163,7/12/2025,Net Banking,Paid,11138.21
304164,204164,10/27/2025,Credit Card,Paid,3608.34
304165,204165,5/25/2025,Cash on Delivery,Paid,5028.51
304166,204166,8/31/2025,UPI,Paid,1481.25
304167,204167,7/20/2025,Cash on Delivery,Paid,3567.88
304168,204168,10/12/2025,Cash on Delivery,Paid,8710.57
304169,204169,9/22/2024,Credit Card,Paid,3303.06
304170,204170,12/28/2025,Credit Card,Paid,9469.36
304171,204171,2/6/2024,Cash on Delivery,Paid,5690.88
304172,204172,12/18/2025,UPI,Paid,351.04
304173,204173,9/17/2025,Wallet,Paid,11833.81
304174,204174,12/30/2025,Debit Card,Paid,6904.56
304175,204175,3/26/2025,UPI,Paid,4220.9
304176,204176,12/9/2025,UPI,Paid,12087.74
304177,204177,9/7/2024,Credit Card,Failed,4969.24
304178,204178,5/25/2025,Net Banking,Paid,4790.68
304179,204179,12/27/2025,Debit Card,Paid,2702.07
304180,204180,9/15/2025,UPI,Paid,855.32
304181,204181,7/24/2025,Debit Card,Paid,4925.84
304182,204182,11/17/2023,Credit Card,Paid,9656.35
304183,204183,7/25/2025,UPI,Paid,20123.76
304184,204184,4/7/2025,Credit Card,Paid,7176.97
304185,204185,3/8/2025,UPI,Paid,2708.79
304186,204186,9/30/2025,Cash on Delivery,Pending,10927.06
304187,204187,2/8/2025,UPI,Paid,1758.65
304188,204188,3/17/2024,Net Banking,Paid,12355.09
304189,204189,10/25/2024,Credit Card,Paid,3334.09
304190,204190,2/14/2025,Credit Card,Paid,5823.33
304191,204191,8/18/2025,UPI,Paid,1641.64
304192,204192,5/30/2024,Net Banking,Paid,9376.64
304193,204193,12/22/2024,Credit Card,Paid,3352.06
304194,204194,9/2/2024,Debit Card,Paid,1918.38
304195,204195,11/15/2023,Wallet,Paid,4280.64
304196,204196,7/22/2025,Net Banking,Paid,1339.45
304197,204197,9/2/2024,Credit Card,Paid,2936.67
304198,204198,10/17/2025,Credit Card,Paid,1031.56
304199,204199,4/26/2025,Credit Card,Paid,334.08
304200,204200,9/9/2024,Credit Card,Paid,3299.11
304201,204201,10/11/2024,Wallet,Paid,108.69
304202,204202,12/23/2024,Credit Card,Paid,9082.64
304203,204203,8/18/2025,Net Banking,Paid,3503.63
304204,204204,11/6/2025,Cash on Delivery,Paid,774.68
304205,204205,11/22/2025,Credit Card,Paid,1080.47
304206,204206,4/17/2024,Credit Card,Paid,2310.78
304207,204207,12/31/2025,UPI,Paid,3117.48
304208,204208,12/1/2025,UPI,Paid,4963.52
304209,204209,2/22/2025,Debit Card,Pending,4048.52
304210,204210,12/15/2025,Debit Card,Paid,24141.52
304211,204211,12/21/2025,Debit Card,Paid,3381.28
304212,204212,6/14/2025,UPI,Paid,12146.08
304213,204213,12/24/2025,UPI,Paid,566.61
304214,204214,3/8/2025,Cash on Delivery,Paid,2508.59
304215,204215,8/13/2025,Cash on Delivery,Paid,8549.38
304216,204216,8/21/2025,Credit Card,Paid,16919.65
304217,204217,4/23/2023,Cash on Delivery,Paid,4037.12
304218,204218,3/29/2025,Credit Card,Paid,2728.02
304219,204219,12/24/2023,Credit Card,Paid,16263.86
304220,204220,9/17/2023,Credit Card,Paid,829.55
304221,204221,4/16/2025,Cash on Delivery,Paid,1172.08
304222,204222,9/15/2024,UPI,Paid,18034.84
304223,204223,11/12/2024,Credit Card,Paid,3154.68
304224,204224,10/11/2023,Credit Card,Paid,6439.58
304225,204225,12/14/2024,Debit Card,Paid,1949.19
304226,204226,10/7/2025,UPI,Paid,2727.41
304227,204227,8/15/2025,Credit Card,Paid,535.77
304228,204228,5/10/2024,Debit Card,Paid,157.58
304229,204229,12/4/2025,UPI,Paid,1119.65
304230,204230,9/11/2024,Credit Card,Paid,7935.11
304231,204231,12/17/2025,UPI,Paid,2625.05
304232,204232,1/8/2025,Credit Card,Paid,4817.98
304233,204233,12/7/2024,UPI,Paid,1725.14
304234,204234,7/4/2025,UPI,Paid,12246.66
304235,204235,10/19/2024,Debit Card,Paid,1809.94
304236,204236,5/25/2025,Debit Card,Paid,5561.18
304237,204237,12/12/2025,Cash on Delivery,Paid,2067.57
304238,204238,12/4/2025,Credit Card,Paid,1363.64
304239,204239,11/23/2025,Debit Card,Paid,3495.86
304240,204240,11/21/2024,UPI,Paid,19040.62
304241,204241,3/14/2025,UPI,Paid,8490.42
304242,204242,6/19/2025,Credit Card,Paid,160.54
304243,204243,4/28/2025,Credit Card,Paid,2670.2
304244,204244,8/4/2023,Net Banking,Paid,2842.61
304245,204245,10/9/2025,Net Banking,Paid,13896.11
304246,204246,4/3/2025,Wallet,Paid,462.75
304247,204247,7/26/2025,Cash on Delivery,Paid,4916.64
304248,204248,9/16/2025,UPI,Paid,2680.79
304249,204249,1/13/2025,UPI,Paid,7640.13
304250,204250,12/31/2023,UPI,Paid,10017.27
304251,204251,12/8/2025,Debit Card,Paid,13580.79
304252,204252,7/29/2023,Credit Card,Paid,6811.15
304253,204253,4/16/2025,Debit Card,Paid,3758.8
304254,204254,7/12/2025,Wallet,Paid,28866.27
304255,204255,9/3/2025,UPI,Paid,7065.36
304256,204256,4/27/2025,Debit Card,Paid,7580.87
304257,204257,7/30/2025,UPI,Paid,6434.56
304258,204258,12/14/2023,Debit Card,Paid,6958.37
304259,204259,7/11/2025,Debit Card,Paid,2349.23
304260,204260,7/29/2024,Net Banking,Paid,5957.85
304261,204261,7/14/2025,Credit Card,Paid,5014.13
304262,204262,5/9/2024,UPI,Failed,3462.71
304263,204263,1/4/2025,UPI,Failed,16096.34
304264,204264,4/7/2025,Credit Card,Paid,1392.79
304265,204265,5/11/2025,Debit Card,Paid,4305.12
304266,204266,5/24/2024,UPI,Paid,10918.35
304267,204267,8/11/2025,Debit Card,Paid,2609.07
304268,204268,1/31/2025,Net Banking,Paid,3749.7
304269,204269,6/21/2025,Credit Card,Paid,4698.7
304270,204270,9/15/2024,UPI,Paid,14782.04
304271,204271,4/15/2025,Debit Card,Paid,751.55
304272,204272,8/23/2025,Wallet,Paid,3392.69
304273,204273,6/13/2025,Wallet,Paid,5206.48
304274,204274,3/24/2023,Credit Card,Pending,9234.82
304275,204275,1/27/2025,Credit Card,Paid,1540.6
304276,204276,12/4/2025,UPI,Failed,21709.01
304277,204277,12/29/2025,Credit Card,Paid,124.75
304278,204278,11/29/2024,Net Banking,Paid,3062.52
304279,204279,9/20/2024,Net Banking,Paid,277.34
304280,204280,1/30/2025,Credit Card,Paid,357.12
304281,204281,4/11/2025,UPI,Paid,4399.98
304282,204282,12/2/2025,Debit Card,Paid,1669.61
304283,204283,9/23/2024,UPI,Paid,3923.81
304284,204284,11/8/2025,UPI,Paid,1981.96
304285,204285,12/26/2025,UPI,Paid,1136.38
304286,204286,6/8/2023,Debit Card,Paid,4416.97
304287,204287,2/14/2025,Credit Card,Paid,732.62
304288,204288,8/8/2025,Cash on Delivery,Paid,1054.52
304289,204289,10/13/2025,Debit Card,Paid,611.27
304290,204290,6/5/2025,Cash on Delivery,Paid,807.13
304291,204291,11/30/2025,UPI,Paid,3898.57
304292,204292,10/9/2025,Debit Card,Paid,2921.69
304293,204293,4/14/2025,Debit Card,Paid,15583.51
304294,204294,11/10/2024,Cash on Delivery,Pending,1409.8
304295,204295,7/31/2025,Credit Card,Paid,36506.39
304296,204296,11/11/2024,UPI,Paid,2268.55
304297,204297,2/4/2025,UPI,Paid,8148.3
304298,204298,12/14/2025,Cash on Delivery,Pending,7238.59
304299,204299,1/24/2025,UPI,Paid,251.87
304300,204300,5/14/2024,Debit Card,Paid,2428.74
304301,204301,12/12/2025,Net Banking,Failed,6064.5
304302,204302,11/10/2024,Credit Card,Failed,5027.27
304303,204303,10/16/2025,UPI,Paid,1682.08
304304,204304,12/16/2024,UPI,Paid,340.62
304305,204305,12/13/2025,Credit Card,Paid,885.12
304306,204306,12/25/2024,UPI,Paid,9141.76
304307,204307,3/13/2025,UPI,Paid,3147.37
304308,204308,8/1/2025,Credit Card,Failed,6878.98
304309,204309,2/7/2024,Debit Card,Paid,1190.03
304310,204310,5/25/2025,Wallet,Paid,1862.58
304311,204311,7/13/2023,UPI,Paid,441.5
304312,204312,11/15/2025,Debit Card,Paid,1154.66
304313,204313,10/29/2025,Credit Card,Paid,1005.48
304314,204314,1/15/2024,UPI,Paid,6543.19
304315,204315,12/3/2025,UPI,Paid,4900.55
304316,204316,2/22/2025,Net Banking,Paid,9721.09
304317,204317,12/9/2025,UPI,Failed,5592.88
304318,204318,12/31/2025,Cash on Delivery,Paid,10195.7
304319,204319,11/12/2025,Credit Card,Paid,8243.91
304320,204320,4/30/2025,Debit Card,Paid,3259.33
304321,204321,6/23/2025,UPI,Paid,5254.34
304322,204322,6/24/2024,Cash on Delivery,Paid,4345.75
304323,204323,11/14/2025,UPI,Paid,27988.29
304324,204324,12/2/2025,Debit Card,Paid,4409.22
304325,204325,6/15/2025,Credit Card,Paid,12579.19
304326,204326,10/23/2023,Credit Card,Paid,5654.21
304327,204327,4/1/2025,Debit Card,Paid,10037
304328,204328,8/28/2024,UPI,Paid,3206.04
304329,204329,2/5/2024,Credit Card,Paid,3261.73
304330,204330,12/2/2025,UPI,Paid,204.05
304331,204331,11/19/2024,UPI,Paid,2693.89
304332,204332,9/22/2025,Wallet,Paid,10432.87
304333,204333,7/9/2025,Cash on Delivery,Paid,7638.75
304334,204334,5/5/2024,UPI,Paid,2864.36
304335,204335,11/15/2025,Credit Card,Paid,1202.82
304336,204336,12/22/2025,UPI,Paid,4727.85
304337,204337,9/9/2025,Credit Card,Paid,2101.35
304338,204338,12/14/2025,Debit Card,Paid,9873.05
304339,204339,5/7/2025,Cash on Delivery,Paid,7135.2
304340,204340,12/14/2025,Cash on Delivery,Paid,12886.1
304341,204341,4/27/2025,UPI,Paid,3504
304342,204342,1/22/2025,Credit Card,Paid,3395.09
304343,204343,9/24/2025,UPI,Paid,1206.09
304344,204344,9/1/2023,UPI,Paid,6743.37
304345,204345,12/17/2025,Debit Card,Paid,2481.96
304346,204346,12/10/2025,Credit Card,Paid,2122
304347,204347,8/17/2025,Debit Card,Pending,8092.16
304348,204348,12/26/2025,Cash on Delivery,Paid,140.33
304349,204349,6/3/2024,Debit Card,Paid,285.52
304350,204350,9/23/2025,Credit Card,Paid,1809.22
304351,204351,11/29/2023,Debit Card,Paid,1262.31
304352,204352,12/1/2024,UPI,Paid,2513.18
304353,204353,7/8/2025,Credit Card,Paid,4349.24
304354,204354,10/27/2025,Debit Card,Paid,8090.75
304355,204355,3/2/2025,Credit Card,Paid,2469.74
304356,204356,5/1/2025,Wallet,Paid,5323.94
304357,204357,12/9/2025,Net Banking,Paid,16638.05
304358,204358,7/17/2023,Debit Card,Paid,5545.53
304359,204359,10/14/2024,UPI,Paid,6854.27
304360,204360,8/1/2025,Credit Card,Paid,12027.76
304361,204361,12/22/2024,UPI,Paid,1839.53
304362,204362,12/25/2025,Debit Card,Paid,1384.96
304363,204363,6/7/2024,UPI,Paid,1876.58
304364,204364,5/16/2025,UPI,Paid,10088.92
304365,204365,7/10/2023,UPI,Paid,13532.44
304366,204366,5/14/2025,Debit Card,Paid,3338.77
304367,204367,12/19/2025,UPI,Paid,28715.25
304368,204368,1/9/2025,UPI,Paid,4581.67
304369,204369,7/14/2024,UPI,Paid,4031.84
304370,204370,3/24/2025,Wallet,Paid,4697.58
304371,204371,11/3/2024,Cash on Delivery,Paid,1551.65
304372,204372,2/2/2025,Credit Card,Paid,7340.75
304373,204373,6/13/2023,UPI,Paid,5462.22
304374,204374,3/11/2024,Cash on Delivery,Paid,29157.13
304375,204375,5/30/2025,Credit Card,Paid,16953.65
304376,204376,9/3/2025,Debit Card,Paid,2527.4
304377,204377,11/10/2025,UPI,Paid,2062.13
304378,204378,10/14/2025,Net Banking,Failed,8997.58
304379,204379,11/18/2025,Credit Card,Paid,27159.83
304380,204380,5/2/2025,Wallet,Paid,1842.82
304381,204381,8/2/2025,UPI,Paid,9003.06
304382,204382,10/25/2025,Debit Card,Paid,3235.33
304383,204383,8/17/2025,Cash on Delivery,Paid,493.76
304384,204384,8/24/2024,Credit Card,Failed,5538.4
304385,204385,5/23/2025,Cash on Delivery,Paid,5032.64
304386,204386,11/2/2025,UPI,Paid,289.21
304387,204387,9/22/2025,Credit Card,Paid,1816.75
304388,204388,4/1/2025,Debit Card,Paid,11521.23
304389,204389,9/4/2025,Wallet,Paid,1946.74
304390,204390,12/10/2025,UPI,Paid,9260.02
304391,204391,10/22/2024,Cash on Delivery,Paid,4568.6
304392,204392,8/9/2025,Credit Card,Paid,26499.58
304393,204393,4/1/2024,UPI,Paid,6088.7
304394,204394,5/25/2025,Net Banking,Pending,3354.3
304395,204395,11/19/2024,Cash on Delivery,Paid,94.91
304396,204396,12/10/2024,UPI,Paid,3916.88
304397,204397,8/30/2024,Credit Card,Paid,405.03
304398,204398,12/30/2025,Net Banking,Failed,23698.23
304399,204399,8/21/2024,Credit Card,Paid,2785.85
304400,204400,12/22/2024,Credit Card,Paid,8601.35
304401,204401,12/15/2025,UPI,Paid,323.77
304402,204402,1/11/2025,Credit Card,Paid,17901.63
304403,204403,3/7/2024,Net Banking,Paid,809
304404,204404,10/24/2025,Debit Card,Pending,7724.01
304405,204405,6/7/2024,Credit Card,Paid,3374.9
304406,204406,3/22/2025,UPI,Paid,463.44
304407,204407,7/29/2024,Credit Card,Paid,8415.15
304408,204408,11/13/2024,Debit Card,Paid,5356.03
304409,204409,10/30/2025,Net Banking,Paid,9247.31
304410,204410,11/1/2025,Wallet,Paid,14128.82
304411,204411,10/1/2025,UPI,Paid,4396.84
304412,204412,5/6/2025,Net Banking,Paid,14196.09
304413,204413,3/31/2025,Net Banking,Paid,5583.77
304414,204414,3/16/2025,Credit Card,Paid,229.68
304415,204415,9/21/2025,Credit Card,Paid,3631.06
304416,204416,1/17/2025,Debit Card,Paid,15961.74
304417,204417,6/13/2025,UPI,Paid,3200.4
304418,204418,12/7/2025,Debit Card,Paid,3323.95
304419,204419,3/2/2025,Wallet,Paid,42792.12
304420,204420,9/15/2024,Credit Card,Paid,8468.07
304421,204421,6/11/2025,UPI,Paid,628.33
304422,204422,11/8/2025,Credit Card,Paid,2649.31
304423,204423,6/17/2025,Credit Card,Paid,7233.95
304424,204424,9/28/2025,Credit Card,Paid,4012.46
304425,204425,10/31/2025,Cash on Delivery,Paid,1640.43
304426,204426,10/6/2025,Credit Card,Paid,699.72
304427,204427,5/23/2025,UPI,Paid,548.5
304428,204428,7/28/2025,Debit Card,Paid,2099.84
304429,204429,12/7/2025,Cash on Delivery,Paid,1379.29
304430,204430,12/5/2025,UPI,Paid,7299.67
304431,204431,6/29/2025,Cash on Delivery,Paid,904.94
304432,204432,6/30/2024,UPI,Paid,20807.65
304433,204433,10/2/2025,Credit Card,Paid,4522.88
304434,204434,10/23/2025,Credit Card,Paid,3776.8
304435,204435,11/30/2024,UPI,Paid,5972.87
304436,204436,1/16/2025,Debit Card,Paid,12640.81
304437,204437,12/28/2024,Debit Card,Paid,18837.95
304438,204438,8/11/2024,Net Banking,Paid,7750.46
304439,204439,10/8/2025,Credit Card,Paid,10952.7
304440,204440,12/17/2025,Debit Card,Paid,6852.31
304441,204441,9/14/2024,Net Banking,Failed,6452.74
304442,204442,11/20/2025,UPI,Paid,5995.14
304443,204443,9/4/2025,Debit Card,Pending,6322.68
304444,204444,1/17/2025,Net Banking,Paid,4610.92
304445,204445,9/29/2025,Credit Card,Paid,7519.38
304446,204446,12/31/2025,Debit Card,Pending,20087.97
304447,204447,12/5/2025,Cash on Delivery,Paid,682.85
304448,204448,8/30/2025,Net Banking,Paid,3487.13
304449,204449,6/9/2025,UPI,Paid,307.71
304450,204450,12/4/2025,Wallet,Paid,10818.37
304451,204451,11/11/2025,UPI,Paid,1609.77
304452,204452,11/27/2025,Net Banking,Paid,4815.77
304453,204453,5/19/2025,Credit Card,Paid,6161.77
304454,204454,12/11/2025,Debit Card,Paid,4975.42
304455,204455,2/4/2025,Credit Card,Paid,2043.09
304456,204456,11/17/2025,Debit Card,Paid,4391.35
304457,204457,12/9/2024,Net Banking,Failed,8369.45
304458,204458,3/17/2025,UPI,Paid,5591.16
304459,204459,12/15/2025,UPI,Paid,24476.71
304460,204460,12/16/2024,Net Banking,Paid,872.35
304461,204461,11/21/2025,UPI,Paid,4309.37
304462,204462,8/9/2025,Cash on Delivery,Paid,4021.91
304463,204463,3/25/2025,Wallet,Paid,16397.74
304464,204464,10/8/2024,Credit Card,Paid,13573.57
304465,204465,6/10/2024,Debit Card,Paid,11603.79
304466,204466,12/14/2025,Debit Card,Paid,1568.88
304467,204467,4/22/2025,UPI,Paid,14475.44
304468,204468,10/29/2025,Net Banking,Paid,14246.94
304469,204469,9/1/2025,Credit Card,Paid,6216.5
304470,204470,2/15/2025,UPI,Paid,11649.85
304471,204471,5/30/2025,Cash on Delivery,Paid,3476.59
304472,204472,4/29/2025,Debit Card,Paid,466.03
304473,204473,1/9/2025,Cash on Delivery,Paid,3011.03
304474,204474,6/26/2025,Net Banking,Paid,22737.65
304475,204475,10/19/2025,UPI,Paid,3253.47
304476,204476,7/18/2025,Credit Card,Paid,7000.23
304477,204477,8/15/2025,Cash on Delivery,Paid,7161.41
304478,204478,5/15/2024,Net Banking,Paid,7027.04
304479,204479,1/18/2024,Debit Card,Paid,1187.52
304480,204480,5/11/2025,Wallet,Paid,7643.98
304481,204481,8/11/2025,Net Banking,Paid,1185.44
304482,204482,6/29/2025,Debit Card,Paid,91.99
304483,204483,10/12/2025,Credit Card,Paid,1332.02
304484,204484,10/14/2025,UPI,Paid,1916.64
304485,204485,10/4/2023,Wallet,Paid,7636.67
304486,204486,12/3/2023,Debit Card,Paid,7019.8
304487,204487,11/2/2025,UPI,Paid,3829.86
304488,204488,12/21/2025,UPI,Paid,7556.23
304489,204489,10/5/2025,Debit Card,Paid,273.16
304490,204490,7/15/2025,Debit Card,Paid,5959.8
304491,204491,1/13/2025,UPI,Paid,83.99
304492,204492,1/25/2024,Credit Card,Pending,10030.42
304493,204493,7/27/2025,Cash on Delivery,Paid,6842.97
304494,204494,6/11/2025,Credit Card,Paid,4550.58
304495,204495,6/17/2025,Credit Card,Paid,1451.14
304496,204496,8/16/2024,UPI,Paid,3487.15
304497,204497,12/19/2025,Credit Card,Paid,10839.33
304498,204498,10/26/2024,Wallet,Paid,1656.91
304499,204499,10/18/2025,UPI,Paid,8004.56
304500,204500,10/25/2025,Debit Card,Paid,1878.51
304501,204501,1/28/2025,Credit Card,Paid,21472.25
304502,204502,11/19/2024,UPI,Paid,1985.51
304503,204503,7/2/2025,UPI,Paid,34454.21
304504,204504,5/14/2025,UPI,Paid,1424.64
304505,204505,7/14/2024,UPI,Paid,12776.82
304506,204506,9/16/2024,Credit Card,Paid,9355.82
304507,204507,12/24/2025,Net Banking,Pending,1409.85
304508,204508,4/3/2025,Credit Card,Paid,5310.55
304509,204509,12/29/2025,Net Banking,Paid,15455.82
304510,204510,2/25/2023,Net Banking,Paid,1632.98
304511,204511,8/2/2024,Net Banking,Paid,9389.87
304512,204512,1/13/2024,Wallet,Paid,7698.12
304513,204513,7/28/2024,UPI,Paid,1358.18
304514,204514,4/8/2025,Cash on Delivery,Paid,12174.2
304515,204515,3/27/2025,Net Banking,Paid,6687.64
304516,204516,1/9/2024,Credit Card,Paid,10375.84
304517,204517,6/13/2024,UPI,Paid,8031.07
304518,204518,7/13/2025,Wallet,Paid,7640.05
304519,204519,2/5/2025,Net Banking,Paid,3429.1
304520,204520,12/1/2025,UPI,Paid,13209.86
304521,204521,9/14/2025,UPI,Paid,2668.47
304522,204522,1/1/2025,Net Banking,Paid,13791.13
304523,204523,10/26/2025,Debit Card,Paid,4332.67
304524,204524,1/29/2025,Net Banking,Paid,17539.85
304525,204525,12/19/2025,UPI,Pending,3576.48
304526,204526,11/13/2024,Debit Card,Paid,1466.02
304527,204527,12/8/2025,UPI,Paid,680.34
304528,204528,7/17/2023,UPI,Paid,847.83
304529,204529,9/17/2024,Cash on Delivery,Paid,641.16
304530,204530,4/30/2025,Cash on Delivery,Paid,4835.94
304531,204531,5/13/2023,Debit Card,Paid,4932.29
304532,204532,6/20/2024,UPI,Paid,7820.56
304533,204533,9/14/2025,Cash on Delivery,Failed,8223.27
304534,204534,10/7/2025,Cash on Delivery,Paid,5526.8
304535,204535,9/15/2025,UPI,Paid,1825.12
304536,204536,5/20/2025,UPI,Paid,5991.55
304537,204537,5/8/2024,Debit Card,Paid,11428.73
304538,204538,9/29/2025,Net Banking,Paid,4863.83
304539,204539,3/29/2025,Debit Card,Paid,3313.67
304540,204540,4/12/2025,UPI,Paid,1487.46
304541,204541,6/3/2025,UPI,Paid,6509.35
304542,204542,3/7/2025,UPI,Paid,3785.09
304543,204543,8/11/2025,Credit Card,Paid,9464.02
304544,204544,5/26/2025,Debit Card,Paid,9162.19
304545,204545,7/10/2025,Cash on Delivery,Paid,8303.17
304546,204546,7/19/2025,UPI,Paid,4889.52
304547,204547,12/5/2025,Debit Card,Paid,7010.61
304548,204548,6/28/2025,Credit Card,Paid,5263.89
304549,204549,2/16/2025,Net Banking,Paid,4653.91
304550,204550,1/7/2025,UPI,Paid,32860.56
304551,204551,11/4/2024,Cash on Delivery,Paid,2862.88
304552,204552,4/28/2025,Debit Card,Paid,9220.81
304553,204553,4/14/2025,Cash on Delivery,Paid,5806.9
304554,204554,5/17/2025,Debit Card,Paid,17655.6
304555,204555,12/12/2025,Debit Card,Paid,1499.03
304556,204556,11/17/2024,Cash on Delivery,Paid,5894.58
304557,204557,7/17/2025,Credit Card,Paid,3994.78
304558,204558,8/1/2025,UPI,Paid,2998
304559,204559,12/4/2025,Debit Card,Paid,5913.07
304560,204560,9/12/2025,UPI,Paid,5661.35
304561,204561,5/1/2025,Credit Card,Paid,5394.92
304562,204562,11/20/2025,Cash on Delivery,Paid,3662.38
304563,204563,4/25/2025,Debit Card,Paid,11289.67
304564,204564,12/12/2025,UPI,Paid,129.27
304565,204565,8/8/2024,UPI,Paid,3595.2
304566,204566,12/21/2024,Debit Card,Paid,8175.02
304567,204567,7/10/2025,Debit Card,Paid,3090.12
304568,204568,10/30/2025,UPI,Paid,1309.71
304569,204569,12/29/2025,Cash on Delivery,Paid,20011.64
304570,204570,10/19/2025,Wallet,Paid,1325.99
304571,204571,12/18/2025,Credit Card,Paid,8214.93
304572,204572,5/27/2025,Credit Card,Paid,17855.88
304573,204573,4/6/2023,Credit Card,Paid,527.66
304574,204574,10/17/2025,Debit Card,Paid,9527.24
304575,204575,1/6/2024,Credit Card,Paid,5253.67
304576,204576,11/27/2024,Cash on Delivery,Paid,24456.17
304577,204577,10/27/2025,Net Banking,Paid,32380.17
304578,204578,12/10/2025,Net Banking,Paid,3857.77
304579,204579,5/24/2025,Debit Card,Paid,8353.37
304580,204580,7/6/2025,UPI,Paid,3928.5
304581,204581,6/19/2025,Credit Card,Paid,6788.22
304582,204582,12/31/2025,Credit Card,Paid,643.85
304583,204583,3/1/2025,Net Banking,Paid,8403.13
304584,204584,5/16/2025,Debit Card,Paid,4321.13
304585,204585,7/6/2025,Wallet,Paid,3685.22
304586,204586,1/15/2024,Credit Card,Paid,1204.74
304587,204587,8/20/2025,Wallet,Paid,5623.95
304588,204588,11/21/2025,Net Banking,Paid,3884
304589,204589,9/21/2025,Net Banking,Paid,7166.03
304590,204590,6/3/2025,UPI,Paid,4141.18
304591,204591,11/27/2024,Wallet,Paid,1251.4
304592,204592,11/22/2025,Credit Card,Paid,16221.88
304593,204593,11/20/2024,Debit Card,Paid,3152.56
304594,204594,5/17/2023,Debit Card,Paid,1737.83
304595,204595,6/24/2024,Credit Card,Paid,5240.58
304596,204596,7/7/2025,UPI,Paid,18831.52
304597,204597,12/11/2025,Cash on Delivery,Paid,2781.54
304598,204598,6/6/2025,UPI,Paid,3144.29
304599,204599,12/9/2025,UPI,Paid,5273.65
304600,204600,10/2/2025,UPI,Paid,3920.66
304601,204601,6/4/2025,Credit Card,Paid,886.77
304602,204602,3/20/2025,Net Banking,Paid,2846.28
304603,204603,1/25/2025,UPI,Paid,9382.31
304604,204604,3/14/2025,Cash on Delivery,Paid,2381.97
304605,204605,11/14/2025,Wallet,Paid,10584.15
304606,204606,10/18/2024,Wallet,Paid,3296.44
304607,204607,8/25/2024,UPI,Paid,14422.25
304608,204608,7/7/2025,Debit Card,Paid,4858.24
304609,204609,5/27/2025,UPI,Paid,7571.99
304610,204610,6/25/2025,Cash on Delivery,Paid,1825.57
304611,204611,5/7/2025,UPI,Paid,15334.58
304612,204612,6/25/2024,UPI,Paid,9703.99
304613,204613,11/15/2024,Cash on Delivery,Paid,2352.4
304614,204614,11/2/2025,UPI,Paid,464.69
304615,204615,11/30/2025,UPI,Paid,37435.98
304616,204616,9/15/2024,Credit Card,Paid,13447.71
304617,204617,8/19/2024,Debit Card,Paid,4458.87
304618,204618,12/6/2023,Cash on Delivery,Paid,7823.57
304619,204619,8/15/2025,UPI,Paid,3397.68
304620,204620,12/29/2025,Credit Card,Paid,1561.25
304621,204621,6/7/2025,UPI,Paid,3713.39
304622,204622,2/14/2025,UPI,Paid,3020.98
304623,204623,12/17/2025,UPI,Paid,17734.04
304624,204624,4/23/2025,Cash on Delivery,Paid,3424.36
304625,204625,12/23/2024,Credit Card,Paid,5651.31
304626,204626,11/28/2024,UPI,Paid,6492.47
304627,204627,3/10/2024,Cash on Delivery,Paid,1701.92
304628,204628,3/26/2025,Cash on Delivery,Paid,15122.36
304629,204629,11/3/2025,UPI,Paid,19696.83
304630,204630,9/30/2024,Debit Card,Paid,811.67
304631,204631,7/20/2025,UPI,Paid,12937.14
304632,204632,7/17/2025,Net Banking,Paid,3039.13
304633,204633,5/8/2025,Credit Card,Paid,14063.71
304634,204634,8/17/2025,Debit Card,Paid,6042.31
304635,204635,12/10/2024,Debit Card,Paid,2105.41
304636,204636,5/22/2025,UPI,Paid,23145.23
304637,204637,12/4/2025,Debit Card,Paid,4995.43
304638,204638,4/24/2025,UPI,Paid,22991.98
304639,204639,5/28/2025,UPI,Paid,22099.5
304640,204640,11/25/2025,Debit Card,Failed,2025.78
304641,204641,7/10/2025,UPI,Paid,7783.4
304642,204642,11/1/2025,Cash on Delivery,Pending,2713.24
304643,204643,4/12/2025,Wallet,Paid,319.99
304644,204644,11/30/2025,UPI,Paid,3369.51
304645,204645,9/7/2025,UPI,Paid,568.52
304646,204646,9/25/2025,Debit Card,Paid,2656.47
304647,204647,3/21/2025,Net Banking,Paid,12303.58
304648,204648,12/7/2025,Debit Card,Paid,12920.79
304649,204649,6/14/2025,Debit Card,Paid,1197.05
304650,204650,11/9/2024,Net Banking,Paid,6660.75
304651,204651,12/31/2024,UPI,Paid,10881.31
304652,204652,4/12/2025,UPI,Paid,1713.8
304653,204653,11/4/2025,Net Banking,Paid,23615.38
304654,204654,9/2/2025,Credit Card,Paid,1331.75
304655,204655,11/15/2025,Net Banking,Paid,2877.33
304656,204656,6/25/2024,Credit Card,Paid,453.57
304657,204657,12/22/2023,UPI,Paid,17959.72
304658,204658,1/18/2025,Cash on Delivery,Paid,1484.91
304659,204659,10/28/2025,Credit Card,Paid,1650.73
304660,204660,12/7/2025,UPI,Paid,2837.28
304661,204661,11/1/2024,UPI,Paid,405.3
304662,204662,1/21/2024,UPI,Paid,3295.7
304663,204663,10/19/2023,Wallet,Paid,1327.71
304664,204664,11/12/2025,Net Banking,Paid,18221.86
304665,204665,11/13/2025,UPI,Paid,6312.83
304666,204666,8/1/2024,Wallet,Paid,3932.97
304667,204667,11/13/2025,Credit Card,Paid,434.42
304668,204668,6/15/2025,UPI,Paid,2960.83
304669,204669,5/22/2024,Credit Card,Paid,1680.41
304670,204670,12/26/2024,UPI,Failed,7125.79
304671,204671,12/27/2025,Cash on Delivery,Paid,2942.97
304672,204672,3/24/2023,Cash on Delivery,Paid,595.14
304673,204673,12/29/2025,Net Banking,Paid,2944.53
304674,204674,12/7/2024,UPI,Paid,690.88
304675,204675,6/21/2025,Credit Card,Paid,8718.77
304676,204676,8/23/2025,Cash on Delivery,Paid,5738.07
304677,204677,7/26/2025,Net Banking,Paid,2093.31
304678,204678,9/15/2025,Wallet,Paid,7400.7
304679,204679,11/25/2025,Credit Card,Paid,2403.18
304680,204680,5/2/2025,Net Banking,Paid,7805.73
304681,204681,12/13/2025,Cash on Delivery,Paid,2316.66
304682,204682,1/25/2025,Credit Card,Paid,4591.29
304683,204683,11/15/2024,Credit Card,Paid,4077.29
304684,204684,9/4/2024,UPI,Paid,870.15
304685,204685,9/5/2025,Credit Card,Paid,1613.2
304686,204686,2/21/2025,Debit Card,Paid,42935.12
304687,204687,9/15/2024,Wallet,Paid,8128.94
304688,204688,10/23/2024,Credit Card,Paid,14559.15
304689,204689,7/18/2025,Net Banking,Paid,9055.21
304690,204690,9/4/2025,UPI,Paid,18412.31
304691,204691,3/1/2024,UPI,Paid,1118.52
304692,204692,5/18/2025,Debit Card,Paid,6108.98
304693,204693,1/20/2025,Cash on Delivery,Paid,4531.17
304694,204694,12/19/2025,Credit Card,Paid,6589.08
304695,204695,9/22/2023,Credit Card,Paid,3103.57
304696,204696,7/7/2025,UPI,Paid,1517.61
304697,204697,10/13/2023,UPI,Pending,5655.07
304698,204698,1/3/2025,UPI,Paid,8836.29
304699,204699,8/2/2025,Credit Card,Paid,1515.55
304700,204700,9/30/2024,Net Banking,Paid,16127.59
304701,204701,12/6/2025,Debit Card,Paid,2576.38
304702,204702,4/5/2024,Credit Card,Pending,786.85
304703,204703,3/7/2025,Debit Card,Paid,581.72
304704,204704,12/14/2025,UPI,Paid,8311.21
304705,204705,4/16/2025,Debit Card,Paid,5735.29
304706,204706,11/27/2025,Credit Card,Paid,8604.63
304707,204707,12/30/2025,UPI,Paid,9968.69
304708,204708,5/10/2025,UPI,Paid,6002.59
304709,204709,9/16/2024,Debit Card,Paid,2874.98
304710,204710,9/30/2025,Credit Card,Paid,8192.17
304711,204711,1/2/2025,Cash on Delivery,Paid,3380.23
304712,204712,3/24/2023,Net Banking,Paid,4743.36
304713,204713,5/12/2025,Cash on Delivery,Paid,5149
304714,204714,7/2/2025,Net Banking,Paid,6926.93
304715,204715,9/22/2023,Wallet,Paid,912.9
304716,204716,2/12/2024,Net Banking,Paid,831.43
304717,204717,3/5/2025,Credit Card,Pending,918.54
304718,204718,5/10/2025,UPI,Paid,3637.44
304719,204719,12/22/2024,Debit Card,Paid,5990.15
304720,204720,11/29/2025,Wallet,Paid,2374.8
304721,204721,9/17/2025,Net Banking,Paid,18963.75
304722,204722,10/28/2023,Debit Card,Paid,3241
304723,204723,9/20/2025,Debit Card,Paid,9942.18
304724,204724,9/14/2025,Cash on Delivery,Paid,4371.27
304725,204725,9/20/2025,Debit Card,Paid,658.23
304726,204726,8/20/2025,UPI,Paid,449.4
304727,204727,9/9/2025,UPI,Paid,2536.41
304728,204728,10/23/2025,Debit Card,Paid,6405.37
304729,204729,12/28/2025,Debit Card,Paid,16122.47
304730,204730,12/13/2024,UPI,Paid,4558.56
304731,204731,9/22/2024,Wallet,Paid,7315.71
304732,204732,7/24/2025,Net Banking,Paid,11131.63
304733,204733,8/15/2025,Debit Card,Paid,1407.75
304734,204734,12/27/2025,Credit Card,Pending,8576.65
304735,204735,5/25/2025,Cash on Delivery,Failed,5451.42
304736,204736,11/5/2023,Cash on Delivery,Paid,906.71
304737,204737,8/8/2024,UPI,Paid,10684.3
304738,204738,1/9/2025,UPI,Paid,1456.47
304739,204739,11/4/2025,Debit Card,Paid,8690.33
304740,204740,4/20/2025,Credit Card,Paid,2566.04
304741,204741,7/9/2025,Credit Card,Paid,1489.41
304742,204742,9/28/2025,Net Banking,Paid,1407.14
304743,204743,4/6/2024,Net Banking,Paid,2324.87
304744,204744,11/20/2025,UPI,Paid,10425.35
304745,204745,5/2/2024,UPI,Paid,25321.53
304746,204746,12/5/2025,UPI,Paid,5346.55
304747,204747,6/21/2025,Net Banking,Paid,31749.44
304748,204748,10/15/2025,Cash on Delivery,Paid,7939.44
304749,204749,6/28/2024,Wallet,Paid,5299.81
304750,204750,4/10/2025,Net Banking,Paid,17316.75
304751,204751,4/5/2024,Credit Card,Paid,8781.17
304752,204752,1/23/2025,UPI,Paid,10128.97
304753,204753,10/17/2024,Credit Card,Paid,18230.52
304754,204754,12/9/2025,Credit Card,Paid,4812.79
304755,204755,9/9/2024,Net Banking,Paid,4093.13
304756,204756,9/1/2025,Credit Card,Paid,4252.27
304757,204757,4/4/2025,Debit Card,Paid,9851.37
304758,204758,6/21/2025,Wallet,Paid,16587.86
304759,204759,5/12/2024,Wallet,Paid,4067.41
304760,204760,11/27/2025,Debit Card,Paid,25975.22
304761,204761,10/1/2025,Credit Card,Paid,1297.73
304762,204762,2/3/2024,UPI,Paid,22751.33
304763,204763,8/24/2023,Debit Card,Paid,5786.45
304764,204764,11/12/2023,UPI,Paid,17861.83
304765,204765,12/19/2024,Debit Card,Pending,2037.76
304766,204766,7/25/2025,Debit Card,Pending,3715.86
304767,204767,6/12/2025,Credit Card,Paid,2444.04
304768,204768,7/22/2025,UPI,Paid,17347.93
304769,204769,10/21/2024,UPI,Paid,1348.09
304770,204770,8/17/2024,UPI,Paid,1153.33
304771,204771,7/8/2025,Net Banking,Paid,10359.6
304772,204772,9/23/2024,Net Banking,Failed,18953.99
304773,204773,3/27/2024,UPI,Paid,3109.77
304774,204774,10/11/2025,UPI,Paid,14459.16
304775,204775,11/20/2023,Cash on Delivery,Paid,3736.38
304776,204776,9/11/2024,UPI,Paid,6186.41
304777,204777,8/14/2025,Credit Card,Paid,1696.72
304778,204778,10/19/2025,UPI,Paid,11577.59
304779,204779,6/24/2025,Credit Card,Paid,7217.56
304780,204780,10/29/2025,UPI,Pending,4769.06
304781,204781,6/14/2024,Debit Card,Paid,20633.54
304782,204782,11/17/2025,UPI,Paid,4649.83
304783,204783,12/16/2024,Net Banking,Paid,6158.49
304784,204784,4/22/2024,Credit Card,Paid,2812.95
304785,204785,7/24/2025,Debit Card,Paid,6912.58
304786,204786,4/21/2025,Debit Card,Paid,2836.77
304787,204787,10/25/2025,Wallet,Paid,16763.3
304788,204788,11/8/2025,Cash on Delivery,Pending,865.5
304789,204789,9/14/2025,Cash on Delivery,Paid,3773.04
304790,204790,3/15/2025,Credit Card,Pending,753.16
304791,204791,4/20/2025,Net Banking,Paid,4186.2
304792,204792,5/15/2025,Debit Card,Paid,2910.03
304793,204793,3/29/2025,Wallet,Paid,823.81
304794,204794,7/24/2025,Debit Card,Pending,410.47
304795,204795,3/22/2024,Net Banking,Paid,971.16
304796,204796,3/28/2025,Credit Card,Paid,3117.71
304797,204797,11/2/2024,Net Banking,Failed,14395.13
304798,204798,5/25/2025,Credit Card,Paid,3161.36
304799,204799,1/25/2024,Credit Card,Paid,826.75
304800,204800,12/6/2025,Credit Card,Paid,6687.28
304801,204801,7/25/2025,Credit Card,Paid,2464.12
304802,204802,12/12/2025,UPI,Paid,17552.07
304803,204803,5/19/2024,Wallet,Paid,4318.03
304804,204804,12/29/2025,UPI,Paid,7014.04
304805,204805,12/8/2025,Credit Card,Paid,5811.85
304806,204806,2/24/2025,Wallet,Paid,1016.68
304807,204807,12/18/2023,UPI,Paid,299.81
304808,204808,11/7/2025,Cash on Delivery,Paid,3821.75
304809,204809,8/24/2024,UPI,Paid,3716.25
304810,204810,2/17/2025,UPI,Paid,1689.66
304811,204811,10/20/2025,Debit Card,Paid,1551.65
304812,204812,8/18/2025,UPI,Paid,19534
304813,204813,2/19/2025,Credit Card,Paid,5209.06
304814,204814,10/15/2025,Debit Card,Paid,581.57
304815,204815,4/28/2025,Credit Card,Paid,10885.47
304816,204816,3/31/2025,Credit Card,Paid,2462.44
304817,204817,12/30/2025,Credit Card,Paid,10650.45
304818,204818,7/11/2025,Credit Card,Paid,4811.06
304819,204819,10/9/2023,Net Banking,Paid,2190.58
304820,204820,4/23/2024,Debit Card,Paid,7260.61
304821,204821,11/8/2025,Credit Card,Paid,2327.91
304822,204822,5/9/2025,Credit Card,Paid,4004.31
304823,204823,3/3/2024,UPI,Paid,3104.6
304824,204824,8/24/2025,Credit Card,Paid,13109.54
304825,204825,2/9/2025,Cash on Delivery,Paid,13248.99
304826,204826,12/23/2025,Cash on Delivery,Paid,5094.98
304827,204827,10/17/2025,UPI,Paid,15050.76
304828,204828,4/12/2025,Debit Card,Paid,2125.1
304829,204829,12/21/2025,Net Banking,Paid,10894.92
304830,204830,10/8/2025,Cash on Delivery,Paid,1228.01
304831,204831,10/21/2025,Credit Card,Paid,1335
304832,204832,5/11/2024,Wallet,Paid,7064.82
304833,204833,3/2/2024,UPI,Paid,10106.28
304834,204834,12/3/2024,Credit Card,Paid,5767.07
304835,204835,8/12/2024,Wallet,Pending,463.29
304836,204836,3/31/2025,Credit Card,Paid,10005.54
304837,204837,7/27/2024,UPI,Paid,7778.69
304838,204838,8/17/2025,Cash on Delivery,Paid,4862.22
304839,204839,11/13/2024,UPI,Paid,6254.39
304840,204840,5/8/2025,Cash on Delivery,Paid,2857.14
304841,204841,1/15/2025,Wallet,Paid,2823.48
304842,204842,11/27/2024,UPI,Paid,22009.93
304843,204843,9/29/2025,UPI,Paid,3264.56
304844,204844,2/21/2024,Credit Card,Paid,9599.95
304845,204845,6/2/2025,Cash on Delivery,Failed,13971.56
304846,204846,11/19/2024,UPI,Paid,6685.58
304847,204847,6/26/2024,Debit Card,Paid,6764.83
304848,204848,6/19/2025,Wallet,Paid,12111.36
304849,204849,11/16/2025,Wallet,Paid,3374.69
304850,204850,10/17/2024,UPI,Paid,19443.03
304851,204851,11/26/2024,Credit Card,Paid,12131.33
304852,204852,9/27/2025,Credit Card,Paid,5256.78
304853,204853,5/25/2025,UPI,Paid,1745.35
304854,204854,8/27/2025,Debit Card,Paid,4236.14
304855,204855,10/15/2025,UPI,Paid,1920.48
304856,204856,8/11/2025,Credit Card,Pending,20406.38
304857,204857,10/20/2025,Debit Card,Paid,5965.23
304858,204858,6/27/2025,Credit Card,Paid,1100.64
304859,204859,12/19/2025,Debit Card,Paid,12338.14
304860,204860,10/1/2023,Net Banking,Paid,2366.84
304861,204861,11/23/2025,Credit Card,Paid,10942.65
304862,204862,9/27/2024,UPI,Paid,5316.76
304863,204863,8/28/2025,UPI,Paid,12088.26
304864,204864,7/11/2025,UPI,Paid,5348.21
304865,204865,12/24/2025,Debit Card,Paid,8421.47
304866,204866,12/29/2024,UPI,Paid,8471.49
304867,204867,5/15/2025,UPI,Paid,1677.45
304868,204868,11/25/2025,UPI,Paid,155.91
304869,204869,2/7/2023,Credit Card,Paid,2201.71
304870,204870,5/23/2025,UPI,Paid,4208.74
304871,204871,12/20/2025,Credit Card,Paid,8993.35
304872,204872,7/25/2025,Debit Card,Paid,5846.8
304873,204873,2/18/2025,Credit Card,Paid,13046.32
304874,204874,7/21/2024,Credit Card,Paid,2425.48
304875,204875,7/3/2025,Cash on Delivery,Paid,2126.36
304876,204876,7/8/2023,Cash on Delivery,Paid,2227.15
304877,204877,4/26/2025,UPI,Paid,916.73
304878,204878,8/18/2023,UPI,Paid,2562.01
304879,204879,7/15/2025,Debit Card,Pending,7521.88
304880,204880,12/3/2023,Net Banking,Paid,23220.62
304881,204881,1/30/2025,Credit Card,Paid,9758.87
304882,204882,8/13/2025,Credit Card,Paid,4789.27
304883,204883,5/24/2025,Debit Card,Paid,11427.91
304884,204884,6/3/2024,Net Banking,Paid,21559.7
304885,204885,11/20/2025,Cash on Delivery,Paid,6124.66
304886,204886,6/24/2024,Cash on Delivery,Paid,9070.52
304887,204887,8/17/2025,Cash on Delivery,Paid,3590.36
304888,204888,9/25/2025,Debit Card,Paid,27702.39
304889,204889,10/10/2025,UPI,Paid,4569.83
304890,204890,12/6/2025,Wallet,Paid,11731.4
304891,204891,1/18/2025,UPI,Paid,11458.5
304892,204892,6/11/2025,UPI,Paid,7719.9
304893,204893,6/14/2024,Net Banking,Paid,436.6
304894,204894,10/20/2024,Cash on Delivery,Paid,752.7
304895,204895,5/21/2025,Cash on Delivery,Paid,1036.56
304896,204896,8/14/2025,Cash on Delivery,Paid,5514.43
304897,204897,12/27/2025,Wallet,Paid,181.18
304898,204898,10/25/2025,UPI,Paid,6482.45
304899,204899,12/23/2025,Credit Card,Paid,688.85
304900,204900,9/19/2024,UPI,Paid,10050.75
304901,204901,9/13/2024,Net Banking,Paid,12502.85
304902,204902,5/20/2025,UPI,Failed,9957.8
304903,204903,11/16/2025,Credit Card,Paid,9433.66
304904,204904,4/22/2024,UPI,Paid,1797.58
304905,204905,7/15/2024,Wallet,Paid,5147.41
304906,204906,9/3/2025,UPI,Paid,9929.61
304907,204907,11/4/2025,Wallet,Paid,1489.71
304908,204908,11/16/2024,Cash on Delivery,Paid,17636.77
304909,204909,12/6/2025,UPI,Paid,2965.46
304910,204910,11/30/2025,Cash on Delivery,Paid,3120.36
304911,204911,5/4/2025,Cash on Delivery,Paid,21946.19
304912,204912,3/11/2024,UPI,Paid,7297.69
304913,204913,11/10/2025,Credit Card,Paid,1914.9
304914,204914,8/18/2025,Wallet,Paid,3036.01
304915,204915,6/10/2024,Debit Card,Paid,296.96
304916,204916,2/28/2024,Debit Card,Paid,11680.43
304917,204917,5/4/2025,Cash on Delivery,Paid,8045.94
304918,204918,10/16/2023,UPI,Paid,3618.96
304919,204919,8/13/2024,Credit Card,Paid,1321.32
304920,204920,1/12/2025,Wallet,Paid,2126.91
304921,204921,8/1/2025,Credit Card,Paid,8289.53
304922,204922,1/31/2024,Wallet,Paid,532.66
304923,204923,7/5/2025,Debit Card,Paid,3295.19
304924,204924,6/4/2023,Debit Card,Paid,12128.43
304925,204925,8/22/2025,Net Banking,Paid,872.7
304926,204926,3/20/2025,Wallet,Pending,21093.43
304927,204927,4/16/2025,Debit Card,Paid,1288.53
304928,204928,7/18/2025,Net Banking,Paid,8627.61
304929,204929,8/14/2025,Debit Card,Paid,17520.54
304930,204930,3/20/2025,Debit Card,Paid,12075.7
304931,204931,10/7/2023,Credit Card,Paid,17061.07
304932,204932,5/25/2024,Credit Card,Paid,1942.8
304933,204933,12/13/2025,Credit Card,Paid,4121.97
304934,204934,10/17/2025,Credit Card,Paid,7025.01
304935,204935,11/23/2024,Debit Card,Paid,759.5
304936,204936,12/18/2023,Cash on Delivery,Paid,5699.02
304937,204937,5/29/2025,UPI,Paid,1253.37
304938,204938,12/11/2025,Credit Card,Paid,381.9
304939,204939,10/4/2025,UPI,Paid,14205.64
304940,204940,1/29/2025,Credit Card,Paid,1402.66
304941,204941,2/28/2025,Debit Card,Failed,5384.64
304942,204942,8/8/2025,Debit Card,Paid,6143.61
304943,204943,9/21/2025,Credit Card,Paid,23095.21
304944,204944,11/10/2025,Cash on Delivery,Pending,2138.67
304945,204945,10/18/2025,Credit Card,Paid,662.72
304946,204946,3/23/2025,Credit Card,Paid,11372.84
304947,204947,6/24/2025,Debit Card,Paid,1144.52
304948,204948,7/28/2025,Wallet,Paid,2712.31
304949,204949,12/24/2025,Wallet,Paid,2289.56
304950,204950,11/13/2023,Net Banking,Paid,2675.49
304951,204951,11/30/2025,Debit Card,Paid,14563.69
304952,204952,10/25/2025,Wallet,Paid,17552.19
304953,204953,5/11/2025,Net Banking,Paid,7307.01
304954,204954,12/17/2025,UPI,Paid,4245.65
304955,204955,12/17/2023,Credit Card,Paid,1899.04
304956,204956,5/7/2024,Debit Card,Paid,6991.66
304957,204957,12/25/2025,Credit Card,Paid,15856.88
304958,204958,3/7/2025,Net Banking,Paid,23415.76
304959,204959,10/28/2024,Credit Card,Paid,7594.9
304960,204960,1/9/2025,Debit Card,Paid,1662.92
304961,204961,12/7/2025,UPI,Paid,4173.3
304962,204962,12/27/2024,Credit Card,Paid,2855.86
304963,204963,12/3/2023,Credit Card,Paid,10302.19
304964,204964,1/5/2024,Net Banking,Paid,9500.34
304965,204965,12/23/2025,UPI,Paid,5292.38
304966,204966,4/15/2025,UPI,Paid,1524.57
304967,204967,11/14/2025,Cash on Delivery,Paid,7513.47
304968,204968,5/25/2025,Debit Card,Paid,1808.06
304969,204969,3/16/2025,Credit Card,Paid,6254.73
304970,204970,9/15/2024,UPI,Paid,1115.35
304971,204971,2/13/2025,Cash on Delivery,Failed,4640.44
304972,204972,6/20/2025,Net Banking,Pending,5733.3
304973,204973,8/17/2024,Debit Card,Paid,12998.57
304974,204974,9/18/2023,UPI,Paid,2652.25
304975,204975,9/27/2025,UPI,Paid,11088.36
304976,204976,5/24/2025,UPI,Paid,5308.21
304977,204977,6/8/2025,Credit Card,Paid,13670.8
304978,204978,7/18/2024,UPI,Paid,1360.73
304979,204979,2/9/2025,Net Banking,Paid,1075.86
304980,204980,7/28/2023,Net Banking,Paid,7314.47
304981,204981,7/16/2024,Credit Card,Paid,1010.69
304982,204982,11/13/2023,Debit Card,Paid,877.57
304983,204983,9/23/2025,Credit Card,Failed,21406.7
304984,204984,1/28/2025,UPI,Paid,13550.01
304985,204985,10/20/2024,UPI,Paid,4175.78
304986,204986,6/5/2025,UPI,Paid,27006.82
304987,204987,1/24/2025,Credit Card,Paid,4202.36
304988,204988,12/4/2024,Credit Card,Paid,223.35
304989,204989,3/21/2025,Credit Card,Paid,4828.19
304990,204990,6/12/2024,UPI,Paid,2059.61
304991,204991,10/16/2025,UPI,Paid,25808.38
304992,204992,11/5/2025,Credit Card,Paid,3018.45
304993,204993,9/3/2025,Cash on Delivery,Paid,6395.13
304994,204994,1/5/2025,Debit Card,Paid,11719.65
304995,204995,6/26/2025,Cash on Delivery,Paid,4401.82
304996,204996,4/29/2025,Credit Card,Paid,11325.4
304997,204997,9/7/2025,Wallet,Paid,12434.53
304998,204998,10/23/2025,UPI,Paid,17328.12
304999,204999,8/1/2025,UPI,Paid,9862.57
305000,205000,1/24/2025,Debit Card,Paid,11944.35
305001,205001,10/13/2025,Cash on Delivery,Paid,868.67
305002,205002,11/22/2025,UPI,Paid,1564.49
305003,205003,10/25/2025,Cash on Delivery,Paid,9099.26
305004,205004,10/22/2025,Debit Card,Paid,2262.93
305005,205005,12/7/2025,Credit Card,Paid,3106.72
305006,205006,12/5/2025,Credit Card,Paid,13065.35
305007,205007,4/5/2025,Cash on Delivery,Paid,2587.88
305008,205008,10/9/2025,Credit Card,Paid,1323.23
305009,205009,10/9/2025,UPI,Pending,2400.6
305010,205010,8/12/2025,Credit Card,Paid,523.53
305011,205011,11/7/2025,Debit Card,Paid,19649.16
305012,205012,3/23/2025,Credit Card,Paid,3636.11
305013,205013,12/28/2024,Credit Card,Paid,4074.25
305014,205014,8/23/2025,UPI,Paid,6102.35
305015,205015,9/30/2024,Credit Card,Paid,9008.84
305016,205016,9/10/2024,Debit Card,Paid,1134.72
305017,205017,1/1/2025,UPI,Paid,2608.03
305018,205018,9/27/2023,UPI,Failed,2323.62
305019,205019,2/20/2025,Debit Card,Paid,8467.21
305020,205020,10/25/2024,Debit Card,Paid,3561.12
305021,205021,12/13/2025,UPI,Paid,5878.51
305022,205022,2/24/2025,Debit Card,Paid,2736.12
305023,205023,12/11/2024,Net Banking,Paid,8622.63
305024,205024,12/4/2025,Debit Card,Paid,7587.43
305025,205025,9/15/2024,UPI,Paid,1432.75
305026,205026,5/30/2025,UPI,Paid,9627.48
305027,205027,3/3/2025,Net Banking,Paid,6737.4
305028,205028,3/28/2025,Credit Card,Paid,2167.4
305029,205029,8/17/2024,UPI,Paid,3983.73
305030,205030,11/22/2025,UPI,Paid,7849.51
305031,205031,4/5/2025,Credit Card,Paid,430.47
305032,205032,12/23/2025,UPI,Paid,1196.5
305033,205033,9/5/2025,UPI,Paid,791.3
305034,205034,12/13/2024,UPI,Paid,1469.98
305035,205035,12/31/2025,UPI,Pending,2267.85
305036,205036,10/9/2025,UPI,Paid,863.16
305037,205037,12/2/2025,Credit Card,Pending,6727.69
305038,205038,8/17/2025,Debit Card,Paid,3064.2
305039,205039,11/24/2023,Credit Card,Failed,10301.06
305040,205040,5/17/2025,UPI,Paid,1640.44
305041,205041,3/8/2025,Cash on Delivery,Paid,3409.49
305042,205042,5/13/2023,Cash on Delivery,Paid,5167.93
305043,205043,12/27/2025,Cash on Delivery,Paid,3073.77
305044,205044,4/29/2025,Debit Card,Paid,2457.02
305045,205045,11/22/2025,Credit Card,Paid,16087.22
305046,205046,12/19/2025,Debit Card,Paid,1813.43
305047,205047,11/10/2025,UPI,Paid,2153.28
305048,205048,8/24/2025,Cash on Delivery,Pending,17108.48
305049,205049,10/23/2023,Cash on Delivery,Paid,4424.89
305050,205050,12/1/2025,Credit Card,Paid,1973.75
305051,205051,3/14/2025,UPI,Paid,13659.43
305052,205052,5/19/2025,UPI,Paid,7211.91
305053,205053,4/4/2025,UPI,Paid,13473.29
305054,205054,9/24/2025,Credit Card,Paid,4656.78
305055,205055,3/22/2025,UPI,Paid,4834.7
305056,205056,10/24/2025,Credit Card,Paid,1083.68
305057,205057,11/10/2025,Credit Card,Paid,7261.84
305058,205058,12/2/2024,UPI,Paid,4351.98
305059,205059,6/3/2025,UPI,Paid,3140.39
305060,205060,1/23/2024,Net Banking,Pending,4891.72
305061,205061,10/17/2024,UPI,Paid,364.71
305062,205062,9/5/2024,UPI,Paid,2671.78
305063,205063,12/10/2023,UPI,Paid,3730.52
305064,205064,11/7/2024,Cash on Delivery,Paid,26818.13
305065,205065,12/1/2024,UPI,Paid,934.3
305066,205066,12/16/2024,Cash on Delivery,Paid,1207.09
305067,205067,5/7/2025,UPI,Paid,14064.55
305068,205068,6/7/2025,Net Banking,Paid,6850.45
305069,205069,2/24/2025,UPI,Paid,15578.13
305070,205070,4/19/2025,UPI,Paid,2452.35
305071,205071,12/28/2024,Credit Card,Paid,7545.03
305072,205072,8/11/2024,Cash on Delivery,Paid,7793.13
305073,205073,9/10/2025,Credit Card,Failed,1209.93
305074,205074,4/5/2024,Credit Card,Paid,5880.87
305075,205075,11/6/2025,Cash on Delivery,Paid,4424.31
305076,205076,2/12/2025,Net Banking,Paid,517.28
305077,205077,9/22/2024,Credit Card,Paid,1436.87
305078,205078,9/27/2025,Credit Card,Paid,4173.01
305079,205079,3/29/2025,UPI,Paid,3960.51
305080,205080,7/10/2025,Credit Card,Paid,6252.26
305081,205081,8/1/2025,UPI,Paid,871.82
305082,205082,8/11/2024,Credit Card,Paid,2440.95
305083,205083,11/26/2023,Debit Card,Paid,4793.34
305084,205084,1/11/2025,UPI,Paid,2799.23
305085,205085,10/5/2025,UPI,Paid,4080.6
305086,205086,8/24/2025,Credit Card,Paid,8128.88
305087,205087,12/31/2025,Credit Card,Paid,3112.76
305088,205088,6/9/2025,Cash on Delivery,Paid,3325.36
305089,205089,7/22/2025,Cash on Delivery,Paid,10465.77
305090,205090,6/12/2024,UPI,Failed,104.59
305091,205091,7/25/2024,Credit Card,Paid,6138.27
305092,205092,4/22/2025,Credit Card,Paid,7740.79
305093,205093,11/22/2025,Debit Card,Paid,2261.22
305094,205094,9/27/2023,Cash on Delivery,Paid,19353.42
305095,205095,3/21/2025,Wallet,Paid,2464.03
305096,205096,12/17/2025,Cash on Delivery,Paid,1472.11
305097,205097,2/19/2025,UPI,Paid,1927.15
305098,205098,8/16/2025,UPI,Paid,3647.04
305099,205099,12/23/2025,UPI,Paid,3204.53
305100,205100,1/30/2024,Cash on Delivery,Paid,6862.06
305101,205101,8/31/2025,Credit Card,Paid,5971.1
305102,205102,3/7/2025,Net Banking,Paid,13798.6
305103,205103,4/10/2025,Cash on Delivery,Paid,1979.45
305104,205104,5/30/2025,Net Banking,Paid,1114.79
305105,205105,9/30/2025,Credit Card,Paid,3307.9
305106,205106,1/5/2025,Debit Card,Paid,3705.77
305107,205107,11/17/2025,Debit Card,Paid,1586.41
305108,205108,1/26/2024,Debit Card,Paid,1841.69
305109,205109,8/13/2024,Cash on Delivery,Paid,5118.9
305110,205110,8/3/2023,UPI,Paid,10148.5
305111,205111,6/4/2025,UPI,Paid,15564.26
305112,205112,1/24/2025,UPI,Paid,14873.72
305113,205113,6/17/2025,Credit Card,Paid,10867.78
305114,205114,12/30/2025,Net Banking,Paid,3115.18
305115,205115,12/26/2025,Debit Card,Paid,3388.59
305116,205116,8/14/2025,Net Banking,Paid,4022.15
305117,205117,9/12/2025,Credit Card,Paid,609.33
305118,205118,12/9/2025,Credit Card,Paid,394.43
305119,205119,1/12/2025,Wallet,Paid,4360.04
305120,205120,12/11/2025,Cash on Delivery,Paid,1410.43
305121,205121,4/5/2025,UPI,Paid,8414.37
305122,205122,12/17/2025,Net Banking,Paid,5142.74
305123,205123,2/16/2024,Cash on Delivery,Paid,4010.97
305124,205124,5/21/2025,UPI,Paid,890.42
305125,205125,6/14/2025,UPI,Paid,1088.18
305126,205126,8/24/2025,UPI,Paid,1029.4
305127,205127,3/2/2025,UPI,Paid,206.55
305128,205128,9/16/2025,Credit Card,Paid,1625.53
305129,205129,9/23/2024,UPI,Paid,22311.54
305130,205130,4/8/2025,Debit Card,Paid,3270.56
305131,205131,1/9/2025,UPI,Paid,2448.75
305132,205132,5/24/2023,Net Banking,Paid,3097.34
305133,205133,6/19/2025,UPI,Paid,3820.29
305134,205134,12/31/2025,Credit Card,Paid,34622.17
305135,205135,12/29/2024,UPI,Paid,780.05
305136,205136,11/26/2025,Credit Card,Paid,177.38
305137,205137,8/27/2024,Debit Card,Paid,9351.54
305138,205138,10/6/2025,Credit Card,Paid,9476.98
305139,205139,11/16/2025,UPI,Paid,15378.1
305140,205140,11/23/2023,Credit Card,Paid,11078.1
305141,205141,9/5/2025,UPI,Paid,1925.64
305142,205142,6/10/2024,Debit Card,Paid,17033.8
305143,205143,10/29/2025,UPI,Paid,6268.91
305144,205144,6/11/2025,Credit Card,Paid,16156.86
305145,205145,12/6/2025,Credit Card,Paid,5523.87
305146,205146,7/23/2025,Debit Card,Paid,3513.85
305147,205147,1/28/2024,Net Banking,Failed,4215.96
305148,205148,11/19/2023,Wallet,Paid,814.36
305149,205149,12/25/2025,UPI,Paid,7026.77
305150,205150,8/1/2025,Credit Card,Paid,9247.07
305151,205151,5/29/2025,UPI,Paid,629.8
305152,205152,8/28/2025,UPI,Paid,4838.72
305153,205153,3/9/2025,Debit Card,Paid,9132.71
305154,205154,12/9/2023,UPI,Paid,3672.79
305155,205155,9/16/2024,Wallet,Paid,500.46
305156,205156,8/10/2025,Debit Card,Paid,5883.42
305157,205157,12/22/2025,Wallet,Paid,7951.41
305158,205158,4/28/2025,Cash on Delivery,Paid,336.14
305159,205159,6/17/2024,UPI,Paid,6281.79
305160,205160,9/20/2025,UPI,Paid,435.1
305161,205161,9/19/2025,Credit Card,Paid,27004.95
305162,205162,11/24/2025,Net Banking,Paid,9515.01
305163,205163,12/13/2025,UPI,Paid,6171.35
305164,205164,5/7/2025,Debit Card,Paid,12694.01
305165,205165,8/23/2024,Cash on Delivery,Paid,15495.58
305166,205166,8/11/2025,Net Banking,Paid,3688.13
305167,205167,2/24/2025,Cash on Delivery,Paid,5907.17
305168,205168,11/29/2025,Debit Card,Paid,16192.69
305169,205169,6/12/2025,Debit Card,Paid,367.23
305170,205170,3/11/2025,UPI,Paid,416.2
305171,205171,12/9/2025,Net Banking,Paid,3419.29
305172,205172,12/11/2023,Debit Card,Paid,6234.02
305173,205173,8/17/2025,Credit Card,Paid,12229.9
305174,205174,4/11/2024,Credit Card,Paid,13057.17
305175,205175,10/25/2024,UPI,Pending,3920.6
305176,205176,11/4/2024,Debit Card,Paid,5791.71
305177,205177,10/20/2025,UPI,Paid,9572.81
305178,205178,9/7/2023,UPI,Paid,6018.68
305179,205179,9/19/2023,UPI,Paid,5349.28
305180,205180,9/2/2025,Wallet,Paid,8281.12
305181,205181,9/29/2025,UPI,Paid,4536.72
305182,205182,5/8/2025,UPI,Paid,3259.51
305183,205183,10/3/2025,Net Banking,Paid,11992.96
305184,205184,12/2/2025,Cash on Delivery,Paid,894.22
305185,205185,4/23/2024,Cash on Delivery,Paid,2656.84
305186,205186,12/27/2025,UPI,Paid,23768.56
305187,205187,2/11/2025,UPI,Paid,10341.85
305188,205188,5/24/2024,UPI,Paid,5628.1
305189,205189,4/29/2025,Cash on Delivery,Paid,1993.96
305190,205190,7/31/2025,Credit Card,Paid,4437.33
305191,205191,12/30/2025,UPI,Paid,509.04
305192,205192,3/22/2025,Cash on Delivery,Paid,3253.98
305193,205193,7/1/2024,UPI,Paid,1513.09
305194,205194,3/19/2025,Credit Card,Paid,9060.2
305195,205195,3/11/2023,UPI,Paid,2148.03
305196,205196,11/27/2025,Debit Card,Paid,5250.8
305197,205197,10/28/2023,UPI,Paid,9013.83
305198,205198,9/23/2025,Credit Card,Paid,1547.31
305199,205199,2/2/2025,UPI,Paid,2290.64
305200,205200,7/23/2025,UPI,Paid,571.46
305201,205201,10/4/2023,Debit Card,Paid,2017.91
305202,205202,12/24/2025,Cash on Delivery,Paid,10728.57
305203,205203,7/21/2024,Credit Card,Paid,5938.01
305204,205204,5/13/2025,Debit Card,Paid,4948.31
305205,205205,5/21/2025,Net Banking,Failed,7858.16
305206,205206,5/27/2025,Wallet,Paid,8880.64
305207,205207,5/20/2025,Debit Card,Paid,696.75
305208,205208,12/21/2023,UPI,Paid,9223.48
305209,205209,11/15/2023,Wallet,Paid,5580.2
305210,205210,12/17/2025,UPI,Paid,1763.35
305211,205211,6/16/2025,UPI,Paid,18773.92
305212,205212,11/26/2025,UPI,Paid,13927.66
305213,205213,6/19/2024,Net Banking,Failed,1485.69
305214,205214,10/21/2025,Cash on Delivery,Paid,1316.45
305215,205215,12/21/2025,UPI,Paid,8276.77
305216,205216,12/16/2025,Cash on Delivery,Paid,3470.59
305217,205217,8/4/2023,Cash on Delivery,Paid,273.83
305218,205218,5/28/2025,Credit Card,Paid,3911.4
305219,205219,12/5/2025,Debit Card,Paid,4766.97
305220,205220,8/15/2025,Net Banking,Paid,2411.58
305221,205221,6/5/2024,Debit Card,Pending,4819.89
305222,205222,2/5/2025,Wallet,Paid,7233.47
305223,205223,2/7/2025,UPI,Paid,1424.09
305224,205224,4/29/2025,UPI,Paid,1107.92
305225,205225,10/16/2024,Credit Card,Paid,17228.23
305226,205226,10/20/2025,Net Banking,Paid,2184.86
305227,205227,3/27/2025,Credit Card,Paid,843.88
305228,205228,11/15/2025,UPI,Paid,1154.67
305229,205229,12/13/2025,Net Banking,Paid,8861.48
305230,205230,6/21/2025,Debit Card,Paid,2773.82
305231,205231,2/3/2024,UPI,Paid,1335.9
305232,205232,11/15/2024,Wallet,Paid,17517.6
305233,205233,1/29/2025,UPI,Paid,787.75
305234,205234,10/11/2025,UPI,Paid,8440.61
305235,205235,10/6/2025,Cash on Delivery,Paid,1257.77
305236,205236,7/23/2025,Wallet,Paid,1498.79
305237,205237,12/22/2024,Debit Card,Paid,15669.53
305238,205238,11/6/2025,UPI,Paid,40013.64
305239,205239,5/1/2024,Debit Card,Paid,4996.12
305240,205240,9/22/2025,UPI,Paid,2603.65
305241,205241,2/19/2024,Credit Card,Paid,3911.31
305242,205242,10/18/2025,Credit Card,Paid,8906.4
305243,205243,11/3/2025,Credit Card,Paid,238.68
305244,205244,9/1/2025,UPI,Paid,3954.63
305245,205245,10/11/2025,Net Banking,Paid,19656.79
305246,205246,12/5/2025,Credit Card,Paid,2810.41
305247,205247,10/2/2025,Credit Card,Paid,3305.24
305248,205248,12/19/2025,Credit Card,Paid,18918.14
305249,205249,6/13/2025,Credit Card,Paid,5186.63
305250,205250,11/10/2025,Debit Card,Paid,7607.93
305251,205251,6/21/2024,Wallet,Paid,4575.35
305252,205252,12/22/2025,UPI,Paid,1391.5
305253,205253,10/24/2023,Cash on Delivery,Paid,2023.93
305254,205254,11/14/2024,Net Banking,Pending,7119.56
305255,205255,2/22/2025,Cash on Delivery,Failed,1916.26
305256,205256,12/29/2025,UPI,Paid,7851.6
305257,205257,6/24/2025,Debit Card,Paid,7450.14
305258,205258,9/13/2024,Net Banking,Paid,389.73
305259,205259,1/31/2025,UPI,Paid,5088.82
305260,205260,12/8/2024,UPI,Paid,5170.82
305261,205261,12/20/2025,UPI,Paid,1161.51
305262,205262,3/2/2025,Credit Card,Paid,3844.07
305263,205263,6/29/2025,Credit Card,Paid,697.07
305264,205264,7/26/2025,Cash on Delivery,Paid,3713.25
305265,205265,7/4/2024,Cash on Delivery,Paid,2218.37
305266,205266,2/27/2025,Credit Card,Paid,1830.55
305267,205267,8/18/2025,UPI,Pending,3529.18
305268,205268,10/15/2023,Wallet,Paid,8615.81
305269,205269,1/14/2025,UPI,Failed,12752.5
305270,205270,8/17/2024,Credit Card,Paid,3055.66
305271,205271,5/21/2025,UPI,Paid,1927.63
305272,205272,12/7/2025,Credit Card,Pending,3418.87
305273,205273,8/11/2024,UPI,Paid,2936.89
305274,205274,4/29/2024,UPI,Paid,3351.11
305275,205275,11/25/2023,Cash on Delivery,Paid,2625.19
305276,205276,1/21/2024,Cash on Delivery,Paid,2154.49
305277,205277,2/9/2025,UPI,Paid,439.78
305278,205278,2/9/2024,UPI,Paid,3342.35
305279,205279,7/15/2025,Credit Card,Paid,1461.34
305280,205280,2/28/2024,Credit Card,Paid,27189.52
305281,205281,5/10/2023,Credit Card,Paid,2807.65
305282,205282,8/1/2024,Credit Card,Paid,787.72
305283,205283,8/27/2023,UPI,Paid,4063.64
305284,205284,3/1/2025,UPI,Pending,6237.75
305285,205285,11/2/2025,UPI,Failed,12497.05
305286,205286,9/14/2024,Cash on Delivery,Paid,2375.83
305287,205287,3/15/2025,UPI,Paid,969.26
305288,205288,12/21/2025,Debit Card,Paid,6036.55
305289,205289,10/22/2025,Wallet,Paid,5518.55
305290,205290,5/8/2025,Cash on Delivery,Paid,16828.16
305291,205291,2/25/2024,UPI,Paid,3295.25
305292,205292,3/19/2024,Net Banking,Paid,9472.47
305293,205293,8/16/2025,Cash on Delivery,Paid,7906.16
305294,205294,4/15/2025,UPI,Paid,1261.01
305295,205295,2/19/2024,UPI,Paid,5475.79
305296,205296,11/30/2025,Cash on Delivery,Pending,31128.27
305297,205297,2/10/2024,UPI,Paid,4319.11
305298,205298,3/24/2025,UPI,Paid,1417.1
305299,205299,4/15/2025,Cash on Delivery,Paid,29095.24
305300,205300,6/30/2024,Credit Card,Paid,5716.38
305301,205301,10/31/2025,Net Banking,Paid,5296.68
305302,205302,12/8/2025,Credit Card,Paid,16013.46
305303,205303,6/19/2023,Cash on Delivery,Paid,7656.45
305304,205304,8/27/2024,Debit Card,Paid,8687.28
305305,205305,12/9/2025,Net Banking,Paid,1176.88
305306,205306,10/31/2024,UPI,Paid,2018.55
305307,205307,6/16/2024,Debit Card,Paid,3215.64
305308,205308,11/4/2024,UPI,Paid,8031.25
305309,205309,8/24/2024,Debit Card,Paid,11257.44
305310,205310,5/11/2024,Credit Card,Paid,2991.75
305311,205311,10/13/2024,UPI,Paid,7776.77
305312,205312,1/13/2025,Cash on Delivery,Paid,760.11
305313,205313,3/22/2025,UPI,Paid,873.13
305314,205314,8/6/2024,Net Banking,Paid,3753.41
305315,205315,4/5/2025,Debit Card,Paid,17395.18
305316,205316,12/18/2025,UPI,Paid,11011.64
305317,205317,4/13/2024,Net Banking,Paid,3726.74
305318,205318,9/14/2025,UPI,Paid,5702.16
305319,205319,7/14/2025,Credit Card,Paid,5107.78
305320,205320,3/16/2025,UPI,Paid,6058.74
305321,205321,6/30/2025,Credit Card,Paid,1862.19
305322,205322,8/27/2025,Credit Card,Paid,693.39
305323,205323,11/28/2025,UPI,Paid,6048.1
305324,205324,3/4/2025,Cash on Delivery,Paid,3195.55
305325,205325,6/19/2025,UPI,Paid,3168.33
305326,205326,12/4/2025,UPI,Paid,7538.71
305327,205327,5/12/2024,Net Banking,Paid,4707.89
305328,205328,10/24/2024,Credit Card,Paid,1619.15
305329,205329,7/5/2025,UPI,Paid,20068.99
305330,205330,10/28/2024,Wallet,Paid,1978.39
305331,205331,11/27/2025,UPI,Paid,2215.81
305332,205332,1/29/2024,UPI,Paid,827.45
305333,205333,8/23/2025,Cash on Delivery,Failed,799.91
305334,205334,7/5/2025,UPI,Paid,20563.98
305335,205335,12/7/2025,Cash on Delivery,Paid,7890.18
305336,205336,11/10/2023,Wallet,Paid,5046.72
305337,205337,1/1/2025,UPI,Paid,2428.8
305338,205338,7/4/2024,Cash on Delivery,Paid,707.81
305339,205339,7/11/2024,UPI,Paid,6072.51
305340,205340,12/7/2024,UPI,Paid,2088.79
305341,205341,12/15/2025,Cash on Delivery,Paid,182.53
305342,205342,12/30/2025,UPI,Paid,9799.7
305343,205343,11/20/2024,Credit Card,Paid,6672.25
305344,205344,11/1/2023,Debit Card,Failed,5015.22
305345,205345,10/10/2025,Cash on Delivery,Paid,5597.72
305346,205346,5/7/2025,UPI,Paid,6321.03
305347,205347,7/20/2025,Credit Card,Paid,3730.15
305348,205348,11/29/2024,Debit Card,Paid,2418.21
305349,205349,9/12/2025,Credit Card,Paid,2153.95
305350,205350,6/18/2024,Credit Card,Paid,17101.76
305351,205351,3/2/2025,Cash on Delivery,Paid,19465.54
305352,205352,11/21/2023,Credit Card,Paid,14120.2
305353,205353,10/31/2025,Credit Card,Paid,5755.72
305354,205354,1/2/2025,Credit Card,Paid,2051.31
305355,205355,9/19/2025,Net Banking,Paid,923.05
305356,205356,8/19/2025,Net Banking,Paid,669.19
305357,205357,8/18/2025,Credit Card,Paid,562.25
305358,205358,8/24/2025,Credit Card,Paid,7463.04
305359,205359,10/19/2025,Credit Card,Paid,8230.95
305360,205360,11/17/2023,UPI,Failed,4791.12
305361,205361,10/11/2024,Credit Card,Paid,2080.77
305362,205362,8/24/2025,Debit Card,Paid,2495.49
305363,205363,7/30/2024,Debit Card,Paid,10457.71
305364,205364,4/22/2025,Credit Card,Paid,1174.26
305365,205365,10/23/2025,Debit Card,Paid,10517.77
305366,205366,6/6/2024,Credit Card,Paid,4953.04
305367,205367,12/17/2025,Net Banking,Paid,452.03
305368,205368,12/11/2024,UPI,Paid,4655.41
305369,205369,4/14/2024,Credit Card,Paid,4881.14
305370,205370,3/8/2024,Net Banking,Paid,870.79
305371,205371,11/16/2025,Cash on Delivery,Paid,770.25
305372,205372,3/10/2025,Debit Card,Paid,1917.24
305373,205373,2/6/2025,Credit Card,Paid,609.3
305374,205374,5/6/2025,Cash on Delivery,Failed,9622
305375,205375,5/15/2024,UPI,Paid,1962.96
305376,205376,1/30/2025,Cash on Delivery,Paid,893.03
305377,205377,12/5/2023,Credit Card,Paid,5612.38
305378,205378,4/24/2024,UPI,Paid,5812.76
305379,205379,6/12/2025,Credit Card,Paid,716.63
305380,205380,10/26/2024,Cash on Delivery,Paid,1516.72
305381,205381,12/24/2025,Credit Card,Paid,3964.08
305382,205382,11/13/2025,Cash on Delivery,Failed,4819.83
305383,205383,3/18/2024,UPI,Paid,2536.23
305384,205384,10/17/2024,Wallet,Paid,10846.32
305385,205385,7/4/2025,Cash on Delivery,Paid,6374.97
305386,205386,8/2/2025,Credit Card,Paid,9243.85
305387,205387,12/7/2024,UPI,Paid,10607.79
305388,205388,10/26/2025,Credit Card,Paid,4406
305389,205389,11/18/2024,Cash on Delivery,Paid,1010.64
305390,205390,11/30/2025,Cash on Delivery,Paid,6768.77
305391,205391,3/17/2025,UPI,Paid,3867.79
305392,205392,9/28/2025,UPI,Paid,3188.9
305393,205393,3/31/2025,UPI,Paid,19890.09
305394,205394,5/2/2025,Cash on Delivery,Paid,674.45
305395,205395,11/25/2024,Debit Card,Failed,4589.62
305396,205396,5/1/2025,UPI,Paid,7628.87
305397,205397,4/15/2025,Cash on Delivery,Paid,1052.3
305398,205398,1/17/2025,Debit Card,Paid,4334.72
305399,205399,10/18/2023,Net Banking,Paid,4718.76
305400,205400,10/28/2025,Cash on Delivery,Paid,5530.05
305401,205401,10/2/2024,UPI,Paid,6441.65
305402,205402,5/13/2025,Credit Card,Paid,1588.44
305403,205403,1/14/2025,Wallet,Paid,9419.1
305404,205404,12/19/2024,UPI,Paid,4176.83
305405,205405,12/11/2025,Credit Card,Pending,3055.82
305406,205406,11/14/2025,Wallet,Paid,4270.2
305407,205407,5/6/2025,Debit Card,Paid,2391.51
305408,205408,6/29/2024,UPI,Paid,3663.44
305409,205409,4/27/2025,UPI,Paid,1746.66
305410,205410,6/3/2025,Net Banking,Paid,5954.67
305411,205411,8/23/2025,UPI,Paid,17525.48
305412,205412,11/17/2025,UPI,Paid,4008.18
305413,205413,2/1/2025,UPI,Paid,6663.57
305414,205414,6/22/2025,UPI,Paid,2259.58
305415,205415,9/22/2025,Net Banking,Paid,1541.36
305416,205416,7/28/2025,Cash on Delivery,Paid,3943.11
305417,205417,9/21/2025,Net Banking,Paid,2589.82
305418,205418,5/7/2023,Debit Card,Paid,1029.97
305419,205419,2/28/2025,Debit Card,Paid,3742.34
305420,205420,10/20/2025,Credit Card,Paid,2865.35
305421,205421,11/6/2025,Credit Card,Paid,1718.28
305422,205422,12/28/2025,Credit Card,Paid,20205.14
305423,205423,10/9/2025,Credit Card,Paid,5839.34
305424,205424,10/4/2025,Cash on Delivery,Paid,17841.42
305425,205425,10/7/2024,Debit Card,Paid,8155.2
305426,205426,7/22/2025,Cash on Delivery,Paid,1196.58
305427,205427,1/3/2024,Debit Card,Failed,3221.21
305428,205428,12/24/2025,Debit Card,Paid,22081.74
305429,205429,3/24/2024,Credit Card,Paid,1907.96
305430,205430,8/15/2025,UPI,Paid,16735.61
305431,205431,12/28/2025,UPI,Paid,9868.06
305432,205432,11/22/2024,Debit Card,Paid,540.43
305433,205433,4/10/2025,Credit Card,Paid,3179.09
305434,205434,10/16/2025,UPI,Paid,2463.07
305435,205435,10/17/2024,Debit Card,Paid,6764.16
305436,205436,8/24/2024,UPI,Paid,1417.17
305437,205437,11/29/2023,Wallet,Paid,1695.3
305438,205438,4/14/2024,UPI,Paid,5505.82
305439,205439,7/18/2025,Credit Card,Paid,17019.31
305440,205440,9/25/2025,Wallet,Paid,2997.9
305441,205441,6/22/2024,UPI,Paid,1448.33
305442,205442,10/18/2025,Cash on Delivery,Paid,7880.3
305443,205443,8/23/2025,Cash on Delivery,Paid,5781.5
305444,205444,11/10/2024,UPI,Pending,8571.35
305445,205445,12/7/2025,Credit Card,Paid,3330.6
305446,205446,11/14/2023,Wallet,Paid,497.83
305447,205447,12/17/2025,Credit Card,Paid,17791.58
305448,205448,12/22/2024,Credit Card,Paid,6277.48
305449,205449,11/7/2025,Debit Card,Paid,1431.91
305450,205450,7/27/2025,UPI,Paid,8160.75
305451,205451,10/30/2025,UPI,Paid,1342.84
305452,205452,8/15/2025,UPI,Paid,3405.34
305453,205453,6/17/2025,Net Banking,Paid,13084.87
305454,205454,5/14/2025,Credit Card,Paid,8021.59
305455,205455,1/25/2025,Credit Card,Paid,46994.72
305456,205456,7/19/2025,UPI,Paid,9624.5
305457,205457,8/10/2023,Debit Card,Paid,3898.63
305458,205458,8/29/2025,Net Banking,Paid,3599.48
305459,205459,10/15/2025,Net Banking,Paid,2643.69
305460,205460,9/21/2024,UPI,Failed,11646.08
305461,205461,12/3/2024,Cash on Delivery,Paid,2171.67
305462,205462,8/16/2024,UPI,Paid,9862.88
305463,205463,10/16/2025,Credit Card,Paid,4380.33
305464,205464,4/27/2025,UPI,Paid,6192.67
305465,205465,12/20/2025,Credit Card,Paid,2711.68
305466,205466,12/1/2025,Cash on Delivery,Paid,6242.81
305467,205467,11/29/2025,Credit Card,Paid,2670.67
305468,205468,5/30/2025,Credit Card,Paid,2972.69
305469,205469,3/27/2025,UPI,Paid,17917.28
305470,205470,8/16/2025,Cash on Delivery,Paid,8871.96
305471,205471,9/11/2025,Credit Card,Paid,3740.3
305472,205472,9/15/2024,Debit Card,Paid,6896.18
305473,205473,10/5/2025,UPI,Failed,19868.67
305474,205474,5/31/2024,Cash on Delivery,Paid,7879.41
305475,205475,8/20/2025,Credit Card,Paid,407.4
305476,205476,7/5/2025,Credit Card,Paid,5495.83
305477,205477,10/13/2025,Cash on Delivery,Paid,3157.08
305478,205478,12/25/2025,UPI,Paid,4285.71
305479,205479,8/5/2025,Credit Card,Paid,2449.9
305480,205480,10/17/2025,Credit Card,Paid,593.05
305481,205481,9/15/2025,UPI,Paid,1648.87
305482,205482,12/24/2025,Debit Card,Paid,2777.45
305483,205483,7/24/2025,Wallet,Paid,6073.33
305484,205484,10/18/2025,Credit Card,Paid,1817.07
305485,205485,8/7/2025,Debit Card,Paid,11105.3
305486,205486,12/1/2025,Debit Card,Paid,10508.57
305487,205487,6/23/2025,Wallet,Paid,543.34
305488,205488,5/31/2025,UPI,Paid,2572.25
305489,205489,12/18/2023,Debit Card,Paid,1628.99
305490,205490,10/27/2025,Credit Card,Paid,1995.54
305491,205491,1/12/2025,Credit Card,Paid,3330.05
305492,205492,8/13/2025,Net Banking,Pending,7202.95
305493,205493,10/30/2025,UPI,Paid,4974.35
305494,205494,7/31/2025,Cash on Delivery,Paid,8008.88
305495,205495,1/27/2025,Credit Card,Paid,13246.83
305496,205496,12/15/2025,Debit Card,Paid,7650.08
305497,205497,3/14/2025,UPI,Paid,1792.79
305498,205498,3/6/2025,Cash on Delivery,Paid,14714.7
305499,205499,2/20/2025,Cash on Delivery,Paid,6402.45
305500,205500,12/3/2025,UPI,Paid,419.99
305501,205501,2/17/2025,UPI,Pending,5008.3
305502,205502,11/15/2025,Credit Card,Paid,11683.67
305503,205503,3/23/2025,Credit Card,Paid,272.71
305504,205504,5/30/2025,Net Banking,Paid,16498.47
305505,205505,4/11/2025,Credit Card,Paid,10302.9
305506,205506,7/17/2023,Wallet,Paid,14019.58
305507,205507,1/15/2025,Debit Card,Failed,6869.62
305508,205508,4/27/2025,Credit Card,Paid,5277.26
305509,205509,6/11/2025,Credit Card,Paid,6694.36
305510,205510,11/20/2025,UPI,Paid,26186.66
305511,205511,8/11/2025,Debit Card,Paid,5090.91
305512,205512,10/19/2025,Debit Card,Paid,3944.96
305513,205513,4/24/2025,Credit Card,Paid,13387.5
305514,205514,7/8/2025,Credit Card,Paid,4257.49
305515,205515,12/20/2025,UPI,Paid,4672.76
305516,205516,11/10/2024,Credit Card,Paid,13628.96
305517,205517,3/10/2025,Credit Card,Paid,14569.28
305518,205518,7/9/2023,UPI,Paid,10526.21
305519,205519,6/28/2025,UPI,Paid,6452.18
305520,205520,7/28/2025,Credit Card,Paid,4238.07
305521,205521,4/24/2025,Net Banking,Paid,936.75
305522,205522,5/17/2025,Cash on Delivery,Paid,1209.84
305523,205523,9/19/2025,Cash on Delivery,Paid,2133.89
305524,205524,10/21/2024,UPI,Failed,3645.04
305525,205525,1/13/2025,UPI,Paid,929.78
305526,205526,10/13/2025,Debit Card,Paid,23385.71
305527,205527,5/8/2025,Wallet,Paid,12599.81
305528,205528,12/11/2025,UPI,Paid,2470.11
305529,205529,12/24/2025,Credit Card,Paid,1850.02
305530,205530,11/3/2025,Debit Card,Paid,6173.33
305531,205531,6/23/2025,Wallet,Paid,3272.63
305532,205532,11/10/2025,Net Banking,Paid,4279.48
305533,205533,10/16/2025,Credit Card,Paid,10867.18
305534,205534,8/17/2024,UPI,Failed,4730.52
305535,205535,3/19/2025,Cash on Delivery,Paid,5015
305536,205536,4/6/2024,Cash on Delivery,Paid,3245.74
305537,205537,4/23/2025,UPI,Failed,1565.46
305538,205538,12/16/2024,UPI,Paid,8247.7
305539,205539,12/28/2023,Credit Card,Paid,2620.26
305540,205540,12/18/2025,Credit Card,Failed,870.8
305541,205541,2/18/2025,Cash on Delivery,Paid,9499.71
305542,205542,2/13/2025,Debit Card,Pending,890.8
305543,205543,8/19/2024,Credit Card,Paid,9661.07
305544,205544,10/6/2025,UPI,Paid,2646.93
305545,205545,7/15/2024,Wallet,Paid,6469.98
305546,205546,12/3/2025,Debit Card,Paid,9174.24
305547,205547,6/21/2025,UPI,Paid,3468.05
305548,205548,5/17/2025,UPI,Paid,2064.34
305549,205549,4/21/2024,Debit Card,Paid,3531.64
305550,205550,11/19/2025,Cash on Delivery,Paid,7005.91
305551,205551,12/9/2025,UPI,Paid,19609.29
305552,205552,2/5/2024,UPI,Paid,3227.39
305553,205553,12/24/2025,Debit Card,Paid,14676.54
305554,205554,1/31/2023,Credit Card,Paid,4391.24
305555,205555,8/23/2025,Cash on Delivery,Paid,282.96
305556,205556,7/24/2025,UPI,Paid,2218.53
305557,205557,11/25/2024,Debit Card,Paid,3030.1
305558,205558,12/21/2025,Credit Card,Paid,6720.29
305559,205559,10/7/2024,Net Banking,Paid,4170.32
305560,205560,7/30/2025,Net Banking,Paid,3938.09
305561,205561,9/25/2024,Net Banking,Paid,1023.34
305562,205562,5/28/2025,Net Banking,Paid,6881.05
305563,205563,4/3/2025,UPI,Paid,4687.41
305564,205564,11/2/2025,Debit Card,Paid,30770.9
305565,205565,11/22/2025,Debit Card,Paid,1770.49
305566,205566,12/19/2025,Credit Card,Paid,202.28
305567,205567,10/1/2025,UPI,Paid,142.51
305568,205568,11/16/2025,Net Banking,Paid,1737.19
305569,205569,9/12/2025,Debit Card,Paid,2154.54
305570,205570,10/30/2025,UPI,Paid,1227.46
305571,205571,2/17/2025,Credit Card,Paid,2170.56
305572,205572,8/25/2025,UPI,Paid,11283.78
305573,205573,7/28/2025,Cash on Delivery,Failed,11547.06
305574,205574,1/10/2025,Credit Card,Paid,2511.71
305575,205575,4/5/2025,Debit Card,Paid,1647.69
305576,205576,12/17/2023,Credit Card,Paid,2463.24
305577,205577,8/13/2025,Cash on Delivery,Paid,1108.64
305578,205578,10/26/2025,Cash on Delivery,Paid,4543.64
305579,205579,9/18/2024,Debit Card,Paid,1689.68
305580,205580,12/22/2025,Debit Card,Paid,6655.91
305581,205581,12/10/2024,Cash on Delivery,Paid,11255.49
305582,205582,7/9/2025,Wallet,Paid,806.56
305583,205583,10/6/2025,UPI,Failed,2298.14
305584,205584,8/18/2025,Debit Card,Paid,34043.15
305585,205585,7/26/2025,Cash on Delivery,Paid,20521.93
305586,205586,9/2/2024,Wallet,Paid,13054.18
305587,205587,11/24/2025,Wallet,Paid,3850.95
305588,205588,4/12/2025,Cash on Delivery,Paid,7569.58
305589,205589,6/30/2025,Debit Card,Paid,3021.02
305590,205590,6/20/2025,Cash on Delivery,Paid,4928.01
305591,205591,10/16/2025,UPI,Paid,616.24
305592,205592,12/14/2025,UPI,Paid,5234.26
305593,205593,10/18/2023,Wallet,Paid,2447.77
305594,205594,3/28/2025,Credit Card,Paid,5818.16
305595,205595,5/4/2025,Debit Card,Paid,11167.08
305596,205596,7/15/2025,UPI,Paid,12985.07
305597,205597,9/1/2025,Wallet,Paid,5613.11
305598,205598,11/3/2023,UPI,Pending,546.75
305599,205599,1/6/2025,Debit Card,Paid,1557.53
305600,205600,11/29/2024,Credit Card,Paid,8747.3
305601,205601,4/24/2024,Credit Card,Paid,13877.31
305602,205602,8/19/2025,Credit Card,Paid,13555.66
305603,205603,2/17/2025,Credit Card,Paid,5881.53
305604,205604,10/7/2024,Debit Card,Paid,1238.99
305605,205605,12/31/2025,Cash on Delivery,Paid,2227.77
305606,205606,2/8/2025,Debit Card,Paid,5938.07
305607,205607,6/7/2025,Debit Card,Paid,1765.55
305608,205608,12/17/2025,Credit Card,Paid,1155.86
305609,205609,12/23/2024,Net Banking,Paid,3839.72
305610,205610,6/28/2025,Credit Card,Paid,5180.65
305611,205611,2/18/2024,Debit Card,Paid,8193.78
305612,205612,2/19/2025,UPI,Paid,2800.35
305613,205613,12/21/2025,Cash on Delivery,Paid,2030.86
305614,205614,11/3/2025,UPI,Paid,4723.4
305615,205615,3/26/2024,Debit Card,Paid,13380.4
305616,205616,1/31/2025,UPI,Paid,2587.99
305617,205617,10/14/2024,Cash on Delivery,Paid,6124.64
305618,205618,7/9/2025,Credit Card,Paid,7724.33
305619,205619,10/23/2024,UPI,Paid,11586.81
305620,205620,8/14/2025,Cash on Delivery,Paid,846.54
305621,205621,1/21/2025,Net Banking,Paid,6030.31
305622,205622,10/15/2025,UPI,Paid,5327.35
305623,205623,6/11/2024,UPI,Paid,5720.22
305624,205624,8/27/2024,Credit Card,Paid,7979.85
305625,205625,12/29/2024,Cash on Delivery,Paid,5700.95
305626,205626,3/16/2024,Net Banking,Paid,1443.68
305627,205627,12/30/2025,UPI,Paid,16471.01
305628,205628,7/11/2025,UPI,Paid,10889.24
305629,205629,10/31/2025,Net Banking,Paid,14694.93
305630,205630,10/17/2025,UPI,Paid,7713.75
305631,205631,5/24/2023,UPI,Paid,3323.15
305632,205632,12/9/2025,Debit Card,Paid,3861.84
305633,205633,1/17/2025,Wallet,Paid,2290.29
305634,205634,10/13/2024,Debit Card,Paid,8303.43
305635,205635,8/28/2025,UPI,Paid,2727.72
305636,205636,12/29/2025,Wallet,Paid,15049.81
305637,205637,6/26/2024,Net Banking,Paid,6495.22
305638,205638,8/18/2025,UPI,Paid,15926.06
305639,205639,10/24/2024,Net Banking,Paid,8998.55
305640,205640,1/15/2024,UPI,Paid,4947.12
305641,205641,12/22/2025,UPI,Paid,3868.5
305642,205642,3/31/2025,Cash on Delivery,Paid,16418.16
305643,205643,11/8/2024,Debit Card,Paid,2102.7
305644,205644,2/9/2025,Net Banking,Paid,4044
305645,205645,12/8/2024,UPI,Pending,2075.91
305646,205646,2/6/2024,UPI,Paid,753.68
305647,205647,11/22/2025,UPI,Paid,9788.91
305648,205648,6/11/2025,Credit Card,Paid,5356.55
305649,205649,10/15/2024,Debit Card,Paid,17387.28
305650,205650,10/30/2025,UPI,Paid,3402.4
305651,205651,9/30/2025,Debit Card,Paid,3720.7
305652,205652,12/12/2025,Credit Card,Failed,31225.23
305653,205653,10/12/2025,UPI,Paid,932.89
305654,205654,6/28/2025,UPI,Paid,4221.5
305655,205655,4/7/2024,Credit Card,Paid,3689.18
305656,205656,6/21/2025,UPI,Paid,8959.43
305657,205657,7/3/2024,UPI,Paid,335.82
305658,205658,8/15/2025,Cash on Delivery,Paid,593.67
305659,205659,8/3/2024,Credit Card,Paid,5990.73
305660,205660,6/24/2025,Credit Card,Paid,4586.3
305661,205661,10/15/2025,Wallet,Paid,13799.9
305662,205662,10/30/2024,Net Banking,Paid,15806.54
305663,205663,12/29/2025,Cash on Delivery,Paid,405.8
305664,205664,10/14/2024,UPI,Paid,1507.2
305665,205665,11/18/2025,Debit Card,Paid,2651.88
305666,205666,11/20/2025,Credit Card,Paid,2993.84
305667,205667,7/30/2025,UPI,Paid,7250.36
305668,205668,7/22/2025,Credit Card,Paid,5823.61
305669,205669,12/10/2025,UPI,Paid,4799.55
305670,205670,11/2/2024,Debit Card,Paid,547.73
305671,205671,11/9/2025,Credit Card,Paid,1543.37
305672,205672,10/19/2024,UPI,Paid,7777.89
305673,205673,12/15/2025,Debit Card,Paid,783.23
305674,205674,12/31/2025,Credit Card,Paid,6400.96
305675,205675,12/28/2025,Net Banking,Paid,3454.11
305676,205676,1/19/2025,Debit Card,Paid,4584.39
305677,205677,10/1/2025,Debit Card,Paid,2900.09
305678,205678,7/6/2025,Net Banking,Paid,1504.48
305679,205679,10/24/2023,Cash on Delivery,Paid,708.52
305680,205680,7/31/2025,UPI,Paid,8260.09
305681,205681,2/10/2025,Debit Card,Paid,5725.31
305682,205682,8/13/2025,Credit Card,Paid,2582.22
305683,205683,4/22/2025,UPI,Paid,1317.19
305684,205684,7/16/2025,UPI,Paid,258.73
305685,205685,8/23/2025,UPI,Paid,20329.37
305686,205686,9/20/2025,Credit Card,Paid,16684.55
305687,205687,11/5/2025,UPI,Paid,10417.32
305688,205688,4/16/2024,Debit Card,Paid,10195.79
305689,205689,11/21/2023,Net Banking,Paid,3622.25
305690,205690,7/6/2024,Credit Card,Paid,4304.43
305691,205691,10/20/2024,Debit Card,Paid,1061.35
305692,205692,11/30/2023,UPI,Paid,12325.48
305693,205693,9/19/2025,UPI,Paid,9723.36
305694,205694,12/3/2024,UPI,Paid,5160.46
305695,205695,10/11/2024,Credit Card,Paid,240.15
305696,205696,11/8/2025,Net Banking,Paid,906.63
305697,205697,4/21/2025,Cash on Delivery,Paid,3522.13
305698,205698,12/3/2024,Cash on Delivery,Paid,8966.92
305699,205699,12/30/2024,Net Banking,Paid,8385.94
305700,205700,10/7/2024,Debit Card,Paid,26434.21
305701,205701,9/22/2025,Wallet,Paid,7188.63
305702,205702,6/29/2025,Credit Card,Paid,14698.45
305703,205703,9/8/2024,UPI,Paid,23669.65
305704,205704,11/19/2025,Credit Card,Paid,9351.65
305705,205705,7/15/2025,UPI,Paid,3626.44
305706,205706,1/21/2025,Credit Card,Paid,2488.8
305707,205707,12/3/2025,UPI,Paid,9532.04
305708,205708,10/18/2025,UPI,Paid,10576.35
305709,205709,9/29/2025,Credit Card,Paid,38895.91
305710,205710,11/18/2025,Net Banking,Paid,745.01
305711,205711,12/25/2025,Cash on Delivery,Paid,4788.56
305712,205712,8/25/2023,UPI,Paid,8191.6
305713,205713,12/18/2024,Net Banking,Paid,348.3
305714,205714,11/12/2025,UPI,Failed,2683.37
305715,205715,8/25/2025,Debit Card,Paid,2710.99
305716,205716,2/13/2025,Credit Card,Paid,84.37
305717,205717,7/2/2025,UPI,Paid,8476.75
305718,205718,10/16/2023,UPI,Paid,41764.69
305719,205719,4/26/2025,Debit Card,Paid,11697.29
305720,205720,4/21/2024,UPI,Paid,15611.93
305721,205721,7/2/2024,Wallet,Paid,3295.76
305722,205722,10/1/2025,Credit Card,Paid,26800.69
305723,205723,9/17/2025,Credit Card,Paid,4956.72
305724,205724,11/28/2025,Cash on Delivery,Paid,6628.79
305725,205725,6/29/2024,Cash on Delivery,Paid,1852.34
305726,205726,7/26/2025,Credit Card,Paid,1341.85
305727,205727,8/14/2025,Debit Card,Paid,5347.57
305728,205728,10/4/2024,Debit Card,Paid,6924.87
305729,205729,7/19/2023,Net Banking,Paid,7325.32
305730,205730,7/3/2024,Credit Card,Paid,2144.74
305731,205731,9/12/2025,UPI,Paid,5256.32
305732,205732,12/16/2025,UPI,Paid,5736.2
305733,205733,12/12/2025,Credit Card,Paid,9599.24
305734,205734,11/15/2025,Credit Card,Paid,1642.94
305735,205735,7/24/2024,UPI,Paid,535.07
305736,205736,10/23/2024,UPI,Paid,11661.85
305737,205737,1/20/2025,Debit Card,Paid,5124.8
305738,205738,10/20/2025,Credit Card,Paid,10074.09
305739,205739,5/16/2025,UPI,Paid,1318.01
305740,205740,12/4/2025,Debit Card,Paid,5322.76
305741,205741,10/10/2025,Credit Card,Paid,10588.47
305742,205742,9/13/2025,Credit Card,Failed,4785.85
305743,205743,8/15/2025,UPI,Paid,4335.12
305744,205744,2/27/2025,Debit Card,Paid,14649.16
305745,205745,5/2/2024,Wallet,Paid,1001.26
305746,205746,4/18/2025,UPI,Pending,5802.87
305747,205747,5/24/2025,Credit Card,Paid,5561.5
305748,205748,9/27/2025,Wallet,Paid,1396.58
305749,205749,6/4/2025,Debit Card,Paid,477.61
305750,205750,10/23/2025,Credit Card,Paid,1463.23
305751,205751,7/30/2025,UPI,Paid,1155.97
305752,205752,8/12/2025,Debit Card,Paid,623.04
305753,205753,6/5/2025,Wallet,Paid,9642.71
305754,205754,3/2/2024,UPI,Paid,493.58
305755,205755,1/25/2024,UPI,Paid,10545.63
305756,205756,8/28/2025,Credit Card,Paid,2902.56
305757,205757,12/15/2025,Debit Card,Paid,1693.63
305758,205758,9/7/2024,Wallet,Paid,4754.42
305759,205759,9/24/2025,Debit Card,Paid,9112.27
305760,205760,1/21/2025,Debit Card,Paid,1858.86
305761,205761,5/26/2023,UPI,Paid,7476.11
305762,205762,9/28/2024,Cash on Delivery,Paid,1438.23
305763,205763,8/9/2025,UPI,Paid,10969.92
305764,205764,5/14/2025,Credit Card,Paid,14110.28
305765,205765,9/26/2025,Debit Card,Paid,1270.32
305766,205766,11/12/2025,Debit Card,Paid,8523.71
305767,205767,10/3/2025,Net Banking,Paid,7039.16
305768,205768,4/6/2025,Net Banking,Paid,16292.45
305769,205769,6/20/2025,Wallet,Paid,3215.75
305770,205770,11/24/2025,Wallet,Paid,1719.54
305771,205771,2/23/2025,Credit Card,Paid,8620.24
305772,205772,11/5/2025,Credit Card,Paid,1748.42
305773,205773,9/21/2025,Credit Card,Paid,27330.85
305774,205774,9/6/2025,UPI,Paid,472.7
305775,205775,9/21/2025,Credit Card,Failed,887.31
305776,205776,6/15/2024,UPI,Paid,1549.1
305777,205777,4/23/2025,UPI,Paid,6774
305778,205778,5/16/2025,UPI,Paid,19061.62
305779,205779,11/9/2025,Debit Card,Paid,3194.7
305780,205780,8/30/2025,UPI,Paid,3894.14
305781,205781,10/12/2023,UPI,Failed,5324.94
305782,205782,7/14/2024,Debit Card,Paid,24294.01
305783,205783,9/20/2023,Net Banking,Paid,16152.82
305784,205784,12/29/2025,Cash on Delivery,Paid,2550.56
305785,205785,8/13/2023,UPI,Paid,2181.01
305786,205786,11/22/2025,Credit Card,Paid,14440.68
305787,205787,5/23/2024,Cash on Delivery,Paid,412.64
305788,205788,11/3/2025,UPI,Paid,4675.76
305789,205789,11/11/2025,Credit Card,Paid,342.9
305790,205790,11/21/2025,UPI,Paid,2493.18
305791,205791,4/9/2025,Debit Card,Paid,17542.14
305792,205792,5/26/2025,Wallet,Paid,10369.52
305793,205793,6/6/2023,UPI,Paid,4280.17
305794,205794,1/2/2025,UPI,Paid,1281.56
305795,205795,4/1/2025,UPI,Paid,1809.96
305796,205796,5/4/2025,Debit Card,Paid,7470.96
305797,205797,5/31/2025,Debit Card,Paid,7736.78
305798,205798,12/13/2025,Net Banking,Failed,2207.19
305799,205799,3/13/2025,Debit Card,Paid,9625.82
305800,205800,10/5/2025,UPI,Paid,1976.68
305801,205801,10/2/2024,UPI,Paid,2532.73
305802,205802,3/5/2024,Credit Card,Paid,7885.14
305803,205803,8/31/2024,Debit Card,Paid,8308.88
305804,205804,11/3/2025,Credit Card,Paid,5156.94
305805,205805,5/21/2025,Credit Card,Paid,5028.7
305806,205806,2/25/2025,Credit Card,Paid,9786.1
305807,205807,12/22/2024,Debit Card,Paid,3820.56
305808,205808,12/3/2025,Cash on Delivery,Paid,3218.87
305809,205809,7/16/2025,UPI,Paid,2506.43
305810,205810,12/7/2025,UPI,Paid,4911.98
305811,205811,11/2/2024,Credit Card,Paid,1979.44
305812,205812,2/14/2025,UPI,Paid,247.72
305813,205813,12/10/2025,Net Banking,Paid,2768.04
305814,205814,10/28/2023,UPI,Paid,9906.68
305815,205815,5/24/2025,Debit Card,Paid,318.12
305816,205816,2/8/2025,Cash on Delivery,Paid,22626.67
305817,205817,11/3/2023,UPI,Paid,23514.86
305818,205818,12/30/2025,Debit Card,Paid,2620.58
305819,205819,12/7/2025,UPI,Paid,5667.51
305820,205820,7/26/2025,Credit Card,Paid,3721.71
305821,205821,5/23/2025,Cash on Delivery,Paid,15052.69
305822,205822,7/1/2025,Debit Card,Paid,903.06
305823,205823,12/31/2024,Net Banking,Paid,1842.62
305824,205824,2/23/2025,UPI,Paid,1700.91
305825,205825,5/19/2025,Net Banking,Paid,3491.33
305826,205826,11/24/2025,UPI,Paid,10323.61
305827,205827,6/16/2024,Cash on Delivery,Paid,10279.51
305828,205828,2/25/2025,Credit Card,Paid,1189.78
305829,205829,12/27/2025,Credit Card,Paid,3512.03
305830,205830,10/17/2025,UPI,Paid,9155.75
305831,205831,7/3/2025,UPI,Paid,2549.8
305832,205832,5/19/2024,Debit Card,Paid,1464.81
305833,205833,5/7/2025,UPI,Paid,3989.21
305834,205834,12/29/2025,Debit Card,Paid,335.75
305835,205835,12/15/2025,UPI,Paid,7456.57
305836,205836,8/4/2025,Debit Card,Paid,10103.82
305837,205837,4/7/2025,Credit Card,Paid,2276.92
305838,205838,7/25/2025,UPI,Paid,4507.03
305839,205839,12/20/2025,UPI,Paid,3722.83
305840,205840,7/16/2024,UPI,Paid,2158.31
305841,205841,8/30/2025,Wallet,Paid,1775
305842,205842,6/10/2024,UPI,Paid,481.14
305843,205843,2/7/2025,UPI,Paid,10850.67
305844,205844,7/23/2025,UPI,Paid,5699.91
305845,205845,2/22/2025,UPI,Paid,970.77
305846,205846,9/19/2025,Cash on Delivery,Paid,6180.42
305847,205847,11/13/2025,UPI,Paid,12166.35
305848,205848,8/31/2024,Credit Card,Paid,3272.68
305849,205849,6/27/2025,UPI,Paid,6113.53
305850,205850,3/9/2024,Debit Card,Paid,1436.61
305851,205851,11/30/2025,Credit Card,Paid,5978.05
305852,205852,6/13/2025,Net Banking,Paid,9304.47
305853,205853,10/18/2023,UPI,Paid,3327.71
305854,205854,11/17/2025,Debit Card,Paid,10956.07
305855,205855,12/5/2025,UPI,Paid,2810.38
305856,205856,10/5/2024,Net Banking,Paid,6073.14
305857,205857,2/14/2025,UPI,Paid,5450.43
305858,205858,7/16/2025,Wallet,Paid,2216.38
305859,205859,10/26/2025,Wallet,Paid,231.01
305860,205860,8/20/2025,Net Banking,Paid,1278.14
305861,205861,6/23/2024,UPI,Paid,845.86
305862,205862,12/18/2025,UPI,Paid,2752.66
305863,205863,2/15/2025,Debit Card,Pending,27790.77
305864,205864,11/7/2025,Credit Card,Paid,1840.69
305865,205865,1/12/2025,UPI,Paid,1180.78
305866,205866,11/4/2024,Net Banking,Paid,8642.18
305867,205867,1/20/2025,UPI,Paid,1812.91
305868,205868,4/13/2025,Debit Card,Paid,4289.78
305869,205869,7/18/2023,UPI,Paid,353.54
305870,205870,9/3/2023,UPI,Pending,2046.65
305871,205871,9/26/2024,UPI,Paid,14498.66
305872,205872,12/17/2025,UPI,Paid,8432.06
305873,205873,6/11/2025,Credit Card,Paid,4252.48
305874,205874,11/4/2025,Debit Card,Paid,4995.47
305875,205875,6/29/2025,UPI,Paid,638.37
305876,205876,10/26/2023,Credit Card,Paid,2546.46
305877,205877,3/23/2025,UPI,Paid,4232.2
305878,205878,11/9/2025,Wallet,Paid,10331.17
305879,205879,10/20/2025,UPI,Failed,1521.53
305880,205880,5/24/2025,Cash on Delivery,Paid,6154.07
305881,205881,3/4/2024,Wallet,Paid,11790.77
305882,205882,1/12/2024,Credit Card,Paid,13532.88
305883,205883,4/3/2025,Net Banking,Failed,3300.14
305884,205884,9/25/2024,Debit Card,Paid,3859.14
305885,205885,11/6/2024,Cash on Delivery,Paid,12017.78
305886,205886,4/22/2025,Debit Card,Paid,16207.76
305887,205887,10/26/2024,Cash on Delivery,Paid,5878.65
305888,205888,8/2/2024,Debit Card,Paid,5436.91
305889,205889,9/1/2025,UPI,Paid,13430.72
305890,205890,10/2/2025,Credit Card,Paid,3998.74
305891,205891,2/19/2025,Cash on Delivery,Failed,10417.19
305892,205892,11/8/2025,Credit Card,Paid,14435.87
305893,205893,9/28/2025,UPI,Failed,3734.1
305894,205894,8/27/2025,Debit Card,Paid,7488.72
305895,205895,12/18/2025,Cash on Delivery,Paid,18767.76
305896,205896,12/22/2025,UPI,Paid,7244.1
305897,205897,8/3/2025,Debit Card,Paid,11118.87
305898,205898,8/5/2025,Credit Card,Paid,15768.89
305899,205899,6/22/2025,UPI,Paid,305.29
305900,205900,6/25/2025,Credit Card,Paid,2843.07
305901,205901,11/16/2025,Credit Card,Paid,413
305902,205902,5/28/2025,Credit Card,Paid,15050.14
305903,205903,7/16/2025,Net Banking,Paid,93.34
305904,205904,9/28/2025,UPI,Pending,6162.99
305905,205905,7/23/2025,Net Banking,Paid,1039.56
305906,205906,9/12/2025,Debit Card,Paid,5049.53
305907,205907,6/10/2025,UPI,Paid,1370.44
305908,205908,3/14/2023,UPI,Paid,5325.82
305909,205909,12/26/2023,Net Banking,Paid,7713.75
305910,205910,5/23/2025,Debit Card,Paid,21967.57
305911,205911,7/22/2025,Debit Card,Paid,3528.15
305912,205912,11/30/2023,Debit Card,Paid,40126.46
305913,205913,9/7/2025,UPI,Paid,17085.63
305914,205914,8/3/2025,UPI,Paid,6413.62
305915,205915,10/15/2025,UPI,Paid,5898.9
305916,205916,7/23/2025,Net Banking,Paid,3023.78
305917,205917,9/1/2025,Cash on Delivery,Paid,3954.96
305918,205918,11/3/2025,Credit Card,Paid,7518.57
305919,205919,5/19/2025,Credit Card,Paid,6644.7
305920,205920,8/3/2024,UPI,Paid,18630.76
305921,205921,5/19/2025,UPI,Failed,1784.03
305922,205922,7/10/2025,Cash on Delivery,Failed,2181.74
305923,205923,2/25/2025,Credit Card,Paid,6557.97
305924,205924,12/11/2025,UPI,Paid,4214.22
305925,205925,12/1/2025,Credit Card,Paid,948.77
305926,205926,4/17/2025,Cash on Delivery,Paid,8956.92
305927,205927,2/8/2024,Wallet,Paid,3736.91
305928,205928,5/9/2025,Wallet,Paid,13090.05
305929,205929,6/7/2024,UPI,Failed,5923.99
305930,205930,1/9/2025,Net Banking,Paid,5650.13
305931,205931,5/26/2024,Credit Card,Paid,5425.41
305932,205932,12/6/2025,UPI,Paid,21465.31
305933,205933,7/29/2024,UPI,Pending,16730.79
305934,205934,4/5/2023,Credit Card,Pending,1379.92
305935,205935,4/1/2025,Wallet,Paid,6266.47
305936,205936,1/20/2025,Credit Card,Paid,8592.27
305937,205937,7/8/2025,UPI,Failed,18433.65
305938,205938,2/3/2023,Cash on Delivery,Failed,1014.54
305939,205939,3/18/2023,Cash on Delivery,Paid,1446
305940,205940,8/5/2025,UPI,Paid,519.76
305941,205941,11/5/2025,Credit Card,Paid,903.11
305942,205942,5/20/2025,Net Banking,Paid,16521.48
305943,205943,7/3/2023,Cash on Delivery,Paid,2793.77
305944,205944,12/11/2025,Credit Card,Paid,5042.25
305945,205945,4/14/2025,Credit Card,Paid,4226.69
305946,205946,11/12/2025,Debit Card,Paid,1713.1
305947,205947,12/1/2025,Wallet,Pending,900.38
305948,205948,12/16/2025,UPI,Paid,2704.45
305949,205949,6/23/2025,Cash on Delivery,Paid,1740.75
305950,205950,3/1/2025,Credit Card,Paid,909.04
305951,205951,12/21/2025,Net Banking,Paid,12544.15
305952,205952,8/13/2025,Cash on Delivery,Paid,8793.11
305953,205953,4/3/2025,Cash on Delivery,Pending,2650.31
305954,205954,7/30/2025,UPI,Paid,2737.24
305955,205955,12/17/2025,Debit Card,Paid,12059.28
305956,205956,7/10/2023,Debit Card,Paid,2643.35
305957,205957,11/3/2023,Credit Card,Paid,1127.98
305958,205958,8/12/2025,Credit Card,Paid,5196.15
305959,205959,12/26/2024,UPI,Paid,915.14
305960,205960,6/24/2024,Cash on Delivery,Paid,2792.53
305961,205961,12/9/2025,Cash on Delivery,Paid,8053.1
305962,205962,10/13/2025,Credit Card,Paid,2400.25
305963,205963,10/14/2023,Cash on Delivery,Paid,1975.15
305964,205964,10/26/2025,UPI,Paid,503.4
305965,205965,6/27/2025,Debit Card,Paid,3306.15
305966,205966,12/11/2025,Net Banking,Paid,3967.77
305967,205967,8/30/2025,Debit Card,Paid,7927.59
305968,205968,7/7/2025,Debit Card,Paid,3395.79
305969,205969,12/18/2025,Credit Card,Paid,241.18
305970,205970,6/30/2025,Debit Card,Paid,3806.3
305971,205971,3/23/2025,Debit Card,Paid,5799.77
305972,205972,9/23/2025,Cash on Delivery,Paid,5414.38
305973,205973,11/10/2025,UPI,Paid,12780.42
305974,205974,12/28/2025,Credit Card,Failed,4572.16
305975,205975,1/4/2025,Credit Card,Paid,2097.95
305976,205976,12/8/2024,Credit Card,Paid,937.88
305977,205977,6/3/2025,Credit Card,Paid,4105.46
305978,205978,8/26/2025,Cash on Delivery,Paid,1556.51
305979,205979,2/7/2024,UPI,Paid,2347.86
305980,205980,12/26/2025,Cash on Delivery,Paid,12387.29
305981,205981,4/26/2024,Credit Card,Paid,575.75
305982,205982,2/26/2025,Debit Card,Paid,14758.78
305983,205983,7/26/2025,Net Banking,Paid,8002.92
305984,205984,2/25/2025,Cash on Delivery,Paid,2220.85
305985,205985,5/31/2025,Cash on Delivery,Paid,6244.93
305986,205986,9/18/2025,Cash on Delivery,Paid,6072.61
305987,205987,6/17/2024,Credit Card,Paid,14725.15
305988,205988,11/3/2025,Wallet,Paid,3232.6
305989,205989,7/17/2025,Cash on Delivery,Paid,2936.92
305990,205990,8/24/2025,Credit Card,Paid,2839.19
305991,205991,11/8/2025,UPI,Paid,4109.9
305992,205992,12/31/2025,Credit Card,Paid,5566.54
305993,205993,7/20/2025,Credit Card,Paid,1233.97
305994,205994,8/15/2025,Debit Card,Paid,21465.77
305995,205995,8/28/2024,Cash on Delivery,Paid,3619.76
305996,205996,12/16/2025,UPI,Paid,4518.53
305997,205997,10/22/2025,Debit Card,Paid,1073.83
305998,205998,8/26/2023,UPI,Paid,15568.24
305999,205999,3/23/2025,Credit Card,Paid,4406.41
306000,206000,7/8/2024,UPI,Paid,879.76
306001,206001,8/21/2025,Credit Card,Paid,5943.11
306002,206002,8/9/2025,UPI,Paid,5415
306003,206003,11/4/2025,UPI,Paid,4364.45
306004,206004,11/22/2025,Wallet,Paid,4707.48
306005,206005,6/12/2025,Credit Card,Paid,2387.28
306006,206006,3/24/2025,UPI,Paid,3167.79
306007,206007,7/24/2025,Credit Card,Paid,6556.86
306008,206008,6/21/2025,UPI,Paid,358.45
306009,206009,11/11/2025,UPI,Paid,8410.63
306010,206010,12/17/2023,UPI,Paid,9976.68
306011,206011,12/26/2025,Debit Card,Paid,1174.35
306012,206012,7/9/2025,Debit Card,Paid,1208.19
306013,206013,4/15/2024,UPI,Paid,15156.44
306014,206014,8/12/2024,Net Banking,Paid,4259
306015,206015,4/12/2024,UPI,Paid,8384.37
306016,206016,11/8/2024,Credit Card,Paid,17382.69
306017,206017,1/9/2025,UPI,Paid,498.07
306018,206018,6/26/2025,Wallet,Paid,5459.23
306019,206019,2/1/2025,Net Banking,Paid,5702.88
306020,206020,10/9/2025,Debit Card,Paid,3975.32
306021,206021,5/1/2025,UPI,Paid,319.13
306022,206022,7/12/2025,Net Banking,Paid,18887.03
306023,206023,12/24/2025,UPI,Paid,15474.44
306024,206024,8/18/2023,Wallet,Paid,5691.29
306025,206025,1/24/2025,Cash on Delivery,Paid,817.46
306026,206026,8/8/2024,Cash on Delivery,Paid,27593.32
306027,206027,6/1/2025,UPI,Paid,1792.63
306028,206028,10/31/2025,Cash on Delivery,Paid,23794.73
306029,206029,11/20/2025,Credit Card,Paid,6120.82
306030,206030,9/29/2025,Cash on Delivery,Paid,6630.94
306031,206031,3/11/2024,Net Banking,Paid,10106.63
306032,206032,10/6/2025,UPI,Paid,5596.38
306033,206033,12/22/2024,Credit Card,Paid,11880.33
306034,206034,3/18/2025,Credit Card,Paid,14784.16
306035,206035,3/5/2025,Net Banking,Paid,6344.02
306036,206036,3/28/2025,Wallet,Paid,1749.8
306037,206037,10/26/2025,Net Banking,Paid,18692.91
306038,206038,6/12/2025,UPI,Paid,824.07
306039,206039,11/11/2025,Cash on Delivery,Paid,10592.52
306040,206040,8/17/2025,UPI,Paid,184.33
306041,206041,12/14/2023,Debit Card,Paid,5613.46
306042,206042,12/7/2025,Net Banking,Paid,1695.55
306043,206043,10/10/2024,Cash on Delivery,Paid,2111.68
306044,206044,12/4/2024,Cash on Delivery,Paid,687.85
306045,206045,12/23/2025,UPI,Failed,13649.78
306046,206046,12/25/2025,UPI,Paid,9544.16
306047,206047,9/21/2024,Credit Card,Paid,5782.55
306048,206048,11/5/2025,Wallet,Paid,3169.86
306049,206049,1/14/2025,Net Banking,Paid,2319.36
306050,206050,12/21/2025,Debit Card,Pending,7108.81
306051,206051,9/24/2025,Net Banking,Paid,2148.27
306052,206052,11/4/2025,UPI,Paid,5362.05
306053,206053,8/9/2025,Credit Card,Paid,3544.08
306054,206054,10/19/2023,Credit Card,Paid,22157.6
306055,206055,6/20/2025,Credit Card,Paid,1043.72
306056,206056,9/20/2024,UPI,Paid,1091.51
306057,206057,11/30/2025,Credit Card,Paid,3072.31
306058,206058,8/22/2023,Net Banking,Paid,3624.1
306059,206059,12/25/2025,UPI,Paid,1584.56
306060,206060,10/24/2025,Debit Card,Paid,13920.07
306061,206061,12/23/2025,Debit Card,Paid,18860.35
306062,206062,8/2/2025,Debit Card,Paid,10193.89
306063,206063,7/1/2025,Credit Card,Paid,79.81
306064,206064,8/12/2023,UPI,Paid,22482.58
306065,206065,7/11/2025,Debit Card,Paid,6636.8
306066,206066,2/21/2025,Net Banking,Paid,5931.44
306067,206067,1/23/2025,Credit Card,Paid,3721.97
306068,206068,10/17/2025,Net Banking,Paid,6843.26
306069,206069,8/1/2025,Credit Card,Pending,4799.94
306070,206070,7/3/2025,Credit Card,Paid,884.47
306071,206071,12/8/2025,Debit Card,Paid,12754.63
306072,206072,8/12/2025,Net Banking,Paid,3914.8
306073,206073,9/15/2024,Debit Card,Paid,14286.38
306074,206074,8/14/2024,UPI,Paid,1420.5
306075,206075,7/9/2025,UPI,Paid,2573.63
306076,206076,12/9/2025,UPI,Paid,2737.94
306077,206077,9/13/2025,Cash on Delivery,Paid,18022.58
306078,206078,8/31/2023,UPI,Paid,6018.11
306079,206079,7/3/2024,Credit Card,Paid,735.26
306080,206080,6/29/2025,Credit Card,Paid,858.38
306081,206081,6/1/2025,Credit Card,Paid,3084.57
306082,206082,6/18/2024,Debit Card,Paid,5533.15
306083,206083,11/29/2025,Cash on Delivery,Paid,28092.34
306084,206084,3/5/2025,Credit Card,Paid,1439.18
306085,206085,8/3/2023,Credit Card,Paid,5193.26
306086,206086,10/3/2025,Credit Card,Paid,2981.67
306087,206087,4/18/2025,UPI,Paid,2759.1
306088,206088,3/23/2025,Debit Card,Paid,323.87
306089,206089,8/28/2024,Cash on Delivery,Paid,3347.32
306090,206090,6/23/2023,Credit Card,Paid,853.23
306091,206091,7/10/2025,Cash on Delivery,Paid,16048.45
306092,206092,6/21/2025,UPI,Paid,8313.49
306093,206093,2/22/2025,Credit Card,Paid,22834.29
306094,206094,3/17/2025,Credit Card,Paid,5768.64
306095,206095,12/3/2025,Cash on Delivery,Paid,3409.55
306096,206096,6/26/2025,Debit Card,Paid,6804.38
306097,206097,9/10/2025,UPI,Paid,179.89
306098,206098,11/29/2025,Debit Card,Paid,6626.35
306099,206099,11/7/2025,UPI,Paid,3853.81
306100,206100,5/31/2025,Net Banking,Paid,351.69
306101,206101,9/22/2025,UPI,Paid,3927.13
306102,206102,8/31/2025,UPI,Failed,5327.64
306103,206103,3/3/2025,UPI,Pending,1681.04
306104,206104,6/2/2025,Credit Card,Paid,4000.74
306105,206105,1/28/2025,Credit Card,Paid,12607.05
306106,206106,3/2/2025,Credit Card,Paid,975.42
306107,206107,12/24/2024,Debit Card,Paid,4487.96
306108,206108,10/13/2025,UPI,Paid,1081.15
306109,206109,11/14/2025,Net Banking,Paid,1231.22
306110,206110,4/5/2025,Cash on Delivery,Paid,13392.57
306111,206111,7/1/2025,Net Banking,Paid,5381.09
306112,206112,3/30/2025,Cash on Delivery,Paid,16368.6
306113,206113,10/9/2025,UPI,Paid,5725.12
306114,206114,10/28/2025,Debit Card,Paid,3237.05
306115,206115,11/13/2024,Credit Card,Paid,1774.98
306116,206116,4/24/2025,Credit Card,Paid,14116.3
306117,206117,12/9/2025,Cash on Delivery,Pending,3411.65
306118,206118,12/7/2024,Credit Card,Paid,11070.17
306119,206119,7/22/2025,Cash on Delivery,Paid,9935.23
306120,206120,11/3/2025,Credit Card,Paid,8112.98
306121,206121,9/9/2024,Debit Card,Paid,7491.39
306122,206122,2/10/2025,Cash on Delivery,Paid,2658.55
306123,206123,12/31/2025,Debit Card,Paid,6062.79
306124,206124,8/16/2025,UPI,Paid,8341.84
306125,206125,10/3/2025,Net Banking,Paid,5044.11
306126,206126,11/20/2023,Credit Card,Paid,3645.02
306127,206127,12/21/2025,UPI,Paid,5020.62
306128,206128,3/21/2025,UPI,Paid,3109.81
306129,206129,11/17/2025,UPI,Paid,5949.59
306130,206130,5/5/2025,UPI,Paid,14716.33
306131,206131,8/29/2024,Credit Card,Paid,3464.26
306132,206132,11/1/2025,Wallet,Paid,7173.56
306133,206133,8/28/2025,UPI,Paid,899.15
306134,206134,2/10/2023,Debit Card,Paid,233.04
306135,206135,3/7/2025,Credit Card,Paid,3310.47
306136,206136,10/8/2024,Credit Card,Paid,3918.74
306137,206137,12/25/2025,Net Banking,Pending,20986.13
306138,206138,11/9/2025,Credit Card,Failed,19240.98
306139,206139,3/28/2024,Debit Card,Paid,10458.1
306140,206140,11/26/2025,UPI,Paid,12215.96
306141,206141,5/28/2025,Net Banking,Paid,9863.12
306142,206142,5/13/2025,Credit Card,Paid,4446.64
306143,206143,8/5/2025,UPI,Pending,3236.28
306144,206144,12/8/2025,Debit Card,Paid,4261.25
306145,206145,11/16/2025,Debit Card,Paid,7567.73
306146,206146,12/25/2025,Cash on Delivery,Paid,810.92
306147,206147,9/1/2025,Wallet,Paid,13119.8
306148,206148,3/28/2024,UPI,Paid,9463.87
306149,206149,11/21/2025,Credit Card,Paid,5595.61
306150,206150,9/18/2025,Cash on Delivery,Paid,2663.23
306151,206151,11/30/2025,UPI,Paid,4508.81
306152,206152,1/10/2025,Debit Card,Paid,7841.01
306153,206153,2/20/2025,Wallet,Pending,3524.03
306154,206154,12/14/2025,UPI,Paid,1394.07
306155,206155,12/8/2025,UPI,Paid,3570.96
306156,206156,5/25/2025,Debit Card,Paid,505.18
306157,206157,10/22/2025,Credit Card,Paid,512.13
306158,206158,12/21/2025,UPI,Paid,1953.31
306159,206159,10/16/2025,UPI,Paid,5919.21
306160,206160,8/3/2025,Cash on Delivery,Paid,8868.45
306161,206161,8/26/2024,UPI,Paid,2017.56
306162,206162,12/15/2025,Credit Card,Paid,9262.4
306163,206163,12/15/2025,Net Banking,Paid,14073.87
306164,206164,12/25/2025,Net Banking,Paid,5937.09
306165,206165,10/23/2025,Wallet,Paid,277.95
306166,206166,7/27/2025,UPI,Paid,6892.75
306167,206167,3/30/2024,UPI,Paid,3567.62
306168,206168,9/8/2024,UPI,Paid,548.77
306169,206169,3/10/2023,UPI,Paid,11241.34
306170,206170,10/29/2024,Cash on Delivery,Paid,183.53
306171,206171,5/22/2024,Net Banking,Paid,2693.81
306172,206172,12/30/2025,Net Banking,Paid,2279.86
306173,206173,6/28/2025,UPI,Failed,6015.88
306174,206174,11/12/2025,Credit Card,Paid,4460.25
306175,206175,11/22/2025,Net Banking,Paid,3035.93
306176,206176,12/23/2025,UPI,Paid,2581.21
306177,206177,12/24/2025,UPI,Paid,1671.59
306178,206178,8/5/2024,UPI,Paid,7763.86
306179,206179,10/14/2025,Credit Card,Paid,3767.88
306180,206180,10/19/2025,Debit Card,Paid,9126.06
306181,206181,12/7/2024,Debit Card,Paid,7015.64
306182,206182,7/13/2025,Cash on Delivery,Paid,1475.49
306183,206183,6/6/2025,Cash on Delivery,Paid,6694.44
306184,206184,3/18/2025,UPI,Paid,2516.93
306185,206185,8/28/2025,Cash on Delivery,Paid,10984.54
306186,206186,9/26/2025,UPI,Paid,10657.73
306187,206187,3/5/2025,Credit Card,Paid,14062.13
306188,206188,12/8/2024,UPI,Paid,469.11
306189,206189,10/1/2025,Net Banking,Paid,4463
306190,206190,6/14/2025,UPI,Paid,2232.16
306191,206191,11/6/2025,Cash on Delivery,Paid,3435.19
306192,206192,10/31/2025,Cash on Delivery,Paid,1175.89
306193,206193,6/26/2023,Net Banking,Paid,3156.76
306194,206194,7/21/2024,Debit Card,Paid,8085.91
306195,206195,10/30/2025,Credit Card,Paid,8210.98
306196,206196,12/31/2025,Cash on Delivery,Paid,6636.21
306197,206197,10/17/2023,UPI,Paid,4600.69
306198,206198,4/9/2025,Cash on Delivery,Paid,14778.16
306199,206199,6/2/2025,Credit Card,Paid,2873.61
306200,206200,1/12/2024,Credit Card,Paid,1651.3
306201,206201,7/9/2025,Wallet,Paid,354.35
306202,206202,6/6/2025,Credit Card,Paid,9911.02
306203,206203,10/13/2025,Debit Card,Paid,5993.62
306204,206204,9/1/2025,Net Banking,Paid,11584.98
306205,206205,9/4/2025,Credit Card,Paid,4529.3
306206,206206,10/24/2025,Debit Card,Paid,932.01
306207,206207,8/30/2024,Net Banking,Paid,1509.83
306208,206208,6/22/2024,UPI,Paid,1066.73
306209,206209,1/14/2024,UPI,Paid,1891.21
306210,206210,8/16/2025,Debit Card,Paid,1423.26
306211,206211,1/15/2025,Debit Card,Paid,2814.05
306212,206212,5/24/2025,UPI,Paid,1793.48
306213,206213,7/9/2025,UPI,Paid,2839.21
306214,206214,4/30/2023,UPI,Paid,8342.86
306215,206215,11/15/2025,Net Banking,Paid,4410.82
306216,206216,1/17/2025,Credit Card,Paid,8856.79
306217,206217,12/21/2025,Debit Card,Paid,1896.9
306218,206218,1/18/2025,Credit Card,Paid,1936.04
306219,206219,11/14/2024,Credit Card,Paid,20931.88
306220,206220,8/10/2025,UPI,Paid,14105.31
306221,206221,3/30/2025,Credit Card,Paid,2237.86
306222,206222,10/20/2024,UPI,Paid,8777.8
306223,206223,12/5/2023,Debit Card,Paid,3298.04
306224,206224,12/16/2025,UPI,Paid,421.71
306225,206225,4/16/2024,Wallet,Paid,2359.1
306226,206226,6/28/2025,Credit Card,Paid,10413.04
306227,206227,1/5/2025,Debit Card,Paid,1731.49
306228,206228,8/21/2025,Credit Card,Paid,20878.5
306229,206229,5/12/2025,UPI,Paid,2964.17
306230,206230,7/16/2025,Credit Card,Paid,18616.3
306231,206231,11/29/2025,Credit Card,Paid,1902.95
306232,206232,12/5/2025,UPI,Paid,7513.29
306233,206233,1/21/2025,Cash on Delivery,Paid,4217.15
306234,206234,5/23/2024,Credit Card,Paid,4574.83
306235,206235,12/24/2025,UPI,Paid,3894.81
306236,206236,8/19/2025,Wallet,Paid,1891.05
306237,206237,10/14/2025,Cash on Delivery,Paid,267.62
306238,206238,9/18/2025,Credit Card,Paid,3217.97
306239,206239,9/12/2025,UPI,Paid,6341.06
306240,206240,11/9/2024,Debit Card,Paid,933.61
306241,206241,4/5/2025,Debit Card,Paid,559.77
306242,206242,2/28/2023,Wallet,Paid,1904.23
306243,206243,7/23/2024,UPI,Paid,5968.89
306244,206244,8/2/2025,UPI,Pending,6112.98
306245,206245,2/13/2025,UPI,Paid,4313.86
306246,206246,2/15/2025,Credit Card,Paid,250.18
306247,206247,7/31/2023,Wallet,Paid,7920.74
306248,206248,5/30/2025,UPI,Failed,2899.87
306249,206249,3/10/2025,Debit Card,Paid,495.84
306250,206250,12/4/2025,Debit Card,Paid,3684.51
306251,206251,9/8/2025,Credit Card,Paid,1489.97
306252,206252,7/15/2023,Cash on Delivery,Paid,2632.2
306253,206253,6/2/2023,Net Banking,Failed,2542.12
306254,206254,12/17/2025,Cash on Delivery,Paid,1579.81
306255,206255,12/12/2025,Cash on Delivery,Paid,9881.35
306256,206256,11/12/2024,UPI,Paid,922.69
306257,206257,6/18/2024,UPI,Pending,3784.84
306258,206258,4/3/2025,Net Banking,Paid,5364.31
306259,206259,6/23/2024,Net Banking,Paid,5996.89
306260,206260,5/11/2025,Cash on Delivery,Paid,10898.53
306261,206261,12/26/2025,Credit Card,Paid,4257.73
306262,206262,5/15/2025,Cash on Delivery,Paid,3666.72
306263,206263,9/26/2023,Net Banking,Paid,1787.24
306264,206264,8/18/2025,Debit Card,Paid,892.11
306265,206265,2/22/2025,Credit Card,Paid,681.04
306266,206266,8/26/2023,Net Banking,Paid,11143.14
306267,206267,4/22/2025,Net Banking,Paid,2796.76
306268,206268,5/26/2024,UPI,Paid,5430.01
306269,206269,12/21/2025,Credit Card,Paid,14370.02
306270,206270,12/24/2025,Credit Card,Paid,12694.63
306271,206271,8/1/2025,UPI,Paid,12830.08
306272,206272,12/16/2024,Debit Card,Paid,3824.91
306273,206273,4/24/2024,Net Banking,Paid,6772.61
306274,206274,12/29/2025,UPI,Paid,9884.34
306275,206275,5/30/2025,Credit Card,Paid,9404.36
306276,206276,2/7/2025,Cash on Delivery,Paid,4510.07
306277,206277,9/19/2025,Credit Card,Paid,8642.39
306278,206278,7/14/2025,UPI,Paid,654.1
306279,206279,4/23/2025,UPI,Paid,3262.29
306280,206280,12/1/2025,Credit Card,Paid,14732.53
306281,206281,3/19/2024,UPI,Paid,16114.63
306282,206282,10/2/2025,Net Banking,Paid,24131.36
306283,206283,10/4/2025,Credit Card,Paid,8566.83
306284,206284,12/31/2025,Cash on Delivery,Paid,14321.19
306285,206285,7/30/2025,Debit Card,Paid,6855.94
306286,206286,11/26/2025,Credit Card,Paid,1209.2
306287,206287,8/4/2025,Credit Card,Paid,7072.8
306288,206288,12/10/2025,Net Banking,Paid,3858.84
306289,206289,7/23/2025,Credit Card,Paid,9272.17
306290,206290,6/24/2025,Net Banking,Paid,15836.5
306291,206291,10/2/2025,Net Banking,Paid,6196.58
306292,206292,10/1/2025,Cash on Delivery,Paid,1464.82
306293,206293,3/10/2025,UPI,Paid,3178.08
306294,206294,9/2/2025,UPI,Paid,2581.59
306295,206295,7/13/2023,Wallet,Paid,11354.27
306296,206296,9/20/2024,Credit Card,Paid,14244.51
306297,206297,9/5/2024,Net Banking,Paid,11807.79
306298,206298,5/2/2024,Cash on Delivery,Paid,14619.29
306299,206299,8/30/2024,Credit Card,Paid,15781.09
306300,206300,10/14/2025,Net Banking,Paid,283.64
306301,206301,5/25/2025,Debit Card,Paid,49072.29
306302,206302,9/23/2025,Credit Card,Paid,3324.55
306303,206303,12/2/2025,UPI,Paid,660.01
306304,206304,4/21/2025,UPI,Paid,4245.47
306305,206305,7/24/2025,Debit Card,Paid,5729.01
306306,206306,7/31/2025,Debit Card,Paid,2227.75
306307,206307,6/11/2025,UPI,Paid,474.34
306308,206308,10/20/2024,UPI,Paid,1786.78
306309,206309,8/17/2024,UPI,Paid,2921.12
306310,206310,12/27/2025,UPI,Paid,4544.23
306311,206311,11/9/2025,UPI,Paid,2242.34
306312,206312,7/11/2025,Credit Card,Paid,4080.27
306313,206313,12/6/2025,UPI,Paid,2550.45
306314,206314,11/22/2025,UPI,Pending,2715.6
306315,206315,12/21/2025,Net Banking,Paid,3961.53
306316,206316,12/21/2025,UPI,Paid,5394.2
306317,206317,12/7/2025,UPI,Paid,13768.4
306318,206318,7/31/2024,Debit Card,Paid,2170.62
306319,206319,9/29/2023,Wallet,Paid,18901.22
306320,206320,5/14/2023,Credit Card,Paid,10835.25
306321,206321,1/28/2024,UPI,Paid,7607.67
306322,206322,12/16/2025,UPI,Paid,378.95
306323,206323,7/19/2025,Debit Card,Paid,7309.72
306324,206324,4/6/2025,Credit Card,Paid,9740.35
306325,206325,7/1/2024,Net Banking,Paid,6342.68
306326,206326,9/1/2025,Net Banking,Paid,5146.03
306327,206327,9/22/2025,Credit Card,Failed,6414.73
306328,206328,9/5/2023,Debit Card,Paid,19952.83
306329,206329,9/5/2025,Credit Card,Paid,37252.98
306330,206330,4/26/2025,Credit Card,Paid,6002.26
306331,206331,8/4/2024,Net Banking,Paid,1514.57
306332,206332,9/11/2025,Wallet,Paid,2710.61
306333,206333,12/18/2025,Credit Card,Paid,197.96
306334,206334,6/16/2025,UPI,Paid,2777.58
306335,206335,11/25/2025,Debit Card,Paid,20208.72
306336,206336,2/7/2025,UPI,Paid,5446.81
306337,206337,11/27/2025,Cash on Delivery,Paid,5866.83
306338,206338,5/26/2024,Debit Card,Paid,16120.53
306339,206339,12/27/2025,Cash on Delivery,Paid,722.87
306340,206340,11/19/2025,Cash on Delivery,Paid,2582.47
306341,206341,6/3/2024,Debit Card,Paid,5317.56
306342,206342,12/23/2025,Credit Card,Pending,30077.94
306343,206343,11/18/2024,Credit Card,Paid,1989.63
306344,206344,5/11/2025,UPI,Paid,3129.03
306345,206345,10/1/2024,UPI,Paid,986.48
306346,206346,12/29/2025,Net Banking,Paid,2320.29
306347,206347,9/4/2025,Wallet,Paid,8609.86
306348,206348,6/14/2025,Debit Card,Paid,1665.17
306349,206349,11/26/2025,Credit Card,Paid,2878.72
306350,206350,12/22/2025,Credit Card,Paid,3192.28
306351,206351,1/22/2025,Net Banking,Paid,2562.57
306352,206352,8/20/2023,UPI,Paid,406.86
306353,206353,6/1/2025,UPI,Paid,8599.04
306354,206354,10/9/2025,Debit Card,Paid,13487.4
306355,206355,1/15/2024,Cash on Delivery,Paid,11165.66
306356,206356,9/2/2025,Credit Card,Paid,10152.76
306357,206357,12/23/2025,Cash on Delivery,Paid,9976.21
306358,206358,4/23/2024,Debit Card,Paid,14230.87
306359,206359,10/15/2025,Cash on Delivery,Paid,776.42
306360,206360,11/17/2025,Credit Card,Paid,2531.05
306361,206361,12/16/2025,Credit Card,Paid,6889.42
306362,206362,5/21/2025,Debit Card,Paid,7939.23
306363,206363,11/18/2025,Debit Card,Paid,5299.12
306364,206364,6/20/2024,Wallet,Paid,18677.56
306365,206365,5/31/2024,Net Banking,Paid,6674.47
306366,206366,12/10/2024,Debit Card,Failed,6547.45
306367,206367,5/16/2025,Cash on Delivery,Paid,6677.05
306368,206368,11/17/2025,Net Banking,Paid,2451.04
306369,206369,11/9/2025,Cash on Delivery,Paid,2919.25
306370,206370,10/23/2025,UPI,Paid,5062.81
306371,206371,11/15/2025,Credit Card,Paid,7165.81
306372,206372,12/13/2025,Credit Card,Paid,918.08
306373,206373,5/27/2024,Debit Card,Paid,10392.51
306374,206374,5/26/2025,Debit Card,Paid,5439.27
306375,206375,6/27/2025,Credit Card,Paid,1875.13
306376,206376,8/5/2024,Debit Card,Paid,8260.64
306377,206377,9/25/2024,UPI,Pending,519.16
306378,206378,10/28/2025,UPI,Paid,2961.22
306379,206379,12/20/2025,UPI,Paid,8402.92
306380,206380,9/4/2025,Credit Card,Paid,22518.98
306381,206381,4/1/2025,Net Banking,Paid,912.78
306382,206382,12/12/2025,UPI,Paid,531.61
306383,206383,8/11/2025,Credit Card,Paid,8070.54
306384,206384,7/31/2023,Credit Card,Paid,5762
306385,206385,3/22/2025,Wallet,Paid,1676.25
306386,206386,1/1/2024,UPI,Paid,327.03
306387,206387,11/23/2024,Net Banking,Paid,24938.99
306388,206388,6/23/2025,Net Banking,Paid,527.9
306389,206389,6/15/2023,UPI,Paid,3250.2
306390,206390,8/30/2024,Wallet,Paid,727.65
306391,206391,12/11/2025,UPI,Paid,897.33
306392,206392,10/20/2025,Net Banking,Paid,591.45
306393,206393,5/2/2025,Wallet,Paid,24643.1
306394,206394,12/31/2024,UPI,Pending,2488.82
306395,206395,7/23/2025,UPI,Paid,1871.37
306396,206396,8/17/2025,Credit Card,Paid,2436.63
306397,206397,7/30/2025,UPI,Paid,1591.08
306398,206398,10/10/2025,Credit Card,Paid,2248.14
306399,206399,1/25/2025,Credit Card,Paid,11846.56
306400,206400,12/20/2025,UPI,Paid,12351.14
306401,206401,10/12/2024,Debit Card,Paid,4050.15
306402,206402,5/2/2023,Net Banking,Paid,4740.91
306403,206403,11/2/2023,Credit Card,Paid,4030.27
306404,206404,10/17/2023,UPI,Paid,9611.21
306405,206405,4/22/2025,UPI,Paid,8104.87
306406,206406,10/19/2023,UPI,Paid,5811.01
306407,206407,7/20/2025,Cash on Delivery,Paid,2168.93
306408,206408,12/28/2025,UPI,Paid,2723.46
306409,206409,11/19/2024,Credit Card,Paid,1025.42
306410,206410,12/5/2025,Debit Card,Paid,7899.24
306411,206411,9/21/2025,Debit Card,Paid,6353.99
306412,206412,6/25/2025,Debit Card,Paid,29643.93
306413,206413,10/13/2024,UPI,Paid,3653.57
306414,206414,9/11/2024,Debit Card,Paid,2880.65
306415,206415,11/4/2025,Credit Card,Paid,1339.23
306416,206416,9/9/2025,Wallet,Paid,170.99
306417,206417,4/4/2025,Credit Card,Paid,3779.91
306418,206418,4/20/2025,Debit Card,Paid,1063.63
306419,206419,11/20/2025,Net Banking,Paid,1171.11
306420,206420,4/19/2024,Wallet,Paid,1335.67
306421,206421,2/24/2025,Cash on Delivery,Paid,1919.88
306422,206422,11/1/2025,UPI,Pending,11466.12
306423,206423,2/22/2024,Credit Card,Paid,4337.03
306424,206424,12/21/2025,UPI,Paid,4323.18
306425,206425,2/16/2025,UPI,Paid,13094.7
306426,206426,10/6/2025,Credit Card,Paid,3995.77
306427,206427,9/11/2025,Cash on Delivery,Paid,6521.6
306428,206428,12/25/2024,UPI,Paid,10342.93
306429,206429,10/11/2025,Net Banking,Paid,4226
306430,206430,8/20/2025,Net Banking,Paid,5317.55
306431,206431,9/14/2025,Net Banking,Paid,17016.43
306432,206432,7/2/2024,Cash on Delivery,Paid,5015.42
306433,206433,9/11/2025,Credit Card,Paid,11181.57
306434,206434,5/4/2025,UPI,Paid,9101.39
306435,206435,6/21/2024,Wallet,Paid,11760.5
306436,206436,12/2/2025,Debit Card,Paid,369.06
306437,206437,11/12/2025,UPI,Paid,482.79
306438,206438,12/22/2024,Cash on Delivery,Paid,2633.36
306439,206439,6/24/2024,UPI,Paid,5222.99
306440,206440,12/18/2025,Debit Card,Paid,3107.2
306441,206441,5/9/2025,Credit Card,Paid,3777.14
306442,206442,12/3/2025,Cash on Delivery,Paid,12832.28
306443,206443,8/5/2025,Debit Card,Paid,919.21
306444,206444,3/17/2024,Credit Card,Paid,7826.56
306445,206445,4/10/2025,Credit Card,Paid,793.39
306446,206446,11/29/2025,Credit Card,Paid,11599.74
306447,206447,11/28/2025,Credit Card,Paid,6204.28
306448,206448,11/10/2025,Cash on Delivery,Paid,2157.99
306449,206449,9/23/2025,UPI,Paid,3563.29
306450,206450,5/28/2024,UPI,Paid,11125.82
306451,206451,7/7/2025,Wallet,Paid,2903.7
306452,206452,12/24/2024,Wallet,Paid,10111.3
306453,206453,12/12/2025,Credit Card,Paid,7624.13
306454,206454,12/28/2025,Credit Card,Paid,1223.69
306455,206455,8/2/2025,UPI,Pending,2444.7
306456,206456,11/21/2025,UPI,Paid,225.42
306457,206457,12/12/2025,UPI,Paid,764.26
306458,206458,5/15/2025,Cash on Delivery,Paid,4767.99
306459,206459,7/6/2025,Credit Card,Paid,9487.42
306460,206460,12/4/2024,Wallet,Pending,2209.07
306461,206461,4/3/2025,Credit Card,Paid,4368.21
306462,206462,9/29/2025,Cash on Delivery,Paid,4684.79
306463,206463,4/12/2025,Credit Card,Failed,4876.84
306464,206464,10/20/2025,UPI,Paid,1340.77
306465,206465,12/6/2025,Net Banking,Paid,21445.18
306466,206466,9/5/2025,Wallet,Paid,12134.12
306467,206467,11/13/2025,Net Banking,Paid,4210.39
306468,206468,10/3/2023,Credit Card,Paid,36134.98
306469,206469,4/19/2025,Debit Card,Paid,5228.48
306470,206470,9/1/2025,Credit Card,Paid,16886
306471,206471,10/6/2025,Cash on Delivery,Paid,26769.65
306472,206472,9/12/2025,Credit Card,Paid,13977.57
306473,206473,8/9/2025,UPI,Paid,1536.03
306474,206474,2/21/2025,Wallet,Paid,6380.94
306475,206475,1/21/2024,Debit Card,Paid,9267.18
306476,206476,11/6/2025,Credit Card,Paid,4342.39
306477,206477,2/2/2025,UPI,Paid,1512.19
306478,206478,12/26/2025,Net Banking,Paid,5736.06
306479,206479,8/16/2024,Debit Card,Paid,404.98
306480,206480,10/27/2025,UPI,Paid,3793.72
306481,206481,12/14/2024,Net Banking,Paid,74.14
306482,206482,12/28/2025,Wallet,Paid,2675.98
306483,206483,8/31/2025,UPI,Paid,1878.34
306484,206484,7/4/2024,UPI,Paid,600.32
306485,206485,7/10/2025,Cash on Delivery,Paid,5661.14
306486,206486,12/11/2024,UPI,Paid,1047.92
306487,206487,10/23/2024,Wallet,Paid,10545.89
306488,206488,10/19/2023,Wallet,Paid,8031.43
306489,206489,10/13/2025,Debit Card,Paid,2375.65
306490,206490,2/24/2025,UPI,Paid,1913.43
306491,206491,2/27/2025,Debit Card,Paid,11986.8
306492,206492,12/17/2025,Cash on Delivery,Paid,2042.08
306493,206493,10/19/2025,Debit Card,Paid,1932.96
306494,206494,11/18/2025,UPI,Paid,14566.97
306495,206495,10/17/2025,Cash on Delivery,Paid,2442.13
306496,206496,7/29/2025,Debit Card,Failed,2122.72
306497,206497,12/11/2023,Wallet,Paid,1187.02
306498,206498,12/17/2025,Credit Card,Paid,11608.54
306499,206499,8/19/2024,Cash on Delivery,Paid,21676.79
306500,206500,10/28/2024,Cash on Delivery,Paid,11505.73
306501,206501,6/12/2024,Credit Card,Paid,3553.35
306502,206502,10/25/2025,Credit Card,Pending,714.63
306503,206503,10/9/2025,UPI,Paid,274.87
306504,206504,8/23/2024,Net Banking,Paid,3875.9
306505,206505,4/2/2024,UPI,Paid,1667.92
306506,206506,6/16/2025,Debit Card,Pending,10996.16
306507,206507,12/16/2025,Net Banking,Paid,12551.98
306508,206508,6/16/2025,Credit Card,Paid,3041.32
306509,206509,9/1/2024,UPI,Paid,4507.51
306510,206510,7/8/2023,Debit Card,Paid,17913.75
306511,206511,7/7/2025,Cash on Delivery,Paid,356.49
306512,206512,11/6/2025,UPI,Paid,16988.06
306513,206513,4/5/2025,Credit Card,Paid,2013.68
306514,206514,9/2/2025,UPI,Paid,845.23
306515,206515,2/21/2025,Wallet,Paid,24400.97
306516,206516,6/14/2025,Debit Card,Paid,181.07
306517,206517,2/8/2025,Net Banking,Paid,2419.38
306518,206518,5/3/2024,Debit Card,Paid,5277.39
306519,206519,9/28/2025,Cash on Delivery,Paid,3366.23
306520,206520,3/21/2024,Credit Card,Paid,5847.08
306521,206521,10/24/2025,UPI,Paid,2583.69
306522,206522,9/9/2025,Credit Card,Paid,7385.05
306523,206523,8/3/2025,Credit Card,Paid,1574.67
306524,206524,6/13/2024,Credit Card,Paid,7354.13
306525,206525,10/9/2025,Cash on Delivery,Paid,7664.92
306526,206526,10/31/2025,Cash on Delivery,Paid,2749.5
306527,206527,10/9/2025,UPI,Paid,4630.9
306528,206528,12/19/2025,Cash on Delivery,Paid,3583.63
306529,206529,4/10/2025,Cash on Delivery,Paid,14546.09
306530,206530,3/6/2025,Cash on Delivery,Paid,1722.5
306531,206531,1/23/2024,Credit Card,Paid,3528.01
306532,206532,9/30/2025,Cash on Delivery,Paid,3673.64
306533,206533,12/19/2025,Cash on Delivery,Paid,8947.02
306534,206534,11/26/2024,Debit Card,Paid,863.56
306535,206535,9/4/2025,UPI,Paid,1669.7
306536,206536,10/21/2024,UPI,Paid,711.05
306537,206537,1/28/2024,UPI,Paid,160.43
306538,206538,12/29/2023,Debit Card,Paid,1093.05
306539,206539,6/18/2025,UPI,Paid,1921.61
306540,206540,12/5/2025,Credit Card,Paid,1088.95
306541,206541,9/23/2024,Credit Card,Paid,7888.48
306542,206542,11/24/2025,UPI,Paid,4839.2
306543,206543,3/17/2024,UPI,Paid,5587.17
306544,206544,12/22/2025,Wallet,Paid,2429.59
306545,206545,2/23/2025,UPI,Paid,7190.7
306546,206546,7/11/2024,Net Banking,Paid,1407.32
306547,206547,5/26/2025,Net Banking,Paid,1607.54
306548,206548,10/26/2025,Credit Card,Paid,2987.64
306549,206549,11/9/2024,Credit Card,Paid,6155.97
306550,206550,4/11/2025,Net Banking,Pending,3293.13
306551,206551,3/5/2024,Credit Card,Paid,452.97
306552,206552,12/19/2025,Wallet,Paid,3011.93
306553,206553,3/7/2025,UPI,Paid,8322.18
306554,206554,11/27/2023,Credit Card,Paid,1179.62
306555,206555,12/9/2024,Debit Card,Failed,3288.59
306556,206556,2/4/2025,Credit Card,Paid,3762.58
306557,206557,10/11/2025,Net Banking,Paid,4957.48
306558,206558,12/26/2025,UPI,Paid,2541.8
306559,206559,7/24/2025,Debit Card,Paid,3377
306560,206560,7/3/2025,Net Banking,Pending,1833.44
306561,206561,5/9/2025,Wallet,Paid,1693.74
306562,206562,5/17/2024,Credit Card,Paid,8687.72
306563,206563,9/29/2024,UPI,Paid,579.99
306564,206564,9/13/2025,Wallet,Paid,15662.79
306565,206565,1/1/2025,UPI,Paid,1880.6
306566,206566,6/11/2025,Cash on Delivery,Paid,3821.37
306567,206567,11/23/2025,Debit Card,Paid,662.56
306568,206568,7/6/2025,UPI,Paid,3430.46
306569,206569,8/17/2024,UPI,Paid,1059.34
306570,206570,6/6/2025,Credit Card,Paid,8013.66
306571,206571,11/12/2024,Debit Card,Paid,19386.69
306572,206572,11/14/2024,UPI,Paid,11375
306573,206573,10/24/2025,Credit Card,Paid,6063.32
306574,206574,11/15/2025,Debit Card,Paid,9022.91
306575,206575,8/14/2025,Debit Card,Pending,11542.95
306576,206576,3/23/2025,Credit Card,Paid,1235
306577,206577,10/13/2025,UPI,Paid,2740.49
306578,206578,7/9/2023,Credit Card,Paid,10963.85
306579,206579,12/13/2025,Credit Card,Paid,3930.36
306580,206580,11/12/2025,Wallet,Paid,7050.82
306581,206581,12/22/2025,UPI,Paid,4742.53
306582,206582,9/1/2025,Debit Card,Pending,1010.01
306583,206583,11/28/2025,UPI,Paid,6249.43
306584,206584,11/25/2025,Credit Card,Paid,5432.75
306585,206585,1/9/2025,Net Banking,Paid,6063.36
306586,206586,7/8/2025,Credit Card,Paid,1889.65
306587,206587,1/27/2025,Credit Card,Paid,9755.92
306588,206588,5/13/2025,Net Banking,Paid,4905.5
306589,206589,5/11/2025,Credit Card,Pending,945.36
306590,206590,1/15/2025,Credit Card,Paid,1015.39
306591,206591,5/3/2025,Net Banking,Paid,12441.21
306592,206592,3/1/2025,Credit Card,Paid,3857.44
306593,206593,4/23/2025,UPI,Paid,3140.94
306594,206594,2/4/2025,UPI,Paid,2247.17
306595,206595,10/12/2025,UPI,Paid,14099.45
306596,206596,6/2/2025,UPI,Pending,4475.7
306597,206597,5/1/2025,Cash on Delivery,Paid,6991.39
306598,206598,5/13/2025,Credit Card,Paid,7252.59
306599,206599,12/14/2025,Credit Card,Paid,1768.04
306600,206600,4/10/2025,Wallet,Paid,9481.97
306601,206601,11/13/2024,UPI,Paid,6922.79
306602,206602,8/30/2025,Cash on Delivery,Paid,2270.04
306603,206603,10/3/2025,Wallet,Paid,23138.92
306604,206604,7/14/2025,Net Banking,Paid,637.75
306605,206605,9/16/2025,UPI,Paid,2537.82
306606,206606,4/2/2025,UPI,Paid,2033.03
306607,206607,10/28/2024,Debit Card,Paid,3707.98
306608,206608,3/10/2025,UPI,Paid,496.78
306609,206609,12/30/2024,Credit Card,Paid,1080.9
306610,206610,1/16/2024,Credit Card,Paid,5007.48
306611,206611,10/3/2023,Credit Card,Paid,8992.14
306612,206612,9/24/2025,Net Banking,Paid,8539.1
306613,206613,12/6/2025,Credit Card,Paid,10015.16
306614,206614,12/3/2025,Net Banking,Paid,6837.94
306615,206615,9/24/2025,UPI,Paid,1159.88
306616,206616,11/12/2025,Debit Card,Paid,1246.17
306617,206617,11/23/2025,Wallet,Paid,4657.9
306618,206618,12/21/2025,Debit Card,Paid,2456.13
306619,206619,12/10/2025,Net Banking,Paid,15601.23
306620,206620,11/29/2025,Net Banking,Paid,7078.18
306621,206621,10/14/2024,UPI,Paid,6150.91
306622,206622,9/13/2025,Credit Card,Paid,5303.18
306623,206623,3/18/2025,UPI,Paid,8967.61
306624,206624,4/15/2024,Wallet,Paid,636.1
306625,206625,9/19/2023,Wallet,Paid,2225.36
306626,206626,5/26/2025,Credit Card,Paid,9107.69
306627,206627,8/8/2025,Credit Card,Paid,14249.38
306628,206628,9/14/2025,Credit Card,Paid,8391.92
306629,206629,12/31/2025,UPI,Paid,2702.91
306630,206630,11/5/2025,UPI,Paid,16364.9
306631,206631,6/19/2023,Credit Card,Paid,7067.8
306632,206632,10/8/2024,Debit Card,Failed,855.23
306633,206633,7/20/2025,UPI,Paid,7308.3
306634,206634,5/19/2025,Net Banking,Paid,321.57
306635,206635,8/21/2024,UPI,Paid,3130.83
306636,206636,12/8/2025,Debit Card,Pending,12940.05
306637,206637,9/17/2025,Debit Card,Paid,8291.24
306638,206638,11/29/2024,UPI,Paid,4721.58
306639,206639,1/8/2025,Net Banking,Paid,3854.29
306640,206640,8/2/2025,UPI,Paid,2515.56
306641,206641,4/21/2025,Cash on Delivery,Paid,4231.19
306642,206642,11/27/2024,Credit Card,Pending,8547.65
306643,206643,11/12/2025,Credit Card,Paid,24715.99
306644,206644,6/29/2025,Cash on Delivery,Paid,2162.3
306645,206645,8/17/2025,Credit Card,Paid,8921.35
306646,206646,3/27/2024,Cash on Delivery,Paid,16130.4
306647,206647,3/21/2025,Debit Card,Paid,22923.77
306648,206648,1/10/2024,UPI,Pending,1479.07
306649,206649,11/24/2024,Wallet,Paid,7544.84
306650,206650,8/2/2024,Credit Card,Paid,3695.08
306651,206651,12/5/2023,Credit Card,Paid,3990.52
306652,206652,10/14/2025,UPI,Paid,1766.75
306653,206653,11/3/2024,UPI,Paid,467.16
306654,206654,8/30/2025,Debit Card,Paid,5704.61
306655,206655,10/12/2024,Debit Card,Paid,14704.17
306656,206656,2/21/2025,Credit Card,Paid,11707.63
306657,206657,7/21/2025,UPI,Failed,1769.97
306658,206658,1/13/2025,Cash on Delivery,Paid,7100.07
306659,206659,1/20/2023,UPI,Paid,4613.84
306660,206660,5/28/2025,Credit Card,Paid,2824.76
306661,206661,12/17/2025,UPI,Paid,11394.14
306662,206662,9/13/2025,Wallet,Paid,11687.11
306663,206663,2/25/2025,Debit Card,Paid,2132.55
306664,206664,10/15/2025,UPI,Paid,2176.23
306665,206665,11/21/2025,Net Banking,Paid,4525.43
306666,206666,5/16/2025,Net Banking,Failed,13736.51
306667,206667,9/21/2024,Debit Card,Paid,984.51
306668,206668,6/28/2024,Net Banking,Paid,4936.19
306669,206669,3/29/2025,Credit Card,Paid,31293.01
306670,206670,10/12/2025,Credit Card,Paid,5482.09
306671,206671,11/22/2025,Cash on Delivery,Pending,1928.74
306672,206672,11/20/2025,Wallet,Paid,6701.44
306673,206673,10/12/2025,UPI,Paid,1153.66
306674,206674,6/6/2025,Cash on Delivery,Failed,15607.17
306675,206675,9/26/2025,Cash on Delivery,Paid,4017.64
306676,206676,7/23/2025,Wallet,Paid,2827.67
306677,206677,10/26/2025,Net Banking,Failed,8184.65
306678,206678,12/28/2025,Net Banking,Paid,9071.19
306679,206679,2/5/2024,Credit Card,Paid,3056.85
306680,206680,7/31/2025,Net Banking,Paid,6704.06
306681,206681,11/11/2025,UPI,Pending,1631.86
306682,206682,10/1/2025,Credit Card,Paid,3238.24
306683,206683,11/12/2024,Credit Card,Paid,966.93
306684,206684,8/21/2024,Credit Card,Paid,4045.26
306685,206685,9/5/2025,Credit Card,Paid,15061.71
306686,206686,2/23/2025,UPI,Paid,585.56
306687,206687,11/22/2024,Cash on Delivery,Paid,19921.29
306688,206688,9/28/2023,UPI,Paid,335.81
306689,206689,12/14/2025,Credit Card,Paid,15223.82
306690,206690,12/21/2024,UPI,Paid,14212.73
306691,206691,10/11/2025,UPI,Paid,3664.07
306692,206692,1/21/2025,UPI,Paid,4064.9
306693,206693,4/23/2025,Credit Card,Paid,8045.62
306694,206694,7/2/2025,Credit Card,Paid,5490.9
306695,206695,1/30/2025,UPI,Failed,1641.97
306696,206696,7/27/2025,Cash on Delivery,Paid,7478.84
306697,206697,5/7/2024,Debit Card,Paid,6301.66
306698,206698,12/30/2025,Wallet,Paid,2807.33
306699,206699,1/18/2025,Cash on Delivery,Paid,1708.24
306700,206700,1/18/2024,Debit Card,Paid,8770.36
306701,206701,9/10/2024,UPI,Paid,6194.24
306702,206702,1/24/2025,UPI,Paid,4178.25
306703,206703,11/17/2025,Credit Card,Paid,4363.84
306704,206704,2/28/2024,Net Banking,Paid,2406.24
306705,206705,5/20/2025,UPI,Paid,5580.91
306706,206706,7/2/2025,UPI,Paid,6608.02
306707,206707,9/30/2025,Credit Card,Paid,2818.11
306708,206708,3/14/2025,Debit Card,Paid,516.16
306709,206709,2/27/2025,Credit Card,Paid,9245.41
306710,206710,1/17/2025,Debit Card,Paid,1908.63
306711,206711,11/21/2024,Credit Card,Paid,9688.7
306712,206712,12/15/2025,UPI,Paid,3127.52
306713,206713,4/15/2025,Cash on Delivery,Paid,2805.85
306714,206714,7/11/2025,Wallet,Paid,1010.55
306715,206715,10/10/2025,UPI,Paid,1908.5
306716,206716,9/15/2024,Credit Card,Paid,3752.05
306717,206717,11/11/2025,Credit Card,Paid,6600.43
306718,206718,9/30/2024,UPI,Paid,1901.86
306719,206719,8/30/2025,Cash on Delivery,Paid,8020.06
306720,206720,11/18/2025,UPI,Paid,2957.95
306721,206721,5/28/2025,Debit Card,Paid,3277.77
306722,206722,8/5/2023,Net Banking,Paid,18894.58
306723,206723,4/29/2024,UPI,Paid,13163.59
306724,206724,2/3/2025,Cash on Delivery,Paid,719.45
306725,206725,3/10/2025,Wallet,Paid,14976.66
306726,206726,7/13/2023,Credit Card,Paid,5708.85
306727,206727,8/4/2025,UPI,Paid,3911.96
306728,206728,3/17/2025,Cash on Delivery,Paid,10479.69
306729,206729,10/26/2025,UPI,Paid,7867.15
306730,206730,8/3/2023,UPI,Paid,2066.15
306731,206731,10/31/2024,Net Banking,Paid,4324.2
306732,206732,7/5/2025,Cash on Delivery,Paid,6317.42
306733,206733,11/14/2025,Credit Card,Paid,35283.43
306734,206734,10/31/2025,Net Banking,Paid,4260.77
306735,206735,11/21/2025,Net Banking,Paid,4507.19
306736,206736,11/1/2025,UPI,Paid,18068.36
306737,206737,1/11/2024,Debit Card,Paid,7609.57
306738,206738,6/22/2024,Credit Card,Paid,1132.96
306739,206739,11/7/2023,Credit Card,Paid,2236.97
306740,206740,11/11/2025,Credit Card,Paid,23973.97
306741,206741,2/18/2024,UPI,Paid,3655.58
306742,206742,7/28/2025,Cash on Delivery,Paid,1063.83
306743,206743,12/24/2024,UPI,Paid,787.14
306744,206744,12/13/2023,Debit Card,Paid,4380.25
306745,206745,10/5/2025,Net Banking,Paid,3116.3
306746,206746,10/28/2025,UPI,Paid,3708.67
306747,206747,5/25/2025,UPI,Paid,5143.05
306748,206748,12/23/2025,Wallet,Paid,2732.76
306749,206749,5/9/2025,UPI,Paid,16527.18
306750,206750,8/15/2024,Wallet,Paid,1001.03
306751,206751,2/12/2025,Debit Card,Paid,1022.61
306752,206752,10/13/2025,Credit Card,Paid,2073.54
306753,206753,11/6/2025,Debit Card,Paid,1863.86
306754,206754,8/13/2024,Cash on Delivery,Paid,4718.57
306755,206755,11/14/2025,Debit Card,Paid,8132.02
306756,206756,9/9/2025,Credit Card,Paid,5846.56
306757,206757,10/29/2025,UPI,Paid,13915.08
306758,206758,2/20/2024,UPI,Paid,1150.08
306759,206759,11/27/2025,Cash on Delivery,Paid,5808.42
306760,206760,10/15/2025,Credit Card,Paid,1157.82
306761,206761,3/19/2025,Net Banking,Paid,6077.15
306762,206762,8/6/2023,Net Banking,Paid,2261.24
306763,206763,7/29/2025,Credit Card,Paid,2950.13
306764,206764,9/9/2025,Credit Card,Paid,7186.11
306765,206765,2/17/2025,Debit Card,Paid,24284.89
306766,206766,11/24/2025,Debit Card,Paid,6504.52
306767,206767,11/16/2025,Debit Card,Paid,3332.4
306768,206768,6/23/2025,Credit Card,Paid,1328.19
306769,206769,2/25/2025,UPI,Paid,3268.28
306770,206770,5/4/2025,Credit Card,Paid,3110.33
306771,206771,11/27/2025,Cash on Delivery,Paid,12098.84
306772,206772,12/24/2023,Debit Card,Paid,1457.51
306773,206773,12/17/2025,Credit Card,Paid,13678.76
306774,206774,7/31/2024,Credit Card,Paid,2720.89
306775,206775,10/10/2025,Cash on Delivery,Paid,4014.73
306776,206776,1/30/2025,UPI,Paid,4065.56
306777,206777,6/6/2024,Debit Card,Paid,553.55
306778,206778,6/26/2025,Wallet,Paid,388.75
306779,206779,10/7/2025,Cash on Delivery,Paid,1256.75
306780,206780,10/7/2024,Net Banking,Paid,1643.03
306781,206781,1/18/2025,Net Banking,Paid,733.46
306782,206782,8/23/2025,Credit Card,Paid,6250.08
306783,206783,9/6/2025,Credit Card,Paid,5274.77
306784,206784,2/21/2023,Wallet,Paid,1819.32
306785,206785,8/6/2025,Wallet,Paid,3223.8
306786,206786,3/13/2023,Net Banking,Paid,6354.88
306787,206787,12/10/2023,Debit Card,Paid,156.99
306788,206788,8/11/2025,Cash on Delivery,Paid,4872
306789,206789,8/2/2025,UPI,Paid,21414.39
306790,206790,8/11/2025,Net Banking,Paid,5354.55
306791,206791,7/18/2024,Credit Card,Paid,13004.91
306792,206792,8/14/2025,UPI,Paid,10852.7
306793,206793,3/24/2025,Debit Card,Paid,6211.59
306794,206794,12/27/2025,Credit Card,Paid,3089.02
306795,206795,10/20/2025,UPI,Paid,3426.86
306796,206796,12/11/2025,Debit Card,Paid,1228.21
306797,206797,2/3/2025,Credit Card,Paid,2901.49
306798,206798,7/2/2025,UPI,Paid,685.58
306799,206799,4/12/2025,Credit Card,Paid,7322.29
306800,206800,9/29/2024,Credit Card,Failed,5439.64
306801,206801,9/16/2024,Wallet,Paid,2809.42
306802,206802,1/17/2024,UPI,Paid,4232.27
306803,206803,2/17/2025,UPI,Paid,3620.99
306804,206804,10/31/2025,Net Banking,Paid,3168.93
306805,206805,6/6/2024,Net Banking,Paid,1010.47
306806,206806,2/11/2025,Credit Card,Paid,2938.1
306807,206807,12/21/2025,UPI,Paid,11717.12
306808,206808,1/14/2024,UPI,Paid,14128.22
306809,206809,1/10/2025,UPI,Paid,484.66
306810,206810,9/9/2025,Net Banking,Failed,10034.61
306811,206811,11/9/2025,Debit Card,Paid,8256.3
306812,206812,10/14/2025,UPI,Paid,4075.96
306813,206813,12/15/2025,Credit Card,Paid,3748.59
306814,206814,12/23/2025,Wallet,Paid,2199.15
306815,206815,9/20/2024,Cash on Delivery,Paid,4975.08
306816,206816,10/1/2025,UPI,Paid,512.66
306817,206817,5/19/2024,UPI,Paid,12885.13
306818,206818,3/4/2024,Debit Card,Paid,3385.06
306819,206819,4/14/2025,UPI,Paid,297.68
306820,206820,6/9/2025,Credit Card,Paid,5891.57
306821,206821,10/24/2024,Credit Card,Paid,754.46
306822,206822,12/10/2025,Credit Card,Paid,6475.55
306823,206823,10/6/2025,Net Banking,Paid,3436.65
306824,206824,10/16/2025,Cash on Delivery,Paid,2071.05
306825,206825,7/13/2025,Credit Card,Paid,525.8
306826,206826,12/2/2024,Credit Card,Paid,13547.67
306827,206827,11/7/2025,UPI,Paid,9261.39
306828,206828,8/2/2025,UPI,Paid,6868.46
306829,206829,1/30/2025,Credit Card,Paid,13105.85
306830,206830,7/17/2025,UPI,Paid,3331.74
306831,206831,2/16/2025,UPI,Paid,2267.14
306832,206832,1/29/2025,UPI,Paid,22220.89
306833,206833,12/31/2023,Net Banking,Paid,5544.25
306834,206834,6/25/2024,UPI,Paid,10494.99
306835,206835,1/31/2025,UPI,Paid,802.77
306836,206836,5/19/2024,Credit Card,Pending,10186.26
306837,206837,4/12/2025,Credit Card,Paid,926.2
306838,206838,9/14/2025,Net Banking,Paid,6121.26
306839,206839,11/24/2025,UPI,Paid,1034.8
306840,206840,7/5/2025,Cash on Delivery,Paid,6693.09
306841,206841,12/11/2024,Cash on Delivery,Paid,2801.39
306842,206842,8/31/2024,Wallet,Paid,9462.04
306843,206843,1/31/2025,Credit Card,Paid,184.69
306844,206844,8/12/2025,UPI,Paid,2664.75
306845,206845,3/20/2025,UPI,Paid,3211.71
306846,206846,1/8/2025,Cash on Delivery,Paid,9457.54
306847,206847,6/29/2025,Debit Card,Paid,1316.15
306848,206848,3/12/2024,Net Banking,Paid,7270.93
306849,206849,10/20/2025,Net Banking,Paid,9933.51
306850,206850,9/22/2025,Credit Card,Paid,5109.61
306851,206851,12/5/2025,UPI,Paid,2557.3
306852,206852,6/24/2025,Net Banking,Paid,468.54
306853,206853,6/3/2025,Cash on Delivery,Paid,782.76
306854,206854,12/27/2024,Net Banking,Paid,4040.35
306855,206855,12/30/2025,Wallet,Paid,73445.84
306856,206856,2/23/2024,Debit Card,Paid,3066.19
306857,206857,4/5/2025,Debit Card,Paid,4087.88
306858,206858,11/8/2025,UPI,Paid,4510.07
306859,206859,2/6/2024,UPI,Paid,231.04
306860,206860,11/14/2025,UPI,Paid,354.86
306861,206861,11/28/2025,Credit Card,Paid,23396.41
306862,206862,12/19/2025,UPI,Paid,10856.73
306863,206863,7/8/2025,Credit Card,Paid,1278.09
306864,206864,2/24/2025,Net Banking,Paid,6064.21
306865,206865,12/16/2024,UPI,Paid,481.6
306866,206866,10/23/2023,Credit Card,Paid,10007.48
306867,206867,7/23/2025,Cash on Delivery,Paid,4121.7
306868,206868,4/21/2023,Net Banking,Paid,20804.87
306869,206869,2/16/2024,Credit Card,Paid,6389.85
306870,206870,10/2/2025,Net Banking,Paid,1411.47
306871,206871,7/4/2025,UPI,Paid,2503.68
306872,206872,12/3/2024,Credit Card,Paid,5440.79
306873,206873,6/15/2025,Credit Card,Paid,1803.42
306874,206874,12/21/2025,Cash on Delivery,Paid,3433.8
306875,206875,1/10/2025,UPI,Paid,4900.18
306876,206876,11/1/2025,Credit Card,Paid,1475.01
306877,206877,10/11/2025,UPI,Paid,5169.81
306878,206878,11/21/2025,UPI,Paid,6094.39
306879,206879,4/3/2025,UPI,Paid,2851.95
306880,206880,12/23/2025,Wallet,Paid,3348.18
306881,206881,7/31/2025,Cash on Delivery,Paid,253.53
306882,206882,12/13/2025,Wallet,Paid,15426.37
306883,206883,9/23/2025,UPI,Paid,14772.06
306884,206884,11/6/2025,UPI,Paid,3644.41
306885,206885,4/17/2024,UPI,Paid,2611.04
306886,206886,8/1/2025,Debit Card,Paid,3848.36
306887,206887,10/7/2025,Cash on Delivery,Paid,6301.15
306888,206888,9/12/2024,UPI,Failed,638.72
306889,206889,12/7/2025,UPI,Paid,23629.07
306890,206890,8/30/2024,UPI,Paid,11017.34
306891,206891,8/15/2024,Net Banking,Paid,2180.75
306892,206892,5/5/2023,Credit Card,Paid,24256.04
306893,206893,1/8/2025,Credit Card,Paid,2245.66
306894,206894,12/17/2025,UPI,Paid,1902.18
306895,206895,10/17/2024,Wallet,Paid,12696.87
306896,206896,10/24/2025,UPI,Paid,1886.71
306897,206897,3/22/2024,Credit Card,Paid,1636.91
306898,206898,7/13/2025,Net Banking,Paid,12175.62
306899,206899,11/27/2025,Debit Card,Paid,7680.72
306900,206900,8/20/2024,Wallet,Paid,2833.33
306901,206901,9/12/2024,UPI,Paid,3309.52
306902,206902,7/5/2024,Cash on Delivery,Paid,9733.75
306903,206903,8/10/2025,Credit Card,Pending,6924.81
306904,206904,7/19/2024,UPI,Paid,4138.94
306905,206905,12/26/2025,Net Banking,Paid,6314.47
306906,206906,10/22/2025,UPI,Paid,7683.85
306907,206907,8/21/2023,UPI,Paid,7372.87
306908,206908,12/11/2025,UPI,Pending,2095.27
306909,206909,10/9/2025,Debit Card,Paid,12323.71
306910,206910,1/20/2025,UPI,Paid,6530.02
306911,206911,10/29/2024,Credit Card,Paid,3354.7
306912,206912,12/1/2024,UPI,Paid,6687.25
306913,206913,7/22/2025,Credit Card,Paid,4080.49
306914,206914,9/5/2024,Credit Card,Failed,1836.08
306915,206915,2/13/2024,UPI,Paid,8620.48
306916,206916,10/10/2025,UPI,Paid,26700.5
306917,206917,12/8/2025,UPI,Paid,685.5
306918,206918,12/22/2025,Credit Card,Paid,768.43
306919,206919,4/5/2025,Credit Card,Paid,14898.38
306920,206920,12/14/2025,Debit Card,Paid,6541.1
306921,206921,10/15/2025,Cash on Delivery,Paid,3569.67
306922,206922,11/16/2025,UPI,Paid,5350.87
306923,206923,9/16/2024,UPI,Paid,12723.75
306924,206924,11/24/2024,Credit Card,Paid,1020.12
306925,206925,7/15/2025,UPI,Paid,2129.93
306926,206926,7/24/2025,UPI,Paid,1099.54
306927,206927,12/5/2025,UPI,Paid,9196.28
306928,206928,11/18/2025,Cash on Delivery,Paid,1935.78
306929,206929,10/26/2024,Net Banking,Paid,3403.78
306930,206930,5/16/2025,Cash on Delivery,Paid,735.89
306931,206931,11/18/2025,Debit Card,Paid,9829.92
306932,206932,11/27/2025,UPI,Failed,9239.9
306933,206933,10/3/2025,Net Banking,Paid,3181.14
306934,206934,1/7/2025,UPI,Paid,761.69
306935,206935,8/6/2025,Cash on Delivery,Paid,3514.58
306936,206936,2/19/2025,Credit Card,Paid,1887.47
306937,206937,1/29/2025,UPI,Paid,28449.84
306938,206938,9/8/2025,Debit Card,Paid,3000.23
306939,206939,8/2/2024,Debit Card,Paid,1112.47
306940,206940,12/29/2025,UPI,Paid,6394.69
306941,206941,6/14/2023,Credit Card,Paid,3601.1
306942,206942,10/26/2025,Cash on Delivery,Paid,6100.2
306943,206943,5/18/2025,Credit Card,Paid,3899.83
306944,206944,3/21/2025,UPI,Paid,2744.39
306945,206945,3/6/2025,UPI,Paid,1255.9
306946,206946,10/7/2025,Credit Card,Paid,2401.24
306947,206947,8/21/2025,Debit Card,Paid,1728.84
306948,206948,10/15/2024,Debit Card,Paid,20863.21
306949,206949,10/21/2025,Credit Card,Paid,20243.75
306950,206950,12/2/2025,Credit Card,Paid,4154.8
306951,206951,2/24/2025,Net Banking,Paid,8534.4
306952,206952,12/10/2025,Cash on Delivery,Paid,274.92
306953,206953,7/25/2025,Credit Card,Paid,1212.08
306954,206954,4/16/2025,Credit Card,Paid,19798.73
306955,206955,5/18/2025,Debit Card,Paid,5004.29
306956,206956,11/24/2025,Debit Card,Paid,4040.16
306957,206957,2/26/2024,UPI,Paid,7975.54
306958,206958,8/21/2024,UPI,Paid,761.1
306959,206959,3/13/2025,Credit Card,Paid,5767.54
306960,206960,7/26/2025,Debit Card,Paid,8224.96
306961,206961,5/24/2024,Net Banking,Paid,548.84
306962,206962,9/14/2025,UPI,Paid,605.58
306963,206963,10/26/2025,UPI,Paid,5558.29
306964,206964,9/29/2023,UPI,Paid,6270.72
306965,206965,12/18/2024,UPI,Paid,5392.18
306966,206966,9/15/2025,Debit Card,Paid,3241.55
306967,206967,10/30/2025,Credit Card,Paid,5104.48
306968,206968,12/5/2025,Cash on Delivery,Paid,2806.21
306969,206969,12/9/2025,Debit Card,Paid,18276.82
306970,206970,5/12/2024,UPI,Paid,2379.09
306971,206971,5/12/2025,UPI,Paid,7304.9
306972,206972,7/25/2025,Credit Card,Paid,3286.59
306973,206973,5/14/2025,Wallet,Paid,2315.28
306974,206974,10/28/2024,UPI,Paid,23872.95
306975,206975,9/13/2024,Credit Card,Paid,10471.09
306976,206976,5/25/2025,Net Banking,Paid,5389.51
306977,206977,10/18/2025,Credit Card,Paid,3710.61
306978,206978,9/14/2025,Debit Card,Paid,3348.51
306979,206979,10/9/2025,UPI,Paid,7192.85
306980,206980,10/12/2024,UPI,Paid,3175.75
306981,206981,2/21/2024,Credit Card,Failed,9112.4
306982,206982,8/3/2024,Cash on Delivery,Paid,364.87
306983,206983,2/13/2025,UPI,Paid,1953.56
306984,206984,10/15/2025,Credit Card,Paid,27133
306985,206985,6/11/2025,UPI,Paid,6007.88
306986,206986,11/2/2025,UPI,Paid,7396.32
306987,206987,5/12/2025,Credit Card,Paid,11080.75
306988,206988,9/29/2023,Credit Card,Paid,9394.73
306989,206989,7/30/2025,Net Banking,Paid,10697.52
306990,206990,12/15/2025,UPI,Paid,7774.99
306991,206991,8/18/2025,Credit Card,Paid,12428.09
306992,206992,12/20/2025,UPI,Paid,4285.86
306993,206993,4/21/2025,Cash on Delivery,Paid,12794.92
306994,206994,11/29/2025,Cash on Delivery,Paid,489.98
306995,206995,9/12/2024,UPI,Paid,6561.4
306996,206996,9/11/2025,Net Banking,Paid,8372.19
306997,206997,2/25/2024,Credit Card,Paid,681.06
306998,206998,1/5/2024,Debit Card,Paid,2902.01
306999,206999,9/18/2025,Credit Card,Paid,4192.66
307000,207000,11/16/2025,Debit Card,Paid,2256.11
307001,207001,10/28/2025,Debit Card,Paid,7507.54
307002,207002,8/5/2024,UPI,Paid,330.19
307003,207003,9/29/2025,Credit Card,Paid,12256.14
307004,207004,11/25/2025,Net Banking,Paid,2336.54
307005,207005,5/21/2025,UPI,Paid,7304.08
307006,207006,9/1/2025,Cash on Delivery,Paid,2168.66
307007,207007,11/6/2025,Credit Card,Paid,1900.29
307008,207008,12/11/2025,UPI,Paid,20944.84
307009,207009,6/18/2025,Debit Card,Paid,2663.76
307010,207010,6/25/2025,UPI,Paid,6299.4
307011,207011,10/6/2023,Cash on Delivery,Paid,7567.78
307012,207012,12/23/2025,UPI,Paid,8674.56
307013,207013,3/27/2025,UPI,Paid,6925.18
307014,207014,9/20/2023,UPI,Paid,8287.35
307015,207015,8/9/2024,Net Banking,Paid,2830.16
307016,207016,9/5/2024,Debit Card,Paid,884.75
307017,207017,8/29/2024,UPI,Paid,4162.48
307018,207018,5/22/2025,Credit Card,Paid,2370.3
307019,207019,7/3/2025,UPI,Paid,1351.95
307020,207020,12/31/2025,Debit Card,Paid,13591.14
307021,207021,3/12/2025,Debit Card,Pending,31867.47
307022,207022,10/9/2024,UPI,Paid,28858.55
307023,207023,9/18/2025,Net Banking,Paid,568.03
307024,207024,5/20/2025,Debit Card,Paid,28198.86
307025,207025,11/23/2024,Debit Card,Paid,2171.58
307026,207026,12/29/2025,Cash on Delivery,Pending,2132.19
307027,207027,11/13/2025,Debit Card,Paid,12191.81
307028,207028,12/1/2025,UPI,Paid,610.9
307029,207029,2/21/2025,Cash on Delivery,Paid,10043.08
307030,207030,9/20/2024,Cash on Delivery,Paid,23803.03
307031,207031,2/10/2025,UPI,Paid,17814.79
307032,207032,12/25/2025,Cash on Delivery,Paid,1447.04
307033,207033,11/16/2024,Debit Card,Paid,1360.2
307034,207034,3/7/2025,Cash on Delivery,Paid,3050.45
307035,207035,2/13/2025,UPI,Paid,3796.8
307036,207036,7/5/2025,Net Banking,Paid,357.53
307037,207037,11/12/2025,UPI,Paid,12201.33
307038,207038,9/6/2025,UPI,Paid,1547.22
307039,207039,2/13/2024,Net Banking,Paid,3894.34
307040,207040,12/16/2025,Wallet,Pending,20446.1
307041,207041,6/4/2024,UPI,Failed,3079
307042,207042,12/4/2025,Net Banking,Paid,9828.57
307043,207043,8/17/2024,Debit Card,Paid,1451.75
307044,207044,4/28/2025,Credit Card,Paid,22538.24
307045,207045,9/8/2025,Debit Card,Paid,2789.68
307046,207046,3/15/2025,Credit Card,Paid,553.88
307047,207047,2/19/2025,Debit Card,Paid,5220.32
307048,207048,7/29/2025,Debit Card,Paid,5251.47
307049,207049,7/7/2024,Net Banking,Paid,927.7
307050,207050,11/6/2025,Wallet,Paid,4882.43
307051,207051,4/11/2025,Cash on Delivery,Paid,4421.57
307052,207052,3/3/2024,UPI,Paid,760.27
307053,207053,10/5/2025,Credit Card,Paid,871.42
307054,207054,10/19/2025,Net Banking,Paid,1380.64
307055,207055,11/9/2025,Cash on Delivery,Paid,690.16
307056,207056,11/15/2025,UPI,Paid,9188.37
307057,207057,8/4/2025,UPI,Paid,1402.34
307058,207058,6/28/2025,Credit Card,Paid,4115.32
307059,207059,11/30/2024,Net Banking,Paid,1300.17
307060,207060,1/15/2025,UPI,Paid,10384.52
307061,207061,3/29/2025,Net Banking,Paid,1889.97
307062,207062,10/24/2025,UPI,Paid,3205.33
307063,207063,10/18/2023,Debit Card,Paid,2754.89
307064,207064,10/24/2025,Credit Card,Paid,2817.23
307065,207065,3/30/2025,Net Banking,Paid,11247.52
307066,207066,6/12/2024,UPI,Paid,2749.58
307067,207067,2/24/2025,UPI,Paid,1372.03
307068,207068,12/1/2025,UPI,Paid,17930.91
307069,207069,10/20/2024,Credit Card,Paid,3566.91
307070,207070,1/30/2024,Debit Card,Paid,2774.71
307071,207071,11/6/2025,UPI,Paid,10934.03
307072,207072,11/14/2025,Debit Card,Paid,1680.78
307073,207073,9/18/2023,Cash on Delivery,Paid,12718.13
307074,207074,3/27/2025,UPI,Paid,25006.21
307075,207075,12/17/2025,UPI,Paid,3000.77
307076,207076,3/10/2024,UPI,Paid,10503.44
307077,207077,2/5/2024,Debit Card,Paid,4453.62
307078,207078,9/3/2025,Wallet,Paid,17681.05
307079,207079,12/4/2025,UPI,Paid,317.86
307080,207080,7/7/2025,Credit Card,Paid,1815.52
307081,207081,5/12/2025,Debit Card,Paid,4026.55
307082,207082,6/20/2025,Cash on Delivery,Paid,763.87
307083,207083,10/26/2025,Credit Card,Paid,6234.61
307084,207084,5/17/2024,Wallet,Paid,4562.79
307085,207085,10/11/2024,Credit Card,Paid,7823.16
307086,207086,4/30/2024,Cash on Delivery,Paid,1626.88
307087,207087,6/13/2023,Credit Card,Paid,2450.86
307088,207088,5/10/2024,Net Banking,Paid,1983.48
307089,207089,10/19/2025,UPI,Paid,7492.56
307090,207090,9/16/2025,Cash on Delivery,Paid,3615.16
307091,207091,12/4/2025,Cash on Delivery,Failed,17102.95
307092,207092,7/20/2023,Cash on Delivery,Paid,4540.04
307093,207093,12/23/2025,Debit Card,Paid,8582.51
307094,207094,8/30/2025,Debit Card,Failed,17857.52
307095,207095,6/7/2025,Credit Card,Paid,7557.92
307096,207096,1/7/2025,Wallet,Paid,239.19
307097,207097,12/15/2025,UPI,Paid,6442.11
307098,207098,11/3/2024,Credit Card,Paid,3807.04
307099,207099,6/17/2024,UPI,Paid,2676.59
307100,207100,9/4/2025,Cash on Delivery,Paid,12856.45
307101,207101,7/7/2025,UPI,Paid,4276.97
307102,207102,3/11/2025,Net Banking,Paid,10397.92
307103,207103,2/4/2025,Wallet,Paid,2948.53
307104,207104,11/6/2024,Credit Card,Paid,14289.9
307105,207105,5/3/2024,Credit Card,Paid,2078.06
307106,207106,5/12/2025,Cash on Delivery,Paid,13412.76
307107,207107,12/7/2025,Wallet,Paid,6587.61
307108,207108,4/12/2025,Cash on Delivery,Paid,23472.63
307109,207109,8/31/2025,UPI,Paid,611.68
307110,207110,11/19/2025,Cash on Delivery,Paid,2992.96
307111,207111,6/25/2024,Debit Card,Paid,1522.94
307112,207112,5/31/2025,Wallet,Failed,5706.68
307113,207113,10/22/2025,UPI,Failed,17093.54
307114,207114,8/31/2024,UPI,Paid,2740.06
307115,207115,7/31/2025,Wallet,Paid,4353.09
307116,207116,10/13/2025,Credit Card,Paid,9039.39
307117,207117,2/1/2025,UPI,Paid,13881.89
307118,207118,5/31/2025,Credit Card,Paid,1211.81
307119,207119,11/5/2025,Credit Card,Paid,1708.67
307120,207120,4/17/2025,Cash on Delivery,Paid,5422.08
307121,207121,9/1/2023,Net Banking,Paid,3015.89
307122,207122,9/3/2024,Debit Card,Paid,9052.3
307123,207123,11/8/2025,UPI,Paid,11289.82
307124,207124,7/28/2024,Credit Card,Paid,15393.1
307125,207125,12/22/2025,UPI,Paid,10693.99
307126,207126,10/19/2025,UPI,Paid,2222.39
307127,207127,5/21/2025,Debit Card,Paid,4828.51
307128,207128,12/25/2025,Debit Card,Paid,17129.89
307129,207129,9/13/2025,Credit Card,Paid,2825.63
307130,207130,3/11/2025,UPI,Paid,1598.01
307131,207131,3/22/2024,Wallet,Paid,6058.2
307132,207132,9/26/2025,Credit Card,Paid,3790.65
307133,207133,8/12/2025,Debit Card,Pending,8325.62
307134,207134,12/4/2025,Credit Card,Paid,8423.73
307135,207135,11/28/2025,UPI,Paid,14397.98
307136,207136,11/27/2025,Cash on Delivery,Paid,1353.49
307137,207137,6/4/2025,Credit Card,Paid,821.9
307138,207138,6/9/2023,UPI,Paid,1977.3
307139,207139,2/13/2025,Debit Card,Paid,6997.91
307140,207140,2/10/2025,Credit Card,Paid,3004.94
307141,207141,7/19/2024,UPI,Paid,6167.02
307142,207142,10/25/2025,Credit Card,Paid,6511.21
307143,207143,12/13/2025,Net Banking,Paid,29207.55
307144,207144,4/13/2025,Credit Card,Paid,491.11
307145,207145,3/4/2024,Cash on Delivery,Paid,1164.81
307146,207146,5/24/2024,Net Banking,Paid,4010.99
307147,207147,7/13/2025,Debit Card,Paid,827.55
307148,207148,7/13/2025,Net Banking,Paid,11494.56
307149,207149,11/26/2025,Credit Card,Paid,3829.31
307150,207150,12/3/2023,Cash on Delivery,Paid,7556.89
307151,207151,12/17/2025,UPI,Paid,16001.85
307152,207152,5/27/2025,Wallet,Paid,6685.08
307153,207153,11/14/2024,Cash on Delivery,Paid,7609.35
307154,207154,2/16/2024,UPI,Paid,2396.23
307155,207155,2/15/2025,Net Banking,Paid,1110.17
307156,207156,5/6/2024,UPI,Paid,3064.01
307157,207157,1/24/2025,Debit Card,Paid,3553.06
307158,207158,4/24/2023,Credit Card,Paid,15124.44
307159,207159,4/5/2024,Credit Card,Paid,2450.8
307160,207160,12/4/2025,UPI,Paid,13016.85
307161,207161,5/16/2024,Credit Card,Failed,4145.31
307162,207162,5/11/2024,Debit Card,Paid,5079.08
307163,207163,9/3/2025,Debit Card,Paid,10258.26
307164,207164,4/21/2025,Credit Card,Paid,8376.49
307165,207165,3/30/2024,Net Banking,Paid,1257.71
307166,207166,6/1/2025,UPI,Paid,8691.68
307167,207167,4/3/2025,Cash on Delivery,Paid,3309.25
307168,207168,10/18/2024,Cash on Delivery,Paid,7047.55
307169,207169,2/22/2025,Credit Card,Paid,4753.96
307170,207170,4/13/2024,UPI,Paid,2601.83
307171,207171,3/12/2025,Debit Card,Paid,11183.29
307172,207172,10/2/2024,Cash on Delivery,Paid,2896.07
307173,207173,2/28/2024,UPI,Pending,2495.86
307174,207174,9/30/2024,Net Banking,Paid,7035.44
307175,207175,4/24/2023,Cash on Delivery,Failed,9772.86
307176,207176,6/3/2025,UPI,Paid,10092.17
307177,207177,11/10/2024,UPI,Paid,2872.13
307178,207178,12/26/2024,Debit Card,Paid,3957.42
307179,207179,7/7/2025,Credit Card,Paid,2676.66
307180,207180,11/11/2025,Credit Card,Paid,5999.69
307181,207181,10/9/2025,UPI,Paid,10905.5
307182,207182,8/30/2025,Net Banking,Paid,17752.5
307183,207183,6/20/2024,Credit Card,Paid,8637.87
307184,207184,10/6/2025,Credit Card,Paid,922.73
307185,207185,7/31/2025,UPI,Paid,2668.69
307186,207186,9/7/2024,Credit Card,Paid,2814.08
307187,207187,11/2/2025,Cash on Delivery,Paid,1732.62
307188,207188,7/14/2024,UPI,Paid,4750.27
307189,207189,12/10/2025,UPI,Paid,3115.86
307190,207190,6/28/2023,Net Banking,Paid,5911.39
307191,207191,11/20/2025,Cash on Delivery,Paid,12846.91
307192,207192,6/6/2024,Credit Card,Paid,438.65
307193,207193,6/7/2025,UPI,Paid,16296.72
307194,207194,1/10/2025,Debit Card,Paid,8457.04
307195,207195,2/22/2025,UPI,Paid,1745.68
307196,207196,10/5/2025,UPI,Paid,3871.98
307197,207197,1/21/2025,UPI,Paid,6967.4
307198,207198,10/12/2024,UPI,Paid,3218.94
307199,207199,10/7/2024,Debit Card,Paid,2729.53
307200,207200,12/24/2025,Cash on Delivery,Paid,154.89
307201,207201,11/3/2025,UPI,Paid,1735.4
307202,207202,11/27/2025,Credit Card,Paid,6985.8
307203,207203,7/3/2025,Cash on Delivery,Paid,15299.75
307204,207204,9/17/2024,Wallet,Failed,7685.67
307205,207205,8/1/2025,UPI,Paid,4137.23
307206,207206,7/1/2024,Debit Card,Paid,23161.41
307207,207207,8/2/2025,Credit Card,Paid,4647.42
307208,207208,12/9/2025,Cash on Delivery,Paid,3199.52
307209,207209,12/2/2025,Debit Card,Paid,13489.38
307210,207210,12/31/2025,Wallet,Paid,3289.83
307211,207211,12/13/2025,Wallet,Paid,1064.81
307212,207212,7/29/2025,Debit Card,Paid,1248.18
307213,207213,5/9/2024,UPI,Paid,4279.56
307214,207214,8/13/2025,Debit Card,Pending,6584.02
307215,207215,12/22/2025,Credit Card,Paid,6857.15
307216,207216,11/30/2025,Net Banking,Paid,1671.62
307217,207217,5/12/2024,Debit Card,Paid,21246.14
307218,207218,9/2/2025,Cash on Delivery,Paid,8207.46
307219,207219,2/22/2024,Credit Card,Paid,1135.18
307220,207220,2/27/2025,Debit Card,Paid,6759.69
307221,207221,4/3/2025,UPI,Paid,993.56
307222,207222,5/27/2024,UPI,Paid,2761.15
307223,207223,7/7/2024,Debit Card,Paid,5587.25
307224,207224,9/6/2024,Credit Card,Paid,234.8
307225,207225,5/18/2023,UPI,Paid,4290.03
307226,207226,3/8/2025,Debit Card,Paid,2576.04
307227,207227,5/15/2024,Wallet,Pending,2976.81
307228,207228,7/16/2024,UPI,Pending,5913.29
307229,207229,11/26/2024,Cash on Delivery,Pending,2067.63
307230,207230,4/1/2025,UPI,Paid,975.76
307231,207231,10/15/2025,Cash on Delivery,Paid,15642.93
307232,207232,10/10/2024,Wallet,Paid,6661.97
307233,207233,10/25/2025,UPI,Paid,1388.09
307234,207234,6/5/2025,UPI,Paid,2480.81
307235,207235,11/17/2025,Credit Card,Failed,5309.06
307236,207236,8/13/2025,Credit Card,Paid,14449.98
307237,207237,4/1/2025,UPI,Paid,5890.59
307238,207238,11/6/2025,Debit Card,Paid,3735.71
307239,207239,2/28/2024,UPI,Paid,903.04
307240,207240,7/22/2024,Cash on Delivery,Paid,7794.34
307241,207241,6/18/2025,Debit Card,Paid,2721.23
307242,207242,8/7/2025,Credit Card,Pending,4756.79
307243,207243,11/5/2024,UPI,Paid,2709.54
307244,207244,5/31/2025,UPI,Paid,1322.67
307245,207245,9/10/2025,Debit Card,Paid,597.05
307246,207246,10/15/2024,Net Banking,Paid,5580.58
307247,207247,8/24/2024,Credit Card,Paid,11336.86
307248,207248,11/25/2025,UPI,Paid,14435.32
307249,207249,3/27/2025,Cash on Delivery,Paid,3400.12
307250,207250,10/20/2025,UPI,Paid,369.89
307251,207251,1/21/2024,Cash on Delivery,Paid,10729.79
307252,207252,7/5/2025,Credit Card,Paid,1234.27
307253,207253,3/10/2025,Cash on Delivery,Paid,11460.04
307254,207254,11/15/2024,Net Banking,Paid,4547.64
307255,207255,12/21/2025,Credit Card,Paid,14665.54
307256,207256,8/15/2025,Wallet,Paid,3083.6
307257,207257,8/2/2025,Credit Card,Paid,1634.81
307258,207258,8/5/2024,UPI,Paid,3546.48
307259,207259,12/9/2025,Debit Card,Paid,7354.59
307260,207260,8/2/2025,UPI,Paid,8740.2
307261,207261,11/10/2025,UPI,Paid,3176.88
307262,207262,12/28/2024,Cash on Delivery,Paid,517.49
307263,207263,12/25/2025,Credit Card,Paid,1945.03
307264,207264,2/2/2025,Debit Card,Paid,964.11
307265,207265,2/7/2024,Credit Card,Paid,3308.76
307266,207266,12/17/2023,Credit Card,Paid,3261.2
307267,207267,10/10/2025,Credit Card,Paid,1945.84
307268,207268,8/2/2025,Cash on Delivery,Paid,15323.44
307269,207269,6/20/2025,Debit Card,Paid,14204.15
307270,207270,9/25/2024,Debit Card,Paid,1624.48
307271,207271,2/27/2025,Cash on Delivery,Paid,1270.4
307272,207272,12/25/2025,Wallet,Paid,3613.16
307273,207273,10/17/2023,Cash on Delivery,Paid,1116.23
307274,207274,12/18/2025,Cash on Delivery,Paid,5766.38
307275,207275,2/11/2025,UPI,Failed,2402.44
307276,207276,3/25/2024,Debit Card,Paid,3116.04
307277,207277,7/14/2025,UPI,Paid,1745.06
307278,207278,7/22/2025,Wallet,Paid,3167.87
307279,207279,6/6/2025,Net Banking,Paid,4231.9
307280,207280,9/8/2025,Net Banking,Paid,5934.12
307281,207281,12/14/2025,Wallet,Paid,4615.29
307282,207282,4/27/2024,UPI,Pending,5000.24
307283,207283,5/17/2024,UPI,Paid,14570.63
307284,207284,7/13/2025,Credit Card,Paid,9299.15
307285,207285,3/6/2025,Credit Card,Paid,1015.49
307286,207286,11/10/2025,UPI,Paid,585.64
307287,207287,10/28/2024,Cash on Delivery,Paid,1317.51
307288,207288,1/4/2025,Credit Card,Paid,4170.92
307289,207289,11/18/2024,Debit Card,Paid,13374.96
307290,207290,7/5/2025,Debit Card,Paid,15470.9
307291,207291,4/3/2025,UPI,Paid,1877
307292,207292,11/15/2025,Debit Card,Paid,2661.34
307293,207293,6/30/2025,UPI,Paid,11079.26
307294,207294,5/10/2025,UPI,Paid,551.72
307295,207295,8/11/2025,UPI,Paid,2668.33
307296,207296,8/28/2025,UPI,Paid,944.33
307297,207297,12/6/2025,UPI,Paid,6219.22
307298,207298,9/24/2023,Credit Card,Paid,7573.73
307299,207299,1/24/2025,Credit Card,Paid,463.18
307300,207300,3/11/2025,Debit Card,Paid,2980.02
307301,207301,9/5/2025,UPI,Paid,4465.75
307302,207302,5/10/2025,UPI,Paid,2661.76
307303,207303,9/23/2024,Credit Card,Paid,1717.05
307304,207304,4/6/2024,UPI,Paid,4366.74
307305,207305,4/25/2025,Credit Card,Paid,1860.01
307306,207306,1/5/2025,Cash on Delivery,Paid,29465.35
307307,207307,12/1/2025,Debit Card,Paid,14068.09
307308,207308,9/27/2023,UPI,Paid,4537.43
307309,207309,11/10/2025,Wallet,Paid,6079.15
307310,207310,12/19/2025,UPI,Paid,3697.54
307311,207311,9/30/2025,Cash on Delivery,Paid,1556.19
307312,207312,4/26/2024,Credit Card,Paid,828.06
307313,207313,11/14/2025,Credit Card,Failed,12065.12
307314,207314,11/26/2025,Cash on Delivery,Paid,1637.42
307315,207315,7/2/2025,UPI,Paid,756.3
307316,207316,10/3/2024,UPI,Paid,600.3
307317,207317,10/5/2025,UPI,Paid,3324.91
307318,207318,10/15/2025,Net Banking,Paid,11841.12
307319,207319,11/12/2023,Wallet,Paid,780.67
307320,207320,10/29/2025,Net Banking,Paid,3143.22
307321,207321,9/1/2025,UPI,Paid,1757.05
307322,207322,7/30/2025,Debit Card,Paid,4428.97
307323,207323,7/2/2024,Wallet,Paid,8394.21
307324,207324,4/6/2025,Debit Card,Failed,13433.69
307325,207325,5/31/2025,Net Banking,Paid,13173.03
307326,207326,9/9/2024,Credit Card,Paid,10420.57
307327,207327,12/30/2025,Credit Card,Paid,16252.52
307328,207328,5/13/2023,Credit Card,Paid,6641.02
307329,207329,5/14/2025,UPI,Pending,1161.09
307330,207330,6/29/2024,Debit Card,Paid,1553.37
307331,207331,8/6/2024,Debit Card,Paid,2673.04
307332,207332,11/29/2025,Cash on Delivery,Paid,4099.97
307333,207333,6/29/2025,UPI,Paid,12003.77
307334,207334,1/19/2025,UPI,Paid,11303.71
307335,207335,12/1/2024,UPI,Paid,4439.35
307336,207336,5/15/2025,UPI,Paid,2706.81
307337,207337,8/15/2025,Credit Card,Paid,5646.21
307338,207338,3/6/2025,Debit Card,Paid,1550.56
307339,207339,9/18/2025,UPI,Paid,12365.66
307340,207340,9/29/2025,Debit Card,Failed,5529.88
307341,207341,12/25/2025,Debit Card,Paid,165.44
307342,207342,7/13/2024,Debit Card,Paid,2231.87
307343,207343,4/17/2025,UPI,Paid,11971.76
307344,207344,7/7/2024,UPI,Paid,5779.98
307345,207345,11/25/2024,Net Banking,Paid,3683.04
307346,207346,6/29/2024,Credit Card,Paid,3502.14
307347,207347,5/8/2024,UPI,Paid,902.74
307348,207348,9/4/2024,Credit Card,Paid,15424.54
307349,207349,12/22/2025,UPI,Failed,4345.82
307350,207350,8/5/2023,Credit Card,Paid,9323.66
307351,207351,11/10/2024,Credit Card,Paid,5555.94
307352,207352,6/23/2024,Cash on Delivery,Paid,4484.26
307353,207353,10/24/2025,Cash on Delivery,Paid,10724.33
307354,207354,5/9/2025,UPI,Paid,8639.17
307355,207355,1/7/2025,UPI,Paid,4163.19
307356,207356,9/23/2024,Cash on Delivery,Paid,2731.83
307357,207357,7/1/2025,UPI,Paid,19425.57
307358,207358,7/4/2025,Cash on Delivery,Paid,5052.03
307359,207359,9/29/2025,UPI,Paid,5755.3
307360,207360,12/16/2025,Debit Card,Paid,104.75
307361,207361,5/19/2025,UPI,Paid,773.94
307362,207362,8/30/2025,Cash on Delivery,Paid,3129.9
307363,207363,2/26/2024,Wallet,Paid,11627.53
307364,207364,10/8/2024,UPI,Paid,14725.29
307365,207365,10/24/2025,Credit Card,Paid,8532.03
307366,207366,5/1/2025,UPI,Paid,3120.67
307367,207367,3/11/2025,Cash on Delivery,Paid,7197.72
307368,207368,12/19/2023,Net Banking,Paid,10959.46
307369,207369,6/25/2025,Net Banking,Paid,5342.58
307370,207370,12/31/2025,Debit Card,Paid,85.11
307371,207371,4/29/2024,UPI,Paid,2904.38
307372,207372,8/5/2025,UPI,Paid,2337.53
307373,207373,9/6/2024,Wallet,Paid,1638.28
307374,207374,11/8/2025,UPI,Paid,4335.76
307375,207375,12/12/2025,Debit Card,Paid,4411.25
307376,207376,1/26/2025,UPI,Paid,5640.37
307377,207377,3/21/2025,UPI,Paid,5234.46
307378,207378,10/18/2025,UPI,Failed,6672.96
307379,207379,6/28/2024,Net Banking,Paid,339.08
307380,207380,7/25/2023,Net Banking,Paid,3160.35
307381,207381,10/20/2025,Net Banking,Paid,4739.78
307382,207382,12/3/2025,Debit Card,Paid,14993.33
307383,207383,12/2/2025,Credit Card,Paid,717.9
307384,207384,11/4/2025,UPI,Paid,13665.15
307385,207385,8/23/2023,Credit Card,Paid,9068.7
307386,207386,5/20/2024,Debit Card,Paid,4529.03
307387,207387,8/22/2024,Credit Card,Paid,6334.21
307388,207388,5/23/2025,Net Banking,Paid,3660.03
307389,207389,9/29/2024,Cash on Delivery,Paid,2239.98
307390,207390,7/14/2025,Debit Card,Paid,2102.88
307391,207391,12/13/2025,Debit Card,Paid,25786.14
307392,207392,12/19/2024,UPI,Paid,14930.9
307393,207393,8/14/2024,Credit Card,Paid,3420.64
307394,207394,10/7/2025,Credit Card,Paid,12481.27
307395,207395,4/5/2025,Wallet,Paid,12510.96
307396,207396,12/6/2023,Debit Card,Paid,9826.41
307397,207397,9/17/2025,Credit Card,Paid,1470.7
307398,207398,7/21/2025,UPI,Paid,939.59
307399,207399,12/21/2025,Net Banking,Paid,5685.68
307400,207400,4/11/2025,Credit Card,Paid,12130.47
307401,207401,7/19/2024,Cash on Delivery,Paid,4099.48
307402,207402,2/12/2025,Net Banking,Paid,16918.03
307403,207403,7/22/2025,Credit Card,Paid,3450.46
307404,207404,8/13/2025,Net Banking,Paid,5236.58
307405,207405,6/1/2024,Debit Card,Paid,9716.7
307406,207406,12/24/2025,Debit Card,Paid,10421.07
307407,207407,10/20/2025,UPI,Paid,14997.9
307408,207408,12/9/2025,UPI,Paid,8086.27
307409,207409,8/12/2024,Debit Card,Pending,9531.07
307410,207410,9/7/2023,UPI,Paid,8236.2
307411,207411,8/17/2025,UPI,Paid,4676.14
307412,207412,12/11/2025,UPI,Paid,4747.24
307413,207413,2/17/2025,UPI,Paid,3440.35
307414,207414,1/10/2025,Cash on Delivery,Paid,7307.06
307415,207415,11/30/2025,UPI,Paid,7701.68
307416,207416,7/13/2024,Credit Card,Paid,1324.86
307417,207417,12/7/2024,UPI,Paid,1136.73
307418,207418,9/10/2025,Credit Card,Paid,2173.84
307419,207419,3/1/2024,Cash on Delivery,Paid,1987.07
307420,207420,11/7/2025,UPI,Paid,6997.86
307421,207421,11/28/2025,Wallet,Paid,1089.3
307422,207422,10/22/2025,Credit Card,Paid,8575.32
307423,207423,6/12/2025,Debit Card,Paid,4760.07
307424,207424,2/13/2025,UPI,Paid,2460.25
307425,207425,11/19/2024,UPI,Paid,2253.18
307426,207426,7/16/2024,Debit Card,Paid,7424.03
307427,207427,4/27/2025,UPI,Paid,2610.73
307428,207428,1/9/2025,Cash on Delivery,Paid,10142.95
307429,207429,10/2/2025,Wallet,Paid,2252.2
307430,207430,8/9/2025,Credit Card,Pending,8112.54
307431,207431,10/27/2025,Credit Card,Paid,3345.16
307432,207432,10/15/2025,Net Banking,Paid,9318.39
307433,207433,11/25/2023,UPI,Paid,5505.45
307434,207434,7/15/2023,UPI,Paid,3417.48
307435,207435,4/26/2025,Credit Card,Paid,20256.81
307436,207436,5/2/2024,Credit Card,Paid,795.64
307437,207437,5/4/2024,Credit Card,Paid,3089.72
307438,207438,8/30/2025,Debit Card,Failed,14449.45
307439,207439,12/12/2025,Credit Card,Pending,6723.89
307440,207440,12/20/2023,Wallet,Paid,3653.9
307441,207441,11/30/2024,Cash on Delivery,Paid,4770.13
307442,207442,7/24/2024,Cash on Delivery,Paid,7862.87
307443,207443,7/3/2024,Wallet,Paid,1688.34
307444,207444,4/13/2024,Wallet,Paid,5236.39
307445,207445,5/25/2024,Credit Card,Paid,13486.68
307446,207446,12/13/2025,UPI,Paid,3460.51
307447,207447,6/24/2025,Wallet,Paid,16663.63
307448,207448,11/13/2025,UPI,Paid,2405.52
307449,207449,4/2/2025,Cash on Delivery,Paid,242.34
307450,207450,10/19/2023,Wallet,Paid,1319.08
307451,207451,6/10/2024,Net Banking,Paid,8818.74
307452,207452,8/2/2025,Debit Card,Paid,8963.2
307453,207453,9/20/2025,Debit Card,Failed,3401.38
307454,207454,11/3/2025,Credit Card,Paid,223.61
307455,207455,5/24/2025,Debit Card,Paid,10162.93
307456,207456,12/18/2025,Credit Card,Paid,8202.02
307457,207457,4/20/2025,Net Banking,Paid,12962.51
307458,207458,8/31/2024,Cash on Delivery,Paid,1143.97
307459,207459,8/17/2024,Credit Card,Paid,7466.37
307460,207460,10/30/2025,Debit Card,Paid,4827.37
307461,207461,8/30/2024,Debit Card,Paid,663.85
307462,207462,10/6/2025,Cash on Delivery,Paid,14539.92
307463,207463,2/24/2025,Net Banking,Paid,1353.64
307464,207464,12/20/2025,UPI,Paid,4117.07
307465,207465,11/10/2025,Credit Card,Paid,2686.72
307466,207466,6/23/2025,Net Banking,Paid,11619.53
307467,207467,11/12/2025,Net Banking,Paid,12601.26
307468,207468,2/15/2025,Credit Card,Paid,4743.94
307469,207469,1/21/2024,Credit Card,Paid,3243.3
307470,207470,10/26/2025,Cash on Delivery,Paid,934.51
307471,207471,11/27/2025,UPI,Paid,2698.34
307472,207472,2/27/2025,Net Banking,Paid,6159.73
307473,207473,4/10/2024,Credit Card,Paid,9078.14
307474,207474,8/30/2023,Debit Card,Paid,4139.21
307475,207475,8/15/2024,Credit Card,Paid,1213.08
307476,207476,11/8/2025,UPI,Paid,4680.72
307477,207477,8/27/2024,Net Banking,Paid,11929.92
307478,207478,10/22/2025,Net Banking,Paid,9044.94
307479,207479,2/1/2025,UPI,Paid,1610.74
307480,207480,8/14/2023,UPI,Paid,401.23
307481,207481,4/21/2025,UPI,Paid,1691.09
307482,207482,10/28/2025,Credit Card,Paid,4115.35
307483,207483,7/28/2025,UPI,Paid,10477.23
307484,207484,5/18/2024,Credit Card,Paid,5203.84
307485,207485,4/19/2025,UPI,Paid,7386.63
307486,207486,10/6/2025,UPI,Pending,388.74
307487,207487,8/8/2025,Credit Card,Paid,16648.47
307488,207488,9/13/2025,Credit Card,Paid,8237.21
307489,207489,6/17/2025,UPI,Paid,2308.66
307490,207490,12/24/2025,Cash on Delivery,Paid,13755.44
307491,207491,7/10/2025,Debit Card,Paid,1815.02
307492,207492,10/11/2024,Cash on Delivery,Paid,1655.07
307493,207493,11/17/2025,UPI,Paid,3136.18
307494,207494,10/23/2025,Cash on Delivery,Paid,10541.77
307495,207495,9/28/2024,Debit Card,Paid,3708.67
307496,207496,9/18/2024,Debit Card,Pending,1285.74
307497,207497,1/19/2024,Debit Card,Paid,105.64
307498,207498,6/15/2025,UPI,Paid,1994.27
307499,207499,9/29/2025,Credit Card,Paid,3002.48
307500,207500,4/24/2024,Wallet,Paid,6521.84
307501,207501,11/23/2025,Debit Card,Paid,6561.28
307502,207502,9/2/2025,Credit Card,Paid,17977.53
307503,207503,12/26/2023,UPI,Paid,7842.04
307504,207504,2/23/2025,Credit Card,Paid,2338.51
307505,207505,8/31/2025,Debit Card,Paid,35850.24
307506,207506,12/25/2024,Credit Card,Paid,2950.4
307507,207507,5/4/2024,Net Banking,Paid,1030
307508,207508,3/17/2024,UPI,Paid,3888.62
307509,207509,2/27/2024,UPI,Paid,3307.05
307510,207510,12/19/2024,Credit Card,Paid,10695.82
307511,207511,11/15/2025,Cash on Delivery,Paid,18201.04
307512,207512,6/14/2025,UPI,Paid,2963.04
307513,207513,9/22/2025,Wallet,Paid,4691.89
307514,207514,7/19/2025,Credit Card,Paid,22649.01
307515,207515,8/6/2025,Net Banking,Paid,2815.31
307516,207516,9/4/2025,Debit Card,Paid,12331.36
307517,207517,9/5/2024,UPI,Paid,2207.78
307518,207518,1/27/2024,Credit Card,Paid,784.3
307519,207519,6/25/2025,Wallet,Paid,1273.08
307520,207520,6/11/2024,UPI,Paid,5973.17
307521,207521,12/20/2024,UPI,Paid,8990.93
307522,207522,9/25/2025,UPI,Paid,948.85
307523,207523,11/9/2025,Wallet,Paid,4065.1
307524,207524,9/17/2023,Debit Card,Paid,13837.07
307525,207525,12/4/2025,Wallet,Paid,10027.5
307526,207526,3/12/2025,UPI,Paid,694.29
307527,207527,11/27/2025,UPI,Paid,4617.75
307528,207528,11/24/2024,UPI,Paid,2700.52
307529,207529,3/6/2025,Credit Card,Paid,7417.81
307530,207530,8/1/2023,Net Banking,Paid,1704.71
307531,207531,11/7/2024,Net Banking,Paid,3744.78
307532,207532,8/30/2025,Debit Card,Paid,1734.57
307533,207533,2/17/2025,UPI,Paid,110.66
307534,207534,2/28/2025,Net Banking,Paid,611.12
307535,207535,8/10/2025,Debit Card,Paid,6766.56
307536,207536,5/4/2024,UPI,Pending,3277
307537,207537,7/30/2024,UPI,Paid,2070.91
307538,207538,9/10/2025,UPI,Paid,2270.38
307539,207539,4/10/2025,Cash on Delivery,Paid,6254.28
307540,207540,8/21/2023,Credit Card,Paid,7182.93
307541,207541,2/9/2024,UPI,Paid,6042.09
307542,207542,5/6/2025,Net Banking,Paid,2732.4
307543,207543,7/21/2024,Cash on Delivery,Paid,11977.62
307544,207544,1/9/2025,Debit Card,Paid,10138.73
307545,207545,8/22/2025,Credit Card,Paid,2406.81
307546,207546,10/16/2025,Wallet,Paid,6457.88
307547,207547,8/27/2024,Credit Card,Paid,4198.67
307548,207548,10/9/2025,Wallet,Paid,541.99
307549,207549,11/23/2024,Credit Card,Paid,288.69
307550,207550,9/13/2023,UPI,Paid,1877.82
307551,207551,10/3/2025,UPI,Paid,3101.09
307552,207552,9/19/2024,Debit Card,Paid,1212.85
307553,207553,11/12/2025,UPI,Paid,1163.38
307554,207554,11/7/2025,UPI,Paid,12330.92
307555,207555,10/12/2025,Cash on Delivery,Paid,35805.62
307556,207556,1/2/2025,Credit Card,Paid,19366.26
307557,207557,6/20/2025,Credit Card,Paid,10527.93
307558,207558,11/12/2023,Net Banking,Paid,118.94
307559,207559,11/9/2024,Net Banking,Paid,13132.29
307560,207560,8/18/2024,Debit Card,Paid,5320.51
307561,207561,12/27/2025,Credit Card,Paid,3325.49
307562,207562,7/15/2025,Debit Card,Paid,4261.51
307563,207563,8/21/2025,UPI,Paid,13359.58
307564,207564,3/12/2025,Cash on Delivery,Paid,9237.14
307565,207565,12/17/2025,Cash on Delivery,Paid,14473.3
307566,207566,7/1/2025,UPI,Failed,6137.73
307567,207567,2/15/2025,Credit Card,Paid,353.26
307568,207568,11/21/2024,Cash on Delivery,Paid,2988.75
307569,207569,9/21/2025,Credit Card,Paid,6112.17
307570,207570,2/5/2023,UPI,Paid,380.1
307571,207571,10/14/2025,Credit Card,Paid,1921.37
307572,207572,8/28/2025,Net Banking,Paid,22665.66
307573,207573,10/28/2025,Credit Card,Paid,1887.82
307574,207574,4/15/2025,Credit Card,Paid,9712.15
307575,207575,9/7/2025,UPI,Paid,6205.56
307576,207576,12/8/2025,Credit Card,Paid,5147.47
307577,207577,12/27/2025,Credit Card,Paid,40142.28
307578,207578,2/20/2025,Credit Card,Failed,2405.46
307579,207579,8/24/2024,Debit Card,Paid,6858.87
307580,207580,11/15/2023,Debit Card,Paid,2466.01
307581,207581,7/25/2025,UPI,Paid,4428.01
307582,207582,10/15/2024,Credit Card,Paid,901.11
307583,207583,6/11/2024,UPI,Paid,8901.87
307584,207584,8/25/2025,Cash on Delivery,Paid,7956.2
307585,207585,9/12/2025,UPI,Paid,11686.51
307586,207586,12/15/2025,Credit Card,Paid,17984.96
307587,207587,5/27/2025,Debit Card,Paid,15847.85
307588,207588,9/25/2024,Credit Card,Paid,6146.41
307589,207589,7/12/2025,Credit Card,Paid,3500.59
307590,207590,9/16/2025,Credit Card,Paid,6023.32
307591,207591,9/23/2025,Net Banking,Paid,10818.5
307592,207592,2/6/2025,Credit Card,Paid,3343.79
307593,207593,10/13/2025,UPI,Paid,696.86
307594,207594,3/17/2025,UPI,Paid,2061.29
307595,207595,10/12/2024,Debit Card,Paid,14062.79
307596,207596,8/6/2025,Net Banking,Paid,6349.46
307597,207597,6/5/2024,UPI,Paid,3035.19
307598,207598,5/7/2024,Wallet,Paid,2286.22
307599,207599,10/11/2025,Credit Card,Paid,4369.44
307600,207600,11/11/2025,Credit Card,Paid,4524.97
307601,207601,12/15/2025,Wallet,Paid,465.67
307602,207602,2/25/2025,Cash on Delivery,Paid,8158.7
307603,207603,12/23/2025,Debit Card,Paid,1154.49
307604,207604,11/22/2025,UPI,Paid,3861.83
307605,207605,9/23/2024,UPI,Paid,1169.94
307606,207606,9/3/2025,UPI,Paid,2788.72
307607,207607,8/11/2025,Debit Card,Paid,23664.11
307608,207608,5/13/2023,UPI,Paid,10205.81
307609,207609,9/27/2025,Cash on Delivery,Paid,1434.31
307610,207610,11/12/2025,Debit Card,Paid,6238.7
307611,207611,10/26/2025,Debit Card,Paid,1546.33
307612,207612,1/21/2025,Wallet,Paid,6895.81
307613,207613,11/4/2025,Cash on Delivery,Paid,2431.61
307614,207614,12/18/2025,Credit Card,Paid,355.51
307615,207615,12/4/2024,Debit Card,Paid,1342
307616,207616,12/12/2023,Net Banking,Paid,12368.2
307617,207617,11/10/2025,Net Banking,Paid,2142.59
307618,207618,5/10/2024,Credit Card,Paid,5421.03
307619,207619,11/22/2025,Credit Card,Paid,2667.75
307620,207620,6/24/2024,Credit Card,Paid,964.99
307621,207621,9/15/2025,Debit Card,Paid,7720.54
307622,207622,11/11/2023,Debit Card,Paid,2485.63
307623,207623,10/23/2024,Net Banking,Pending,861.69
307624,207624,5/14/2025,Debit Card,Paid,4899.88
307625,207625,12/15/2025,Credit Card,Paid,6270.96
307626,207626,2/9/2023,Credit Card,Paid,4197.04
307627,207627,11/21/2025,Debit Card,Paid,5361.61
307628,207628,12/4/2024,Cash on Delivery,Failed,2674.37
307629,207629,8/8/2025,Wallet,Paid,1496.16
307630,207630,11/19/2024,UPI,Paid,8100.99
307631,207631,11/29/2025,Wallet,Paid,3027.38
307632,207632,8/19/2025,Cash on Delivery,Paid,3873.82
307633,207633,11/8/2025,UPI,Paid,12458.59
307634,207634,11/27/2025,Wallet,Paid,15221.5
307635,207635,11/18/2024,Wallet,Paid,4538.44
307636,207636,9/28/2025,Debit Card,Paid,7761.6
307637,207637,10/7/2025,Credit Card,Paid,10574.13
307638,207638,12/21/2025,Debit Card,Paid,9576.44
307639,207639,3/19/2025,Credit Card,Paid,5776.42
307640,207640,8/25/2025,Debit Card,Paid,15129.34
307641,207641,9/16/2025,Debit Card,Paid,29633.13
307642,207642,4/17/2024,UPI,Paid,1118.38
307643,207643,3/27/2024,Credit Card,Paid,11614.34
307644,207644,3/24/2025,Net Banking,Paid,11561.66
307645,207645,4/9/2025,UPI,Failed,11063.29
307646,207646,10/25/2025,Wallet,Paid,9441.99
307647,207647,10/16/2025,Wallet,Paid,12810.87
307648,207648,4/6/2024,Credit Card,Paid,3031.11
307649,207649,12/30/2025,Credit Card,Paid,450.88
307650,207650,11/18/2025,UPI,Paid,861.42
307651,207651,2/8/2024,UPI,Paid,7222.18
307652,207652,10/11/2025,UPI,Paid,4091.7
307653,207653,11/15/2025,UPI,Paid,4510.7
307654,207654,2/22/2025,UPI,Paid,1138.94
307655,207655,2/15/2025,Credit Card,Paid,18392.88
307656,207656,8/27/2024,Net Banking,Paid,2572.67
307657,207657,3/19/2025,Credit Card,Paid,2142.03
307658,207658,8/5/2025,Credit Card,Paid,4500.37
307659,207659,5/7/2025,Cash on Delivery,Paid,7864.31
307660,207660,10/26/2024,UPI,Paid,6365.2
307661,207661,6/25/2025,UPI,Paid,10421.07
307662,207662,12/4/2025,UPI,Paid,4894.86
307663,207663,8/16/2024,Net Banking,Paid,16502.34
307664,207664,12/13/2025,Credit Card,Paid,4343.35
307665,207665,5/6/2025,UPI,Paid,2032.8
307666,207666,5/10/2025,Credit Card,Paid,327.14
307667,207667,6/9/2024,UPI,Paid,2974.2
307668,207668,5/10/2025,Credit Card,Paid,14970.69
307669,207669,12/5/2025,UPI,Paid,25247.72
307670,207670,10/9/2025,Credit Card,Paid,2133.78
307671,207671,12/15/2025,Cash on Delivery,Failed,1478.16
307672,207672,4/20/2024,Debit Card,Paid,1129.98
307673,207673,8/21/2024,Credit Card,Paid,361.56
307674,207674,10/12/2025,UPI,Pending,7885.6
307675,207675,3/31/2025,Net Banking,Paid,247.6
307676,207676,2/21/2024,Debit Card,Failed,36890.2
307677,207677,4/26/2025,Credit Card,Paid,6061.91
307678,207678,10/16/2024,Net Banking,Paid,9122.39
307679,207679,8/1/2025,Credit Card,Paid,962.43
307680,207680,6/10/2024,Credit Card,Paid,714.62
307681,207681,12/8/2024,Net Banking,Paid,7986.86
307682,207682,2/12/2025,UPI,Paid,16665.47
307683,207683,12/30/2025,Debit Card,Paid,17643.28
307684,207684,8/17/2024,Net Banking,Paid,1450.09
307685,207685,7/19/2024,Net Banking,Paid,6880.03
307686,207686,1/26/2024,UPI,Paid,2450.22
307687,207687,11/2/2025,UPI,Paid,5871.82
307688,207688,11/13/2025,Debit Card,Paid,753.48
307689,207689,9/24/2023,Credit Card,Paid,2551.51
307690,207690,12/10/2025,Net Banking,Paid,8145.89
307691,207691,6/14/2025,Debit Card,Paid,5838.59
307692,207692,7/8/2025,Cash on Delivery,Paid,25604.62
307693,207693,9/27/2024,UPI,Paid,10553.11
307694,207694,1/8/2025,UPI,Paid,528.8
307695,207695,4/10/2025,Debit Card,Paid,5304.17
307696,207696,9/26/2025,Debit Card,Paid,8787.62
307697,207697,1/21/2025,Credit Card,Paid,9527.87
307698,207698,9/20/2025,Debit Card,Paid,1269.36
307699,207699,10/6/2025,UPI,Paid,5806.99
307700,207700,6/9/2025,Cash on Delivery,Paid,1121.12
307701,207701,3/16/2025,UPI,Paid,9969.48
307702,207702,7/18/2023,Credit Card,Paid,8366.07
307703,207703,4/7/2025,UPI,Paid,14429.62
307704,207704,4/27/2025,Wallet,Paid,11364.49
307705,207705,10/10/2025,Debit Card,Paid,23051.79
307706,207706,9/18/2024,UPI,Paid,2895.11
307707,207707,11/26/2024,Cash on Delivery,Paid,772.13
307708,207708,12/24/2025,Credit Card,Paid,9004.74
307709,207709,8/31/2025,Cash on Delivery,Paid,7309.06
307710,207710,8/26/2025,Credit Card,Paid,4272.18
307711,207711,6/6/2024,UPI,Paid,14817.79
307712,207712,10/29/2024,UPI,Paid,5272.58
307713,207713,10/6/2025,UPI,Paid,864.84
307714,207714,6/18/2025,UPI,Paid,658.91
307715,207715,6/23/2024,Net Banking,Paid,8743.04
307716,207716,12/31/2025,Debit Card,Paid,7007.37
307717,207717,11/8/2025,Wallet,Paid,7377.03
307718,207718,10/30/2025,Wallet,Paid,3453.83
307719,207719,6/27/2025,Cash on Delivery,Paid,1537.11
307720,207720,7/26/2024,Wallet,Paid,4776.51
307721,207721,5/7/2025,Net Banking,Paid,3031.57
307722,207722,12/5/2025,UPI,Paid,328.87
307723,207723,5/24/2025,Debit Card,Paid,5670.44
307724,207724,7/9/2025,UPI,Paid,3439.44
307725,207725,9/17/2023,Cash on Delivery,Failed,3071.35
307726,207726,12/27/2025,Credit Card,Paid,4319.23
307727,207727,10/26/2025,Debit Card,Paid,1820.52
307728,207728,2/6/2025,UPI,Paid,2135.45
307729,207729,8/4/2025,Debit Card,Paid,6442.53
307730,207730,11/17/2024,Wallet,Paid,11127.05
307731,207731,10/17/2025,Wallet,Paid,18254.14
307732,207732,2/25/2024,Credit Card,Paid,3636.62
307733,207733,5/11/2025,Cash on Delivery,Paid,8154.18
307734,207734,8/9/2024,Cash on Delivery,Failed,2154.59
307735,207735,12/21/2025,Cash on Delivery,Paid,13626.13
307736,207736,1/10/2025,Cash on Delivery,Paid,4148.72
307737,207737,11/22/2025,Net Banking,Paid,597.36
307738,207738,11/1/2023,UPI,Paid,6200.05
307739,207739,12/20/2024,Cash on Delivery,Paid,12181.53
307740,207740,2/8/2025,UPI,Paid,5558.39
307741,207741,11/3/2025,UPI,Paid,8767.73
307742,207742,7/21/2025,Credit Card,Paid,422.06
307743,207743,6/8/2025,Net Banking,Paid,1873.58
307744,207744,12/14/2025,Debit Card,Paid,1504.76
307745,207745,11/22/2025,Net Banking,Paid,25041.32
307746,207746,10/8/2025,Credit Card,Paid,4883.52
307747,207747,8/24/2025,Debit Card,Paid,1128.43
307748,207748,9/28/2025,Net Banking,Paid,4649.81
307749,207749,12/20/2025,Debit Card,Paid,6029.66
307750,207750,6/7/2025,Credit Card,Paid,20763.85
307751,207751,9/14/2025,Credit Card,Paid,736.58
307752,207752,7/27/2024,Credit Card,Paid,11199.53
307753,207753,12/1/2025,UPI,Paid,10997.49
307754,207754,3/16/2024,UPI,Paid,1713.11
307755,207755,6/26/2025,Cash on Delivery,Paid,5951.84
307756,207756,5/23/2025,Cash on Delivery,Paid,4149.76
307757,207757,10/16/2024,Credit Card,Failed,3131.13
307758,207758,11/21/2025,UPI,Paid,10088.52
307759,207759,12/25/2024,Cash on Delivery,Paid,4137.41
307760,207760,11/8/2025,Debit Card,Paid,24489.93
307761,207761,11/5/2024,UPI,Paid,9888.26
307762,207762,12/6/2025,Cash on Delivery,Paid,12253.78
307763,207763,11/4/2025,Net Banking,Paid,10860.34
307764,207764,12/17/2025,UPI,Paid,1185.64
307765,207765,9/5/2025,Credit Card,Paid,857.74
307766,207766,1/25/2025,UPI,Paid,8513.8
307767,207767,9/9/2024,Net Banking,Paid,10291.19
307768,207768,9/1/2025,Credit Card,Failed,2447.36
307769,207769,10/4/2025,Debit Card,Paid,6577.64
307770,207770,8/22/2025,UPI,Paid,8870.41
307771,207771,10/9/2025,Net Banking,Paid,16233.9
307772,207772,9/5/2024,UPI,Paid,7009.4
307773,207773,12/21/2025,UPI,Paid,7629.11
307774,207774,10/28/2025,UPI,Paid,2616.49
307775,207775,9/5/2025,Credit Card,Pending,3111.17
307776,207776,11/25/2024,Credit Card,Paid,3841.15
307777,207777,10/21/2025,UPI,Paid,14611.14
307778,207778,8/26/2024,Cash on Delivery,Paid,4945.17
307779,207779,3/1/2025,Debit Card,Failed,5109.21
307780,207780,1/19/2025,Credit Card,Paid,7482.11
307781,207781,11/28/2024,UPI,Paid,3535.08
307782,207782,3/10/2024,Credit Card,Paid,6974.32
307783,207783,4/4/2025,Cash on Delivery,Paid,26300.42
307784,207784,10/23/2025,Cash on Delivery,Paid,880.9
307785,207785,12/18/2025,Debit Card,Paid,6305.06
307786,207786,3/31/2024,Net Banking,Paid,7290.59
307787,207787,11/25/2024,Credit Card,Paid,4813.2
307788,207788,6/26/2025,Debit Card,Paid,276.82
307789,207789,8/30/2025,Wallet,Paid,2911.08
307790,207790,4/16/2025,Wallet,Paid,2513.46
307791,207791,10/9/2025,Net Banking,Paid,1851.03
307792,207792,7/22/2025,Net Banking,Paid,5397.68
307793,207793,5/4/2025,Wallet,Paid,2671.05
307794,207794,8/17/2025,Credit Card,Paid,3069.64
307795,207795,12/9/2023,Cash on Delivery,Paid,3678.67
307796,207796,10/17/2025,Net Banking,Paid,17576.14
307797,207797,12/23/2025,Debit Card,Paid,18849.79
307798,207798,12/13/2025,Wallet,Paid,4365.59
307799,207799,11/28/2025,Cash on Delivery,Paid,15962.64
307800,207800,8/6/2025,UPI,Paid,1551.35
307801,207801,9/20/2025,UPI,Pending,8127.38
307802,207802,7/18/2025,UPI,Paid,426.42
307803,207803,9/4/2025,UPI,Paid,16498.47
307804,207804,7/18/2024,Debit Card,Paid,3110.58
307805,207805,11/16/2025,Net Banking,Paid,1159.67
307806,207806,4/21/2024,Cash on Delivery,Paid,1914.69
307807,207807,4/11/2024,Debit Card,Paid,17048.66
307808,207808,4/26/2025,Credit Card,Paid,6180.25
307809,207809,11/24/2025,Credit Card,Paid,2260.43
307810,207810,12/18/2025,Debit Card,Paid,15192.17
307811,207811,11/14/2025,Cash on Delivery,Pending,16547.65
307812,207812,5/27/2025,Debit Card,Paid,3173.39
307813,207813,10/25/2025,Cash on Delivery,Paid,1181.23
307814,207814,10/12/2025,Debit Card,Paid,1853.15
307815,207815,10/27/2024,Debit Card,Paid,2804.42
307816,207816,12/17/2024,Debit Card,Paid,6436.41
307817,207817,1/30/2024,Credit Card,Paid,3056.49
307818,207818,11/2/2025,Wallet,Paid,805.05
307819,207819,9/11/2025,Net Banking,Paid,9704.42
307820,207820,5/24/2025,UPI,Paid,3807.71
307821,207821,9/30/2025,Cash on Delivery,Paid,1474.16
307822,207822,7/21/2025,Credit Card,Paid,3284.38
307823,207823,9/27/2025,UPI,Paid,26973.33
307824,207824,12/15/2024,Credit Card,Paid,4786.96
307825,207825,12/6/2025,Debit Card,Paid,5815.94
307826,207826,11/24/2025,UPI,Failed,9808.57
307827,207827,6/25/2024,Wallet,Paid,2841.96
307828,207828,4/19/2024,UPI,Paid,3943.16
307829,207829,10/30/2025,UPI,Paid,6574.73
307830,207830,9/12/2024,Debit Card,Paid,101
307831,207831,9/13/2025,Debit Card,Paid,8993.14
307832,207832,12/28/2025,UPI,Paid,5307.39
307833,207833,9/9/2024,Cash on Delivery,Paid,4968.45
307834,207834,4/7/2025,Debit Card,Paid,2229.81
307835,207835,2/9/2024,Credit Card,Paid,8654.49
307836,207836,6/2/2024,Cash on Delivery,Paid,699.69
307837,207837,8/18/2025,Cash on Delivery,Failed,18384.82
307838,207838,4/8/2024,UPI,Paid,248.23
307839,207839,8/22/2025,Credit Card,Paid,3217.38
307840,207840,3/6/2025,Debit Card,Paid,9280.03
307841,207841,9/12/2024,Cash on Delivery,Paid,28557.04
307842,207842,2/27/2025,Credit Card,Paid,6121.06
307843,207843,10/7/2023,Credit Card,Paid,16075.05
307844,207844,8/28/2025,UPI,Paid,9203.41
307845,207845,8/8/2024,Credit Card,Paid,959.26
307846,207846,3/6/2025,UPI,Paid,11000.06
307847,207847,9/22/2024,Credit Card,Paid,6698.72
307848,207848,10/29/2025,Credit Card,Failed,6593.85
307849,207849,2/6/2025,Credit Card,Paid,1721.41
307850,207850,10/21/2025,UPI,Pending,2974.38
307851,207851,6/27/2025,Debit Card,Paid,3213.77
307852,207852,10/26/2024,UPI,Paid,8686.9
307853,207853,10/1/2025,Wallet,Paid,1527.59
307854,207854,8/2/2025,Debit Card,Paid,4825.35
307855,207855,9/8/2025,Cash on Delivery,Paid,457.52
307856,207856,9/12/2024,Net Banking,Paid,3560.44
307857,207857,1/14/2025,UPI,Paid,7568.37
307858,207858,3/17/2025,Wallet,Paid,13069.48
307859,207859,6/11/2025,UPI,Paid,10618.2
307860,207860,10/14/2024,Credit Card,Paid,10497.64
307861,207861,3/15/2024,Debit Card,Paid,18402.42
307862,207862,9/11/2023,Cash on Delivery,Paid,3967.34
307863,207863,1/16/2025,UPI,Paid,3109.63
307864,207864,4/13/2025,UPI,Paid,11957.86
307865,207865,11/23/2025,Wallet,Paid,1390.27
307866,207866,8/23/2025,UPI,Paid,8353.95
307867,207867,6/17/2024,UPI,Paid,3046.37
307868,207868,12/7/2025,UPI,Paid,2966.83
307869,207869,12/24/2025,Debit Card,Paid,1014.87
307870,207870,3/9/2025,UPI,Paid,3218.48
307871,207871,4/18/2025,Credit Card,Paid,6860.42
307872,207872,2/13/2025,Net Banking,Paid,4336.71
307873,207873,11/24/2025,UPI,Paid,9128.51
307874,207874,11/24/2025,UPI,Paid,7662.07
307875,207875,6/3/2025,UPI,Paid,14101.82
307876,207876,4/30/2024,UPI,Paid,4298.59
307877,207877,8/20/2025,UPI,Paid,20130.08
307878,207878,10/2/2024,Credit Card,Paid,1872.05
307879,207879,7/18/2024,Credit Card,Paid,5250.79
307880,207880,3/12/2025,Cash on Delivery,Paid,2434.62
307881,207881,12/7/2024,Wallet,Paid,10971.34
307882,207882,7/7/2025,Credit Card,Paid,926.11
307883,207883,8/3/2024,Net Banking,Paid,6678.7
307884,207884,5/9/2025,Debit Card,Paid,6162.95
307885,207885,11/25/2023,Net Banking,Paid,3084.89
307886,207886,8/24/2024,Wallet,Paid,4195.23
307887,207887,8/30/2025,Cash on Delivery,Paid,12071.87
307888,207888,1/19/2025,Credit Card,Paid,16195.78
307889,207889,12/20/2025,UPI,Paid,526.9
307890,207890,6/11/2025,Debit Card,Paid,1861.37
307891,207891,1/5/2024,Credit Card,Failed,917.69
307892,207892,3/8/2025,Debit Card,Paid,836.55
307893,207893,3/20/2024,UPI,Paid,1416.64
307894,207894,5/30/2025,UPI,Paid,7896.56
307895,207895,11/8/2024,Debit Card,Paid,7457.86
307896,207896,11/1/2025,Credit Card,Paid,13563.68
307897,207897,12/7/2024,UPI,Paid,9647.78
307898,207898,5/2/2025,Wallet,Paid,1138.88
307899,207899,12/12/2025,Net Banking,Paid,4247.43
307900,207900,2/16/2025,Net Banking,Paid,1783.76
307901,207901,12/1/2025,UPI,Paid,1113.01
307902,207902,6/8/2025,Credit Card,Paid,2935.46
307903,207903,10/22/2025,Cash on Delivery,Paid,6479.87
307904,207904,7/30/2025,Credit Card,Paid,4691.18
307905,207905,7/26/2025,Net Banking,Paid,2717.95
307906,207906,8/13/2024,Credit Card,Paid,1399.73
307907,207907,4/23/2025,UPI,Paid,11850.15
307908,207908,1/15/2025,Credit Card,Paid,4720.91
307909,207909,11/12/2025,Net Banking,Paid,16871.98
307910,207910,1/17/2025,Wallet,Paid,410.42
307911,207911,11/25/2025,Cash on Delivery,Paid,29766.87
307912,207912,11/11/2024,Credit Card,Paid,9907.66
307913,207913,2/23/2025,Credit Card,Paid,6953.42
307914,207914,7/20/2025,Wallet,Paid,195.19
307915,207915,6/7/2024,UPI,Paid,13402
307916,207916,11/2/2025,UPI,Paid,6254.11
307917,207917,11/7/2025,UPI,Paid,5314.29
307918,207918,9/23/2025,Credit Card,Paid,1713.33
307919,207919,5/28/2025,UPI,Paid,2173.2
307920,207920,5/15/2024,Debit Card,Paid,9401.62
307921,207921,12/6/2023,Net Banking,Paid,559.67
307922,207922,9/17/2024,Net Banking,Paid,4414.52
307923,207923,2/4/2025,UPI,Paid,762.27
307924,207924,6/29/2025,UPI,Paid,1741.3
307925,207925,10/21/2025,Cash on Delivery,Paid,2817.92
307926,207926,11/19/2025,Debit Card,Paid,5389.58
307927,207927,5/28/2025,Debit Card,Paid,2261.5
307928,207928,3/14/2024,UPI,Paid,2411.37
307929,207929,7/12/2024,Debit Card,Paid,13068.76
307930,207930,12/21/2025,UPI,Failed,2044.36
307931,207931,7/26/2025,Wallet,Paid,5488.1
307932,207932,11/16/2025,UPI,Paid,7537.1
307933,207933,4/17/2025,UPI,Paid,2502.34
307934,207934,11/20/2024,Credit Card,Paid,1436.61
307935,207935,4/21/2025,UPI,Paid,9044.9
307936,207936,5/11/2024,Credit Card,Paid,11538.59
307937,207937,11/20/2025,Cash on Delivery,Paid,33918.66
307938,207938,2/3/2025,Cash on Delivery,Paid,555.05
307939,207939,9/10/2025,Debit Card,Paid,3077.28
307940,207940,3/23/2025,UPI,Paid,12575.6
307941,207941,10/16/2025,Cash on Delivery,Paid,2381.35
307942,207942,10/17/2024,Cash on Delivery,Paid,9047.06
307943,207943,9/25/2025,UPI,Paid,2971.11
307944,207944,6/22/2025,Wallet,Paid,7348.97
307945,207945,6/29/2025,Wallet,Paid,1306.25
307946,207946,10/26/2025,Net Banking,Paid,6216.81
307947,207947,9/22/2025,Credit Card,Paid,10790.18
307948,207948,7/9/2025,Credit Card,Paid,8829.54
307949,207949,6/26/2023,Credit Card,Paid,6736.05
307950,207950,10/20/2024,Debit Card,Paid,10773.43
307951,207951,3/13/2025,Debit Card,Failed,10120.48
307952,207952,9/13/2024,UPI,Paid,7231.76
307953,207953,3/8/2024,Credit Card,Paid,3299.38
307954,207954,4/11/2025,Cash on Delivery,Paid,18815.52
307955,207955,10/22/2024,UPI,Paid,15166.69
307956,207956,11/28/2025,Wallet,Paid,13931.19
307957,207957,4/6/2025,Wallet,Paid,975.6
307958,207958,4/7/2024,UPI,Paid,2737.28
307959,207959,8/21/2025,UPI,Paid,4181.8
307960,207960,8/6/2025,Net Banking,Paid,9652.18
307961,207961,7/5/2024,Credit Card,Paid,5025.83
307962,207962,11/20/2023,UPI,Paid,3978.37
307963,207963,4/8/2025,Debit Card,Paid,1566.82
307964,207964,11/4/2025,Cash on Delivery,Paid,3131.89
307965,207965,4/1/2025,UPI,Paid,3161.63
307966,207966,4/6/2025,Credit Card,Paid,638.7
307967,207967,12/19/2024,Debit Card,Paid,2693.75
307968,207968,5/6/2025,Debit Card,Paid,2667.15
307969,207969,7/26/2025,Credit Card,Paid,438.62
307970,207970,6/21/2025,Credit Card,Paid,199.23
307971,207971,12/13/2025,UPI,Paid,3097.9
307972,207972,6/25/2025,Wallet,Paid,368.3
307973,207973,11/29/2025,UPI,Paid,7965.49
307974,207974,7/19/2024,Debit Card,Paid,5923.84
307975,207975,4/7/2025,Cash on Delivery,Paid,10069.76
307976,207976,10/8/2025,Credit Card,Paid,1974.01
307977,207977,9/28/2024,Credit Card,Paid,9407.52
307978,207978,11/11/2025,UPI,Paid,1344.15
307979,207979,1/8/2024,UPI,Paid,2164.6
307980,207980,11/15/2025,Cash on Delivery,Paid,1621.72
307981,207981,6/18/2025,Cash on Delivery,Paid,3176.95
307982,207982,3/31/2024,UPI,Failed,692.72
307983,207983,9/26/2025,UPI,Paid,3193.17
307984,207984,11/22/2025,UPI,Paid,15678.99
307985,207985,10/8/2025,UPI,Paid,963.43
307986,207986,12/14/2025,UPI,Paid,21580.53
307987,207987,6/7/2024,Credit Card,Paid,5386.33
307988,207988,12/20/2025,Debit Card,Paid,25423.36
307989,207989,7/2/2024,Net Banking,Paid,5702.15
307990,207990,10/14/2025,Debit Card,Failed,362.81
307991,207991,5/5/2024,Debit Card,Paid,5853.38
307992,207992,6/8/2025,UPI,Paid,9895.23
307993,207993,8/17/2025,Debit Card,Paid,771.33
307994,207994,7/7/2025,Credit Card,Paid,9699.2
307995,207995,12/27/2025,UPI,Paid,277.96
307996,207996,2/7/2025,UPI,Paid,4991.28
307997,207997,3/14/2025,UPI,Paid,7411.75
307998,207998,5/5/2025,UPI,Paid,3578.09
307999,207999,4/26/2024,UPI,Paid,8136.28
308000,208000,11/3/2025,UPI,Paid,1404.83
308001,208001,1/16/2025,Credit Card,Paid,10451.96
308002,208002,6/29/2024,UPI,Paid,9652.21
308003,208003,9/10/2025,UPI,Paid,6150.54
308004,208004,12/4/2024,UPI,Paid,1693.63
308005,208005,5/1/2025,Credit Card,Paid,8484.54
308006,208006,8/21/2024,Debit Card,Paid,1150.38
308007,208007,2/18/2025,Debit Card,Paid,370.34
308008,208008,4/4/2025,Debit Card,Paid,2467.06
308009,208009,5/8/2025,Debit Card,Paid,9517.7
308010,208010,11/21/2025,Debit Card,Paid,964.93
308011,208011,10/8/2025,UPI,Paid,10398.83
308012,208012,10/11/2025,UPI,Paid,9374.79
308013,208013,10/4/2025,Net Banking,Paid,6286.09
308014,208014,11/19/2025,UPI,Paid,4354.67
308015,208015,10/26/2024,Cash on Delivery,Paid,6835.11
308016,208016,11/4/2025,Credit Card,Paid,8255.33
308017,208017,7/2/2023,UPI,Paid,9009.63
308018,208018,12/17/2025,Debit Card,Paid,3464.28
308019,208019,10/15/2025,UPI,Paid,1484.7
308020,208020,5/26/2025,Net Banking,Paid,9737.57
308021,208021,8/28/2025,Debit Card,Paid,2335.63
308022,208022,2/14/2025,Cash on Delivery,Paid,1079.65
308023,208023,6/2/2025,Credit Card,Paid,390.66
308024,208024,10/23/2025,Debit Card,Paid,2347.7
308025,208025,2/22/2023,UPI,Paid,3989.45
308026,208026,11/30/2025,UPI,Pending,6977.75
308027,208027,3/11/2025,Credit Card,Paid,7572.49
308028,208028,4/16/2025,Debit Card,Paid,3327.07
308029,208029,5/6/2025,Cash on Delivery,Pending,12345.7
308030,208030,7/28/2025,Credit Card,Paid,1697.37
308031,208031,12/30/2023,Credit Card,Paid,7527.02
308032,208032,5/6/2024,Credit Card,Paid,11476.58
308033,208033,12/25/2025,Wallet,Paid,3772.1
308034,208034,10/2/2025,Credit Card,Paid,15410.49
308035,208035,9/8/2025,Cash on Delivery,Paid,6536.67
308036,208036,11/30/2024,Debit Card,Paid,10165.43
308037,208037,6/21/2023,Cash on Delivery,Paid,3725.27
308038,208038,8/11/2023,Credit Card,Paid,10965.02
308039,208039,7/23/2025,UPI,Paid,5015.57
308040,208040,7/31/2025,Wallet,Pending,9734.7
308041,208041,5/26/2024,UPI,Paid,1349.29
308042,208042,12/11/2025,Debit Card,Paid,23213.56
308043,208043,6/8/2024,UPI,Failed,13955.48
308044,208044,2/7/2025,Cash on Delivery,Paid,19920.36
308045,208045,2/19/2024,Credit Card,Paid,5848.18
308046,208046,9/24/2025,UPI,Paid,792.68
308047,208047,9/4/2025,Net Banking,Pending,6213.85
308048,208048,9/20/2025,Credit Card,Paid,3542.92
308049,208049,6/28/2023,Cash on Delivery,Paid,12752.57
308050,208050,8/4/2025,Credit Card,Paid,364.39
308051,208051,12/7/2025,UPI,Paid,5758.05
308052,208052,8/27/2025,Debit Card,Paid,6941.2
308053,208053,10/4/2025,UPI,Paid,2661.61
308054,208054,6/4/2023,Debit Card,Paid,2446.05
308055,208055,12/21/2025,Debit Card,Paid,34209.76
308056,208056,3/31/2024,Credit Card,Paid,664.88
308057,208057,6/14/2025,UPI,Paid,3817.61
308058,208058,9/1/2025,Wallet,Paid,5242.82
308059,208059,5/5/2025,Credit Card,Paid,1592.11
308060,208060,9/5/2025,Debit Card,Paid,2713.74
308061,208061,1/19/2025,Net Banking,Paid,3525.15
308062,208062,6/21/2025,UPI,Paid,2467.44
308063,208063,4/20/2024,UPI,Paid,10342.44
308064,208064,11/26/2025,Debit Card,Paid,2162.14
308065,208065,9/13/2023,UPI,Paid,5238.46
308066,208066,5/4/2023,Credit Card,Paid,8841.85
308067,208067,5/30/2024,Net Banking,Paid,8159.8
308068,208068,2/20/2025,UPI,Paid,3765.43
308069,208069,1/31/2025,Credit Card,Paid,2593.64
308070,208070,3/12/2025,UPI,Pending,14853.86
308071,208071,11/28/2025,UPI,Paid,4404.5
308072,208072,4/6/2025,Cash on Delivery,Paid,1241.47
308073,208073,12/13/2025,Cash on Delivery,Paid,6835.52
308074,208074,11/10/2023,UPI,Paid,2170.43
308075,208075,11/9/2025,Net Banking,Paid,10207.38
308076,208076,8/21/2024,UPI,Paid,1578.99
308077,208077,4/22/2025,Cash on Delivery,Paid,2733.61
308078,208078,9/11/2025,UPI,Paid,2028.07
308079,208079,1/10/2025,Credit Card,Paid,5864.53
308080,208080,12/15/2025,UPI,Paid,6759.1
308081,208081,3/20/2025,Credit Card,Paid,724.68
308082,208082,7/12/2024,Net Banking,Paid,1503.6
308083,208083,11/8/2023,Cash on Delivery,Paid,15821.83
308084,208084,8/29/2025,Debit Card,Paid,4901.03
308085,208085,12/9/2023,UPI,Paid,2120.45
308086,208086,4/23/2024,Wallet,Paid,2145.36
308087,208087,11/15/2024,Cash on Delivery,Failed,3901.24
308088,208088,5/16/2025,Credit Card,Paid,1428.69
308089,208089,9/13/2024,UPI,Paid,8502.59
308090,208090,8/1/2025,Wallet,Paid,6080.38
308091,208091,5/22/2025,Cash on Delivery,Paid,701.41
308092,208092,10/5/2025,Net Banking,Paid,520.81
308093,208093,8/18/2024,UPI,Paid,5041.36
308094,208094,2/4/2024,Credit Card,Paid,14102.18
308095,208095,12/10/2024,UPI,Paid,517.86
308096,208096,10/4/2025,Credit Card,Paid,5730.12
308097,208097,12/2/2025,Debit Card,Paid,8331.2
308098,208098,2/17/2024,Cash on Delivery,Paid,10756.8
308099,208099,12/25/2025,Credit Card,Paid,1385.77
308100,208100,9/4/2024,Credit Card,Paid,860.15
308101,208101,9/15/2025,Cash on Delivery,Paid,5028.49
308102,208102,2/12/2025,Debit Card,Paid,464.11
308103,208103,12/26/2025,UPI,Paid,4388.52
308104,208104,11/1/2024,UPI,Paid,3296.54
308105,208105,10/21/2024,Net Banking,Paid,3797.44
308106,208106,3/10/2025,UPI,Paid,12448.85
308107,208107,9/28/2024,Debit Card,Paid,4944.83
308108,208108,9/6/2025,Cash on Delivery,Paid,7785.68
308109,208109,6/22/2023,UPI,Paid,933.95
308110,208110,9/12/2025,Credit Card,Failed,3739.18
308111,208111,7/4/2025,Cash on Delivery,Paid,888.21
308112,208112,9/6/2025,UPI,Paid,1161.44
308113,208113,9/2/2025,Credit Card,Pending,4132.27
308114,208114,11/23/2023,Debit Card,Paid,3267.8
308115,208115,8/27/2025,Wallet,Paid,5256.56
308116,208116,1/1/2025,Credit Card,Paid,12889.43
308117,208117,8/12/2025,Debit Card,Paid,8791.65
308118,208118,10/4/2025,Credit Card,Paid,25687.06
308119,208119,6/20/2025,UPI,Paid,1397.24
308120,208120,4/13/2024,UPI,Paid,23574.04
308121,208121,10/17/2025,UPI,Paid,10269.38
308122,208122,7/27/2025,Net Banking,Paid,5861.29
308123,208123,2/4/2025,UPI,Paid,2612.96
308124,208124,3/25/2025,Credit Card,Paid,14058.7
308125,208125,10/28/2024,Debit Card,Paid,5793.43
308126,208126,11/30/2025,UPI,Paid,5802.01
308127,208127,12/17/2025,Cash on Delivery,Paid,2166.88
308128,208128,7/17/2023,Debit Card,Paid,8596.1
308129,208129,12/14/2024,UPI,Paid,13568.2
308130,208130,7/23/2025,Credit Card,Paid,1231.34
308131,208131,10/12/2025,Credit Card,Paid,687.55
308132,208132,10/22/2025,Credit Card,Paid,5577.21
308133,208133,10/20/2025,Wallet,Paid,8060.24
308134,208134,6/15/2025,UPI,Paid,19222.3
308135,208135,8/16/2025,UPI,Paid,11362.63
308136,208136,12/25/2023,UPI,Paid,2284.06
308137,208137,2/25/2025,Credit Card,Paid,7138.23
308138,208138,11/1/2025,Credit Card,Paid,5080.71
308139,208139,8/2/2025,UPI,Paid,9879.32
308140,208140,7/17/2025,Credit Card,Paid,2098.45
308141,208141,12/1/2025,Credit Card,Paid,6141.45
308142,208142,2/27/2024,UPI,Paid,1374.21
308143,208143,1/11/2025,UPI,Paid,13390.61
308144,208144,12/7/2025,UPI,Paid,1493.98
308145,208145,3/9/2025,Debit Card,Paid,4170.9
308146,208146,3/11/2024,Credit Card,Paid,2860.28
308147,208147,5/30/2024,Net Banking,Paid,6853.57
308148,208148,10/20/2024,Net Banking,Paid,4676.02
308149,208149,11/18/2025,UPI,Paid,12139.22
308150,208150,5/3/2024,UPI,Paid,4315.2
308151,208151,6/9/2025,Wallet,Paid,3156.58
308152,208152,11/23/2024,UPI,Paid,8177.81
308153,208153,7/31/2025,UPI,Paid,5417.87
308154,208154,11/15/2024,UPI,Paid,2751.09
308155,208155,1/16/2025,Credit Card,Paid,2619.46
308156,208156,10/12/2025,UPI,Paid,8187.54
308157,208157,10/8/2025,Net Banking,Paid,3012.94
308158,208158,8/2/2024,UPI,Paid,6532.14
308159,208159,11/28/2025,UPI,Paid,3582.23
308160,208160,6/14/2024,UPI,Paid,10917.77
308161,208161,4/2/2024,Credit Card,Paid,5775.52
308162,208162,12/8/2024,UPI,Paid,22392.09
308163,208163,5/24/2023,Credit Card,Paid,4161.12
308164,208164,9/29/2025,Debit Card,Paid,1422.98
308165,208165,12/30/2025,UPI,Paid,7772.52
308166,208166,11/1/2025,UPI,Paid,3385.12
308167,208167,6/25/2025,UPI,Paid,927.85
308168,208168,7/4/2024,UPI,Paid,7094.69
308169,208169,2/21/2025,Credit Card,Failed,14001.28
308170,208170,7/8/2025,UPI,Paid,14128.2
308171,208171,10/30/2024,Credit Card,Paid,5264.23
308172,208172,12/1/2025,Debit Card,Paid,3157.16
308173,208173,9/5/2025,Net Banking,Paid,12824.26
308174,208174,12/19/2025,UPI,Paid,23225.6
308175,208175,4/28/2025,Cash on Delivery,Paid,24782.76
308176,208176,10/1/2025,Debit Card,Paid,2239.03
308177,208177,6/28/2025,Cash on Delivery,Paid,3042.42
308178,208178,1/2/2025,Wallet,Paid,9754.3
308179,208179,10/11/2025,UPI,Failed,21951.63
308180,208180,11/11/2025,Credit Card,Paid,5049.12
308181,208181,9/5/2025,Debit Card,Paid,2538.53
308182,208182,1/4/2025,Net Banking,Paid,9525.11
308183,208183,5/18/2025,UPI,Paid,10957.18
308184,208184,2/7/2024,UPI,Paid,7867.98
308185,208185,7/22/2023,Net Banking,Failed,2498.09
308186,208186,5/14/2024,UPI,Paid,6891.7
308187,208187,12/20/2024,UPI,Paid,5543.87
308188,208188,12/6/2024,Net Banking,Paid,15412.47
308189,208189,12/31/2024,Cash on Delivery,Paid,2306.77
308190,208190,2/17/2025,UPI,Paid,11189.35
308191,208191,8/11/2024,UPI,Paid,8046.68
308192,208192,12/27/2025,UPI,Paid,1048.38
308193,208193,11/27/2025,UPI,Paid,4731.02
308194,208194,7/8/2025,Debit Card,Paid,10956.33
308195,208195,11/27/2025,Credit Card,Paid,14192.04
308196,208196,5/22/2025,Debit Card,Paid,6424.7
308197,208197,1/7/2025,Net Banking,Paid,1821.49
308198,208198,8/20/2023,Net Banking,Paid,18218.93
308199,208199,8/5/2025,Credit Card,Paid,1734.76
308200,208200,5/12/2025,UPI,Paid,10119.87
308201,208201,9/3/2025,Debit Card,Paid,284.89
308202,208202,10/17/2024,Cash on Delivery,Paid,1992.72
308203,208203,12/14/2024,Wallet,Paid,6521.09
308204,208204,1/31/2025,Cash on Delivery,Paid,2790.62
308205,208205,11/18/2025,Debit Card,Paid,1741.52
308206,208206,1/13/2025,Debit Card,Paid,12610.31
308207,208207,10/29/2025,Credit Card,Paid,7176.4
308208,208208,11/21/2025,Cash on Delivery,Paid,2217.74
308209,208209,4/3/2025,Wallet,Paid,1847.95
308210,208210,2/17/2025,Debit Card,Paid,2187.26
308211,208211,12/3/2025,UPI,Paid,11737.09
308212,208212,11/12/2025,Cash on Delivery,Paid,717.86
308213,208213,1/15/2025,Debit Card,Paid,2403.74
308214,208214,1/25/2025,UPI,Paid,5349.22
308215,208215,5/26/2024,Debit Card,Paid,4275.37
308216,208216,4/13/2023,Credit Card,Paid,10822.42
308217,208217,4/25/2025,Credit Card,Paid,2412.52
308218,208218,10/1/2025,UPI,Paid,2728.51
308219,208219,12/18/2024,Debit Card,Paid,8621.98
308220,208220,8/20/2025,Credit Card,Paid,8649.23
308221,208221,9/19/2025,Cash on Delivery,Paid,1935.25
308222,208222,12/17/2025,UPI,Paid,10687.73
308223,208223,12/9/2025,UPI,Paid,1089.74
308224,208224,11/22/2025,Debit Card,Paid,1874.08
308225,208225,1/12/2024,Credit Card,Paid,3676.85
308226,208226,4/19/2023,Cash on Delivery,Paid,5184.4
308227,208227,11/16/2025,UPI,Paid,4073.33
308228,208228,5/10/2025,Cash on Delivery,Paid,18135.27
308229,208229,7/6/2024,Net Banking,Paid,813.28
308230,208230,9/6/2024,Credit Card,Paid,8291.75
308231,208231,7/9/2025,UPI,Paid,6763.57
308232,208232,11/18/2024,UPI,Paid,6402.5
308233,208233,11/21/2023,UPI,Paid,12379.39
308234,208234,10/6/2025,Net Banking,Paid,4370.25
308235,208235,7/22/2025,Cash on Delivery,Paid,1216.75
308236,208236,11/1/2024,UPI,Paid,14607.19
308237,208237,10/23/2025,UPI,Paid,8800.91
308238,208238,12/15/2025,Net Banking,Paid,2987.39
308239,208239,10/4/2025,Credit Card,Pending,695.88
308240,208240,12/2/2025,Credit Card,Paid,3376.01
308241,208241,2/25/2025,UPI,Paid,8218.1
308242,208242,9/17/2023,UPI,Paid,4676.86
308243,208243,10/29/2024,Net Banking,Paid,14443.1
308244,208244,8/13/2025,Debit Card,Paid,9332.32
308245,208245,1/6/2025,Net Banking,Paid,3653.72
308246,208246,5/13/2025,Credit Card,Paid,2214.89
308247,208247,4/1/2025,Cash on Delivery,Paid,3387.52
308248,208248,8/22/2024,Wallet,Paid,6872.01
308249,208249,5/1/2025,Cash on Delivery,Paid,399.4
308250,208250,10/15/2025,Credit Card,Paid,2612.45
308251,208251,7/12/2024,UPI,Paid,2855.46
308252,208252,9/2/2024,Cash on Delivery,Paid,4674.8
308253,208253,5/13/2025,UPI,Paid,2806.22
308254,208254,12/7/2025,Cash on Delivery,Paid,16939.85
308255,208255,7/11/2025,Credit Card,Paid,8483.25
308256,208256,4/22/2024,Credit Card,Paid,631.25
308257,208257,6/12/2023,UPI,Paid,10812.42
308258,208258,12/18/2024,Credit Card,Paid,5052.39
308259,208259,6/13/2025,Cash on Delivery,Paid,2197.96
308260,208260,10/24/2024,Debit Card,Paid,4604.5
308261,208261,11/21/2025,UPI,Failed,5808.97
308262,208262,8/1/2025,Net Banking,Paid,4394.18
308263,208263,8/17/2024,UPI,Paid,5447.24
308264,208264,7/25/2025,Credit Card,Paid,6709.36
308265,208265,7/13/2024,Debit Card,Paid,426.95
308266,208266,12/2/2025,UPI,Paid,4669.51
308267,208267,10/6/2025,Credit Card,Paid,5867.36
308268,208268,6/15/2023,UPI,Failed,1092.72
308269,208269,11/16/2025,UPI,Paid,4935
308270,208270,10/17/2025,UPI,Paid,793.58
308271,208271,12/19/2025,Credit Card,Pending,4107.58
308272,208272,2/18/2025,Debit Card,Paid,1184.04
308273,208273,1/11/2024,Cash on Delivery,Paid,8911.71
308274,208274,1/5/2025,Credit Card,Paid,7144.16
308275,208275,5/25/2025,Debit Card,Paid,5512.23
308276,208276,3/27/2025,Debit Card,Paid,5238.79
308277,208277,12/30/2023,Cash on Delivery,Paid,8933.5
308278,208278,12/22/2025,UPI,Paid,7733.05
308279,208279,4/6/2025,Debit Card,Paid,3023.4
308280,208280,12/14/2025,UPI,Paid,8985.45
308281,208281,12/27/2025,Credit Card,Paid,2759.55
308282,208282,9/6/2025,Cash on Delivery,Paid,20545.3
308283,208283,10/1/2024,Debit Card,Paid,3311.44
308284,208284,12/6/2025,Credit Card,Failed,661.25
308285,208285,12/8/2023,UPI,Paid,360.07
308286,208286,9/16/2025,UPI,Paid,628.44
308287,208287,8/31/2025,UPI,Paid,26605.24
308288,208288,7/7/2025,Cash on Delivery,Paid,1966.59
308289,208289,2/25/2025,Credit Card,Paid,8556.6
308290,208290,4/24/2025,Credit Card,Paid,5316.84
308291,208291,4/23/2024,Debit Card,Paid,2127.82
308292,208292,8/7/2025,Debit Card,Paid,5868.5
308293,208293,12/15/2025,Net Banking,Paid,956.52
308294,208294,7/5/2025,Credit Card,Paid,1992.92
308295,208295,11/17/2025,Credit Card,Paid,7526.74
308296,208296,11/2/2025,Net Banking,Paid,12408.68
308297,208297,3/23/2025,Debit Card,Paid,14095.78
308298,208298,10/11/2025,Wallet,Paid,2318.62
308299,208299,4/3/2024,Debit Card,Paid,7639.69
308300,208300,8/10/2025,Net Banking,Paid,3753.74
308301,208301,2/19/2025,Credit Card,Paid,3596.77
308302,208302,7/22/2025,UPI,Paid,7714.73
308303,208303,5/21/2025,UPI,Paid,9368.47
308304,208304,6/28/2024,Credit Card,Failed,6923.35
308305,208305,5/27/2025,UPI,Paid,16652.48
308306,208306,6/9/2024,UPI,Paid,5911.27
308307,208307,7/16/2025,Cash on Delivery,Paid,768.42
308308,208308,7/23/2025,UPI,Paid,6785.12
308309,208309,8/31/2025,UPI,Paid,1142.86
308310,208310,3/30/2025,UPI,Paid,12296.01
308311,208311,3/20/2025,Cash on Delivery,Paid,781.94
308312,208312,1/30/2025,Credit Card,Paid,4091.16
308313,208313,8/18/2025,Net Banking,Paid,3816.09
308314,208314,4/7/2025,Debit Card,Paid,11594.16
308315,208315,2/9/2025,Wallet,Paid,414.17
308316,208316,10/2/2025,UPI,Pending,6085.54
308317,208317,5/15/2024,UPI,Paid,8193.03
308318,208318,8/23/2023,UPI,Paid,11272.58
308319,208319,5/1/2025,Credit Card,Paid,2311.56
308320,208320,3/13/2025,Cash on Delivery,Paid,561.91
308321,208321,3/24/2025,Credit Card,Paid,9088.1
308322,208322,9/16/2025,UPI,Paid,2654.32
308323,208323,5/12/2025,Credit Card,Paid,3469.81
308324,208324,7/12/2025,UPI,Paid,8004.4
308325,208325,3/6/2025,Debit Card,Paid,1959.96
308326,208326,1/11/2025,Cash on Delivery,Paid,11906.22
308327,208327,12/8/2025,Net Banking,Paid,3770.34
308328,208328,7/24/2025,Cash on Delivery,Paid,4008.03
308329,208329,8/25/2025,UPI,Failed,5316.65
308330,208330,12/5/2025,Cash on Delivery,Paid,7495.03
308331,208331,8/31/2025,UPI,Paid,4663.98
308332,208332,1/19/2024,Net Banking,Paid,10732.44
308333,208333,12/23/2025,Credit Card,Pending,17822.31
308334,208334,11/11/2025,UPI,Paid,4605.72
308335,208335,10/3/2025,Net Banking,Paid,16793.02
308336,208336,12/23/2024,Debit Card,Paid,11936.26
308337,208337,6/27/2025,Wallet,Paid,1350.85
308338,208338,6/28/2024,Credit Card,Paid,6117.03
308339,208339,8/28/2025,Net Banking,Paid,1868.46
308340,208340,3/24/2025,Debit Card,Paid,2711.44
308341,208341,10/13/2025,Debit Card,Paid,24094.95
308342,208342,6/9/2025,Net Banking,Failed,6788.15
308343,208343,11/30/2024,UPI,Paid,3782.55
308344,208344,6/20/2025,UPI,Paid,11370.08
308345,208345,12/2/2025,UPI,Paid,565.17
308346,208346,9/29/2025,Cash on Delivery,Paid,7823.35
308347,208347,3/29/2023,Cash on Delivery,Paid,3892.67
308348,208348,8/19/2025,UPI,Paid,4216.43
308349,208349,11/15/2023,Cash on Delivery,Paid,2820.47
308350,208350,12/27/2025,UPI,Paid,2263.66
308351,208351,12/15/2025,UPI,Paid,1159.01
308352,208352,9/17/2025,Debit Card,Paid,11940.91
308353,208353,10/17/2024,Cash on Delivery,Paid,1133.02
308354,208354,1/28/2025,Credit Card,Paid,4465.29
308355,208355,10/30/2025,UPI,Paid,16373.69
308356,208356,7/3/2025,Credit Card,Paid,592.89
308357,208357,10/9/2025,Credit Card,Paid,7290.78
308358,208358,12/1/2024,UPI,Paid,10775.11
308359,208359,10/20/2025,UPI,Paid,6424.54
308360,208360,6/28/2025,Debit Card,Paid,2651.31
308361,208361,11/4/2025,UPI,Paid,2944.86
308362,208362,10/18/2025,UPI,Paid,2261.04
308363,208363,9/17/2025,Cash on Delivery,Paid,1222.41
308364,208364,6/21/2023,Debit Card,Paid,906.24
308365,208365,5/18/2025,Net Banking,Paid,5743.1
308366,208366,9/11/2025,Credit Card,Paid,6464.19
308367,208367,5/9/2025,Credit Card,Paid,1445.58
308368,208368,1/1/2025,Net Banking,Paid,670.33
308369,208369,7/13/2025,UPI,Paid,1087.31
308370,208370,6/12/2025,UPI,Paid,13409.92
308371,208371,10/12/2025,Cash on Delivery,Paid,8116.78
308372,208372,7/7/2025,UPI,Paid,653.71
308373,208373,1/3/2024,Wallet,Paid,9182.7
308374,208374,12/3/2025,Credit Card,Paid,5842.36
308375,208375,8/20/2025,Net Banking,Paid,24449.63
308376,208376,3/10/2025,Credit Card,Paid,4836.11
308377,208377,1/15/2025,Debit Card,Paid,1373.38
308378,208378,1/26/2025,Net Banking,Paid,20380.08
308379,208379,11/1/2025,Credit Card,Paid,7399.06
308380,208380,9/15/2023,Credit Card,Paid,509.35
308381,208381,10/24/2025,Net Banking,Paid,5998.98
308382,208382,11/14/2025,Cash on Delivery,Paid,2862.2
308383,208383,3/1/2025,Debit Card,Pending,3739.73
308384,208384,7/30/2024,Credit Card,Paid,3516.09
308385,208385,11/3/2025,Cash on Delivery,Paid,2617.58
308386,208386,6/6/2023,Debit Card,Paid,1899.93
308387,208387,9/2/2023,UPI,Paid,3743.2
308388,208388,9/28/2024,UPI,Paid,10984.54
308389,208389,7/8/2025,UPI,Paid,974.36
308390,208390,11/25/2025,Credit Card,Paid,1916.41
308391,208391,7/7/2025,Cash on Delivery,Paid,7824.32
308392,208392,12/23/2024,UPI,Paid,4683.02
308393,208393,6/22/2025,Wallet,Paid,1202.64
308394,208394,12/3/2024,Wallet,Paid,2143.2
308395,208395,3/19/2024,UPI,Paid,2764.99
308396,208396,8/26/2024,Credit Card,Paid,5235.96
308397,208397,12/10/2025,Credit Card,Paid,9584
308398,208398,12/23/2025,UPI,Paid,18842.75
308399,208399,9/18/2025,UPI,Paid,98.81
308400,208400,12/3/2023,Debit Card,Paid,4533.07
308401,208401,9/21/2025,Cash on Delivery,Paid,1496.52
308402,208402,3/12/2024,Credit Card,Paid,2178.24
308403,208403,12/25/2025,Credit Card,Paid,287.94
308404,208404,10/5/2025,Wallet,Paid,5214.85
308405,208405,10/6/2023,Net Banking,Paid,4905.6
308406,208406,4/25/2025,UPI,Paid,13169.87
308407,208407,11/28/2025,Credit Card,Paid,15131.61
308408,208408,10/29/2024,Debit Card,Paid,3772.59
308409,208409,12/14/2025,Credit Card,Paid,5610.79
308410,208410,8/18/2025,Cash on Delivery,Paid,13320.52
308411,208411,11/17/2023,Cash on Delivery,Paid,4906.65
308412,208412,7/24/2025,Credit Card,Paid,11424.51
308413,208413,7/8/2025,UPI,Paid,7229.2
308414,208414,1/24/2024,UPI,Paid,10151.75
308415,208415,11/30/2025,Credit Card,Paid,940.33
308416,208416,7/6/2025,Net Banking,Paid,728.19
308417,208417,11/20/2025,UPI,Pending,1385.62
308418,208418,9/11/2025,Wallet,Paid,1414.18
308419,208419,9/7/2024,Debit Card,Paid,1237.65
308420,208420,12/18/2024,UPI,Paid,3412.95
308421,208421,2/10/2025,Wallet,Paid,2220.39
308422,208422,8/19/2025,Debit Card,Paid,13171.69
308423,208423,12/12/2025,UPI,Paid,4902.89
308424,208424,8/28/2023,Credit Card,Paid,563.59
308425,208425,12/15/2025,Cash on Delivery,Paid,12054.21
308426,208426,12/30/2025,UPI,Paid,8139.16
308427,208427,12/27/2025,UPI,Paid,4602.74
308428,208428,8/13/2023,Cash on Delivery,Paid,7238.76
308429,208429,11/15/2025,UPI,Paid,2659.45
308430,208430,6/5/2025,Debit Card,Paid,16060.67
308431,208431,9/26/2025,Net Banking,Paid,10058.46
308432,208432,7/27/2024,Credit Card,Paid,486.68
308433,208433,4/3/2025,Debit Card,Paid,6603.8
308434,208434,9/6/2025,Credit Card,Failed,6023.51
308435,208435,4/11/2025,UPI,Paid,103.96
308436,208436,7/7/2024,Credit Card,Pending,4587.14
308437,208437,4/7/2025,Wallet,Paid,9574.58
308438,208438,4/1/2023,Credit Card,Paid,4433.22
308439,208439,6/4/2024,UPI,Paid,10620.47
308440,208440,5/14/2025,UPI,Paid,5684.77
308441,208441,7/18/2025,Net Banking,Paid,1687.63
308442,208442,10/30/2024,Debit Card,Paid,3387.3
308443,208443,11/21/2025,Debit Card,Paid,4856.46
308444,208444,6/30/2025,UPI,Paid,16950.56
308445,208445,9/1/2025,UPI,Paid,4919.52
308446,208446,3/27/2025,Net Banking,Paid,2457.74
308447,208447,11/23/2025,Credit Card,Paid,5089.21
308448,208448,9/14/2024,Cash on Delivery,Paid,4332.79
308449,208449,10/30/2025,Credit Card,Paid,1359.36
308450,208450,12/14/2025,Debit Card,Paid,5486.95
308451,208451,12/20/2025,UPI,Paid,452.08
308452,208452,10/31/2024,Net Banking,Paid,3028.49
308453,208453,9/22/2025,Cash on Delivery,Paid,2199.66
308454,208454,10/29/2023,UPI,Paid,4263.74
308455,208455,7/5/2024,Net Banking,Paid,3307.02
308456,208456,9/22/2025,Credit Card,Paid,6488.36
308457,208457,9/19/2025,Net Banking,Paid,1765.82
308458,208458,8/11/2025,Credit Card,Paid,8912.85
308459,208459,5/23/2024,Credit Card,Paid,7465.13
308460,208460,3/23/2025,Net Banking,Paid,10797.31
308461,208461,1/11/2025,Credit Card,Paid,1991.06
308462,208462,12/4/2025,UPI,Paid,794.67
308463,208463,11/6/2025,Debit Card,Paid,8902.88
308464,208464,11/6/2023,Debit Card,Paid,13228.36
308465,208465,10/18/2025,Credit Card,Paid,160.62
308466,208466,2/11/2025,UPI,Paid,7794.98
308467,208467,7/12/2025,Credit Card,Paid,807.53
308468,208468,12/6/2024,UPI,Paid,14730.08
308469,208469,8/14/2025,UPI,Paid,17132.86
308470,208470,8/19/2025,UPI,Paid,6306.83
308471,208471,12/24/2023,Debit Card,Paid,2415.86
308472,208472,2/26/2025,Cash on Delivery,Paid,13417.83
308473,208473,6/14/2025,UPI,Paid,26471.25
308474,208474,4/5/2025,Cash on Delivery,Paid,574.12
308475,208475,11/29/2024,Net Banking,Paid,18010.13
308476,208476,7/14/2025,Credit Card,Paid,4719.51
308477,208477,5/22/2025,UPI,Paid,14473.96
308478,208478,5/18/2025,Cash on Delivery,Paid,10307.78
308479,208479,4/19/2024,Credit Card,Paid,6743.79
308480,208480,11/27/2024,Net Banking,Paid,2387.46
308481,208481,8/13/2025,Wallet,Paid,5395.92
308482,208482,10/18/2024,Credit Card,Paid,1552.97
308483,208483,11/22/2025,UPI,Paid,23535.44
308484,208484,12/1/2025,Credit Card,Paid,4878.86
308485,208485,8/17/2024,Debit Card,Paid,10322.43
308486,208486,5/20/2025,UPI,Paid,2445.21
308487,208487,8/8/2025,UPI,Paid,4035.86
308488,208488,10/18/2025,UPI,Paid,3418.61
308489,208489,1/5/2025,Credit Card,Paid,2885.99
308490,208490,1/19/2024,Cash on Delivery,Paid,13951.82
308491,208491,3/8/2025,Wallet,Paid,4614.15
308492,208492,6/2/2025,Debit Card,Paid,16943.5
308493,208493,12/12/2025,Credit Card,Paid,23181.79
308494,208494,10/28/2025,Credit Card,Paid,1773.96
308495,208495,12/28/2024,Credit Card,Paid,9509.44
308496,208496,6/18/2025,UPI,Paid,812.21
308497,208497,12/21/2025,Credit Card,Paid,395.85
308498,208498,12/25/2025,UPI,Paid,8287.75
308499,208499,12/8/2025,Cash on Delivery,Paid,5466.82
308500,208500,3/5/2025,UPI,Paid,5883.45
308501,208501,10/25/2024,Credit Card,Paid,444.51
308502,208502,9/16/2025,Credit Card,Paid,11369.21
308503,208503,7/19/2025,Credit Card,Paid,914.43
308504,208504,7/31/2024,Cash on Delivery,Paid,2378.53
308505,208505,8/22/2025,Wallet,Paid,891.94
308506,208506,5/10/2023,Credit Card,Paid,2528.39
308507,208507,7/17/2024,UPI,Paid,15786.81
308508,208508,6/21/2025,Cash on Delivery,Paid,1901.35
308509,208509,3/7/2025,Cash on Delivery,Paid,2917.9
308510,208510,11/7/2025,UPI,Paid,79.98
308511,208511,3/3/2025,Credit Card,Paid,1798.14
308512,208512,10/20/2024,Cash on Delivery,Paid,300.43
308513,208513,5/15/2025,Credit Card,Paid,26480.35
308514,208514,4/22/2024,UPI,Paid,1725.94
308515,208515,3/30/2024,UPI,Paid,4662.21
308516,208516,12/6/2025,Debit Card,Paid,3400.51
308517,208517,4/21/2025,Debit Card,Paid,807.65
308518,208518,12/18/2024,UPI,Paid,3891.7
308519,208519,1/10/2025,Net Banking,Paid,8994.01
308520,208520,10/27/2025,Credit Card,Failed,10732.39
308521,208521,12/5/2024,Credit Card,Paid,1206.75
308522,208522,11/27/2025,Net Banking,Paid,16951.09
308523,208523,6/27/2025,Credit Card,Paid,4093.48
308524,208524,8/20/2024,UPI,Paid,2538.12
308525,208525,9/12/2024,Cash on Delivery,Paid,1256.7
308526,208526,4/10/2025,Debit Card,Paid,6846.03
308527,208527,8/11/2025,UPI,Pending,2945.4
308528,208528,11/6/2024,UPI,Paid,5797.68
308529,208529,9/29/2025,UPI,Paid,4885.67
308530,208530,10/24/2025,Cash on Delivery,Paid,748.31
308531,208531,11/4/2025,Net Banking,Paid,845.51
308532,208532,11/19/2025,Credit Card,Paid,19237.6
308533,208533,12/25/2025,UPI,Paid,3370.96
308534,208534,2/1/2025,UPI,Paid,2247.31
308535,208535,3/27/2025,Cash on Delivery,Paid,18638.99
308536,208536,12/12/2025,Wallet,Paid,17839.37
308537,208537,6/3/2024,Credit Card,Paid,5774.42
308538,208538,4/30/2025,UPI,Paid,8166.57
308539,208539,10/1/2025,Credit Card,Paid,3136.91
308540,208540,11/28/2025,UPI,Paid,16098.99
308541,208541,3/29/2025,Net Banking,Paid,5152.49
308542,208542,7/25/2024,Credit Card,Paid,9692.42
308543,208543,11/29/2024,Cash on Delivery,Paid,3725.04
308544,208544,3/21/2025,Net Banking,Paid,1410.87
308545,208545,11/21/2025,Net Banking,Paid,3335.1
308546,208546,1/30/2025,UPI,Paid,5172.76
308547,208547,5/23/2025,Debit Card,Paid,4726.96
308548,208548,7/19/2025,Wallet,Paid,870.54
308549,208549,3/15/2025,Cash on Delivery,Paid,1206.2
308550,208550,4/8/2025,Net Banking,Paid,8163.24
308551,208551,6/14/2025,Cash on Delivery,Paid,4930.2
308552,208552,9/29/2025,Credit Card,Paid,1042.14
308553,208553,11/24/2024,Credit Card,Paid,7932.06
308554,208554,4/15/2025,Credit Card,Paid,733.72
308555,208555,2/18/2025,UPI,Paid,6807.33
308556,208556,12/18/2023,Cash on Delivery,Failed,1201.81
308557,208557,8/22/2023,Credit Card,Paid,1246.33
308558,208558,1/30/2025,UPI,Paid,7018.88
308559,208559,5/22/2025,Credit Card,Paid,3894.11
308560,208560,12/6/2024,Cash on Delivery,Paid,111.02
308561,208561,12/18/2025,Debit Card,Paid,2174.52
308562,208562,5/7/2025,Credit Card,Paid,3299.96
308563,208563,8/17/2025,Net Banking,Paid,2102.7
308564,208564,12/14/2024,Cash on Delivery,Paid,2244.81
308565,208565,9/30/2025,UPI,Paid,7650.6
308566,208566,5/25/2025,Wallet,Paid,2987.46
308567,208567,2/21/2025,UPI,Paid,1921.34
308568,208568,8/2/2025,Cash on Delivery,Paid,6038.61
308569,208569,1/13/2025,UPI,Paid,3265.63
308570,208570,9/6/2025,Net Banking,Paid,852.04
308571,208571,7/10/2025,Cash on Delivery,Failed,6431.27
308572,208572,1/11/2025,UPI,Paid,3387.57
308573,208573,10/13/2025,Net Banking,Paid,15166.11
308574,208574,11/24/2025,Credit Card,Paid,13457.88
308575,208575,9/15/2024,UPI,Paid,3224.54
308576,208576,12/30/2025,UPI,Paid,4219.02
308577,208577,10/25/2025,Cash on Delivery,Paid,1358.68
308578,208578,4/28/2024,UPI,Paid,30177.45
308579,208579,10/6/2024,Cash on Delivery,Paid,255.38
308580,208580,8/18/2025,Credit Card,Paid,2491.86
308581,208581,11/3/2025,UPI,Failed,343.21
308582,208582,3/16/2025,Cash on Delivery,Paid,17155.53
308583,208583,8/9/2025,Debit Card,Paid,889.94
308584,208584,8/25/2025,Cash on Delivery,Paid,8725.21
308585,208585,9/23/2025,UPI,Paid,8952.89
308586,208586,9/21/2025,Credit Card,Paid,4808.15
308587,208587,2/6/2025,Credit Card,Paid,5187.55
308588,208588,5/22/2025,Credit Card,Paid,1847.7
308589,208589,11/25/2025,Debit Card,Paid,7727.81
308590,208590,10/31/2025,Credit Card,Paid,1784.9
308591,208591,12/19/2025,Cash on Delivery,Paid,2632.71
308592,208592,10/1/2025,Cash on Delivery,Paid,15386.73
308593,208593,3/6/2025,Credit Card,Paid,3279.69
308594,208594,9/12/2024,Cash on Delivery,Failed,5549.22
308595,208595,12/3/2025,Credit Card,Paid,3217.98
308596,208596,10/19/2024,Cash on Delivery,Paid,3563.56
308597,208597,1/1/2025,Cash on Delivery,Paid,4905.14
308598,208598,12/7/2025,Credit Card,Paid,8155.91
308599,208599,8/31/2024,Wallet,Paid,5686.43
308600,208600,10/19/2024,UPI,Paid,8917.88
308601,208601,1/16/2024,Wallet,Failed,656.11
308602,208602,12/26/2025,Cash on Delivery,Paid,3834.8
308603,208603,2/8/2025,Credit Card,Paid,1038.41
308604,208604,7/21/2024,UPI,Paid,9694.64
308605,208605,9/2/2025,UPI,Paid,14538.42
308606,208606,4/15/2024,Wallet,Paid,8988.07
308607,208607,11/19/2025,Credit Card,Paid,21892.61
308608,208608,5/20/2024,UPI,Paid,3599.8
308609,208609,3/30/2025,UPI,Paid,5199.11
308610,208610,7/24/2025,UPI,Paid,19685.77
308611,208611,12/3/2025,Wallet,Paid,9893.18
308612,208612,7/31/2025,Debit Card,Paid,9154.14
308613,208613,8/11/2025,Cash on Delivery,Paid,426.97
308614,208614,4/3/2025,Debit Card,Paid,3002.49
308615,208615,1/24/2025,Net Banking,Failed,1579.07
308616,208616,12/4/2025,UPI,Paid,663.25
308617,208617,12/26/2025,Wallet,Paid,3599.5
308618,208618,11/21/2025,UPI,Paid,3158.74
308619,208619,11/4/2025,UPI,Pending,1324.63
308620,208620,5/2/2025,Net Banking,Paid,12079.81
308621,208621,7/23/2024,Credit Card,Paid,3553.22
308622,208622,11/27/2025,UPI,Paid,22228.22
308623,208623,5/21/2025,UPI,Paid,11476.78
308624,208624,1/25/2025,Credit Card,Paid,1413.15
308625,208625,1/13/2025,UPI,Paid,2492.91
308626,208626,12/6/2024,Wallet,Paid,6365.42
308627,208627,5/22/2025,UPI,Paid,1853.44
308628,208628,8/22/2024,Net Banking,Paid,2726.18
308629,208629,2/28/2024,Debit Card,Paid,2057.92
308630,208630,12/25/2025,Net Banking,Paid,1563.27
308631,208631,4/11/2025,UPI,Paid,10229.8
308632,208632,10/7/2025,Debit Card,Paid,11589.72
308633,208633,1/17/2024,UPI,Pending,1208.52
308634,208634,12/22/2025,Wallet,Paid,18979.44
308635,208635,8/17/2025,Credit Card,Paid,1900.12
308636,208636,11/22/2025,UPI,Paid,14085.51
308637,208637,12/31/2025,Debit Card,Paid,1450
308638,208638,5/7/2025,UPI,Paid,1865.06
308639,208639,2/10/2024,UPI,Paid,3970.18
308640,208640,7/23/2024,UPI,Paid,12644.66
308641,208641,5/1/2024,Cash on Delivery,Paid,9979.79
308642,208642,3/15/2025,UPI,Paid,1919.71
308643,208643,12/29/2023,Debit Card,Paid,2570.94
308644,208644,8/18/2023,UPI,Paid,3966.52
308645,208645,1/18/2025,Debit Card,Paid,1287.22
308646,208646,8/15/2025,UPI,Paid,7962.1
308647,208647,3/1/2023,Credit Card,Paid,2518.04
308648,208648,12/9/2025,Net Banking,Paid,12720.68
308649,208649,10/27/2023,Cash on Delivery,Paid,28150.69
308650,208650,7/19/2025,UPI,Paid,2914.38
308651,208651,5/19/2024,Net Banking,Paid,5512.7
308652,208652,4/22/2025,UPI,Paid,345.33
308653,208653,12/5/2025,UPI,Paid,6587.85
308654,208654,3/31/2025,Wallet,Paid,30366.23
308655,208655,11/4/2025,Credit Card,Paid,7672.85
308656,208656,11/23/2024,Cash on Delivery,Paid,1556.59
308657,208657,9/17/2025,UPI,Paid,5171.77
308658,208658,10/18/2025,Cash on Delivery,Paid,2302.64
308659,208659,1/6/2024,Credit Card,Paid,9650.63
308660,208660,3/29/2025,Debit Card,Paid,1406.1
308661,208661,7/16/2023,UPI,Paid,13357.43
308662,208662,9/8/2025,Debit Card,Paid,949.63
308663,208663,10/14/2024,Net Banking,Paid,5523.22
308664,208664,10/24/2025,UPI,Paid,2023.24
308665,208665,11/5/2025,Credit Card,Paid,7793.78
308666,208666,3/19/2025,UPI,Paid,1577.4
308667,208667,9/18/2025,Debit Card,Paid,3862.21
308668,208668,8/28/2025,UPI,Pending,11645.54
308669,208669,3/12/2025,Credit Card,Paid,24590.61
308670,208670,4/6/2024,UPI,Paid,11068.56
308671,208671,11/17/2025,UPI,Paid,11061.67
308672,208672,8/25/2025,UPI,Paid,958.48
308673,208673,2/2/2024,Wallet,Paid,12014.56
308674,208674,11/16/2025,UPI,Paid,5779.64
308675,208675,8/12/2023,Net Banking,Paid,2540.87
308676,208676,9/18/2024,Credit Card,Paid,537.55
308677,208677,1/7/2025,Credit Card,Paid,6144.21
308678,208678,8/26/2024,Credit Card,Paid,78.28
308679,208679,8/16/2025,Credit Card,Paid,7208.7
308680,208680,5/19/2025,UPI,Paid,774.69
308681,208681,3/31/2025,UPI,Paid,3438.63
308682,208682,12/7/2025,Credit Card,Paid,13884.36
308683,208683,4/3/2024,Cash on Delivery,Paid,11990.61
308684,208684,11/15/2023,Debit Card,Paid,3725.36
308685,208685,11/7/2025,UPI,Paid,22872.25
308686,208686,1/9/2025,UPI,Paid,5360.23
308687,208687,5/16/2024,UPI,Paid,7715.26
308688,208688,3/30/2025,Credit Card,Paid,3009
308689,208689,10/12/2025,Credit Card,Paid,6480.96
308690,208690,2/26/2025,UPI,Paid,4084.38
308691,208691,11/12/2025,Cash on Delivery,Paid,8488.51
308692,208692,7/14/2024,Net Banking,Paid,1075.64
308693,208693,11/18/2024,UPI,Paid,469.61
308694,208694,11/1/2025,UPI,Paid,1912.52
308695,208695,5/15/2025,Credit Card,Paid,3685.4
308696,208696,12/28/2025,UPI,Paid,2806.82
308697,208697,12/20/2024,Debit Card,Failed,2240.56
308698,208698,7/6/2025,UPI,Paid,1071.85
308699,208699,1/17/2024,UPI,Paid,427.55
308700,208700,4/19/2025,UPI,Paid,2147.77
308701,208701,12/10/2025,UPI,Paid,13505.35
308702,208702,10/11/2024,Wallet,Paid,4162.58
308703,208703,8/1/2025,Cash on Delivery,Paid,5787.4
308704,208704,4/3/2025,Cash on Delivery,Paid,14426.81
308705,208705,12/7/2025,UPI,Paid,16142.2
308706,208706,12/5/2025,Net Banking,Paid,556.03
308707,208707,5/21/2025,UPI,Paid,1119.43
308708,208708,12/22/2025,UPI,Paid,1369.83
308709,208709,11/16/2023,Credit Card,Pending,8367.02
308710,208710,5/7/2024,Wallet,Paid,1277.79
308711,208711,12/15/2023,Cash on Delivery,Paid,4285.73
308712,208712,10/8/2025,Net Banking,Paid,1875.68
308713,208713,4/16/2024,UPI,Paid,8798.88
308714,208714,7/12/2024,UPI,Paid,1570.14
308715,208715,12/18/2025,Credit Card,Paid,9532.9
308716,208716,1/14/2025,Cash on Delivery,Paid,3816.94
308717,208717,12/11/2025,Debit Card,Paid,1100.53
308718,208718,6/25/2024,Credit Card,Paid,7906.97
308719,208719,11/13/2024,Debit Card,Paid,11361.03
308720,208720,10/25/2024,UPI,Paid,12702.37
308721,208721,1/24/2025,Credit Card,Paid,821.6
308722,208722,6/16/2025,UPI,Paid,8221.92
308723,208723,8/11/2025,Debit Card,Paid,8954.37
308724,208724,9/29/2025,Net Banking,Paid,5339.13
308725,208725,3/14/2024,Net Banking,Paid,1836.31
308726,208726,8/24/2025,UPI,Paid,2653.06
308727,208727,10/16/2025,Credit Card,Paid,928.02
308728,208728,1/25/2025,Debit Card,Paid,5751.31
308729,208729,12/25/2025,Credit Card,Paid,646.41
308730,208730,9/17/2025,Cash on Delivery,Paid,1431.43
308731,208731,8/11/2025,UPI,Paid,4025.33
308732,208732,7/6/2025,UPI,Paid,4640.04
308733,208733,8/26/2025,UPI,Paid,4238.16
308734,208734,9/3/2025,Cash on Delivery,Paid,9248.34
308735,208735,11/14/2023,UPI,Paid,910.49
308736,208736,3/10/2025,Debit Card,Paid,4167.01
308737,208737,12/30/2025,UPI,Paid,868
308738,208738,4/14/2025,UPI,Paid,13624.2
308739,208739,4/6/2025,UPI,Paid,9134.23
308740,208740,10/6/2025,Debit Card,Failed,9467.37
308741,208741,12/23/2024,UPI,Paid,16021.32
308742,208742,5/17/2025,Debit Card,Paid,3025.66
308743,208743,12/13/2024,UPI,Paid,14780.68
308744,208744,3/6/2024,Credit Card,Paid,4846.86
308745,208745,7/4/2025,Debit Card,Paid,23367.51
308746,208746,1/30/2025,UPI,Paid,1392.04
308747,208747,9/5/2025,UPI,Paid,4419.62
308748,208748,1/17/2025,UPI,Paid,23212.85
308749,208749,11/2/2025,Net Banking,Paid,5619.58
308750,208750,10/23/2025,Net Banking,Paid,2930.1
308751,208751,7/17/2024,Credit Card,Paid,6455.72
308752,208752,6/10/2025,UPI,Paid,5904.78
308753,208753,12/23/2023,UPI,Paid,2159.19
308754,208754,12/27/2024,Credit Card,Paid,4244.95
308755,208755,9/18/2025,UPI,Paid,6968.28
308756,208756,6/30/2024,Debit Card,Paid,1570.22
308757,208757,12/5/2025,Debit Card,Pending,7658.81
308758,208758,12/21/2025,UPI,Paid,922.09
308759,208759,8/14/2025,Debit Card,Paid,21453.43
308760,208760,10/15/2025,UPI,Paid,9715.07
308761,208761,12/5/2025,Debit Card,Paid,8305.28
308762,208762,4/12/2025,UPI,Paid,7493.26
308763,208763,7/27/2025,Net Banking,Paid,13701.92
308764,208764,8/26/2025,Debit Card,Paid,2057.44
308765,208765,3/25/2025,UPI,Paid,25544.35
308766,208766,9/8/2025,Debit Card,Paid,2135.07
308767,208767,8/14/2023,Credit Card,Paid,1441.31
308768,208768,11/8/2025,Debit Card,Pending,4721.58
308769,208769,8/2/2025,Debit Card,Paid,2113.12
308770,208770,8/23/2025,Cash on Delivery,Paid,637.99
308771,208771,11/30/2025,Credit Card,Paid,3241.77
308772,208772,9/28/2025,Debit Card,Paid,6734.58
308773,208773,12/13/2025,Credit Card,Paid,9275.21
308774,208774,9/11/2025,Debit Card,Paid,15650.19
308775,208775,8/7/2025,UPI,Paid,9821.01
308776,208776,10/11/2024,Credit Card,Paid,2721.97
308777,208777,2/14/2025,Debit Card,Paid,28750.41
308778,208778,8/5/2025,Debit Card,Paid,3694.92
308779,208779,11/22/2025,Cash on Delivery,Paid,16900.86
308780,208780,4/29/2025,UPI,Paid,748.14
308781,208781,12/15/2025,Debit Card,Paid,9082.42
308782,208782,12/25/2025,Debit Card,Paid,6791.84
308783,208783,10/22/2025,UPI,Paid,3663.52
308784,208784,11/29/2025,UPI,Paid,13023.56
308785,208785,7/21/2025,Credit Card,Paid,382.88
308786,208786,9/1/2024,Credit Card,Paid,3832.14
308787,208787,11/29/2025,UPI,Paid,3289.77
308788,208788,12/9/2025,Debit Card,Paid,3138.97
308789,208789,4/21/2024,Net Banking,Paid,713.01
308790,208790,8/16/2024,UPI,Paid,7433.88
308791,208791,9/3/2024,Net Banking,Paid,1917.83
308792,208792,4/13/2025,UPI,Paid,3588.75
308793,208793,10/30/2024,Credit Card,Paid,1120.14
308794,208794,4/29/2025,UPI,Paid,4718.14
308795,208795,3/3/2025,Wallet,Paid,10012.48
308796,208796,8/8/2023,Debit Card,Paid,3300.55
308797,208797,5/15/2025,UPI,Paid,4567.36
308798,208798,7/26/2024,UPI,Paid,2748.16
308799,208799,12/8/2024,UPI,Paid,8362.64
308800,208800,9/24/2025,UPI,Paid,11525.67
308801,208801,12/11/2025,Credit Card,Paid,1816.46
308802,208802,1/21/2024,UPI,Failed,6426.91
308803,208803,10/29/2025,Debit Card,Paid,1989.84
308804,208804,1/31/2025,Credit Card,Paid,7748.12
308805,208805,8/4/2025,UPI,Paid,9287.05
308806,208806,12/19/2024,Net Banking,Paid,39244.17
308807,208807,11/22/2023,Credit Card,Paid,21293.14
308808,208808,3/22/2024,UPI,Paid,7045.6
308809,208809,7/12/2024,Credit Card,Paid,1460.41
308810,208810,3/15/2023,Cash on Delivery,Paid,382.06
308811,208811,7/18/2025,UPI,Paid,15406.19
308812,208812,5/10/2025,Credit Card,Paid,4747.64
308813,208813,6/17/2025,Net Banking,Paid,849.05
308814,208814,10/15/2025,Net Banking,Paid,7226.65
308815,208815,7/27/2025,UPI,Paid,882.55
308816,208816,5/11/2025,UPI,Paid,14200.24
308817,208817,6/8/2025,Cash on Delivery,Paid,10743.61
308818,208818,9/22/2025,Debit Card,Paid,2202.87
308819,208819,2/21/2025,Credit Card,Paid,5892.31
308820,208820,11/4/2025,UPI,Paid,7638.48
308821,208821,9/25/2025,UPI,Paid,14441.24
308822,208822,7/28/2025,Credit Card,Paid,787.47
308823,208823,7/6/2024,UPI,Paid,11449.63
308824,208824,10/25/2024,Wallet,Paid,2292.05
308825,208825,1/10/2025,UPI,Paid,2612.55
308826,208826,10/21/2025,UPI,Paid,257.39
308827,208827,4/15/2025,UPI,Paid,3739.79
308828,208828,11/19/2024,UPI,Paid,674.12
308829,208829,3/15/2024,Debit Card,Paid,4564.91
308830,208830,12/24/2025,Debit Card,Paid,2739.9
308831,208831,9/29/2023,Cash on Delivery,Paid,3973.27
308832,208832,8/4/2025,Cash on Delivery,Paid,1993.79
308833,208833,12/16/2025,UPI,Paid,7107.71
308834,208834,12/13/2025,Net Banking,Paid,23154
308835,208835,9/5/2023,UPI,Paid,3590.85
308836,208836,1/6/2025,Debit Card,Paid,2994.82
308837,208837,8/2/2025,UPI,Paid,1195.36
308838,208838,1/19/2025,Credit Card,Paid,1270.15
308839,208839,10/28/2025,Wallet,Paid,6016.78
308840,208840,3/11/2023,UPI,Paid,4435.94
308841,208841,5/30/2024,UPI,Paid,6494.68
308842,208842,3/29/2025,Cash on Delivery,Paid,10040.88
308843,208843,4/23/2025,Debit Card,Paid,7713.71
308844,208844,10/19/2023,Debit Card,Paid,13077.54
308845,208845,11/29/2025,Debit Card,Paid,1723.92
308846,208846,11/1/2024,UPI,Paid,7176.56
308847,208847,5/11/2024,UPI,Paid,6980.13
308848,208848,4/10/2024,UPI,Paid,837.34
308849,208849,10/19/2025,UPI,Paid,4695.09
308850,208850,1/31/2025,Credit Card,Paid,1116
308851,208851,11/29/2025,UPI,Paid,30547.61
308852,208852,11/5/2025,Credit Card,Failed,1092.58
308853,208853,8/9/2025,Debit Card,Paid,11900.32
308854,208854,11/11/2025,Net Banking,Paid,825.82
308855,208855,12/25/2025,UPI,Paid,6413.28
308856,208856,6/1/2025,UPI,Paid,908.67
308857,208857,4/6/2025,Credit Card,Paid,10175.69
308858,208858,12/15/2024,UPI,Paid,29509.41
308859,208859,12/17/2025,Cash on Delivery,Paid,3624.78
308860,208860,2/14/2025,UPI,Failed,3645.55
308861,208861,12/18/2024,UPI,Paid,1593.64
308862,208862,8/20/2024,Wallet,Paid,3509.31
308863,208863,10/31/2025,Credit Card,Pending,2072.98
308864,208864,9/30/2023,UPI,Paid,12792.12
308865,208865,8/20/2024,Cash on Delivery,Paid,7192.75
308866,208866,6/25/2024,Credit Card,Paid,1361.41
308867,208867,11/24/2025,Credit Card,Paid,3420.45
308868,208868,10/25/2025,UPI,Paid,5270.69
308869,208869,7/24/2025,UPI,Paid,15509.25
308870,208870,8/1/2025,Net Banking,Paid,7158.3
308871,208871,3/11/2025,Cash on Delivery,Paid,900.54
308872,208872,3/25/2024,Debit Card,Paid,1466.9
308873,208873,1/28/2023,Debit Card,Paid,6489.39
308874,208874,4/5/2023,UPI,Paid,11801.16
308875,208875,8/24/2025,UPI,Paid,3048.5
308876,208876,4/6/2025,Debit Card,Failed,7466.97
308877,208877,11/16/2025,UPI,Failed,12550.76
308878,208878,12/7/2025,Net Banking,Paid,1599.61
308879,208879,3/15/2025,UPI,Paid,13798.42
308880,208880,5/14/2025,Cash on Delivery,Paid,3087.17
308881,208881,7/21/2024,UPI,Paid,24521.36
308882,208882,6/21/2024,Net Banking,Paid,4546.08
308883,208883,9/21/2024,UPI,Paid,2240.87
308884,208884,11/4/2025,UPI,Paid,15371.75
308885,208885,6/13/2025,Wallet,Paid,7131.36
308886,208886,9/14/2025,Cash on Delivery,Paid,1857.88
308887,208887,6/30/2025,Net Banking,Pending,5772.46
308888,208888,10/16/2025,Net Banking,Paid,4359.7
308889,208889,4/23/2024,Cash on Delivery,Paid,2054.54
308890,208890,5/15/2024,UPI,Paid,5927.68
308891,208891,5/14/2025,Net Banking,Pending,1111.24
308892,208892,11/6/2024,Credit Card,Paid,1831.94
308893,208893,7/18/2023,Net Banking,Paid,6428.51
308894,208894,12/22/2025,UPI,Paid,12383.21
308895,208895,11/12/2025,UPI,Paid,5002.69
308896,208896,9/24/2025,UPI,Paid,10204.82
308897,208897,6/22/2025,Net Banking,Paid,3654.16
308898,208898,4/28/2024,Credit Card,Paid,21395
308899,208899,9/28/2025,Cash on Delivery,Paid,4885.63
308900,208900,1/10/2025,UPI,Paid,2998.34
308901,208901,12/14/2025,Cash on Delivery,Paid,10597.51
308902,208902,9/3/2025,Wallet,Paid,4587.84
308903,208903,1/31/2025,Cash on Delivery,Paid,8312.4
308904,208904,8/5/2023,Credit Card,Paid,4760.49
308905,208905,12/5/2024,Debit Card,Paid,9195.19
308906,208906,6/3/2024,Debit Card,Paid,3204.2
308907,208907,11/22/2025,Credit Card,Paid,16856.58
308908,208908,3/2/2024,UPI,Paid,7232.97
308909,208909,6/22/2025,UPI,Paid,8937.28
308910,208910,5/27/2024,UPI,Paid,6737.01
308911,208911,12/30/2025,Debit Card,Paid,8551.5
308912,208912,8/13/2025,Credit Card,Paid,2472.25
308913,208913,5/5/2025,UPI,Paid,3385.8
308914,208914,3/19/2025,Cash on Delivery,Paid,11217.08
308915,208915,6/23/2025,UPI,Paid,414.33
308916,208916,12/22/2025,Debit Card,Paid,8237.43
308917,208917,9/4/2024,Credit Card,Paid,6989.67
308918,208918,3/31/2025,Debit Card,Paid,4049.15
308919,208919,10/31/2025,Net Banking,Paid,4150.39
308920,208920,8/2/2024,Debit Card,Paid,2086.13
308921,208921,12/31/2025,Credit Card,Paid,15115.69
308922,208922,7/29/2025,Net Banking,Paid,7941.42
308923,208923,9/12/2024,Credit Card,Paid,3000.65
308924,208924,12/1/2025,Cash on Delivery,Paid,16524.81
308925,208925,2/21/2025,Cash on Delivery,Paid,5125.67
308926,208926,2/8/2025,Debit Card,Pending,1279.85
308927,208927,2/22/2024,UPI,Paid,5486.6
308928,208928,5/10/2025,UPI,Paid,5230.3
308929,208929,9/4/2025,UPI,Failed,1217.3
308930,208930,8/19/2024,UPI,Paid,1639.94
308931,208931,7/27/2025,Wallet,Paid,5669.3
308932,208932,6/11/2024,UPI,Paid,5389.79
308933,208933,8/20/2023,Cash on Delivery,Paid,9731.39
308934,208934,12/31/2025,Credit Card,Paid,2594.24
308935,208935,4/4/2025,UPI,Paid,739.65
308936,208936,12/25/2025,Debit Card,Paid,16866.8
308937,208937,2/4/2025,Cash on Delivery,Paid,2723.74
308938,208938,7/20/2025,Wallet,Paid,6805.58
308939,208939,8/20/2025,UPI,Paid,2112.15
308940,208940,7/5/2025,Cash on Delivery,Paid,3138.87
308941,208941,3/29/2025,Debit Card,Paid,14816.68
308942,208942,2/15/2025,Debit Card,Paid,3029.33
308943,208943,11/12/2024,Credit Card,Paid,563.66
308944,208944,8/27/2023,Credit Card,Paid,23903.86
308945,208945,12/3/2025,Debit Card,Paid,16377.56
308946,208946,9/3/2025,Cash on Delivery,Paid,14448.37
308947,208947,5/15/2025,Net Banking,Paid,10070.45
308948,208948,6/1/2025,UPI,Paid,256.83
308949,208949,12/14/2025,UPI,Paid,1446.69
308950,208950,9/12/2023,Net Banking,Paid,1003.29
308951,208951,11/6/2025,UPI,Paid,454.49
308952,208952,12/16/2025,Debit Card,Paid,1789.73
308953,208953,5/7/2024,UPI,Paid,954.69
308954,208954,10/12/2025,Credit Card,Paid,512.88
308955,208955,4/4/2024,UPI,Paid,1558.78
308956,208956,1/7/2025,Cash on Delivery,Paid,3310.54
308957,208957,9/12/2023,Debit Card,Paid,6253.9
308958,208958,10/23/2024,Credit Card,Paid,2185.43
308959,208959,12/16/2025,Cash on Delivery,Paid,3702.46
308960,208960,12/1/2025,Net Banking,Paid,3159.39
308961,208961,12/15/2025,UPI,Paid,6322.4
308962,208962,10/15/2025,UPI,Paid,10352.78
308963,208963,11/15/2025,UPI,Paid,6947.99
308964,208964,12/28/2025,Wallet,Paid,3841.09
308965,208965,9/20/2024,Cash on Delivery,Paid,1172.76
308966,208966,3/4/2025,Debit Card,Paid,5686
308967,208967,6/26/2024,Debit Card,Paid,9654.95
308968,208968,12/22/2025,Debit Card,Paid,19196
308969,208969,5/28/2025,UPI,Paid,4731.2
308970,208970,12/7/2025,UPI,Paid,17188.11
308971,208971,6/3/2024,Net Banking,Paid,12017.81
308972,208972,6/9/2025,UPI,Paid,4114.36
308973,208973,11/8/2025,UPI,Paid,8150.5
308974,208974,7/31/2024,Debit Card,Paid,3213.41
308975,208975,4/9/2025,Debit Card,Paid,3852.66
308976,208976,2/11/2025,Debit Card,Paid,602.83
308977,208977,5/22/2025,Net Banking,Paid,5167.66
308978,208978,3/26/2024,UPI,Paid,8730.4
308979,208979,12/30/2025,Cash on Delivery,Paid,870.4
308980,208980,5/25/2024,UPI,Paid,5411.68
308981,208981,11/18/2025,Credit Card,Paid,9363.97
308982,208982,12/26/2025,Credit Card,Paid,9920.9
308983,208983,4/4/2025,UPI,Paid,17614.41
308984,208984,4/4/2025,Credit Card,Paid,2100.85
308985,208985,10/23/2025,Debit Card,Paid,4466.09
308986,208986,2/22/2025,UPI,Paid,33443.76
308987,208987,5/14/2025,Cash on Delivery,Paid,4128.37
308988,208988,11/25/2025,Credit Card,Paid,4829.81
308989,208989,5/11/2024,UPI,Paid,4794.99
308990,208990,9/7/2025,Cash on Delivery,Paid,4653.96
308991,208991,3/23/2025,UPI,Paid,6114.88
308992,208992,12/10/2024,Debit Card,Paid,2735.58
308993,208993,12/21/2025,Cash on Delivery,Paid,5488.23
308994,208994,12/31/2025,Credit Card,Paid,2115.9
308995,208995,3/16/2025,Debit Card,Paid,1530.93
308996,208996,9/23/2025,Credit Card,Paid,197.67
308997,208997,11/30/2023,Credit Card,Paid,176.75
308998,208998,11/26/2025,Cash on Delivery,Paid,5676.68
308999,208999,7/11/2025,Credit Card,Paid,1415.42
309000,209000,10/28/2025,Cash on Delivery,Paid,23850.81
309001,209001,3/11/2025,UPI,Paid,1247.56
309002,209002,9/16/2024,Credit Card,Paid,12297.19
309003,209003,7/15/2024,UPI,Paid,11635.32
309004,209004,5/15/2025,Credit Card,Paid,1005.01
309005,209005,6/24/2025,Credit Card,Paid,4838.71
309006,209006,11/8/2025,Debit Card,Paid,4036.11
309007,209007,11/10/2025,UPI,Paid,4491.47
309008,209008,7/5/2024,Credit Card,Paid,16799.29
309009,209009,11/14/2023,Debit Card,Failed,1682.07
309010,209010,8/5/2025,Credit Card,Paid,1298.25
309011,209011,10/14/2025,Net Banking,Paid,973.92
309012,209012,5/10/2025,Credit Card,Paid,10276.17
309013,209013,5/9/2025,Debit Card,Paid,25126.94
309014,209014,12/25/2025,Debit Card,Paid,9438.03
309015,209015,10/8/2024,UPI,Paid,1011.92
309016,209016,3/11/2024,Wallet,Paid,788.45
309017,209017,12/14/2025,UPI,Paid,4662.75
309018,209018,8/16/2025,Credit Card,Paid,572.58
309019,209019,7/20/2025,UPI,Paid,6535.19
309020,209020,3/21/2025,UPI,Paid,4138.99
309021,209021,7/25/2023,Cash on Delivery,Paid,8059.78
309022,209022,7/6/2025,Cash on Delivery,Paid,1619.02
309023,209023,8/1/2025,Credit Card,Paid,6034.71
309024,209024,4/3/2025,UPI,Paid,4760.11
309025,209025,6/1/2025,UPI,Paid,1874.58
309026,209026,4/30/2025,UPI,Failed,359.18
309027,209027,6/21/2025,UPI,Paid,4124.71
309028,209028,9/21/2025,Wallet,Paid,10116.68
309029,209029,9/2/2024,Cash on Delivery,Paid,12409.53
309030,209030,9/27/2025,UPI,Paid,4274.16
309031,209031,8/17/2025,Cash on Delivery,Pending,6036.97
309032,209032,12/14/2025,Cash on Delivery,Paid,12333.92
309033,209033,11/11/2024,Wallet,Paid,603.88
309034,209034,10/22/2024,Credit Card,Paid,9172.57
309035,209035,10/3/2024,Net Banking,Paid,3281.73
309036,209036,1/14/2024,UPI,Paid,994.96
309037,209037,11/2/2024,UPI,Paid,2507.73
309038,209038,9/24/2025,Cash on Delivery,Paid,23797.48
309039,209039,7/29/2025,Credit Card,Paid,2057.73
309040,209040,10/31/2025,UPI,Paid,8169.17
309041,209041,11/9/2024,UPI,Paid,1850.59
309042,209042,6/30/2025,Debit Card,Paid,840.67
309043,209043,10/2/2024,UPI,Paid,3643.83
309044,209044,1/11/2024,Wallet,Paid,15971.12
309045,209045,8/19/2025,Net Banking,Paid,4722.35
309046,209046,7/15/2025,Debit Card,Paid,1642.42
309047,209047,4/11/2024,UPI,Paid,3228.04
309048,209048,11/30/2023,Debit Card,Paid,1451.13
309049,209049,10/24/2025,UPI,Paid,4070.9
309050,209050,9/22/2024,UPI,Paid,1334.97
309051,209051,6/3/2025,UPI,Paid,6495.33
309052,209052,10/9/2025,UPI,Paid,35312.07
309053,209053,7/23/2025,Credit Card,Paid,6761.79
309054,209054,9/10/2025,UPI,Paid,8916.92
309055,209055,2/23/2025,UPI,Paid,14732.18
309056,209056,8/29/2025,Cash on Delivery,Paid,2754.32
309057,209057,9/19/2025,UPI,Paid,2109.54
309058,209058,6/23/2025,UPI,Paid,5652.32
309059,209059,11/11/2025,Credit Card,Paid,855.38
309060,209060,9/24/2025,Debit Card,Paid,5213.99
309061,209061,10/2/2024,Credit Card,Paid,25976.3
309062,209062,10/26/2023,Debit Card,Paid,1172.34
309063,209063,8/23/2025,Cash on Delivery,Paid,18920.98
309064,209064,12/24/2024,Net Banking,Paid,3771.76
309065,209065,6/10/2024,Credit Card,Failed,8049.6
309066,209066,11/28/2025,Credit Card,Paid,6342.7
309067,209067,8/15/2025,UPI,Paid,26074.18
309068,209068,6/19/2025,Credit Card,Paid,7642.88
309069,209069,12/25/2025,Credit Card,Paid,2583.48
309070,209070,2/15/2025,UPI,Paid,2153.54
309071,209071,10/11/2025,Cash on Delivery,Paid,15671.41
309072,209072,11/9/2025,Credit Card,Paid,344.69
309073,209073,3/20/2025,Credit Card,Paid,919.86
309074,209074,9/29/2025,UPI,Paid,2065.4
309075,209075,7/7/2025,Debit Card,Paid,7136.45
309076,209076,12/15/2023,Debit Card,Paid,7108.07
309077,209077,8/29/2025,UPI,Paid,20107.27
309078,209078,8/7/2024,Cash on Delivery,Paid,6778.44
309079,209079,12/29/2025,Cash on Delivery,Paid,16204.89
309080,209080,11/2/2025,Credit Card,Paid,828.74
309081,209081,4/10/2025,UPI,Pending,3263.15
309082,209082,12/23/2025,UPI,Paid,5734.94
309083,209083,7/3/2025,Debit Card,Paid,7997.36
309084,209084,10/13/2025,Debit Card,Paid,3819.75
309085,209085,9/28/2025,UPI,Paid,7458.98
309086,209086,11/23/2025,UPI,Paid,9892.98
309087,209087,10/31/2025,UPI,Paid,1228.36
309088,209088,8/21/2023,Credit Card,Paid,5915.92
309089,209089,12/8/2024,Net Banking,Paid,9201.13
309090,209090,1/27/2025,Debit Card,Paid,4393.26
309091,209091,12/29/2025,Debit Card,Paid,8133.94
309092,209092,4/23/2025,UPI,Paid,6779.89
309093,209093,2/3/2025,Debit Card,Paid,3000.48
309094,209094,12/3/2025,UPI,Paid,8613.9
309095,209095,8/12/2025,Credit Card,Paid,16213.66
309096,209096,10/19/2025,Credit Card,Paid,717.47
309097,209097,9/20/2025,Debit Card,Paid,9931.36
309098,209098,12/17/2025,Credit Card,Paid,7441.96
309099,209099,12/12/2025,Credit Card,Paid,1031.32
309100,209100,12/11/2025,Debit Card,Paid,1696.35
309101,209101,2/28/2024,UPI,Paid,1293.03
309102,209102,5/11/2023,UPI,Paid,4833.67
309103,209103,11/23/2025,Debit Card,Paid,28972
309104,209104,6/5/2024,UPI,Paid,16551.75
309105,209105,6/27/2025,Cash on Delivery,Paid,8861.99
309106,209106,3/13/2024,Credit Card,Paid,6444.67
309107,209107,11/29/2025,Net Banking,Paid,2404.2
309108,209108,4/23/2025,Credit Card,Paid,7713.92
309109,209109,12/4/2025,Credit Card,Paid,11531.77
309110,209110,4/26/2025,UPI,Paid,340.31
309111,209111,1/5/2024,UPI,Paid,83.31
309112,209112,5/21/2025,UPI,Paid,5529.04
309113,209113,7/20/2024,Credit Card,Paid,12699.26
309114,209114,8/26/2024,Credit Card,Paid,625.92
309115,209115,10/19/2025,Credit Card,Paid,9167.49
309116,209116,4/14/2025,UPI,Paid,20344.75
309117,209117,6/6/2025,UPI,Paid,3875.09
309118,209118,12/7/2025,UPI,Paid,2629.21
309119,209119,7/5/2025,Net Banking,Paid,15372.22
309120,209120,12/29/2025,Credit Card,Paid,38537.52
309121,209121,10/13/2025,Debit Card,Paid,8820.69
309122,209122,2/14/2024,Net Banking,Paid,19886.89
309123,209123,11/9/2025,Net Banking,Paid,8639.51
309124,209124,7/10/2024,Credit Card,Paid,24729.84
309125,209125,10/6/2025,Cash on Delivery,Paid,5247.55
309126,209126,9/12/2025,Debit Card,Paid,8441.75
309127,209127,8/3/2024,Credit Card,Paid,5898.42
309128,209128,11/10/2025,UPI,Paid,3778.1
309129,209129,7/15/2025,Debit Card,Paid,11328.78
309130,209130,9/21/2023,Net Banking,Paid,13816.55
309131,209131,11/19/2023,Net Banking,Paid,1449.35
309132,209132,5/27/2025,UPI,Paid,3418.09
309133,209133,4/8/2024,UPI,Paid,3425.33
309134,209134,10/23/2025,Credit Card,Paid,9079.02
309135,209135,11/25/2025,Cash on Delivery,Paid,3146.47
309136,209136,5/1/2025,Credit Card,Paid,15230.61
309137,209137,9/22/2025,UPI,Paid,13873.32
309138,209138,10/17/2025,Wallet,Paid,837.84
309139,209139,10/17/2024,Credit Card,Paid,3546.75
309140,209140,6/9/2023,Credit Card,Paid,6787.63
309141,209141,5/24/2025,Credit Card,Paid,2480.99
309142,209142,11/29/2025,Wallet,Paid,1652.55
309143,209143,6/4/2024,Credit Card,Paid,684.72
309144,209144,5/14/2024,UPI,Pending,743.28
309145,209145,8/30/2024,UPI,Paid,11106.92
309146,209146,7/19/2024,UPI,Paid,4100.8
309147,209147,11/24/2025,Credit Card,Paid,6214.28
309148,209148,12/10/2024,Credit Card,Paid,5374.31
309149,209149,8/22/2025,Cash on Delivery,Paid,2086.14
309150,209150,10/18/2025,Debit Card,Paid,9043.28
309151,209151,8/17/2025,UPI,Paid,5740.4
309152,209152,10/17/2025,Debit Card,Paid,7120.79
309153,209153,1/7/2025,UPI,Paid,1132.39
309154,209154,5/8/2024,Debit Card,Paid,6548.6
309155,209155,8/28/2025,UPI,Paid,24866.53
309156,209156,3/5/2025,Credit Card,Paid,604.9
309157,209157,4/20/2024,UPI,Pending,350.76
309158,209158,12/6/2024,UPI,Paid,4399.46
309159,209159,3/15/2025,Net Banking,Paid,3814.77
309160,209160,12/25/2025,Cash on Delivery,Paid,4195.31
309161,209161,12/8/2025,Credit Card,Paid,12650.52
309162,209162,8/18/2024,Debit Card,Paid,2335.74
309163,209163,11/23/2023,Credit Card,Paid,16463.98
309164,209164,12/4/2024,Credit Card,Paid,6032.85
309165,209165,10/14/2025,UPI,Paid,13356.47
309166,209166,9/4/2025,Net Banking,Paid,8222.55
309167,209167,1/27/2025,Cash on Delivery,Paid,500.26
309168,209168,12/5/2024,Cash on Delivery,Paid,4159.2
309169,209169,7/1/2025,Wallet,Failed,33994.61
309170,209170,7/5/2024,UPI,Paid,1688.48
309171,209171,3/27/2025,UPI,Paid,10679
309172,209172,5/7/2025,Net Banking,Paid,4034.49
309173,209173,12/15/2025,UPI,Paid,2061.12
309174,209174,7/3/2025,Debit Card,Pending,2080.54
309175,209175,9/11/2025,Cash on Delivery,Paid,5431.81
309176,209176,12/6/2025,UPI,Paid,6562.75
309177,209177,12/25/2025,UPI,Paid,3557.2
309178,209178,12/31/2024,UPI,Paid,683.22
309179,209179,9/27/2025,Debit Card,Paid,1801.17
309180,209180,11/13/2024,Debit Card,Paid,8117.27
309181,209181,2/12/2024,Wallet,Paid,1347.97
309182,209182,10/13/2023,UPI,Paid,7639.26
309183,209183,12/12/2025,Net Banking,Paid,7515.67
309184,209184,9/19/2025,Credit Card,Paid,5975.3
309185,209185,5/21/2024,Credit Card,Paid,3247.13
309186,209186,5/10/2024,UPI,Paid,4709.19
309187,209187,11/22/2025,Credit Card,Paid,864.79
309188,209188,12/25/2024,Credit Card,Paid,570.28
309189,209189,9/24/2025,Debit Card,Paid,5285.04
309190,209190,11/21/2024,Wallet,Paid,9334.4
309191,209191,3/12/2024,Debit Card,Paid,8330.61
309192,209192,10/18/2025,Credit Card,Paid,2357.96
309193,209193,12/22/2024,UPI,Paid,9993.92
309194,209194,9/3/2023,Debit Card,Paid,7706.31
309195,209195,12/9/2023,UPI,Paid,1076.55
309196,209196,12/9/2024,Cash on Delivery,Paid,4847.56
309197,209197,1/29/2025,UPI,Paid,640.96
309198,209198,11/3/2025,Debit Card,Paid,23718.82
309199,209199,12/31/2024,Credit Card,Failed,750.43
309200,209200,11/10/2024,Cash on Delivery,Paid,6462.17
309201,209201,7/27/2024,Debit Card,Paid,7048.31
309202,209202,4/11/2025,Credit Card,Paid,16691.24
309203,209203,5/17/2024,UPI,Paid,3361.07
309204,209204,12/12/2025,UPI,Paid,12261.67
309205,209205,12/17/2025,Debit Card,Failed,2481.72
309206,209206,11/6/2025,UPI,Paid,1564.82
309207,209207,6/7/2025,UPI,Paid,4002.19
309208,209208,10/17/2025,UPI,Paid,957.44
309209,209209,8/2/2023,Debit Card,Paid,8954.35
309210,209210,9/14/2025,Cash on Delivery,Paid,3264.62
309211,209211,3/5/2025,Cash on Delivery,Paid,2498.43
309212,209212,7/4/2025,Wallet,Paid,25018.15
309213,209213,11/20/2024,UPI,Paid,6950.99
309214,209214,7/25/2025,Wallet,Paid,5837.51
309215,209215,1/9/2024,Credit Card,Paid,2031.15
309216,209216,8/29/2025,UPI,Paid,2333.73
309217,209217,11/16/2025,Wallet,Paid,926.43
309218,209218,9/28/2025,UPI,Paid,17846.67
309219,209219,7/17/2025,Cash on Delivery,Paid,6274.92
309220,209220,7/19/2025,Cash on Delivery,Paid,6535.17
309221,209221,5/1/2024,Wallet,Paid,5165.72
309222,209222,9/6/2025,Net Banking,Paid,3038.37
309223,209223,3/14/2025,Debit Card,Paid,3460.48
309224,209224,10/9/2025,UPI,Paid,5822.48
309225,209225,6/29/2025,Credit Card,Paid,4629.2
309226,209226,11/25/2025,Net Banking,Paid,14847.09
309227,209227,3/9/2025,Wallet,Paid,2079.69
309228,209228,6/12/2025,Cash on Delivery,Paid,340.26
309229,209229,8/9/2025,UPI,Paid,3588.26
309230,209230,11/9/2025,Net Banking,Paid,2554.55
309231,209231,10/23/2025,Credit Card,Paid,60940.2
309232,209232,4/14/2023,Credit Card,Paid,2972.98
309233,209233,2/2/2024,Net Banking,Paid,9665.59
309234,209234,6/5/2025,Cash on Delivery,Paid,6446.09
309235,209235,5/23/2025,Cash on Delivery,Paid,6687.23
309236,209236,7/2/2024,Net Banking,Paid,4694.19
309237,209237,9/19/2025,Debit Card,Paid,12606.9
309238,209238,11/18/2025,UPI,Paid,6124.89
309239,209239,1/26/2025,UPI,Paid,9950.89
309240,209240,12/29/2025,Net Banking,Paid,12878.56
309241,209241,12/1/2024,UPI,Paid,1817.71
309242,209242,4/14/2025,Credit Card,Paid,6471.28
309243,209243,7/27/2025,Credit Card,Paid,678.73
309244,209244,11/1/2025,Credit Card,Paid,9198.28
309245,209245,8/21/2024,Net Banking,Paid,4842.24
309246,209246,5/9/2024,Credit Card,Failed,10939.02
309247,209247,12/23/2023,Net Banking,Paid,3167.61
309248,209248,10/28/2025,Debit Card,Paid,18097.38
309249,209249,12/22/2024,UPI,Paid,2138.38
309250,209250,11/14/2025,UPI,Paid,6941.11
309251,209251,10/19/2025,UPI,Paid,3911.22
309252,209252,11/20/2025,UPI,Paid,9800.92
309253,209253,12/18/2024,Cash on Delivery,Paid,1851.4
309254,209254,10/6/2025,Cash on Delivery,Paid,6001.79
309255,209255,12/10/2025,Debit Card,Paid,8820.91
309256,209256,1/31/2024,Wallet,Paid,9607.73
309257,209257,9/5/2025,Debit Card,Paid,5846.31
309258,209258,9/23/2025,Debit Card,Paid,14596.67
309259,209259,3/16/2024,UPI,Paid,761.83
309260,209260,12/16/2025,Cash on Delivery,Paid,13350.33
309261,209261,11/24/2025,Credit Card,Paid,9125.08
309262,209262,9/28/2023,UPI,Paid,2029.4
309263,209263,6/3/2025,Net Banking,Paid,6403.92
309264,209264,11/29/2025,Credit Card,Paid,4766.51
309265,209265,3/8/2025,Cash on Delivery,Paid,7575.03
309266,209266,1/13/2025,UPI,Paid,2199.49
309267,209267,9/17/2023,Credit Card,Paid,350.34
309268,209268,1/22/2025,UPI,Paid,1417.02
309269,209269,9/17/2024,Wallet,Paid,2272.08
309270,209270,4/27/2025,Credit Card,Paid,239.99
309271,209271,6/28/2025,Debit Card,Paid,3008.16
309272,209272,11/3/2025,Cash on Delivery,Paid,3690
309273,209273,8/16/2024,UPI,Paid,8954.09
309274,209274,11/25/2024,Credit Card,Paid,415.22
309275,209275,11/25/2025,Credit Card,Paid,8120.73
309276,209276,11/16/2025,Credit Card,Pending,1376.79
309277,209277,10/24/2024,Net Banking,Paid,4685.82
309278,209278,9/22/2025,UPI,Paid,631.73
309279,209279,11/9/2024,Net Banking,Paid,2293.32
309280,209280,6/5/2023,Credit Card,Paid,2555.48
309281,209281,6/1/2024,UPI,Paid,30847.07
309282,209282,10/3/2025,Credit Card,Paid,6066.93
309283,209283,12/31/2025,UPI,Paid,19062.13
309284,209284,11/7/2025,Credit Card,Paid,5207.05
309285,209285,5/21/2025,Debit Card,Paid,237.86
309286,209286,9/22/2025,UPI,Paid,7702.19
309287,209287,4/25/2025,Debit Card,Paid,237.08
309288,209288,11/15/2024,Net Banking,Paid,9914.87
309289,209289,10/20/2024,Credit Card,Paid,12325.72
309290,209290,12/6/2024,Debit Card,Paid,18452.83
309291,209291,6/1/2025,Net Banking,Paid,5236.42
309292,209292,12/25/2025,Credit Card,Paid,3024.88
309293,209293,6/28/2024,UPI,Paid,2094.12
309294,209294,3/31/2025,Credit Card,Paid,1068.03
309295,209295,11/24/2025,UPI,Paid,9192.57
309296,209296,2/22/2025,Debit Card,Paid,1811.92
309297,209297,2/4/2024,UPI,Paid,11394.96
309298,209298,2/1/2025,UPI,Paid,960.59
309299,209299,4/15/2024,Net Banking,Paid,5449.68
309300,209300,1/31/2024,Wallet,Paid,10328.56
309301,209301,4/26/2025,Debit Card,Paid,852.69
309302,209302,12/21/2025,UPI,Paid,3974.63
309303,209303,9/25/2025,Credit Card,Paid,989.89
309304,209304,12/2/2025,UPI,Paid,12588.56
309305,209305,5/25/2025,Cash on Delivery,Paid,5592.9
309306,209306,2/3/2025,UPI,Paid,15767.66
309307,209307,5/3/2025,UPI,Paid,5388.17
309308,209308,9/13/2025,Cash on Delivery,Paid,3358.58
309309,209309,12/3/2024,UPI,Paid,7375.54
309310,209310,4/15/2025,Cash on Delivery,Paid,12952.22
309311,209311,7/3/2025,UPI,Paid,872.49
309312,209312,10/22/2025,Wallet,Paid,4592.06
309313,209313,7/16/2025,Credit Card,Paid,1619.39
309314,209314,9/30/2025,Debit Card,Paid,10052.75
309315,209315,12/2/2025,Net Banking,Failed,6962.89
309316,209316,7/15/2025,Debit Card,Paid,7711.63
309317,209317,8/24/2025,Debit Card,Paid,2913.07
309318,209318,10/15/2024,Credit Card,Paid,7859.08
309319,209319,8/13/2025,Cash on Delivery,Paid,8793.98
309320,209320,9/25/2025,UPI,Paid,2569.01
309321,209321,9/12/2025,Credit Card,Paid,9893.64
309322,209322,7/24/2024,UPI,Paid,2005.14
309323,209323,11/7/2025,Credit Card,Paid,39183.23
309324,209324,3/23/2025,UPI,Paid,3704.33
309325,209325,11/25/2025,Credit Card,Paid,10834.02
309326,209326,12/31/2025,Credit Card,Paid,6967.74
309327,209327,11/2/2025,Cash on Delivery,Paid,2483.64
309328,209328,12/31/2025,Net Banking,Paid,4407.06
309329,209329,10/5/2025,UPI,Paid,3005.99
309330,209330,8/20/2024,Cash on Delivery,Paid,6714.23
309331,209331,9/17/2024,UPI,Paid,1684.35
309332,209332,11/18/2025,Credit Card,Paid,11244.27
309333,209333,12/8/2024,Credit Card,Paid,2061.12
309334,209334,8/16/2025,Debit Card,Paid,5454.56
309335,209335,4/21/2024,Debit Card,Paid,1301.96
309336,209336,5/28/2025,Credit Card,Paid,10789.14
309337,209337,8/27/2025,Debit Card,Paid,4944.57
309338,209338,7/26/2025,UPI,Paid,1013.64
309339,209339,10/12/2025,UPI,Paid,1139.01
309340,209340,2/10/2025,Credit Card,Paid,7507.61
309341,209341,10/29/2025,Net Banking,Paid,7695.78
309342,209342,6/26/2025,Cash on Delivery,Paid,2421.11
309343,209343,4/29/2024,Credit Card,Paid,7615
309344,209344,5/11/2025,Debit Card,Pending,1399.68
309345,209345,1/3/2025,Credit Card,Paid,2725.93
309346,209346,11/30/2024,Credit Card,Paid,16956.46
309347,209347,9/12/2024,UPI,Paid,12091.87
309348,209348,8/18/2025,UPI,Paid,3808.88
309349,209349,11/29/2025,Cash on Delivery,Paid,11285.09
309350,209350,11/13/2025,Credit Card,Paid,326.36
309351,209351,8/21/2024,Debit Card,Paid,3433.55
309352,209352,5/28/2025,Wallet,Paid,980.21
309353,209353,10/19/2025,Credit Card,Paid,2931.49
309354,209354,11/13/2025,Wallet,Paid,12748.66
309355,209355,4/2/2025,Cash on Delivery,Paid,3099.49
309356,209356,2/18/2024,Cash on Delivery,Paid,518.85
309357,209357,7/13/2025,Credit Card,Paid,1092.29
309358,209358,11/6/2024,Net Banking,Paid,2303.61
309359,209359,10/1/2024,UPI,Paid,21695.46
309360,209360,11/27/2025,Credit Card,Paid,1998.05
309361,209361,8/15/2024,Net Banking,Paid,9912.23
309362,209362,6/7/2025,UPI,Paid,19576.96
309363,209363,9/13/2025,Wallet,Paid,361.31
309364,209364,9/14/2024,Debit Card,Paid,12070.34
309365,209365,10/3/2025,Wallet,Paid,10292.35
309366,209366,8/28/2025,Cash on Delivery,Paid,8016.75
309367,209367,9/15/2025,Credit Card,Paid,1735.9
309368,209368,9/14/2025,Credit Card,Paid,1034.55
309369,209369,12/19/2025,UPI,Paid,3299.76
309370,209370,6/28/2025,Net Banking,Paid,1349.06
309371,209371,11/17/2025,Credit Card,Paid,1997.95
309372,209372,2/28/2025,Credit Card,Paid,4414.26
309373,209373,2/10/2025,Net Banking,Paid,33668.48
309374,209374,5/16/2025,UPI,Paid,1468.47
309375,209375,5/26/2024,Cash on Delivery,Paid,402.25
309376,209376,8/28/2024,Debit Card,Paid,12722.84
309377,209377,10/31/2025,UPI,Paid,14647.26
309378,209378,11/5/2024,Debit Card,Paid,2157.35
309379,209379,4/6/2025,Wallet,Paid,5430.39
309380,209380,11/10/2025,Net Banking,Paid,2203.74
309381,209381,12/25/2024,UPI,Paid,1251.1
309382,209382,12/20/2025,UPI,Paid,4467.37
309383,209383,12/7/2024,Net Banking,Paid,2681.72
309384,209384,12/7/2025,Cash on Delivery,Paid,5936.14
309385,209385,8/21/2025,Debit Card,Paid,9445.82
309386,209386,5/4/2024,Credit Card,Paid,3593.73
309387,209387,10/4/2025,Credit Card,Paid,4447.71
309388,209388,2/8/2025,Credit Card,Paid,379.22
309389,209389,1/9/2025,Debit Card,Paid,6874.72
309390,209390,1/9/2025,Debit Card,Paid,14739.48
309391,209391,11/10/2025,UPI,Paid,2002.38
309392,209392,3/9/2025,UPI,Paid,4318.62
309393,209393,6/17/2025,Cash on Delivery,Paid,1026.26
309394,209394,12/12/2025,Cash on Delivery,Paid,11015.64
309395,209395,12/15/2025,Credit Card,Paid,3243.1
309396,209396,3/10/2025,Cash on Delivery,Paid,22725.49
309397,209397,4/25/2025,Credit Card,Paid,4441.74
309398,209398,11/20/2024,Credit Card,Paid,891.53
309399,209399,12/26/2025,UPI,Paid,3999.16
309400,209400,10/26/2024,UPI,Paid,1628.32
309401,209401,10/16/2025,Wallet,Paid,7922.99
309402,209402,12/30/2025,Net Banking,Paid,15053.52
309403,209403,3/28/2025,Debit Card,Paid,8632.47
309404,209404,10/28/2025,Credit Card,Paid,5779.89
309405,209405,12/17/2024,Cash on Delivery,Paid,7787.08
309406,209406,2/4/2025,Credit Card,Paid,3877.5
309407,209407,9/15/2025,UPI,Paid,937.34
309408,209408,9/3/2025,UPI,Paid,9508.15
309409,209409,9/22/2024,Net Banking,Paid,3580.3
309410,209410,12/9/2025,UPI,Paid,1534.77
309411,209411,10/18/2025,Credit Card,Paid,11822.32
309412,209412,2/5/2025,Wallet,Paid,3800.82
309413,209413,7/7/2023,Credit Card,Paid,2893.63
309414,209414,3/4/2025,UPI,Paid,2200.46
309415,209415,9/10/2024,Credit Card,Paid,6952.57
309416,209416,1/19/2025,UPI,Paid,4278.78
309417,209417,8/2/2025,Net Banking,Paid,316.49
309418,209418,9/2/2025,Credit Card,Paid,1853.26
309419,209419,10/27/2025,Wallet,Paid,1004.22
309420,209420,12/31/2025,Credit Card,Paid,14174.63
309421,209421,3/13/2024,UPI,Paid,5446.9
309422,209422,12/13/2025,Credit Card,Paid,7939.57
309423,209423,4/5/2025,Cash on Delivery,Paid,7201.86
309424,209424,9/8/2025,UPI,Paid,1996.51
309425,209425,8/10/2023,UPI,Paid,1580.72
309426,209426,10/19/2025,UPI,Paid,1613.49
309427,209427,9/2/2025,UPI,Paid,33191.79
309428,209428,11/14/2024,UPI,Failed,3459.11
309429,209429,12/31/2025,Net Banking,Paid,10206.59
309430,209430,12/28/2025,UPI,Paid,13138.94
309431,209431,5/14/2025,Wallet,Paid,2565.68
309432,209432,9/1/2025,Debit Card,Paid,34638.76
309433,209433,12/23/2025,Credit Card,Paid,4298.97
309434,209434,12/19/2025,UPI,Paid,7314.1
309435,209435,8/12/2023,UPI,Paid,11385.91
309436,209436,12/16/2025,Credit Card,Paid,22028.94
309437,209437,1/26/2025,Debit Card,Paid,1277
309438,209438,11/23/2024,Credit Card,Paid,22260.05
309439,209439,12/2/2025,Wallet,Paid,6151.72
309440,209440,1/5/2025,Credit Card,Paid,471.49
309441,209441,8/24/2025,Debit Card,Paid,2676.24
309442,209442,3/24/2024,Wallet,Failed,3711.14
309443,209443,12/28/2025,Credit Card,Paid,37977.5
309444,209444,3/17/2025,UPI,Paid,2069.14
309445,209445,9/14/2025,Net Banking,Paid,8388.71
309446,209446,8/8/2025,UPI,Pending,895.82
309447,209447,11/16/2025,Debit Card,Paid,2415.4
309448,209448,11/10/2024,Credit Card,Paid,631.03
309449,209449,5/20/2025,Net Banking,Paid,8071.83
309450,209450,12/26/2024,Wallet,Paid,7050.31
309451,209451,9/4/2025,UPI,Paid,6957.3
309452,209452,5/17/2025,Credit Card,Paid,15265.73
309453,209453,6/23/2024,UPI,Paid,3211.01
309454,209454,8/8/2025,Cash on Delivery,Paid,5092.38
309455,209455,12/20/2025,Credit Card,Paid,11420.69
309456,209456,11/12/2025,Credit Card,Paid,8232.62
309457,209457,6/6/2025,Credit Card,Paid,1246.39
309458,209458,6/14/2025,Cash on Delivery,Paid,10078.91
309459,209459,12/2/2025,UPI,Paid,2231.95
309460,209460,5/24/2025,Credit Card,Paid,4351.3
309461,209461,2/12/2024,Credit Card,Paid,1897.49
309462,209462,12/15/2024,Cash on Delivery,Paid,11455.94
309463,209463,7/29/2025,Credit Card,Paid,20606.25
309464,209464,7/29/2024,Credit Card,Paid,10811.21
309465,209465,11/28/2023,Credit Card,Paid,11667.91
309466,209466,7/6/2024,Credit Card,Paid,15505.98
309467,209467,12/9/2025,UPI,Paid,18761.25
309468,209468,6/17/2025,Credit Card,Paid,6361.41
309469,209469,12/23/2025,Credit Card,Failed,1349.44
309470,209470,1/19/2024,UPI,Paid,10949.76
309471,209471,9/22/2024,Credit Card,Paid,19317.46
309472,209472,6/13/2025,Cash on Delivery,Paid,14711.48
309473,209473,11/23/2024,Cash on Delivery,Paid,2037.71
309474,209474,2/1/2025,Credit Card,Paid,2567.57
309475,209475,10/6/2023,Wallet,Paid,789.57
309476,209476,6/28/2023,UPI,Paid,1473.53
309477,209477,10/26/2024,Debit Card,Paid,1076.1
309478,209478,3/19/2025,UPI,Paid,10266.2
309479,209479,10/9/2025,Debit Card,Paid,5349.44
309480,209480,8/30/2025,UPI,Paid,8495.85
309481,209481,6/23/2023,Cash on Delivery,Paid,2923.35
309482,209482,6/9/2025,UPI,Paid,6571.13
309483,209483,6/28/2025,UPI,Paid,2234.59
309484,209484,12/31/2025,Credit Card,Paid,557.88
309485,209485,12/7/2025,Net Banking,Paid,606.49
309486,209486,11/8/2025,UPI,Paid,3469.76
309487,209487,4/16/2025,Debit Card,Paid,1825.39
309488,209488,6/8/2025,UPI,Paid,441.44
309489,209489,12/2/2024,Net Banking,Paid,3837.08
309490,209490,10/8/2025,Net Banking,Paid,1832.24
309491,209491,2/4/2025,Cash on Delivery,Paid,5353.92
309492,209492,4/4/2025,Credit Card,Pending,9541.04
309493,209493,7/2/2025,Credit Card,Paid,2826.88
309494,209494,10/13/2024,UPI,Paid,6027.65
309495,209495,11/25/2025,Credit Card,Paid,2287.08
309496,209496,4/29/2025,UPI,Paid,7523.33
309497,209497,7/2/2025,UPI,Paid,1821.21
309498,209498,11/6/2025,UPI,Paid,4698.41
309499,209499,7/13/2025,Credit Card,Paid,2424.67
309500,209500,1/27/2025,Wallet,Paid,321.82
309501,209501,3/19/2025,Cash on Delivery,Failed,10018.4
309502,209502,12/17/2025,UPI,Paid,6315.63
309503,209503,7/17/2025,Cash on Delivery,Paid,6133.94
309504,209504,3/24/2025,UPI,Paid,3130.28
309505,209505,4/15/2025,Debit Card,Paid,3922.7
309506,209506,12/16/2025,UPI,Paid,408.55
309507,209507,5/19/2025,UPI,Paid,7408.91
309508,209508,9/8/2024,Debit Card,Paid,15606.15
309509,209509,5/6/2025,Cash on Delivery,Paid,7731.6
309510,209510,10/2/2025,Cash on Delivery,Paid,3989.51
309511,209511,11/21/2024,Net Banking,Pending,1304.28
309512,209512,11/19/2025,UPI,Paid,1825.74
309513,209513,12/20/2024,Net Banking,Pending,2660.84
309514,209514,4/6/2025,Credit Card,Paid,11971.93
309515,209515,11/23/2025,Net Banking,Paid,12843.91
309516,209516,8/22/2025,UPI,Paid,763.32
309517,209517,11/1/2025,UPI,Paid,6789.2
309518,209518,12/12/2025,UPI,Paid,17643.08
309519,209519,9/5/2024,Cash on Delivery,Paid,860.61
309520,209520,12/17/2025,Credit Card,Paid,6662.35
309521,209521,8/13/2023,UPI,Paid,5727.83
309522,209522,4/8/2025,UPI,Paid,4899.68
309523,209523,3/16/2025,Credit Card,Paid,4657.95
309524,209524,8/18/2024,UPI,Paid,5085.27
309525,209525,9/24/2025,Credit Card,Paid,2578.58
309526,209526,10/4/2025,Credit Card,Paid,8243.39
309527,209527,10/22/2024,UPI,Paid,3329.57
309528,209528,12/29/2025,UPI,Paid,6712.31
309529,209529,7/16/2023,Debit Card,Paid,1153.16
309530,209530,10/12/2025,UPI,Paid,352.29
309531,209531,6/19/2025,Cash on Delivery,Paid,2103.83
309532,209532,4/16/2023,Credit Card,Failed,6394.45
309533,209533,9/18/2025,UPI,Paid,1485.08
309534,209534,4/30/2025,Debit Card,Paid,2461.6
309535,209535,6/24/2024,Credit Card,Paid,3748.19
309536,209536,10/23/2025,Debit Card,Paid,3634.81
309537,209537,11/10/2025,Net Banking,Paid,1204.65
309538,209538,5/20/2025,UPI,Paid,20496.05
309539,209539,9/19/2025,UPI,Paid,1827.53
309540,209540,12/13/2025,Cash on Delivery,Paid,775.59
309541,209541,11/25/2025,UPI,Paid,934.53
309542,209542,7/17/2025,Debit Card,Paid,2849.87
309543,209543,9/2/2025,UPI,Paid,26040.91
309544,209544,11/25/2023,Net Banking,Paid,6007.15
309545,209545,5/9/2025,UPI,Paid,11314.22
309546,209546,12/12/2025,UPI,Paid,23527.78
309547,209547,9/17/2024,Credit Card,Paid,12695.27
309548,209548,8/16/2025,Credit Card,Paid,1175.56
309549,209549,9/26/2025,UPI,Paid,2356.12
309550,209550,7/6/2025,Net Banking,Paid,18167.56
309551,209551,10/24/2024,Cash on Delivery,Paid,20801.22
309552,209552,8/30/2024,UPI,Paid,1659.15
309553,209553,8/13/2025,Wallet,Paid,10020.07
309554,209554,7/18/2023,Wallet,Paid,22595.01
309555,209555,5/14/2024,Credit Card,Paid,5542.47
309556,209556,4/7/2025,Cash on Delivery,Paid,13462.29
309557,209557,1/8/2024,Net Banking,Paid,6568.64
309558,209558,9/7/2025,Credit Card,Paid,2293.87
309559,209559,10/1/2025,Wallet,Paid,5192.99
309560,209560,9/17/2025,Net Banking,Paid,8051.84
309561,209561,5/24/2024,Credit Card,Paid,762.76
309562,209562,3/23/2024,Net Banking,Paid,8196.71
309563,209563,12/5/2024,Credit Card,Paid,5526.42
309564,209564,9/2/2024,UPI,Paid,17227.32
309565,209565,6/18/2025,UPI,Paid,11341.62
309566,209566,9/14/2024,Net Banking,Paid,14056.78
309567,209567,5/19/2025,Debit Card,Paid,11145.35
309568,209568,1/30/2025,Credit Card,Paid,4782.09
309569,209569,6/30/2025,UPI,Paid,11254.79
309570,209570,12/13/2025,Credit Card,Paid,89
309571,209571,8/1/2025,Cash on Delivery,Paid,3211.89
309572,209572,8/11/2025,Wallet,Paid,10380.72
309573,209573,10/10/2025,Debit Card,Paid,23389.98
309574,209574,3/2/2025,Cash on Delivery,Paid,4508.85
309575,209575,11/21/2024,Cash on Delivery,Paid,15133.94
309576,209576,11/3/2025,Debit Card,Paid,4787.05
309577,209577,11/2/2024,Debit Card,Paid,4291.62
309578,209578,10/18/2023,Credit Card,Paid,2226.7
309579,209579,6/11/2024,Debit Card,Paid,5047.81
309580,209580,12/9/2025,UPI,Paid,1583.75
309581,209581,10/8/2025,Credit Card,Paid,19500.89
309582,209582,9/1/2025,Debit Card,Paid,6441.9
309583,209583,7/9/2025,Debit Card,Paid,1774.14
309584,209584,6/13/2025,UPI,Paid,2727.2
309585,209585,8/1/2025,UPI,Paid,3329.76
309586,209586,8/13/2025,Cash on Delivery,Paid,788.92
309587,209587,9/16/2025,Cash on Delivery,Paid,9868.42
309588,209588,5/4/2025,Credit Card,Pending,1914.16
309589,209589,7/20/2024,Credit Card,Paid,5002.76
309590,209590,12/28/2025,UPI,Paid,7347.61
309591,209591,12/16/2025,Wallet,Paid,1917.52
309592,209592,1/8/2025,Credit Card,Paid,1415.67
309593,209593,3/26/2024,Debit Card,Paid,1081.37
309594,209594,12/15/2025,Net Banking,Paid,5752.17
309595,209595,8/18/2024,Debit Card,Paid,11603.57
309596,209596,1/16/2024,UPI,Paid,5823.37
309597,209597,3/4/2024,Debit Card,Paid,1198.93
309598,209598,1/28/2024,Debit Card,Paid,8052.16
309599,209599,9/14/2025,Net Banking,Failed,5524.09
309600,209600,7/13/2025,Credit Card,Paid,31816.48
309601,209601,9/23/2025,UPI,Paid,22515.92
309602,209602,1/8/2025,Wallet,Paid,1641.51
309603,209603,12/28/2025,Credit Card,Paid,5825.32
309604,209604,2/17/2025,UPI,Paid,1135.4
309605,209605,7/3/2025,Debit Card,Paid,2875.19
309606,209606,7/2/2025,Cash on Delivery,Paid,1868.3
309607,209607,11/22/2024,UPI,Paid,5277.17
309608,209608,6/19/2025,Debit Card,Paid,6897.83
309609,209609,4/8/2024,UPI,Paid,778.04
309610,209610,3/21/2024,Credit Card,Paid,2625.56
309611,209611,10/11/2025,Debit Card,Paid,20677.48
309612,209612,6/16/2025,Net Banking,Paid,4284.55
309613,209613,5/14/2025,UPI,Paid,3386.52
309614,209614,12/19/2023,Credit Card,Paid,1220.15
309615,209615,10/31/2025,Credit Card,Paid,10918.09
309616,209616,4/13/2024,Credit Card,Paid,2464.05
309617,209617,12/15/2025,Debit Card,Paid,6572.27
309618,209618,12/10/2025,Cash on Delivery,Paid,8332.44
309619,209619,10/19/2025,UPI,Paid,872.72
309620,209620,6/16/2025,Credit Card,Paid,579.48
309621,209621,12/14/2025,Credit Card,Paid,78.84
309622,209622,3/19/2025,UPI,Paid,6369.01
309623,209623,10/6/2025,Debit Card,Paid,6103.63
309624,209624,6/2/2024,Cash on Delivery,Paid,11511.55
309625,209625,3/9/2024,Credit Card,Paid,3093.32
309626,209626,12/7/2025,UPI,Paid,916.99
309627,209627,4/5/2025,Cash on Delivery,Paid,3059.04
309628,209628,11/16/2023,UPI,Paid,4322.43
309629,209629,5/14/2024,UPI,Paid,1016.16
309630,209630,3/21/2025,Cash on Delivery,Paid,4617.84
309631,209631,11/30/2025,Credit Card,Paid,3390.76
309632,209632,8/20/2025,Debit Card,Paid,643.55
309633,209633,5/17/2025,UPI,Paid,14462.63
309634,209634,7/9/2025,Cash on Delivery,Paid,4946.15
309635,209635,11/17/2025,UPI,Paid,1659.22
309636,209636,6/20/2024,UPI,Paid,6673.36
309637,209637,10/2/2025,UPI,Paid,421.42
309638,209638,2/15/2025,UPI,Paid,667.46
309639,209639,2/18/2025,UPI,Paid,8071.89
309640,209640,5/23/2025,Net Banking,Paid,6960.5
309641,209641,5/14/2024,Credit Card,Paid,5319.2
309642,209642,9/12/2025,UPI,Paid,7248.16
309643,209643,3/17/2025,Credit Card,Paid,5254.47
309644,209644,9/7/2024,Cash on Delivery,Paid,1576.86
309645,209645,1/28/2024,UPI,Paid,7392.66
309646,209646,6/11/2025,Debit Card,Paid,2972
309647,209647,9/21/2025,Debit Card,Paid,25377.87
309648,209648,12/13/2025,Cash on Delivery,Paid,4003.5
309649,209649,7/7/2025,Cash on Delivery,Paid,3082.8
309650,209650,11/5/2025,Debit Card,Paid,4031.14
309651,209651,9/7/2025,UPI,Paid,2497.14
309652,209652,11/9/2025,Debit Card,Paid,2780.15
309653,209653,6/25/2025,Credit Card,Paid,2404.47
309654,209654,5/28/2025,Credit Card,Paid,4178.84
309655,209655,5/7/2025,Wallet,Paid,7951.49
309656,209656,9/9/2024,Credit Card,Paid,12518.56
309657,209657,11/18/2024,Cash on Delivery,Paid,3514.62
309658,209658,10/17/2024,UPI,Paid,484.4
309659,209659,12/30/2025,UPI,Paid,155.99
309660,209660,8/17/2024,Net Banking,Paid,5293.57
309661,209661,6/29/2025,Debit Card,Paid,6040.33
309662,209662,5/5/2025,Debit Card,Paid,7237.08
309663,209663,11/3/2023,UPI,Paid,1404.93
309664,209664,6/4/2024,UPI,Paid,3606.54
309665,209665,9/24/2025,Debit Card,Paid,2605.65
309666,209666,8/13/2024,UPI,Paid,504.5
309667,209667,4/1/2023,Wallet,Paid,3840.19
309668,209668,7/19/2025,UPI,Paid,4007
309669,209669,6/12/2025,Credit Card,Paid,5860.82
309670,209670,3/29/2023,Credit Card,Paid,566.42
309671,209671,1/13/2024,Credit Card,Paid,20774.29
309672,209672,11/16/2025,Cash on Delivery,Paid,16877.47
309673,209673,12/20/2025,UPI,Paid,12228.46
309674,209674,3/8/2025,Debit Card,Paid,4537.7
309675,209675,5/21/2025,UPI,Paid,30638.03
309676,209676,12/18/2025,Credit Card,Paid,5816.93
309677,209677,6/29/2025,UPI,Paid,1717.43
309678,209678,4/2/2024,UPI,Paid,3178.44
309679,209679,11/18/2025,Cash on Delivery,Paid,7170.11
309680,209680,12/23/2024,Credit Card,Paid,4758.84
309681,209681,12/15/2025,UPI,Paid,7078.96
309682,209682,12/21/2024,Net Banking,Paid,4148.34
309683,209683,6/28/2025,Wallet,Paid,10176.94
309684,209684,8/30/2025,Debit Card,Paid,559.07
309685,209685,11/8/2025,Net Banking,Paid,4836.79
309686,209686,10/19/2025,Credit Card,Paid,7719.05
309687,209687,8/1/2025,Cash on Delivery,Paid,1099.48
309688,209688,10/1/2025,Cash on Delivery,Paid,2909.37
309689,209689,9/8/2024,Cash on Delivery,Paid,5188.16
309690,209690,7/16/2025,Credit Card,Paid,679.75
309691,209691,6/3/2024,Cash on Delivery,Paid,28238.88
309692,209692,5/6/2025,Debit Card,Paid,2166.52
309693,209693,11/25/2025,Debit Card,Paid,1814.88
309694,209694,12/7/2024,Credit Card,Paid,20806.03
309695,209695,9/28/2025,UPI,Failed,13549.34
309696,209696,11/16/2024,UPI,Paid,6563.15
309697,209697,9/5/2025,Credit Card,Paid,1301.09
309698,209698,8/1/2025,UPI,Paid,5536.34
309699,209699,12/8/2023,UPI,Paid,5297.07
309700,209700,11/16/2024,Cash on Delivery,Paid,7441.35
309701,209701,4/17/2023,Credit Card,Paid,13878.25
309702,209702,10/1/2025,Credit Card,Paid,5901.77
309703,209703,11/20/2025,Debit Card,Paid,2597.85
309704,209704,11/30/2025,Debit Card,Paid,2110.68
309705,209705,10/26/2024,Net Banking,Paid,33145.93
309706,209706,9/17/2025,Debit Card,Paid,12775
309707,209707,5/6/2025,UPI,Paid,10527.41
309708,209708,11/5/2025,Net Banking,Paid,16096.63
309709,209709,5/27/2024,Credit Card,Paid,4493.25
309710,209710,11/9/2024,Cash on Delivery,Paid,1637.06
309711,209711,3/28/2025,UPI,Paid,2478.77
309712,209712,9/27/2025,Cash on Delivery,Paid,2868.12
309713,209713,11/5/2024,Debit Card,Paid,84.47
309714,209714,10/6/2025,Credit Card,Paid,17615.94
309715,209715,12/24/2025,UPI,Paid,255.4
309716,209716,6/9/2025,Debit Card,Paid,1065.44
309717,209717,5/24/2025,Credit Card,Paid,1701.62
309718,209718,7/18/2025,UPI,Paid,1003
309719,209719,12/12/2025,UPI,Paid,8135.51
309720,209720,10/4/2025,UPI,Paid,1608.49
309721,209721,6/1/2024,UPI,Paid,1465.75
309722,209722,10/25/2025,Wallet,Paid,1126.88
309723,209723,7/17/2025,Debit Card,Paid,5091.55
309724,209724,11/8/2025,Debit Card,Paid,13594.6
309725,209725,9/6/2025,Credit Card,Paid,22533.39
309726,209726,12/10/2025,Wallet,Paid,9812.43
309727,209727,7/21/2025,UPI,Paid,6275.92
309728,209728,12/15/2025,UPI,Paid,3076.42
309729,209729,11/2/2023,UPI,Pending,897.58
309730,209730,12/28/2024,UPI,Paid,4191.76
309731,209731,1/28/2025,Cash on Delivery,Paid,288.91
309732,209732,12/5/2025,Credit Card,Paid,2573.44
309733,209733,12/17/2025,UPI,Paid,1623.35
309734,209734,1/23/2024,UPI,Paid,1526.68
309735,209735,12/1/2025,UPI,Pending,1161.76
309736,209736,11/8/2025,Credit Card,Paid,5872.3
309737,209737,2/10/2025,UPI,Paid,2311.24
309738,209738,6/19/2025,Credit Card,Paid,4700.16
309739,209739,11/25/2024,Credit Card,Paid,8819.85
309740,209740,12/28/2025,Debit Card,Paid,2256.95
309741,209741,10/8/2024,UPI,Paid,2233.6
309742,209742,11/24/2025,Cash on Delivery,Paid,11820.79
309743,209743,10/21/2023,Credit Card,Paid,10845.99
309744,209744,12/25/2025,Wallet,Paid,1924.67
309745,209745,3/20/2025,Wallet,Paid,580.66
309746,209746,8/11/2024,UPI,Paid,2750.7
309747,209747,5/22/2025,UPI,Paid,5639.94
309748,209748,10/26/2025,Credit Card,Paid,44327.55
309749,209749,3/31/2025,Wallet,Paid,886.88
309750,209750,11/16/2024,Credit Card,Paid,3287.18
309751,209751,7/12/2025,Cash on Delivery,Paid,11364.18
309752,209752,12/7/2023,UPI,Paid,10802.58
309753,209753,7/1/2025,Debit Card,Paid,1312.2
309754,209754,8/28/2025,Net Banking,Pending,10189.56
309755,209755,2/4/2025,UPI,Paid,1035.19
309756,209756,11/8/2025,UPI,Pending,15057.23
309757,209757,5/9/2025,Credit Card,Paid,456.42
309758,209758,11/26/2025,Net Banking,Paid,11163.05
309759,209759,12/19/2025,Debit Card,Paid,2195.51
309760,209760,11/17/2025,Net Banking,Paid,6751.72
309761,209761,12/7/2023,Cash on Delivery,Paid,3620.1
309762,209762,8/27/2025,Credit Card,Paid,2078.24
309763,209763,5/7/2025,Debit Card,Paid,6580.2
309764,209764,8/25/2025,UPI,Paid,2814.82
309765,209765,6/10/2025,Debit Card,Paid,3789.22
309766,209766,2/13/2025,Credit Card,Paid,3412.22
309767,209767,11/14/2025,Credit Card,Paid,3795.12
309768,209768,7/19/2023,UPI,Paid,7892.85
309769,209769,5/3/2024,Wallet,Paid,810.66
309770,209770,6/12/2025,UPI,Paid,2357.59
309771,209771,1/16/2024,Debit Card,Paid,2043.1
309772,209772,1/17/2025,UPI,Paid,925.6
309773,209773,11/15/2025,Credit Card,Failed,7030.9
309774,209774,8/3/2025,UPI,Paid,952.69
309775,209775,11/18/2023,Cash on Delivery,Paid,2951.93
309776,209776,7/10/2024,Debit Card,Failed,5912.12
309777,209777,9/11/2025,UPI,Pending,3488.91
309778,209778,11/4/2025,Net Banking,Paid,7374.46
309779,209779,1/28/2025,UPI,Pending,14975.48
309780,209780,5/20/2025,UPI,Paid,544.46
309781,209781,6/13/2025,Debit Card,Failed,8359.09
309782,209782,3/11/2024,Debit Card,Paid,1268.03
309783,209783,2/6/2023,Debit Card,Paid,11825.56
309784,209784,11/18/2024,Debit Card,Paid,4271.85
309785,209785,9/2/2025,UPI,Paid,8217.9
309786,209786,5/7/2025,Debit Card,Paid,5485.56
309787,209787,10/14/2025,UPI,Paid,208.29
309788,209788,11/4/2025,Debit Card,Paid,1613.01
309789,209789,4/24/2024,UPI,Paid,12750.82
309790,209790,7/13/2024,Debit Card,Paid,1920.97
309791,209791,5/22/2025,Credit Card,Paid,4748.46
309792,209792,9/25/2024,Credit Card,Paid,3830.13
309793,209793,7/15/2025,Debit Card,Paid,2585.51
309794,209794,10/18/2025,Credit Card,Paid,1812.34
309795,209795,5/10/2025,Credit Card,Paid,2232.65
309796,209796,12/16/2025,Wallet,Paid,9050.7
309797,209797,7/24/2024,Credit Card,Paid,9048.94
309798,209798,3/7/2024,UPI,Paid,2716.66
309799,209799,2/7/2024,Wallet,Paid,2775.58
309800,209800,10/23/2024,Credit Card,Paid,5229.61
309801,209801,12/28/2024,Wallet,Paid,785.72
309802,209802,9/29/2024,Cash on Delivery,Paid,8337.72
309803,209803,9/27/2023,Debit Card,Paid,2436.55
309804,209804,10/25/2025,Debit Card,Paid,651.59
309805,209805,10/13/2025,UPI,Paid,248.25
309806,209806,12/21/2025,Credit Card,Paid,1289.8
309807,209807,11/11/2025,UPI,Paid,6042.78
309808,209808,3/17/2025,Cash on Delivery,Paid,3776.28
309809,209809,8/1/2025,Debit Card,Paid,686.26
309810,209810,9/12/2025,Wallet,Paid,1478.15
309811,209811,5/6/2025,Credit Card,Paid,19278.9
309812,209812,11/25/2023,Credit Card,Paid,4580.53
309813,209813,8/15/2025,Credit Card,Paid,2028.8
309814,209814,4/30/2025,Net Banking,Paid,1681.01
309815,209815,10/7/2024,Cash on Delivery,Paid,4808.08
309816,209816,7/18/2025,Net Banking,Paid,472.54
309817,209817,11/12/2025,Wallet,Paid,2579.64
309818,209818,1/20/2025,Credit Card,Paid,1552.33
309819,209819,11/16/2024,Credit Card,Paid,12712.47
309820,209820,1/14/2025,Debit Card,Paid,6376.1
309821,209821,3/26/2025,UPI,Paid,9825.63
309822,209822,9/3/2024,Cash on Delivery,Paid,2955.77
309823,209823,10/15/2024,UPI,Paid,1031.01
309824,209824,12/17/2025,Debit Card,Paid,1086.91
309825,209825,10/11/2025,Cash on Delivery,Paid,3084.71
309826,209826,12/20/2025,Cash on Delivery,Paid,11339.95
309827,209827,7/22/2025,Credit Card,Paid,2789.39
309828,209828,11/4/2025,UPI,Paid,4621.62
309829,209829,12/20/2025,UPI,Paid,1178.41
309830,209830,4/1/2023,Net Banking,Paid,1035.21
309831,209831,10/17/2025,UPI,Paid,13772.55
309832,209832,8/16/2025,Wallet,Paid,23599.91
309833,209833,10/8/2025,UPI,Paid,9058.33
309834,209834,11/9/2025,Wallet,Paid,13527.37
309835,209835,1/12/2025,Cash on Delivery,Paid,2736.93
309836,209836,12/28/2025,Credit Card,Paid,8534.8
309837,209837,11/15/2025,Debit Card,Paid,5500.21
309838,209838,6/23/2025,Debit Card,Paid,7422.62
309839,209839,6/26/2023,UPI,Paid,2785.86
309840,209840,4/13/2024,Net Banking,Paid,2224.08
309841,209841,2/18/2025,Wallet,Paid,7051.88
309842,209842,6/13/2025,UPI,Paid,6995.25
309843,209843,8/22/2024,Debit Card,Paid,6321.96
309844,209844,11/22/2023,Credit Card,Paid,7876.31
309845,209845,2/13/2025,Credit Card,Paid,22056.02
309846,209846,7/20/2024,Debit Card,Paid,3695.12
309847,209847,3/21/2024,UPI,Paid,4926.35
309848,209848,5/12/2025,Credit Card,Paid,19365.33
309849,209849,10/25/2025,Net Banking,Paid,16421.52
309850,209850,11/17/2025,UPI,Paid,2603.75
309851,209851,5/19/2023,Credit Card,Pending,8902.61
309852,209852,9/30/2025,Credit Card,Paid,905.45
309853,209853,11/6/2025,Cash on Delivery,Failed,1734.76
309854,209854,12/21/2024,UPI,Paid,8071.09
309855,209855,4/30/2025,UPI,Failed,1839.36
309856,209856,11/8/2025,Cash on Delivery,Paid,3759.07
309857,209857,12/23/2025,Credit Card,Paid,433.08
309858,209858,10/12/2025,Cash on Delivery,Paid,10651.66
309859,209859,6/30/2024,Cash on Delivery,Paid,3741.84
309860,209860,2/20/2025,Credit Card,Paid,21478.66
309861,209861,10/11/2024,UPI,Paid,2916.72
309862,209862,9/22/2025,Credit Card,Paid,4553.53
309863,209863,11/5/2025,UPI,Paid,7143.69
309864,209864,8/31/2024,Cash on Delivery,Paid,18263.73
309865,209865,6/13/2024,Wallet,Paid,15538.02
309866,209866,5/27/2024,UPI,Paid,4307.35
309867,209867,11/23/2025,Credit Card,Paid,7982.17
309868,209868,9/3/2025,Credit Card,Paid,3357.34
309869,209869,4/19/2024,Net Banking,Paid,2259.41
309870,209870,11/6/2025,Debit Card,Paid,405.67
309871,209871,11/9/2024,Cash on Delivery,Paid,4070.99
309872,209872,9/27/2025,UPI,Paid,2006.48
309873,209873,11/27/2025,UPI,Failed,1233.96
309874,209874,5/11/2023,UPI,Paid,5520.18
309875,209875,6/7/2024,Debit Card,Pending,2101.78
309876,209876,8/17/2025,Debit Card,Paid,6247.52
309877,209877,5/15/2025,UPI,Paid,2165.9
309878,209878,12/7/2025,UPI,Paid,4770.03
309879,209879,6/25/2025,Debit Card,Paid,3242.21
309880,209880,8/17/2025,Credit Card,Paid,10586.79
309881,209881,3/30/2025,Wallet,Paid,6030.85
309882,209882,2/9/2024,Credit Card,Paid,10621.54
309883,209883,8/11/2025,Debit Card,Paid,7542.74
309884,209884,12/31/2025,Wallet,Paid,3975.27
309885,209885,8/30/2025,UPI,Failed,5455.24
309886,209886,12/16/2024,Debit Card,Paid,2203.46
309887,209887,12/1/2025,Credit Card,Paid,4602.06
309888,209888,8/14/2025,Wallet,Paid,5904.96
309889,209889,9/25/2024,Cash on Delivery,Paid,7353.81
309890,209890,8/25/2024,UPI,Paid,2227.82
309891,209891,6/22/2025,Credit Card,Paid,1347.89
309892,209892,2/22/2023,UPI,Paid,4858.72
309893,209893,8/15/2024,Wallet,Paid,9919.24
309894,209894,1/23/2025,UPI,Paid,760.45
309895,209895,11/30/2025,UPI,Paid,1375.48
309896,209896,12/17/2025,UPI,Paid,6227.62
309897,209897,3/29/2025,UPI,Paid,5604.32
309898,209898,1/11/2025,Wallet,Paid,5816.72
309899,209899,8/11/2025,Credit Card,Paid,4290.9
309900,209900,8/10/2024,Credit Card,Paid,3503.79
309901,209901,5/28/2025,Credit Card,Paid,2955.96
309902,209902,1/24/2025,Net Banking,Paid,1250.64
309903,209903,1/4/2024,Debit Card,Paid,3426.84
309904,209904,11/14/2025,Net Banking,Paid,1122.93
309905,209905,12/17/2025,Net Banking,Paid,4071.11
309906,209906,8/1/2025,Credit Card,Paid,9655.71
309907,209907,10/8/2025,UPI,Paid,1290.53
309908,209908,7/15/2025,UPI,Paid,1224.34
309909,209909,9/5/2024,Credit Card,Paid,10440.57
309910,209910,12/27/2025,Credit Card,Paid,2920.54
309911,209911,10/19/2024,Debit Card,Paid,5725.87
309912,209912,7/5/2025,Credit Card,Paid,1621.78
309913,209913,10/18/2025,Credit Card,Paid,5755.68
309914,209914,10/19/2025,Credit Card,Paid,643.79
309915,209915,11/19/2025,Debit Card,Paid,1401.91
309916,209916,10/26/2025,Cash on Delivery,Paid,25130.77
309917,209917,9/17/2024,Debit Card,Paid,4072.91
309918,209918,11/28/2025,UPI,Paid,11066.6
309919,209919,9/20/2025,Credit Card,Paid,9906.28
309920,209920,11/8/2024,Cash on Delivery,Paid,15405.48
309921,209921,1/7/2025,UPI,Paid,5810.57
309922,209922,7/19/2024,Credit Card,Paid,10427.09
309923,209923,8/7/2025,Net Banking,Paid,6688.9
309924,209924,9/7/2025,Debit Card,Paid,10167.29
309925,209925,10/25/2025,UPI,Paid,4053.89
309926,209926,4/16/2024,UPI,Pending,3227.59
309927,209927,10/20/2025,Credit Card,Paid,736.98
309928,209928,12/10/2025,UPI,Paid,3916.47
309929,209929,1/22/2025,Debit Card,Paid,4378.09
309930,209930,3/5/2025,Debit Card,Paid,1460.04
309931,209931,7/6/2023,Credit Card,Paid,8206.79
309932,209932,10/30/2025,UPI,Paid,2005.3
309933,209933,4/3/2024,Credit Card,Paid,1904.89
309934,209934,2/5/2025,Credit Card,Paid,6954.5
309935,209935,4/20/2025,Debit Card,Paid,16206.05
309936,209936,12/12/2024,UPI,Paid,1758.86
309937,209937,10/13/2024,Credit Card,Paid,1397.59
309938,209938,5/24/2025,Cash on Delivery,Paid,1476.7
309939,209939,12/17/2025,Net Banking,Paid,2139.15
309940,209940,9/12/2024,Debit Card,Paid,7390.19
309941,209941,12/28/2025,Credit Card,Paid,2713.36
309942,209942,12/28/2024,Credit Card,Paid,2170.84
309943,209943,12/16/2025,UPI,Paid,666.9
309944,209944,10/26/2023,Wallet,Paid,6681.08
309945,209945,7/20/2025,Credit Card,Paid,4192.68
309946,209946,8/5/2025,UPI,Paid,4477.35
309947,209947,12/5/2025,UPI,Paid,724.36
309948,209948,5/18/2025,Credit Card,Paid,3074.45
309949,209949,11/2/2025,UPI,Paid,767.47
309950,209950,10/10/2025,Credit Card,Paid,4998.05
309951,209951,7/29/2024,Net Banking,Paid,4950.77
309952,209952,3/25/2024,Cash on Delivery,Paid,7844.32
309953,209953,6/2/2025,Net Banking,Paid,4516.89
309954,209954,4/23/2024,UPI,Paid,1940.97
309955,209955,7/16/2025,Credit Card,Paid,3211.98
309956,209956,9/21/2024,UPI,Paid,7132.57
309957,209957,9/22/2025,Debit Card,Paid,5625.96
309958,209958,1/22/2025,UPI,Paid,11214.12
309959,209959,10/8/2025,UPI,Paid,907.88
309960,209960,8/7/2025,Cash on Delivery,Pending,840.2
309961,209961,8/29/2025,Debit Card,Paid,818.47
309962,209962,11/21/2025,Net Banking,Paid,8303.08
309963,209963,11/29/2025,UPI,Paid,2843.88
309964,209964,10/25/2025,Debit Card,Paid,362.28
309965,209965,6/11/2025,Credit Card,Paid,4085.21
309966,209966,12/1/2025,Debit Card,Paid,15231.48
309967,209967,6/15/2024,Wallet,Paid,1084.24
309968,209968,8/15/2025,Credit Card,Paid,3928.15
309969,209969,12/1/2025,Credit Card,Paid,4246
309970,209970,12/1/2025,UPI,Paid,14081.26
309971,209971,9/17/2024,UPI,Paid,11956.65
309972,209972,8/22/2025,Debit Card,Paid,10563.19
309973,209973,7/27/2025,Credit Card,Paid,1697.95
309974,209974,3/30/2024,Wallet,Paid,8421.23
309975,209975,2/15/2024,Wallet,Paid,3056.66
309976,209976,6/29/2025,Credit Card,Paid,1878.17
309977,209977,9/4/2025,UPI,Paid,3855.97
309978,209978,11/28/2025,Cash on Delivery,Paid,2734.95
309979,209979,9/14/2025,Credit Card,Paid,4135.11
309980,209980,12/18/2025,UPI,Paid,11200.15
309981,209981,3/6/2025,UPI,Paid,2845.64
309982,209982,3/19/2025,UPI,Paid,13177.71
309983,209983,12/20/2025,UPI,Paid,15314.9
309984,209984,3/30/2024,Net Banking,Paid,26768.56
309985,209985,4/3/2025,UPI,Paid,644.46
309986,209986,9/12/2025,Cash on Delivery,Paid,2359.61
309987,209987,11/4/2025,Net Banking,Paid,8001.85
309988,209988,6/1/2025,UPI,Paid,413.04
309989,209989,11/13/2025,UPI,Paid,127.36
309990,209990,10/25/2024,Credit Card,Paid,13044.75
309991,209991,1/13/2025,UPI,Paid,1152.49
309992,209992,12/6/2025,Credit Card,Paid,3250.9
309993,209993,8/9/2024,Credit Card,Paid,20159.95
309994,209994,10/4/2025,Credit Card,Paid,5925.82
309995,209995,9/17/2024,Cash on Delivery,Paid,1520.41
309996,209996,10/23/2025,Credit Card,Paid,18091.72
309997,209997,12/23/2025,Debit Card,Paid,725.72
309998,209998,12/13/2025,Credit Card,Paid,5166.57
309999,209999,10/1/2024,UPI,Paid,8293.14
310000,210000,7/11/2025,UPI,Paid,3321.47
310001,210001,12/21/2025,Cash on Delivery,Pending,16041.78
310002,210002,10/4/2025,Cash on Delivery,Paid,241.1
310003,210003,12/23/2025,UPI,Paid,14656.47
310004,210004,10/7/2024,UPI,Paid,39424.73
310005,210005,12/18/2025,Debit Card,Paid,1502.7
310006,210006,10/19/2024,UPI,Paid,3600.03
310007,210007,10/21/2025,Debit Card,Paid,1926.8
310008,210008,6/22/2025,Debit Card,Paid,2404.61
310009,210009,1/24/2025,UPI,Pending,9190.62
310010,210010,12/14/2025,Debit Card,Paid,5377.93
310011,210011,12/24/2025,Debit Card,Paid,7907.44
310012,210012,12/6/2025,Cash on Delivery,Paid,3133.56
310013,210013,10/13/2025,Debit Card,Paid,11623.9
310014,210014,12/22/2025,Cash on Delivery,Paid,648.9
310015,210015,12/23/2024,Credit Card,Paid,2474.26
310016,210016,10/17/2024,Cash on Delivery,Paid,2018.62
310017,210017,12/16/2025,Wallet,Paid,6223.44
310018,210018,8/20/2024,UPI,Paid,3415.37
310019,210019,11/6/2025,Net Banking,Paid,1898.69
310020,210020,12/22/2025,Credit Card,Paid,16647.4
310021,210021,12/4/2025,Net Banking,Paid,788.91
310022,210022,1/26/2025,UPI,Paid,13949.54
310023,210023,7/3/2024,UPI,Paid,1439.33
310024,210024,8/11/2024,Credit Card,Paid,195.18
310025,210025,7/17/2025,Credit Card,Paid,6995.01
310026,210026,1/27/2025,Net Banking,Paid,624.3
310027,210027,12/14/2024,Credit Card,Paid,2022.91
310028,210028,4/28/2025,Cash on Delivery,Paid,5675.05
310029,210029,12/18/2024,Debit Card,Paid,4445.31
310030,210030,12/12/2025,UPI,Paid,3617.61
310031,210031,12/15/2025,Cash on Delivery,Paid,3405.97
310032,210032,7/17/2024,UPI,Paid,4125.96
310033,210033,10/1/2025,Cash on Delivery,Paid,30936.99
310034,210034,9/13/2025,Debit Card,Paid,1720.36
310035,210035,10/19/2025,Credit Card,Paid,13992.7
310036,210036,12/22/2025,UPI,Paid,6699.09
310037,210037,6/22/2024,Debit Card,Paid,8302.05
310038,210038,9/3/2025,Debit Card,Pending,25469.61
310039,210039,8/19/2023,UPI,Paid,2114.65
310040,210040,10/6/2025,UPI,Paid,1746.6
310041,210041,12/20/2025,Wallet,Failed,1068.97
310042,210042,10/18/2025,UPI,Paid,2717.87
310043,210043,6/25/2025,Debit Card,Paid,9337.26
310044,210044,7/1/2024,Credit Card,Paid,736.06
310045,210045,3/29/2025,UPI,Paid,6909.26
310046,210046,11/7/2025,Credit Card,Paid,2896.6
310047,210047,1/17/2024,UPI,Paid,7444.86
310048,210048,3/16/2025,Net Banking,Paid,5749.88
310049,210049,2/23/2024,Net Banking,Paid,1484.02
310050,210050,11/4/2025,Credit Card,Paid,15757.84
310051,210051,9/27/2025,UPI,Paid,13441.44
310052,210052,8/22/2025,Debit Card,Paid,13476.18
310053,210053,9/27/2024,Wallet,Paid,4559.4
310054,210054,9/2/2025,Credit Card,Paid,2501.28
310055,210055,11/8/2025,Wallet,Paid,16118.57
310056,210056,12/4/2025,Net Banking,Paid,18442.01
310057,210057,8/5/2025,UPI,Paid,3641.96
310058,210058,11/3/2025,UPI,Paid,3901.54
310059,210059,11/23/2025,UPI,Paid,2546.28
310060,210060,2/26/2025,UPI,Paid,2352.99
310061,210061,10/15/2025,Credit Card,Paid,32392.21
310062,210062,5/18/2025,UPI,Paid,10195.41
310063,210063,12/23/2025,UPI,Paid,1263.48
310064,210064,12/3/2025,Credit Card,Paid,6615.89
310065,210065,11/6/2025,Credit Card,Paid,4834.36
310066,210066,3/11/2025,UPI,Paid,1639.66
310067,210067,12/16/2024,Credit Card,Paid,4774.93
310068,210068,6/29/2024,Cash on Delivery,Paid,3792.54
310069,210069,10/30/2025,Net Banking,Paid,9338.25
310070,210070,9/22/2025,Wallet,Paid,20880.36
310071,210071,8/9/2024,UPI,Paid,9567.27
310072,210072,9/8/2024,UPI,Paid,534.3
310073,210073,4/21/2025,Credit Card,Paid,3515.87
310074,210074,12/14/2025,Net Banking,Paid,10269.61
310075,210075,11/29/2025,Credit Card,Paid,8916.86
310076,210076,2/6/2025,Net Banking,Paid,3991.03
310077,210077,4/16/2025,Credit Card,Paid,10080.12
310078,210078,1/20/2025,Net Banking,Paid,4431.07
310079,210079,1/5/2025,UPI,Paid,1271.23
310080,210080,3/3/2025,UPI,Paid,13966.7
310081,210081,11/13/2024,UPI,Paid,3304.24
310082,210082,4/18/2025,Debit Card,Paid,142.5
310083,210083,7/21/2025,Debit Card,Paid,5863.7
310084,210084,5/24/2025,UPI,Paid,4317.24
310085,210085,12/8/2025,Debit Card,Paid,2518.67
310086,210086,10/6/2023,Net Banking,Paid,4032.97
310087,210087,9/13/2025,Wallet,Paid,11920.59
310088,210088,2/26/2025,Cash on Delivery,Paid,3659.51
310089,210089,12/1/2025,Cash on Delivery,Paid,5682.78
310090,210090,2/7/2024,Credit Card,Paid,188.68
310091,210091,1/6/2024,Cash on Delivery,Paid,817.52
310092,210092,8/29/2024,UPI,Paid,764.61
310093,210093,3/17/2025,Credit Card,Paid,2004.04
310094,210094,8/11/2025,Credit Card,Paid,15160.79
310095,210095,1/6/2024,Debit Card,Paid,1023.97
310096,210096,12/25/2024,UPI,Paid,9540.62
310097,210097,8/31/2025,Net Banking,Paid,891.17
310098,210098,12/17/2025,Credit Card,Paid,1213.07
310099,210099,12/16/2025,Debit Card,Paid,14045.19
310100,210100,6/3/2025,Net Banking,Paid,2085.73
310101,210101,7/5/2025,UPI,Paid,4889.27
310102,210102,11/5/2024,UPI,Paid,1074.79
310103,210103,10/19/2025,UPI,Paid,13875.58
310104,210104,8/10/2025,Debit Card,Paid,2219.97
310105,210105,11/27/2025,UPI,Paid,5093.76
310106,210106,6/28/2025,Credit Card,Paid,10001.86
310107,210107,7/30/2025,Debit Card,Paid,3895.33
310108,210108,11/17/2025,Debit Card,Paid,454.6
310109,210109,4/2/2025,Credit Card,Paid,6499.46
310110,210110,2/14/2025,UPI,Paid,21289.02
310111,210111,10/20/2025,Debit Card,Paid,3494.02
310112,210112,3/10/2025,Credit Card,Paid,8762.37
310113,210113,11/9/2025,Credit Card,Paid,4817.14
310114,210114,11/27/2025,Net Banking,Paid,3299.21
310115,210115,1/15/2025,Credit Card,Paid,2080.76
310116,210116,9/30/2025,Debit Card,Paid,13361.78
310117,210117,12/26/2025,Cash on Delivery,Paid,15874.18
310118,210118,8/21/2025,Credit Card,Paid,1785.02
310119,210119,6/5/2024,UPI,Pending,11244.2
310120,210120,12/28/2024,UPI,Paid,4315.09
310121,210121,10/27/2025,Credit Card,Paid,24119.94
310122,210122,6/7/2025,Wallet,Paid,4750.45
310123,210123,7/23/2025,Credit Card,Paid,1502.63
310124,210124,8/1/2024,UPI,Paid,3308
310125,210125,12/18/2024,Credit Card,Paid,14028.99
310126,210126,12/12/2023,Cash on Delivery,Paid,5216.35
310127,210127,8/27/2024,UPI,Paid,12434.23
310128,210128,7/23/2025,Credit Card,Paid,6099.88
310129,210129,6/27/2025,UPI,Paid,6527.65
310130,210130,7/15/2025,UPI,Paid,4219.84
310131,210131,3/3/2025,Credit Card,Paid,4246.35
310132,210132,4/12/2025,Credit Card,Paid,3321.3
310133,210133,9/25/2024,Wallet,Paid,2189.15
310134,210134,7/9/2024,UPI,Paid,4135.42
310135,210135,11/29/2025,Credit Card,Paid,2663.76
310136,210136,7/1/2025,Wallet,Paid,4292.52
310137,210137,10/18/2025,Debit Card,Pending,204.21
310138,210138,9/9/2025,Wallet,Paid,32717.37
310139,210139,3/16/2025,UPI,Paid,3261.98
310140,210140,11/16/2025,Credit Card,Paid,17002.15
310141,210141,12/21/2025,UPI,Paid,4022.6
310142,210142,9/7/2025,Debit Card,Paid,15534.85
310143,210143,11/16/2025,Net Banking,Paid,6021.45
310144,210144,9/3/2025,Wallet,Paid,2789.45
310145,210145,3/24/2024,Debit Card,Paid,11941.22
310146,210146,1/26/2025,Wallet,Paid,13045
310147,210147,3/21/2025,Debit Card,Paid,7611.97
310148,210148,5/21/2025,Cash on Delivery,Paid,2017.54
310149,210149,11/30/2025,Net Banking,Paid,32404.51
310150,210150,11/18/2025,UPI,Paid,7997.05
310151,210151,8/16/2025,Credit Card,Paid,442.4
310152,210152,6/8/2024,Credit Card,Paid,2386.09
310153,210153,12/22/2024,Net Banking,Paid,3897.03
310154,210154,9/9/2025,UPI,Paid,8166.88
310155,210155,12/11/2025,Credit Card,Paid,1979.95
310156,210156,6/16/2025,Credit Card,Paid,2676.13
310157,210157,2/2/2025,UPI,Paid,357.7
310158,210158,11/9/2023,Debit Card,Paid,2141.55
310159,210159,11/9/2025,Debit Card,Paid,6986.99
310160,210160,12/11/2025,UPI,Paid,6462.86
310161,210161,11/23/2025,UPI,Paid,2360.88
310162,210162,5/25/2024,Wallet,Paid,10032.16
310163,210163,7/20/2025,Cash on Delivery,Paid,319.33
310164,210164,12/31/2024,Debit Card,Paid,19189.38
310165,210165,10/25/2025,Credit Card,Paid,12372.15
310166,210166,12/24/2025,Cash on Delivery,Paid,10302.44
310167,210167,5/9/2023,Credit Card,Failed,3504.87
310168,210168,12/29/2025,Net Banking,Paid,282.35
310169,210169,4/10/2023,Net Banking,Paid,3588.07
310170,210170,3/29/2025,Debit Card,Paid,7808.27
310171,210171,10/20/2025,Net Banking,Pending,7748.84
310172,210172,3/6/2024,Wallet,Paid,1429.23
310173,210173,7/12/2025,Credit Card,Paid,11125.41
310174,210174,12/2/2025,Credit Card,Paid,18527.91
310175,210175,6/11/2024,Debit Card,Paid,4919.27
310176,210176,12/22/2023,UPI,Paid,112.42
310177,210177,6/24/2025,Net Banking,Paid,5963.13
310178,210178,8/25/2025,UPI,Paid,4751.52
310179,210179,1/24/2025,Cash on Delivery,Paid,7247.09
310180,210180,8/5/2024,Debit Card,Paid,839.9
310181,210181,1/18/2025,Cash on Delivery,Paid,3869.84
310182,210182,10/17/2025,Wallet,Paid,1440.91
310183,210183,5/17/2025,Debit Card,Paid,16478.02
310184,210184,8/5/2025,Cash on Delivery,Paid,3985.14
310185,210185,12/25/2025,UPI,Paid,7279.19
310186,210186,10/22/2025,Debit Card,Paid,6397.49
310187,210187,5/30/2025,Debit Card,Paid,18409.44
310188,210188,12/21/2024,UPI,Paid,1950.9
310189,210189,8/24/2025,UPI,Paid,12265.1
310190,210190,12/15/2025,UPI,Paid,1943.19
310191,210191,6/4/2025,UPI,Paid,13570.81
310192,210192,4/5/2025,Credit Card,Paid,2194.65
310193,210193,7/14/2025,Debit Card,Paid,4108.39
310194,210194,10/6/2024,Net Banking,Paid,13233.72
310195,210195,12/9/2024,Wallet,Paid,577.63
310196,210196,8/3/2025,Credit Card,Paid,3989.97
310197,210197,10/17/2025,UPI,Paid,4964.82
310198,210198,11/25/2024,Wallet,Paid,9995.26
310199,210199,5/1/2025,UPI,Paid,17346.63
310200,210200,10/7/2024,Credit Card,Paid,10843.65
310201,210201,11/9/2025,Credit Card,Paid,648.47
310202,210202,7/17/2025,UPI,Paid,366.46
310203,210203,8/24/2024,Net Banking,Paid,497.72
310204,210204,6/13/2025,Credit Card,Paid,2451.66
310205,210205,12/4/2025,Cash on Delivery,Paid,5073.32
310206,210206,1/9/2025,UPI,Paid,13010.8
310207,210207,10/13/2023,UPI,Paid,18199.99
310208,210208,8/30/2025,Cash on Delivery,Paid,3159.61
310209,210209,1/22/2025,Credit Card,Paid,5961.29
310210,210210,9/9/2024,UPI,Paid,10728.16
310211,210211,11/8/2025,Net Banking,Paid,4545.62
310212,210212,11/15/2025,UPI,Paid,2855.82
310213,210213,12/12/2025,Credit Card,Paid,436.71
310214,210214,5/3/2025,UPI,Paid,22455.21
310215,210215,7/17/2025,UPI,Paid,2532.93
310216,210216,3/22/2025,Debit Card,Paid,3771.91
310217,210217,5/11/2025,Net Banking,Paid,359.3
310218,210218,11/19/2025,Debit Card,Paid,174.6
310219,210219,12/12/2024,UPI,Paid,4355.86
310220,210220,12/5/2025,Debit Card,Paid,11260.48
310221,210221,7/7/2024,UPI,Paid,1237.9
310222,210222,10/21/2025,UPI,Paid,7003.4
310223,210223,6/9/2024,Debit Card,Paid,9194.04
310224,210224,4/22/2024,Cash on Delivery,Paid,8433.9
310225,210225,8/4/2025,Net Banking,Paid,1916.15
310226,210226,4/27/2025,UPI,Paid,1434.92
310227,210227,9/17/2025,UPI,Paid,6892.03
310228,210228,11/30/2024,Debit Card,Paid,8182.16
310229,210229,10/31/2025,UPI,Paid,33165.73
310230,210230,2/15/2025,Debit Card,Paid,8939.11
310231,210231,7/8/2023,Debit Card,Paid,2992.22
310232,210232,12/2/2025,Credit Card,Paid,1753.73
310233,210233,1/27/2025,Wallet,Paid,2502.38
310234,210234,10/19/2025,Debit Card,Paid,10029.17
310235,210235,11/8/2024,UPI,Paid,18023.28
310236,210236,4/19/2024,UPI,Paid,1801.1
310237,210237,7/26/2025,Debit Card,Paid,4100.59
310238,210238,11/24/2023,Credit Card,Paid,1721.55
310239,210239,7/7/2025,UPI,Paid,10843.51
310240,210240,9/28/2024,Wallet,Paid,4212.95
310241,210241,1/15/2025,UPI,Paid,944.93
310242,210242,7/17/2023,Cash on Delivery,Paid,5845.41
310243,210243,9/22/2025,Debit Card,Paid,562.53
310244,210244,1/29/2025,Net Banking,Paid,531.01
310245,210245,6/22/2025,Cash on Delivery,Paid,7943.45
310246,210246,7/31/2025,Debit Card,Paid,25871.38
310247,210247,11/24/2025,Credit Card,Paid,4248.3
310248,210248,4/24/2025,Wallet,Paid,587.3
310249,210249,11/14/2025,Credit Card,Paid,10128.38
310250,210250,12/6/2025,UPI,Paid,4649
310251,210251,7/13/2025,Credit Card,Paid,620.29
310252,210252,3/27/2025,Net Banking,Paid,46663.06
310253,210253,7/7/2025,UPI,Paid,13317.24
310254,210254,8/31/2025,Cash on Delivery,Paid,4309.43
310255,210255,10/15/2024,Credit Card,Paid,4162.62
310256,210256,7/29/2024,UPI,Paid,398.88
310257,210257,12/29/2025,Credit Card,Paid,4783.35
310258,210258,11/12/2025,Net Banking,Paid,11864.11
310259,210259,8/14/2025,Wallet,Paid,1578.75
310260,210260,7/18/2025,Cash on Delivery,Paid,12425.13
310261,210261,1/1/2025,Credit Card,Paid,3926.53
310262,210262,9/8/2025,UPI,Paid,7236.4
310263,210263,7/15/2024,Debit Card,Paid,1466.32
310264,210264,1/16/2024,Cash on Delivery,Failed,5927.7
310265,210265,1/6/2025,UPI,Paid,14928.7
310266,210266,11/24/2025,Credit Card,Paid,7482.83
310267,210267,10/29/2023,Cash on Delivery,Paid,2614.61
310268,210268,12/14/2025,Cash on Delivery,Paid,2179.16
310269,210269,12/8/2025,UPI,Paid,1914.66
310270,210270,4/8/2025,Cash on Delivery,Paid,1785.99
310271,210271,2/6/2025,UPI,Paid,8054.74
310272,210272,3/29/2023,Cash on Delivery,Paid,910.59
310273,210273,8/24/2025,Cash on Delivery,Paid,8653.99
310274,210274,1/4/2025,Debit Card,Paid,11560.14
310275,210275,10/11/2023,Credit Card,Paid,1567.79
310276,210276,5/26/2025,UPI,Paid,193.88
310277,210277,7/5/2025,Debit Card,Paid,3917.32
310278,210278,3/4/2025,Debit Card,Paid,3331.78
310279,210279,4/30/2025,Credit Card,Paid,4273.48
310280,210280,10/30/2025,UPI,Paid,10839.21
310281,210281,10/4/2025,Debit Card,Paid,32733.36
310282,210282,5/2/2025,Cash on Delivery,Paid,352.97
310283,210283,8/7/2025,Net Banking,Paid,6595.58
310284,210284,10/30/2025,Cash on Delivery,Paid,5766.75
310285,210285,12/1/2023,Credit Card,Paid,7735.99
310286,210286,6/6/2025,Cash on Delivery,Paid,3941.34
310287,210287,7/15/2024,Debit Card,Paid,19661.95
310288,210288,10/9/2025,UPI,Paid,604.33
310289,210289,4/8/2025,Debit Card,Paid,8893.78
310290,210290,1/26/2025,UPI,Paid,8451.91
310291,210291,11/15/2023,Net Banking,Paid,6814.66
310292,210292,12/16/2025,UPI,Paid,4411.54
310293,210293,7/20/2025,UPI,Paid,7165.08
310294,210294,6/3/2025,Net Banking,Paid,1756.8
310295,210295,12/25/2025,UPI,Paid,5579.44
310296,210296,6/17/2025,Debit Card,Paid,45742.88
310297,210297,12/22/2025,Net Banking,Paid,2394.62
310298,210298,12/17/2025,Debit Card,Paid,6725.87
310299,210299,5/18/2025,Credit Card,Paid,6101.64
310300,210300,11/18/2025,UPI,Paid,15530.63
310301,210301,3/22/2025,Net Banking,Paid,11476.77
310302,210302,7/3/2025,Wallet,Paid,6516
310303,210303,5/4/2024,Net Banking,Paid,4174.98
310304,210304,10/13/2024,Debit Card,Failed,10268.68
310305,210305,12/12/2024,UPI,Paid,9286.38
310306,210306,9/23/2025,Credit Card,Paid,7296.03
310307,210307,12/29/2025,Debit Card,Paid,322.04
310308,210308,11/16/2025,Credit Card,Paid,6218.55
310309,210309,12/18/2025,Cash on Delivery,Paid,11473.99
310310,210310,1/21/2025,Credit Card,Paid,15734.66
310311,210311,5/1/2025,Credit Card,Paid,1658.97
310312,210312,1/22/2025,Debit Card,Paid,429.46
310313,210313,2/18/2024,Credit Card,Pending,2096.02
310314,210314,11/5/2024,Wallet,Paid,14240.25
310315,210315,8/24/2025,Net Banking,Paid,3144.69
310316,210316,12/6/2025,Wallet,Pending,2230.21
310317,210317,12/21/2024,UPI,Paid,8495.67
310318,210318,8/8/2024,Net Banking,Paid,3282.97
310319,210319,9/29/2025,Cash on Delivery,Paid,6937.99
310320,210320,12/14/2025,Cash on Delivery,Paid,1031.92
310321,210321,7/17/2024,UPI,Paid,14111.15
310322,210322,12/1/2025,UPI,Paid,8416.23
310323,210323,6/23/2025,Net Banking,Paid,7574.65
310324,210324,9/13/2024,Credit Card,Failed,12014.33
310325,210325,7/30/2025,UPI,Failed,785.63
310326,210326,12/15/2025,Credit Card,Paid,1438.53
310327,210327,10/22/2025,UPI,Pending,20298.75
310328,210328,4/6/2025,Credit Card,Paid,1908.13
310329,210329,6/27/2025,Net Banking,Paid,4095.85
310330,210330,12/12/2025,Credit Card,Paid,6720.46
310331,210331,10/22/2025,UPI,Paid,2980.01
310332,210332,8/8/2024,UPI,Paid,644.54
310333,210333,3/24/2025,UPI,Paid,651.64
310334,210334,9/15/2025,Cash on Delivery,Failed,8371.9
310335,210335,5/2/2025,Net Banking,Paid,10580.06
310336,210336,11/29/2025,Debit Card,Paid,1731.28
310337,210337,3/31/2025,Cash on Delivery,Paid,587.82
310338,210338,6/10/2024,Wallet,Paid,6616.88
310339,210339,7/9/2023,Debit Card,Paid,6183.92
310340,210340,9/12/2023,Cash on Delivery,Paid,1166.98
310341,210341,12/17/2025,Credit Card,Paid,1898.76
310342,210342,10/7/2024,Net Banking,Paid,4713.44
310343,210343,7/25/2025,UPI,Paid,1243.94
310344,210344,7/23/2024,Credit Card,Paid,9764.54
310345,210345,12/13/2023,Net Banking,Failed,8492.01
310346,210346,10/10/2025,UPI,Paid,443.07
310347,210347,9/22/2023,Credit Card,Paid,28750.68
310348,210348,12/6/2025,Debit Card,Paid,9915.83
310349,210349,5/14/2025,UPI,Paid,4380.37
310350,210350,10/25/2025,Net Banking,Paid,6892.21
310351,210351,12/13/2025,Credit Card,Paid,10425.35
310352,210352,12/11/2025,UPI,Paid,9185.19
310353,210353,6/12/2024,Cash on Delivery,Failed,9296.07
310354,210354,10/13/2025,Debit Card,Paid,4235.51
310355,210355,8/7/2025,Debit Card,Paid,6266
310356,210356,8/23/2025,Credit Card,Paid,2187.58
310357,210357,6/23/2025,UPI,Paid,7637
310358,210358,5/25/2024,Wallet,Paid,4080.27
310359,210359,3/3/2025,UPI,Paid,8929.39
310360,210360,12/26/2025,UPI,Paid,523.04
310361,210361,11/20/2024,Credit Card,Pending,2096.74
310362,210362,11/30/2025,UPI,Paid,10821.76
310363,210363,4/20/2025,UPI,Paid,13488.88
310364,210364,7/20/2025,UPI,Paid,838.56
310365,210365,6/15/2025,Credit Card,Paid,2460.33
310366,210366,7/12/2025,UPI,Paid,10402.44
310367,210367,12/29/2025,UPI,Paid,1364.47
310368,210368,12/4/2024,Net Banking,Paid,3934.1
310369,210369,9/16/2024,UPI,Paid,2908.91
310370,210370,7/20/2024,Wallet,Paid,2620.24
310371,210371,6/8/2025,Credit Card,Paid,1487.18
310372,210372,10/28/2025,Wallet,Paid,1538.55
310373,210373,12/27/2024,Credit Card,Paid,18404.61
310374,210374,3/23/2024,Net Banking,Paid,28362.01
310375,210375,8/28/2025,Cash on Delivery,Paid,3920.23
310376,210376,7/2/2025,Net Banking,Paid,1901.18
310377,210377,12/5/2024,Debit Card,Paid,7083.27
310378,210378,10/22/2025,Net Banking,Paid,8489.1
310379,210379,8/29/2025,Net Banking,Paid,5004.07
310380,210380,9/13/2025,Debit Card,Paid,7246.17
310381,210381,10/7/2025,UPI,Paid,3940.26
310382,210382,5/31/2024,Debit Card,Paid,474.35
310383,210383,9/16/2025,Cash on Delivery,Paid,5078.08
310384,210384,9/5/2023,UPI,Paid,15183.37
310385,210385,3/31/2025,UPI,Paid,5162.19
310386,210386,12/11/2025,Cash on Delivery,Paid,5376.71
310387,210387,10/5/2024,Cash on Delivery,Paid,8682.11
310388,210388,7/8/2024,Credit Card,Paid,4226.47
310389,210389,12/6/2025,UPI,Paid,5439.72
310390,210390,9/8/2024,Net Banking,Paid,25303.99
310391,210391,9/4/2025,UPI,Pending,16678.95
310392,210392,2/26/2023,UPI,Paid,2135.03
310393,210393,9/25/2025,UPI,Pending,14333.78
310394,210394,2/7/2024,Net Banking,Paid,15165.33
310395,210395,12/19/2025,Debit Card,Paid,15750.66
310396,210396,2/22/2025,Net Banking,Paid,3975.45
310397,210397,8/27/2025,UPI,Paid,8886.65
310398,210398,4/8/2025,Debit Card,Paid,2903.11
310399,210399,3/10/2025,Credit Card,Paid,13441.14
310400,210400,7/31/2025,Credit Card,Paid,6023.05
310401,210401,1/27/2024,Net Banking,Paid,7393.93
310402,210402,11/17/2024,Debit Card,Paid,7727.11
310403,210403,3/5/2025,Credit Card,Paid,3015.17
310404,210404,6/18/2024,Net Banking,Paid,24123.54
310405,210405,11/16/2024,Credit Card,Paid,1106
310406,210406,11/30/2025,Net Banking,Paid,4618.17
310407,210407,10/13/2025,Debit Card,Paid,2235.86
310408,210408,1/6/2025,Net Banking,Paid,6438.61
310409,210409,7/19/2025,UPI,Paid,1510.08
310410,210410,9/15/2023,Credit Card,Pending,3145.58
310411,210411,3/11/2025,Credit Card,Pending,4296.07
310412,210412,7/26/2025,Net Banking,Paid,3132.59
310413,210413,8/27/2025,Wallet,Paid,7949.6
310414,210414,3/28/2025,UPI,Paid,3658.05
310415,210415,12/5/2025,Credit Card,Paid,27173.37
310416,210416,1/30/2025,UPI,Paid,2029.77
310417,210417,11/16/2025,Net Banking,Paid,7654.25
310418,210418,2/5/2024,Credit Card,Paid,6692.31
310419,210419,5/18/2025,Cash on Delivery,Paid,1235.31
310420,210420,12/29/2025,Net Banking,Paid,6202.25
310421,210421,6/20/2025,Credit Card,Paid,7955.75
310422,210422,12/1/2024,UPI,Paid,4858.49
310423,210423,7/15/2025,Credit Card,Paid,3127.98
310424,210424,8/8/2024,UPI,Paid,6474.71
310425,210425,7/11/2025,UPI,Paid,6044.41
310426,210426,9/26/2023,UPI,Paid,6368.75
310427,210427,10/15/2023,Credit Card,Paid,38843.86
310428,210428,12/11/2024,Debit Card,Paid,5478.86
310429,210429,10/2/2025,Credit Card,Paid,3764.25
310430,210430,4/7/2025,Cash on Delivery,Paid,8680.51
310431,210431,9/14/2024,Debit Card,Paid,20137.89
310432,210432,12/10/2025,Wallet,Failed,14193.99
310433,210433,12/1/2025,Cash on Delivery,Paid,725.9
310434,210434,3/24/2025,Cash on Delivery,Paid,3502.47
310435,210435,5/24/2023,UPI,Paid,15420.18
310436,210436,12/1/2025,Cash on Delivery,Failed,3840.02
310437,210437,9/12/2024,Net Banking,Paid,1742.27
310438,210438,5/30/2025,Cash on Delivery,Paid,7801
310439,210439,6/25/2024,Wallet,Paid,5071.36
310440,210440,7/22/2024,UPI,Paid,16728.44
310441,210441,11/19/2025,Debit Card,Paid,4876.84
310442,210442,11/23/2025,UPI,Paid,5034.09
310443,210443,4/13/2025,Cash on Delivery,Paid,1463.91
310444,210444,10/14/2023,UPI,Pending,7440.73
310445,210445,11/21/2025,Cash on Delivery,Paid,9806.51
310446,210446,7/26/2024,Debit Card,Paid,13540.93
310447,210447,7/1/2024,UPI,Pending,2459.7
310448,210448,12/30/2025,UPI,Paid,8759.02
310449,210449,10/20/2025,UPI,Paid,2422.33
310450,210450,12/9/2025,Debit Card,Paid,261.39
310451,210451,12/21/2025,Net Banking,Pending,1755.84
310452,210452,10/10/2025,UPI,Paid,5918.15
310453,210453,2/13/2025,Debit Card,Paid,2491.89
310454,210454,5/27/2025,Cash on Delivery,Paid,684.65
310455,210455,11/18/2025,Credit Card,Paid,740.12
310456,210456,3/24/2025,UPI,Paid,16210.23
310457,210457,6/21/2024,Credit Card,Paid,951.09
310458,210458,10/12/2025,UPI,Failed,8479.07
310459,210459,6/6/2024,UPI,Paid,2143.73
310460,210460,9/21/2024,Debit Card,Paid,7514.04
310461,210461,11/21/2024,Wallet,Paid,4985.12
310462,210462,12/22/2025,Debit Card,Paid,2296.6
310463,210463,11/12/2024,Net Banking,Paid,5898.73
310464,210464,12/15/2024,Net Banking,Paid,626.35
310465,210465,6/21/2025,Credit Card,Paid,1338.32
310466,210466,4/17/2025,Debit Card,Paid,880.92
310467,210467,2/20/2025,Credit Card,Paid,2236.04
310468,210468,1/26/2025,Net Banking,Paid,1579.27
310469,210469,9/24/2025,Debit Card,Paid,9427.41
310470,210470,10/10/2025,Debit Card,Failed,2630.75
310471,210471,3/29/2025,Credit Card,Paid,14036.23
310472,210472,12/19/2025,Wallet,Paid,1245.14
310473,210473,5/6/2024,UPI,Paid,3012.11
310474,210474,7/30/2024,Net Banking,Paid,17571.49
310475,210475,10/22/2024,Credit Card,Paid,1214.86
310476,210476,12/11/2025,Credit Card,Paid,4932.05
310477,210477,6/15/2025,UPI,Paid,1655.67
310478,210478,11/12/2025,Credit Card,Paid,2478.77
310479,210479,12/17/2025,Net Banking,Paid,16486.95
310480,210480,5/7/2025,Credit Card,Paid,4131.46
310481,210481,10/28/2025,Credit Card,Paid,7127.89
310482,210482,7/18/2025,Net Banking,Paid,2690.89
310483,210483,3/11/2025,Net Banking,Paid,5897.8
310484,210484,3/20/2025,Net Banking,Paid,2481.7
310485,210485,12/12/2023,UPI,Paid,1855.99
310486,210486,7/23/2024,UPI,Paid,1225.67
310487,210487,11/17/2025,UPI,Paid,3164.43
310488,210488,7/9/2024,Debit Card,Paid,10070.93
310489,210489,8/17/2025,Credit Card,Paid,4264.18
310490,210490,12/4/2025,UPI,Paid,1232.53
310491,210491,4/5/2025,UPI,Paid,3491.82
310492,210492,10/28/2025,Net Banking,Paid,3731.35
310493,210493,4/4/2025,Credit Card,Paid,4646.89
310494,210494,12/31/2025,UPI,Failed,8298.88
310495,210495,1/19/2025,Net Banking,Paid,12794.91
310496,210496,8/19/2025,Credit Card,Paid,8774.5
310497,210497,9/24/2025,Debit Card,Paid,4769.86
310498,210498,12/1/2025,Credit Card,Paid,8896.41
310499,210499,12/21/2025,UPI,Paid,9691.08
310500,210500,9/2/2025,UPI,Pending,328.45
310501,210501,4/15/2025,Debit Card,Paid,1100.4
310502,210502,3/23/2024,UPI,Paid,312.13
310503,210503,12/7/2024,Credit Card,Paid,15533.36
310504,210504,11/2/2025,Cash on Delivery,Paid,1350.9
310505,210505,7/20/2025,Credit Card,Paid,794.97
310506,210506,6/1/2024,UPI,Paid,3741.08
310507,210507,9/24/2025,UPI,Paid,5059.44
310508,210508,8/8/2025,Net Banking,Paid,2046.74
310509,210509,10/16/2024,Credit Card,Paid,7012.45
310510,210510,8/21/2024,UPI,Paid,10356.81
310511,210511,8/5/2025,Credit Card,Paid,3495.54
310512,210512,6/9/2025,UPI,Paid,11289.72
310513,210513,12/15/2023,Cash on Delivery,Paid,843.68
310514,210514,11/6/2025,UPI,Paid,3097.36
310515,210515,3/11/2025,Credit Card,Paid,13643.08
310516,210516,9/27/2025,Cash on Delivery,Paid,3157.42
310517,210517,5/24/2025,Wallet,Paid,6096.87
310518,210518,11/28/2025,UPI,Paid,6659.28
310519,210519,8/29/2023,UPI,Paid,4268.8
310520,210520,11/9/2025,Cash on Delivery,Failed,772.88
310521,210521,10/24/2025,Credit Card,Paid,8646.3
310522,210522,4/25/2025,Cash on Delivery,Paid,17038.12
310523,210523,11/5/2024,Credit Card,Paid,173.5
310524,210524,12/20/2025,Wallet,Paid,5816.23
310525,210525,7/25/2025,UPI,Paid,2609.41
310526,210526,2/10/2024,Cash on Delivery,Paid,9507.31
310527,210527,8/27/2024,Debit Card,Paid,931.87
310528,210528,7/23/2025,Cash on Delivery,Paid,4545.52
310529,210529,5/19/2025,Credit Card,Paid,5199.29
310530,210530,1/18/2025,Wallet,Paid,652.49
310531,210531,9/19/2025,UPI,Paid,4008.96
310532,210532,7/10/2024,Net Banking,Paid,2725.78
310533,210533,11/22/2025,Cash on Delivery,Paid,13837.98
310534,210534,6/24/2024,Debit Card,Pending,17894.73
310535,210535,9/4/2025,UPI,Paid,1081.52
310536,210536,6/11/2025,UPI,Paid,3494.28
310537,210537,5/5/2025,UPI,Paid,11417.18
310538,210538,4/28/2025,Cash on Delivery,Paid,5634.34
310539,210539,2/1/2024,UPI,Paid,16746.59
310540,210540,9/1/2025,Wallet,Paid,7568.07
310541,210541,9/8/2025,UPI,Paid,1132.59
310542,210542,11/25/2025,UPI,Paid,5789.32
310543,210543,12/1/2025,Debit Card,Pending,4688.17
310544,210544,7/30/2023,Credit Card,Paid,1037.81
310545,210545,12/13/2024,UPI,Paid,4705.87
310546,210546,8/16/2024,Net Banking,Paid,3883.38
310547,210547,5/10/2025,UPI,Paid,1123.59
310548,210548,12/5/2025,UPI,Paid,1239.69
310549,210549,12/4/2025,UPI,Paid,18416.78
310550,210550,11/25/2025,Cash on Delivery,Failed,971.42
310551,210551,7/5/2025,UPI,Paid,12241.54
310552,210552,8/6/2025,Credit Card,Paid,2039.83
310553,210553,12/27/2025,Net Banking,Paid,5323.04
310554,210554,4/20/2025,UPI,Paid,15667.8
310555,210555,12/14/2024,Net Banking,Paid,2081.36
310556,210556,11/26/2025,UPI,Paid,142.33
310557,210557,8/9/2025,Credit Card,Paid,11640.32
310558,210558,8/31/2024,Wallet,Paid,4276.38
310559,210559,11/16/2023,Credit Card,Paid,203.86
310560,210560,4/22/2025,Debit Card,Paid,7006.72
310561,210561,10/4/2025,UPI,Paid,8466.17
310562,210562,4/3/2025,Cash on Delivery,Paid,953.2
310563,210563,4/13/2025,Credit Card,Paid,187.02
310564,210564,4/18/2024,Cash on Delivery,Pending,1695.51
310565,210565,9/25/2025,Wallet,Paid,1286.56
310566,210566,7/9/2024,Cash on Delivery,Paid,2769.66
310567,210567,10/27/2025,Credit Card,Paid,4665.76
310568,210568,12/23/2025,Credit Card,Paid,2478.22
310569,210569,11/19/2025,Debit Card,Paid,29704.3
310570,210570,9/12/2024,UPI,Paid,2598.94
310571,210571,8/15/2025,Credit Card,Paid,6374.48
310572,210572,11/5/2025,UPI,Paid,2163.51
310573,210573,12/8/2025,Cash on Delivery,Paid,16707.26
310574,210574,3/18/2024,Cash on Delivery,Paid,6073.65
310575,210575,3/19/2025,Cash on Delivery,Failed,633.07
310576,210576,8/24/2024,UPI,Paid,5117.48
310577,210577,7/22/2025,Cash on Delivery,Paid,15718.47
310578,210578,11/16/2025,Credit Card,Paid,642.17
310579,210579,7/21/2025,UPI,Paid,7362.09
310580,210580,11/23/2024,UPI,Paid,3549.33
310581,210581,7/25/2025,Net Banking,Paid,10538.9
310582,210582,5/15/2025,Debit Card,Paid,9508.18
310583,210583,12/14/2025,UPI,Paid,3469.06
310584,210584,3/18/2025,Credit Card,Paid,6911.43
310585,210585,6/7/2025,Wallet,Paid,6677.33
310586,210586,12/21/2025,UPI,Paid,2738.11
310587,210587,11/11/2023,Credit Card,Paid,7366.53
310588,210588,12/13/2025,UPI,Paid,10633.1
310589,210589,10/18/2025,UPI,Paid,604.07
310590,210590,7/16/2025,Cash on Delivery,Paid,5813.75
310591,210591,3/28/2025,Cash on Delivery,Paid,1112.05
310592,210592,2/7/2025,Net Banking,Paid,842.2
310593,210593,7/7/2025,UPI,Paid,4355.58
310594,210594,6/19/2025,Credit Card,Paid,4528.79
310595,210595,9/30/2025,Debit Card,Paid,299.09
310596,210596,7/20/2025,Credit Card,Paid,6822.56
310597,210597,9/23/2023,Debit Card,Paid,793.01
310598,210598,11/16/2025,Credit Card,Paid,5193.97
310599,210599,7/10/2025,Credit Card,Paid,1093.96
310600,210600,7/19/2025,Debit Card,Paid,582.72
310601,210601,12/14/2025,Cash on Delivery,Paid,816.42
310602,210602,4/12/2024,UPI,Paid,16727.47
310603,210603,7/18/2025,Debit Card,Paid,9349.82
310604,210604,7/21/2025,UPI,Paid,3862.12
310605,210605,2/4/2025,Credit Card,Paid,3459.22
310606,210606,7/21/2025,UPI,Failed,3049.56
310607,210607,11/11/2025,Debit Card,Paid,2738.37
310608,210608,3/13/2025,Debit Card,Paid,558
310609,210609,11/8/2025,UPI,Paid,582.13
310610,210610,9/12/2025,Cash on Delivery,Paid,2703.78
310611,210611,1/21/2025,UPI,Paid,651.4
310612,210612,8/16/2025,Cash on Delivery,Paid,532.33
310613,210613,9/14/2025,UPI,Paid,4527
310614,210614,8/17/2025,UPI,Paid,5538.35
310615,210615,12/24/2025,Wallet,Paid,1180.88
310616,210616,2/27/2024,Net Banking,Paid,6006.53
310617,210617,10/28/2025,Cash on Delivery,Paid,977.07
310618,210618,7/12/2025,UPI,Paid,1932.62
310619,210619,12/21/2024,UPI,Pending,4476.53
310620,210620,9/24/2024,UPI,Paid,397.1
310621,210621,10/16/2024,Credit Card,Paid,1753.53
310622,210622,7/7/2024,UPI,Paid,30444.06
310623,210623,9/5/2025,UPI,Paid,332.5
310624,210624,10/9/2024,Credit Card,Paid,1198.64
310625,210625,5/6/2025,Credit Card,Paid,1192.35
310626,210626,10/9/2025,Cash on Delivery,Paid,8779.18
310627,210627,9/12/2025,UPI,Paid,32016.77
310628,210628,2/4/2025,Debit Card,Paid,13870.37
310629,210629,7/11/2025,Net Banking,Paid,2567.81
310630,210630,3/20/2024,UPI,Paid,16406.34
310631,210631,5/24/2025,Debit Card,Paid,782.69
310632,210632,4/23/2025,Credit Card,Paid,16789.51
310633,210633,6/28/2025,UPI,Paid,34793
310634,210634,12/2/2025,UPI,Paid,2407.49
310635,210635,1/19/2025,Cash on Delivery,Paid,9398.45
310636,210636,11/8/2023,Credit Card,Paid,4952.2
310637,210637,4/11/2025,UPI,Paid,8446.98
310638,210638,5/21/2025,Credit Card,Paid,2160.85
310639,210639,6/18/2025,Debit Card,Paid,2208.73
310640,210640,12/15/2025,UPI,Paid,9279.18
310641,210641,10/1/2024,Credit Card,Paid,707.44
310642,210642,1/3/2025,Net Banking,Paid,6875.12
310643,210643,9/13/2025,Credit Card,Paid,7272.61
310644,210644,6/25/2025,Credit Card,Paid,14679.19
310645,210645,10/27/2023,Credit Card,Paid,2812.53
310646,210646,7/19/2025,Debit Card,Paid,6627.23
310647,210647,12/2/2024,Credit Card,Paid,4931.66
310648,210648,12/10/2025,Credit Card,Pending,9911.38
310649,210649,11/30/2025,UPI,Paid,2451.53
310650,210650,7/2/2024,UPI,Paid,963.95
310651,210651,12/28/2023,UPI,Paid,1446.67
310652,210652,2/19/2024,UPI,Paid,9794.62
310653,210653,10/17/2024,UPI,Failed,4597.16
310654,210654,12/3/2025,Credit Card,Paid,10242.2
310655,210655,11/11/2025,Cash on Delivery,Paid,484.37
310656,210656,5/2/2025,UPI,Paid,4741.4
310657,210657,5/11/2025,Credit Card,Paid,1016.49
310658,210658,4/25/2025,Credit Card,Paid,2472.43
310659,210659,10/21/2025,UPI,Paid,321.04
310660,210660,10/8/2025,Debit Card,Paid,14888.15
310661,210661,9/8/2025,Cash on Delivery,Paid,1504.6
310662,210662,10/15/2025,UPI,Paid,3023.59
310663,210663,3/25/2025,UPI,Paid,4040.88
310664,210664,11/2/2024,UPI,Paid,2347.88
310665,210665,8/5/2024,UPI,Paid,5827.02
310666,210666,11/27/2024,UPI,Pending,3700.05
310667,210667,12/26/2025,Credit Card,Paid,5185.49
310668,210668,2/7/2025,Credit Card,Paid,10541.79
310669,210669,9/17/2025,UPI,Paid,154.66
310670,210670,3/21/2025,Wallet,Paid,11365.12
310671,210671,9/18/2024,UPI,Paid,4713.4
310672,210672,10/28/2025,Debit Card,Paid,244.59
310673,210673,8/27/2025,UPI,Paid,3485.55
310674,210674,7/25/2025,Credit Card,Paid,5705.82
310675,210675,11/28/2023,Cash on Delivery,Paid,6434.91
310676,210676,12/14/2025,Net Banking,Paid,8393.63
310677,210677,3/23/2024,Debit Card,Paid,6895.11
310678,210678,5/6/2024,Debit Card,Paid,6038.36
310679,210679,7/31/2025,Credit Card,Paid,13581.31
310680,210680,4/30/2025,Cash on Delivery,Paid,9108.64
310681,210681,4/14/2024,Credit Card,Paid,9469.79
310682,210682,10/21/2024,UPI,Paid,7991.31
310683,210683,12/23/2025,UPI,Paid,2902.72
310684,210684,12/7/2025,Net Banking,Paid,11185.76
310685,210685,4/15/2023,UPI,Paid,453.24
310686,210686,10/20/2024,Credit Card,Paid,6131.6
310687,210687,2/10/2025,Credit Card,Paid,6845.72
310688,210688,11/18/2024,Debit Card,Paid,6942.81
310689,210689,10/3/2024,Cash on Delivery,Paid,15729.57
310690,210690,5/19/2024,Net Banking,Paid,4936.77
310691,210691,10/6/2024,UPI,Paid,3070.69
310692,210692,6/27/2024,Cash on Delivery,Paid,16628.43
310693,210693,7/26/2025,UPI,Paid,3125.88
310694,210694,4/9/2025,Credit Card,Paid,12248.45
310695,210695,6/4/2025,UPI,Paid,3142.94
310696,210696,9/11/2024,Debit Card,Paid,4361.21
310697,210697,12/29/2025,UPI,Paid,2877.03
310698,210698,7/13/2025,Wallet,Paid,3425.59
310699,210699,8/23/2025,Credit Card,Paid,12509.41
310700,210700,9/26/2025,Cash on Delivery,Paid,8554.57
310701,210701,1/18/2025,UPI,Paid,677.37
310702,210702,12/10/2024,UPI,Paid,2151.05
310703,210703,1/9/2025,Cash on Delivery,Failed,30178.88
310704,210704,2/24/2024,Wallet,Paid,6780.8
310705,210705,11/7/2025,UPI,Paid,6392.97
310706,210706,3/30/2024,Credit Card,Paid,3664.2
310707,210707,6/12/2025,Net Banking,Paid,6204.4
310708,210708,3/11/2025,Debit Card,Paid,16762.57
310709,210709,4/21/2024,Debit Card,Paid,3561.53
310710,210710,5/30/2025,Wallet,Paid,3156.88
310711,210711,12/23/2025,UPI,Paid,11453.81
310712,210712,10/15/2025,Credit Card,Paid,3308.73
310713,210713,2/28/2024,Cash on Delivery,Paid,3783.94
310714,210714,2/18/2025,UPI,Paid,4768.88
310715,210715,2/8/2025,UPI,Paid,16740.94
310716,210716,12/28/2025,Debit Card,Paid,5106.83
310717,210717,8/13/2025,Wallet,Paid,14423.2
310718,210718,12/23/2025,UPI,Paid,8644.28
310719,210719,2/3/2025,Credit Card,Paid,733.97
310720,210720,2/3/2024,UPI,Paid,2083.88
310721,210721,9/23/2025,UPI,Paid,2651.52
310722,210722,1/5/2025,Net Banking,Paid,1320.44
310723,210723,5/24/2025,Debit Card,Paid,2336.15
310724,210724,11/24/2025,Cash on Delivery,Paid,6269.22
310725,210725,12/9/2025,Cash on Delivery,Paid,8529.92
310726,210726,7/11/2025,Debit Card,Paid,7646.54
310727,210727,1/19/2025,Credit Card,Paid,2225.1
310728,210728,7/5/2025,Net Banking,Paid,887.72
310729,210729,11/18/2024,Net Banking,Paid,6010.31
310730,210730,12/10/2025,Wallet,Paid,2481.85
310731,210731,10/2/2025,Net Banking,Paid,2299.07
310732,210732,8/5/2025,Cash on Delivery,Pending,879.78
310733,210733,8/28/2025,Credit Card,Paid,1806.8
310734,210734,11/14/2023,Credit Card,Paid,7700.69
310735,210735,2/26/2025,Debit Card,Paid,15441.49
310736,210736,10/8/2025,Cash on Delivery,Paid,505.16
310737,210737,12/14/2024,Cash on Delivery,Paid,3201.67
310738,210738,12/6/2025,Debit Card,Paid,8373.08
310739,210739,2/12/2025,UPI,Paid,8156.4
310740,210740,4/17/2025,UPI,Paid,11116.86
310741,210741,2/4/2025,Credit Card,Paid,2775.72
310742,210742,10/17/2024,Net Banking,Paid,1909.65
310743,210743,10/16/2025,Net Banking,Paid,14922.7
310744,210744,10/2/2025,UPI,Paid,32233.42
310745,210745,8/3/2023,Credit Card,Paid,5199.72
310746,210746,11/6/2025,Credit Card,Paid,9465.27
310747,210747,1/14/2025,Debit Card,Paid,6597.51
310748,210748,9/10/2024,Net Banking,Paid,4030.22
310749,210749,7/20/2025,UPI,Paid,2901.4
310750,210750,8/7/2024,Credit Card,Paid,10072.05
310751,210751,5/12/2025,Cash on Delivery,Paid,10151
310752,210752,8/4/2023,Cash on Delivery,Paid,6779.21
310753,210753,12/15/2025,Credit Card,Paid,552.36
310754,210754,2/26/2025,UPI,Paid,3480.83
310755,210755,12/25/2024,Credit Card,Paid,3290.3
310756,210756,5/21/2025,UPI,Paid,1745.56
310757,210757,7/16/2024,UPI,Paid,3873.47
310758,210758,11/10/2025,UPI,Paid,4936.97
310759,210759,12/19/2024,Net Banking,Paid,30450.24
310760,210760,9/13/2025,Wallet,Paid,1988.27
310761,210761,11/23/2025,Debit Card,Paid,7825.77
310762,210762,10/1/2024,Debit Card,Pending,18762.84
310763,210763,11/2/2023,Net Banking,Paid,18660.26
310764,210764,7/31/2024,Wallet,Paid,8545.35
310765,210765,4/16/2024,UPI,Paid,20398.39
310766,210766,4/6/2025,Cash on Delivery,Paid,1174.01
310767,210767,9/16/2025,Net Banking,Paid,7297.98
310768,210768,7/19/2024,UPI,Pending,291.11
310769,210769,8/30/2025,UPI,Failed,27339.7
310770,210770,12/28/2023,Wallet,Paid,2512.59
310771,210771,2/14/2025,Cash on Delivery,Paid,649.5
310772,210772,12/25/2025,Cash on Delivery,Paid,2443.56
310773,210773,1/9/2024,UPI,Paid,5466.36
310774,210774,7/8/2025,Credit Card,Paid,8678.66
310775,210775,8/18/2024,UPI,Paid,1855.61
310776,210776,10/1/2025,Credit Card,Paid,2375.31
310777,210777,1/21/2024,Credit Card,Paid,3289.92
310778,210778,5/22/2023,UPI,Paid,363.9
310779,210779,12/23/2025,Cash on Delivery,Failed,7581.62
310780,210780,9/16/2025,Net Banking,Paid,1463.21
310781,210781,11/6/2025,Debit Card,Paid,750.48
310782,210782,12/12/2024,Net Banking,Paid,1995.42
310783,210783,2/7/2025,Debit Card,Paid,1999.02
310784,210784,7/20/2024,Debit Card,Paid,168.7
310785,210785,12/27/2025,Wallet,Paid,6873.36
310786,210786,12/12/2025,Credit Card,Paid,10402.5
310787,210787,3/17/2025,UPI,Paid,5913.6
310788,210788,2/9/2025,Credit Card,Paid,10106.15
310789,210789,7/17/2025,UPI,Paid,5669.28
310790,210790,10/26/2025,UPI,Paid,812.67
310791,210791,11/17/2024,UPI,Paid,14816.99
310792,210792,12/10/2024,UPI,Paid,7574.17
310793,210793,8/2/2025,Cash on Delivery,Paid,798.93
310794,210794,10/15/2025,Credit Card,Paid,30545.9
310795,210795,10/24/2025,UPI,Paid,16389.76
310796,210796,3/29/2025,UPI,Paid,5969.72
310797,210797,8/24/2024,Credit Card,Paid,4494.39
310798,210798,6/17/2024,UPI,Paid,2555.39
310799,210799,3/26/2024,UPI,Paid,14507.95
310800,210800,11/26/2025,Debit Card,Paid,3107.5
310801,210801,8/8/2024,Credit Card,Paid,25085.06
310802,210802,4/21/2023,Wallet,Paid,3654.74
310803,210803,12/31/2025,Debit Card,Paid,5868.1
310804,210804,9/18/2025,Wallet,Paid,6944.09
310805,210805,9/19/2023,Debit Card,Failed,11651.73
310806,210806,9/28/2025,UPI,Paid,13008.41
310807,210807,8/31/2025,Credit Card,Paid,17022.66
310808,210808,9/21/2023,UPI,Paid,647.92
310809,210809,12/5/2025,UPI,Paid,5282.59
310810,210810,2/1/2025,Net Banking,Paid,2041.08
310811,210811,10/13/2025,Wallet,Paid,948.52
310812,210812,5/9/2025,Debit Card,Paid,10658.64
310813,210813,11/24/2023,UPI,Paid,3542.04
310814,210814,8/23/2025,Credit Card,Paid,4300.58
310815,210815,12/22/2025,Credit Card,Paid,10389.78
310816,210816,1/6/2025,Cash on Delivery,Paid,6439.83
310817,210817,3/11/2024,Net Banking,Paid,1814.11
310818,210818,6/22/2025,UPI,Paid,3157.46
310819,210819,5/23/2025,Wallet,Paid,431.18
310820,210820,4/10/2023,Net Banking,Paid,11862.49
310821,210821,7/9/2025,Credit Card,Paid,7974.83
310822,210822,10/19/2024,Credit Card,Paid,7028.52
310823,210823,12/21/2025,UPI,Paid,5734.74
310824,210824,3/18/2025,Net Banking,Paid,1323.45
310825,210825,4/17/2024,Credit Card,Paid,1702.39
310826,210826,10/14/2025,Debit Card,Paid,1240.71
310827,210827,9/6/2025,Net Banking,Paid,9942.03
310828,210828,8/6/2025,Cash on Delivery,Paid,5145.57
310829,210829,9/6/2025,Net Banking,Paid,2161.03
310830,210830,7/14/2025,Debit Card,Paid,15547.23
310831,210831,3/16/2025,Debit Card,Paid,12323.14
310832,210832,5/5/2024,Credit Card,Paid,2468
310833,210833,5/4/2024,Debit Card,Paid,2518.94
310834,210834,5/17/2025,UPI,Paid,1064.05
310835,210835,5/23/2025,Credit Card,Paid,5146.29
310836,210836,11/29/2025,Cash on Delivery,Paid,4981.52
310837,210837,2/9/2025,Debit Card,Paid,4266.64
310838,210838,5/31/2023,Cash on Delivery,Paid,8999.8
310839,210839,10/28/2025,Credit Card,Paid,2369.16
310840,210840,12/26/2025,Credit Card,Paid,1244.55
310841,210841,4/9/2025,Credit Card,Paid,9829.7
310842,210842,6/27/2025,UPI,Paid,1841.36
310843,210843,12/18/2025,Net Banking,Paid,3428.49
310844,210844,7/8/2024,Net Banking,Paid,15124.77
310845,210845,1/22/2025,Debit Card,Paid,1931.93
310846,210846,8/20/2025,Credit Card,Paid,1874.31
310847,210847,2/8/2025,UPI,Paid,9642.59
310848,210848,10/6/2025,UPI,Paid,7856.66
310849,210849,1/28/2025,Credit Card,Paid,4703.41
310850,210850,12/18/2024,Credit Card,Paid,8992.12
310851,210851,12/17/2025,UPI,Paid,5576.49
310852,210852,5/2/2024,Debit Card,Paid,19005.29
310853,210853,3/27/2025,UPI,Paid,1432.22
310854,210854,2/7/2025,Debit Card,Failed,167.7
310855,210855,11/19/2025,Net Banking,Paid,1667.68
310856,210856,6/26/2025,Debit Card,Paid,2441.49
310857,210857,11/5/2024,UPI,Paid,1320.88
310858,210858,4/26/2024,Credit Card,Paid,6088.92
310859,210859,9/28/2025,Cash on Delivery,Paid,1118.16
310860,210860,10/12/2025,UPI,Paid,3161.93
310861,210861,6/29/2024,Debit Card,Paid,1455.92
310862,210862,7/9/2025,Credit Card,Failed,1658.78
310863,210863,12/25/2025,UPI,Paid,4970.96
310864,210864,12/7/2025,Debit Card,Paid,7224.21
310865,210865,6/12/2025,Credit Card,Paid,465.66
310866,210866,12/16/2025,UPI,Paid,4422.68
310867,210867,7/15/2025,Cash on Delivery,Paid,3484.16
310868,210868,8/26/2023,Wallet,Paid,8250.42
310869,210869,9/17/2025,Cash on Delivery,Paid,2445.32
310870,210870,6/21/2024,Cash on Delivery,Paid,6299.1
310871,210871,4/5/2024,Cash on Delivery,Paid,5353.66
310872,210872,10/17/2025,Net Banking,Paid,102.99
310873,210873,10/2/2025,UPI,Paid,3175.1
310874,210874,2/2/2025,UPI,Paid,3403.49
310875,210875,3/17/2025,Debit Card,Paid,8257.88
310876,210876,6/3/2025,UPI,Paid,2340.46
310877,210877,4/6/2025,UPI,Paid,409.63
310878,210878,6/29/2025,Debit Card,Paid,1077.09
310879,210879,11/20/2025,Credit Card,Paid,7410.95
310880,210880,5/3/2025,Credit Card,Paid,6262.35
310881,210881,12/9/2025,Net Banking,Paid,7100.75
310882,210882,7/26/2025,UPI,Paid,1525.62
310883,210883,9/6/2025,Credit Card,Paid,4375.35
310884,210884,8/16/2024,Cash on Delivery,Paid,4496.78
310885,210885,3/11/2024,UPI,Paid,3481.62
310886,210886,11/11/2024,UPI,Paid,13139.03
310887,210887,7/23/2024,UPI,Pending,1729.07
310888,210888,12/27/2023,Credit Card,Paid,4210.98
310889,210889,10/15/2024,Debit Card,Paid,1311.75
310890,210890,12/3/2025,UPI,Paid,3421.06
310891,210891,10/12/2024,Net Banking,Paid,10612.31
310892,210892,9/5/2025,Debit Card,Paid,1021.89
310893,210893,10/13/2025,UPI,Paid,17026.95
310894,210894,12/13/2025,Credit Card,Paid,9633.81
310895,210895,11/12/2023,UPI,Paid,8277.1
310896,210896,11/10/2024,Net Banking,Paid,3041.49
310897,210897,9/16/2025,UPI,Paid,5320.49
310898,210898,10/15/2025,Debit Card,Paid,3709.26
310899,210899,12/18/2025,Debit Card,Paid,2139.88
310900,210900,12/22/2025,UPI,Paid,2340.89
310901,210901,8/29/2025,Wallet,Paid,403.8
310902,210902,3/21/2025,Cash on Delivery,Paid,517.16
310903,210903,10/15/2024,Cash on Delivery,Pending,544.76
310904,210904,5/10/2024,Cash on Delivery,Paid,6245.1
310905,210905,2/15/2025,Net Banking,Paid,4993.71
310906,210906,10/6/2025,UPI,Paid,9423.17
310907,210907,11/2/2023,Wallet,Paid,6409.71
310908,210908,8/7/2024,UPI,Paid,10536.47
310909,210909,5/31/2025,UPI,Pending,21501.4
310910,210910,7/18/2025,Net Banking,Paid,15056.38
310911,210911,6/16/2024,Credit Card,Paid,3379.49
310912,210912,7/26/2025,UPI,Paid,4266.59
310913,210913,12/22/2025,Credit Card,Paid,2837.51
310914,210914,11/20/2024,UPI,Paid,3639.66
310915,210915,12/22/2024,Net Banking,Paid,486.21
310916,210916,12/11/2025,Credit Card,Paid,9911.04
310917,210917,7/17/2025,UPI,Paid,4001.18
310918,210918,12/10/2025,UPI,Paid,3781.33
310919,210919,9/11/2024,Credit Card,Paid,2441.01
310920,210920,12/5/2024,Net Banking,Paid,3539.2
310921,210921,9/7/2025,Credit Card,Paid,4366.88
310922,210922,6/20/2023,UPI,Paid,18534.77
310923,210923,10/28/2025,UPI,Paid,2146.32
310924,210924,3/9/2025,Debit Card,Paid,41489.89
310925,210925,12/1/2024,Credit Card,Paid,4305.74
310926,210926,12/9/2025,Wallet,Pending,3494.69
310927,210927,11/24/2025,Debit Card,Paid,4430.37
310928,210928,6/15/2025,Debit Card,Paid,9460.82
310929,210929,5/19/2025,Cash on Delivery,Paid,5926.18
310930,210930,10/22/2023,UPI,Paid,1383.81
310931,210931,12/2/2025,UPI,Paid,576.46
310932,210932,3/25/2025,Net Banking,Paid,8471.95
310933,210933,11/29/2025,UPI,Paid,3349.47
310934,210934,8/21/2023,UPI,Paid,7082.86
310935,210935,8/30/2024,Credit Card,Paid,763.5
310936,210936,12/14/2025,Credit Card,Paid,10852.33
310937,210937,5/9/2025,Cash on Delivery,Paid,15524.19
310938,210938,12/28/2024,Debit Card,Paid,874.77
310939,210939,10/13/2025,Debit Card,Paid,4618.47
310940,210940,7/3/2025,Credit Card,Paid,1710.85
310941,210941,1/13/2024,Credit Card,Paid,2954.98
310942,210942,10/26/2025,Cash on Delivery,Paid,10015.29
310943,210943,10/10/2024,Cash on Delivery,Paid,18048.26
310944,210944,9/22/2024,Debit Card,Paid,18207.31
310945,210945,2/3/2025,UPI,Paid,549.3
310946,210946,6/1/2025,UPI,Paid,1064.27
310947,210947,7/1/2023,Net Banking,Paid,6762.81
310948,210948,8/29/2024,Debit Card,Paid,682.85
310949,210949,2/20/2023,Debit Card,Paid,6029.44
310950,210950,12/15/2025,Debit Card,Paid,1310.48
310951,210951,8/16/2025,Credit Card,Paid,13133.41
310952,210952,8/2/2024,Cash on Delivery,Paid,6593.73
310953,210953,6/4/2025,Debit Card,Paid,794.69
310954,210954,11/25/2025,UPI,Paid,12197.4
310955,210955,8/22/2025,Debit Card,Paid,4806.04
310956,210956,5/23/2024,Wallet,Paid,7531.22
310957,210957,6/2/2023,UPI,Paid,2049.69
310958,210958,12/3/2024,Debit Card,Paid,8410.58
310959,210959,6/7/2024,Net Banking,Paid,8611.19
310960,210960,5/29/2024,Wallet,Paid,7307.12
310961,210961,9/24/2025,Wallet,Paid,5752.31
310962,210962,8/5/2025,Wallet,Paid,1803.7
310963,210963,10/12/2025,Net Banking,Paid,15663.58
310964,210964,8/20/2024,Debit Card,Paid,808.49
310965,210965,3/8/2025,Wallet,Paid,9907.94
310966,210966,6/27/2025,Credit Card,Failed,709.29
310967,210967,2/7/2025,UPI,Paid,1774.04
310968,210968,3/5/2025,UPI,Paid,4406.1
310969,210969,8/13/2024,Credit Card,Paid,10507.73
310970,210970,1/8/2025,Net Banking,Paid,17523.83
310971,210971,10/15/2025,Credit Card,Paid,10377.62
310972,210972,5/22/2025,UPI,Paid,8379.35
310973,210973,6/7/2025,UPI,Paid,1291.09
310974,210974,12/10/2023,Cash on Delivery,Paid,15083.71
310975,210975,12/7/2025,Credit Card,Paid,8493.02
310976,210976,6/1/2024,Debit Card,Paid,3091.85
310977,210977,4/12/2025,Credit Card,Paid,11081.55
310978,210978,11/19/2025,UPI,Paid,3294.43
310979,210979,7/26/2025,Net Banking,Paid,11560.98
310980,210980,4/1/2025,Cash on Delivery,Paid,1722.11
310981,210981,11/24/2025,Credit Card,Paid,9852.7
310982,210982,10/8/2025,UPI,Pending,19005.14
310983,210983,3/26/2025,Credit Card,Paid,21516.96
310984,210984,5/15/2025,UPI,Paid,966.66
310985,210985,7/27/2025,UPI,Paid,12756.86
310986,210986,7/15/2025,Cash on Delivery,Paid,14802.37
310987,210987,12/26/2025,Debit Card,Paid,4534.2
310988,210988,12/13/2025,Debit Card,Paid,2060.84
310989,210989,11/17/2025,Net Banking,Paid,2723.69
310990,210990,6/25/2025,UPI,Paid,4329.48
310991,210991,4/6/2025,Credit Card,Paid,5318
310992,210992,11/17/2025,Credit Card,Paid,7423.06
310993,210993,10/29/2024,Net Banking,Paid,3913.62
310994,210994,11/14/2025,Cash on Delivery,Paid,931.73
310995,210995,6/3/2025,Net Banking,Paid,11359.44
310996,210996,7/25/2024,Cash on Delivery,Paid,20740.01
310997,210997,8/20/2025,UPI,Pending,38471.24
310998,210998,8/12/2024,UPI,Paid,2358.93
310999,210999,7/15/2025,UPI,Paid,5521.14
311000,211000,1/18/2024,Debit Card,Paid,148.89
311001,211001,8/17/2025,Debit Card,Paid,731.37
311002,211002,6/8/2025,Wallet,Paid,2920.95
311003,211003,11/26/2025,Credit Card,Paid,6066.17
311004,211004,9/14/2024,Credit Card,Paid,7885.01
311005,211005,7/18/2025,Debit Card,Paid,6667.48
311006,211006,8/31/2025,UPI,Paid,18626.11
311007,211007,10/19/2025,UPI,Paid,1469.79
311008,211008,12/30/2025,Wallet,Paid,4916.7
311009,211009,12/10/2025,UPI,Paid,3698.28
311010,211010,7/27/2024,Debit Card,Paid,2337.96
311011,211011,3/1/2025,Debit Card,Paid,2034.02
311012,211012,4/29/2023,Credit Card,Paid,884.53
311013,211013,5/29/2025,Credit Card,Paid,6073.83
311014,211014,12/11/2025,UPI,Paid,7810.25
311015,211015,7/31/2025,Wallet,Paid,5875.23
311016,211016,2/7/2025,Debit Card,Paid,22783.54
311017,211017,4/3/2025,Net Banking,Paid,29939.47
311018,211018,4/28/2025,UPI,Paid,1328.67
311019,211019,7/6/2025,Credit Card,Paid,3815.09
311020,211020,12/14/2025,UPI,Paid,6591.26
311021,211021,3/27/2025,Cash on Delivery,Paid,7753.98
311022,211022,4/18/2025,Credit Card,Paid,2673.54
311023,211023,10/2/2024,Net Banking,Paid,2525.61
311024,211024,8/7/2025,UPI,Paid,1199.27
311025,211025,12/29/2025,UPI,Paid,16767.1
311026,211026,9/30/2025,UPI,Paid,39565.14
311027,211027,2/12/2024,Credit Card,Paid,9622.69
311028,211028,11/27/2024,Cash on Delivery,Paid,14318.56
311029,211029,6/25/2025,Debit Card,Paid,12006.24
311030,211030,10/23/2025,Credit Card,Paid,1763.25
311031,211031,8/16/2025,Debit Card,Failed,1719.9
311032,211032,12/5/2024,Debit Card,Paid,12334.63
311033,211033,9/21/2025,Credit Card,Paid,5720.98
311034,211034,9/2/2025,Credit Card,Paid,12952.57
311035,211035,11/14/2025,Net Banking,Paid,11750.93
311036,211036,9/19/2024,Credit Card,Paid,1048.49
311037,211037,12/26/2025,Debit Card,Paid,7133.07
311038,211038,2/17/2025,UPI,Paid,13750.22
311039,211039,9/2/2025,UPI,Paid,10299.02
311040,211040,10/29/2025,Credit Card,Paid,9256.55
311041,211041,6/8/2025,UPI,Paid,2148.53
311042,211042,7/4/2025,Cash on Delivery,Paid,4212.36
311043,211043,12/7/2023,Debit Card,Paid,1356.46
311044,211044,12/19/2024,UPI,Paid,9054.73
311045,211045,2/27/2025,UPI,Paid,18843.95
311046,211046,12/12/2025,Debit Card,Paid,11359.71
311047,211047,10/12/2024,Wallet,Paid,6804
311048,211048,12/14/2025,Credit Card,Paid,6487.7
311049,211049,12/20/2025,UPI,Paid,7412.09
311050,211050,8/20/2025,Credit Card,Paid,6321.58
311051,211051,8/30/2025,Cash on Delivery,Paid,4399.89
311052,211052,5/31/2025,UPI,Paid,6691.42
311053,211053,3/3/2024,Credit Card,Paid,12695.6
311054,211054,12/15/2025,Wallet,Paid,4683.49
311055,211055,11/14/2025,UPI,Paid,16790.3
311056,211056,8/12/2024,Debit Card,Paid,653.57
311057,211057,7/12/2024,Cash on Delivery,Paid,1393.41
311058,211058,12/11/2025,UPI,Paid,788.75
311059,211059,8/14/2025,UPI,Paid,5139.31
311060,211060,7/30/2025,Credit Card,Paid,6131.8
311061,211061,10/9/2024,Credit Card,Paid,4688.53
311062,211062,11/17/2024,UPI,Paid,1949.3
311063,211063,11/15/2025,Cash on Delivery,Paid,4849.55
311064,211064,12/5/2025,UPI,Paid,198.11
311065,211065,6/2/2025,UPI,Paid,19712.98
311066,211066,11/9/2025,Wallet,Paid,4264.22
311067,211067,6/4/2025,UPI,Paid,10332.77
311068,211068,4/16/2024,Wallet,Paid,9554.9
311069,211069,9/11/2025,UPI,Paid,5684.71
311070,211070,8/31/2025,UPI,Paid,1596.7
311071,211071,12/27/2025,UPI,Paid,7038.1
311072,211072,4/24/2025,Debit Card,Paid,497.34
311073,211073,7/25/2025,Credit Card,Paid,3086.69
311074,211074,10/3/2025,Debit Card,Paid,19926.68
311075,211075,12/20/2024,UPI,Paid,17588.25
311076,211076,10/21/2025,Debit Card,Paid,2018.23
311077,211077,4/20/2025,Debit Card,Paid,14960.2
311078,211078,8/8/2025,Net Banking,Paid,314.26
311079,211079,4/29/2025,Net Banking,Paid,2567.05
311080,211080,7/6/2024,Credit Card,Paid,4185.6
311081,211081,1/14/2025,Credit Card,Paid,8020.48
311082,211082,10/27/2025,Wallet,Paid,4804.58
311083,211083,9/26/2025,Net Banking,Paid,3552.77
311084,211084,10/9/2024,Credit Card,Paid,4736.27
311085,211085,10/30/2025,Credit Card,Paid,25867.73
311086,211086,10/11/2023,UPI,Paid,357.91
311087,211087,12/25/2024,Cash on Delivery,Paid,11757.38
311088,211088,2/4/2025,Cash on Delivery,Paid,695.59
311089,211089,8/27/2025,Credit Card,Paid,1578.69
311090,211090,3/30/2024,UPI,Paid,29011.91
311091,211091,7/10/2025,Wallet,Paid,5305.34
311092,211092,7/17/2023,UPI,Paid,5767.62
311093,211093,5/25/2025,UPI,Paid,16313.55
311094,211094,11/22/2025,UPI,Paid,761.96
311095,211095,12/14/2025,Cash on Delivery,Paid,881.84
311096,211096,8/25/2024,Credit Card,Paid,5779.82
311097,211097,3/19/2025,Net Banking,Paid,3846
311098,211098,11/29/2025,UPI,Paid,8459.16
311099,211099,11/2/2024,UPI,Paid,440.23
311100,211100,4/24/2024,UPI,Paid,5071.62
311101,211101,3/18/2025,UPI,Failed,1694.77
311102,211102,9/18/2025,Debit Card,Paid,1926.1
311103,211103,4/16/2025,UPI,Paid,4631.94
311104,211104,3/9/2025,Debit Card,Paid,7033.38
311105,211105,12/29/2025,UPI,Paid,5240.85
311106,211106,12/25/2024,Credit Card,Paid,2896.62
311107,211107,7/25/2025,Net Banking,Paid,456.61
311108,211108,3/30/2023,Credit Card,Paid,8612.83
311109,211109,3/7/2025,Debit Card,Paid,2570.9
311110,211110,9/27/2025,Net Banking,Paid,1504.31
311111,211111,10/19/2025,UPI,Paid,3500.37
311112,211112,10/15/2025,Debit Card,Paid,9862.03
311113,211113,7/12/2025,UPI,Paid,3005.36
311114,211114,11/10/2023,Credit Card,Paid,5603.17
311115,211115,2/11/2024,Credit Card,Paid,9511.06
311116,211116,9/20/2024,Credit Card,Paid,5246.74
311117,211117,11/5/2023,Net Banking,Paid,16507.13
311118,211118,4/7/2025,Debit Card,Paid,4347.73
311119,211119,3/25/2025,Credit Card,Paid,15675.46
311120,211120,8/2/2025,Debit Card,Paid,1880.43
311121,211121,10/25/2025,UPI,Paid,10171.09
311122,211122,5/12/2025,Cash on Delivery,Paid,377.41
311123,211123,2/9/2024,UPI,Paid,5850.16
311124,211124,6/20/2024,UPI,Paid,2791.67
311125,211125,12/27/2024,Net Banking,Paid,568.66
311126,211126,4/21/2024,Credit Card,Paid,1917.13
311127,211127,11/28/2025,Credit Card,Paid,3618.38
311128,211128,12/2/2024,Net Banking,Paid,3735.2
311129,211129,12/14/2025,Net Banking,Paid,4302.37
311130,211130,12/7/2024,Credit Card,Paid,4507.79
311131,211131,7/10/2025,Net Banking,Failed,3883.72
311132,211132,5/22/2025,UPI,Paid,10198.56
311133,211133,7/16/2025,UPI,Paid,847.1
311134,211134,12/6/2024,UPI,Paid,7337.45
311135,211135,2/29/2024,UPI,Paid,7150.98
311136,211136,11/20/2025,Debit Card,Paid,8483.11
311137,211137,12/13/2025,Cash on Delivery,Failed,2198.34
311138,211138,11/4/2025,Credit Card,Paid,13123.33
311139,211139,8/1/2025,UPI,Paid,7981.49
311140,211140,11/12/2024,Net Banking,Paid,5924.34
311141,211141,12/14/2025,UPI,Paid,9614.87
311142,211142,1/26/2024,Cash on Delivery,Paid,11745.94
311143,211143,11/14/2025,UPI,Paid,6700.45
311144,211144,4/4/2025,Debit Card,Paid,11609.15
311145,211145,12/14/2025,Wallet,Paid,11060.32
311146,211146,10/23/2023,Credit Card,Paid,8677.97
311147,211147,1/20/2025,UPI,Paid,13152.52
311148,211148,7/26/2025,UPI,Paid,5245.7
311149,211149,10/10/2025,Cash on Delivery,Paid,12882.48
311150,211150,10/20/2023,UPI,Paid,4235.83
311151,211151,6/24/2025,UPI,Paid,3178.46
311152,211152,8/16/2024,Credit Card,Paid,7930.77
311153,211153,11/1/2025,UPI,Paid,1655.28
311154,211154,6/25/2024,Cash on Delivery,Paid,11872.34
311155,211155,8/3/2025,Cash on Delivery,Paid,5852.6
311156,211156,7/3/2024,Credit Card,Paid,4911.32
311157,211157,7/19/2025,Wallet,Paid,6259.88
311158,211158,10/4/2024,Debit Card,Paid,4357.35
311159,211159,6/30/2024,Cash on Delivery,Paid,3237.86
311160,211160,3/25/2025,Debit Card,Paid,5690.35
311161,211161,10/18/2025,UPI,Paid,14736.85
311162,211162,4/13/2025,UPI,Paid,20516.51
311163,211163,8/6/2023,Net Banking,Paid,7554.13
311164,211164,4/15/2025,Credit Card,Paid,6574.03
311165,211165,7/9/2024,Net Banking,Paid,672.27
311166,211166,12/29/2025,Debit Card,Paid,7263.98
311167,211167,1/1/2024,Debit Card,Paid,4892.21
311168,211168,7/24/2025,Cash on Delivery,Paid,3806.41
311169,211169,11/28/2024,Net Banking,Paid,3123.01
311170,211170,3/28/2024,Credit Card,Paid,8924.04
311171,211171,11/5/2025,Credit Card,Paid,14307.6
311172,211172,9/2/2025,UPI,Paid,785.07
311173,211173,3/25/2024,Debit Card,Paid,5438.26
311174,211174,12/22/2025,UPI,Paid,3051.47
311175,211175,7/23/2025,UPI,Paid,2604.4
311176,211176,4/26/2025,Debit Card,Pending,8839.29
311177,211177,8/4/2024,UPI,Paid,2335.6
311178,211178,12/8/2025,Cash on Delivery,Paid,232.17
311179,211179,7/17/2025,UPI,Paid,7190.16
311180,211180,5/2/2025,Net Banking,Paid,1160.62
311181,211181,12/31/2025,Cash on Delivery,Paid,9294.01
311182,211182,10/14/2025,Credit Card,Paid,2091.3
311183,211183,11/23/2025,UPI,Paid,3007.78
311184,211184,9/6/2025,Debit Card,Paid,6589.66
311185,211185,9/9/2025,UPI,Paid,1260.81
311186,211186,11/23/2025,Cash on Delivery,Paid,7358.57
311187,211187,3/9/2023,Cash on Delivery,Paid,5979.33
311188,211188,6/18/2025,Wallet,Paid,1889.1
311189,211189,12/19/2025,Cash on Delivery,Paid,32591.22
311190,211190,3/25/2025,UPI,Paid,1446.84
311191,211191,7/16/2025,UPI,Paid,2542.29
311192,211192,9/11/2024,UPI,Paid,3250.41
311193,211193,5/25/2024,Credit Card,Paid,1485.76
311194,211194,3/4/2025,Cash on Delivery,Paid,2646.34
311195,211195,12/12/2025,UPI,Paid,1043.62
311196,211196,4/6/2025,UPI,Paid,5732.92
311197,211197,7/7/2025,UPI,Paid,12326.24
311198,211198,4/23/2025,Credit Card,Paid,1320.97
311199,211199,12/5/2025,Net Banking,Paid,770.07
311200,211200,4/12/2024,Debit Card,Paid,20826.95
311201,211201,11/28/2025,UPI,Paid,10475.8
311202,211202,12/30/2025,Credit Card,Paid,8835.57
311203,211203,12/10/2025,UPI,Paid,14976.23
311204,211204,9/25/2025,UPI,Paid,11982.87
311205,211205,7/7/2025,Wallet,Paid,1465.68
311206,211206,7/30/2025,Credit Card,Paid,10235.55
311207,211207,9/29/2025,Credit Card,Paid,11675.23
311208,211208,11/18/2025,Cash on Delivery,Paid,4603.14
311209,211209,6/3/2025,Credit Card,Paid,3048.57
311210,211210,12/12/2025,Cash on Delivery,Paid,7191.67
311211,211211,9/19/2025,UPI,Paid,3703.84
311212,211212,4/1/2024,Credit Card,Paid,10701.12
311213,211213,11/16/2025,Cash on Delivery,Paid,1142.49
311214,211214,7/30/2025,Credit Card,Paid,3237.47
311215,211215,10/21/2025,Cash on Delivery,Paid,19444.15
311216,211216,10/29/2024,Cash on Delivery,Paid,4030.34
311217,211217,8/5/2025,Credit Card,Paid,10600.9
311218,211218,4/6/2024,Debit Card,Paid,10255.89
311219,211219,3/8/2024,Credit Card,Paid,8210.55
311220,211220,1/6/2025,UPI,Paid,7596.31
311221,211221,1/27/2024,Debit Card,Paid,7420.63
311222,211222,8/31/2024,UPI,Paid,1286.24
311223,211223,3/31/2025,Net Banking,Paid,2602.03
311224,211224,11/24/2025,UPI,Paid,7315.71
311225,211225,12/16/2024,Debit Card,Paid,9196.14
311226,211226,6/16/2025,Net Banking,Paid,3174.32
311227,211227,10/19/2025,UPI,Paid,15963.78
311228,211228,7/11/2023,Credit Card,Paid,978.7
311229,211229,9/17/2024,Credit Card,Paid,4704.24
311230,211230,1/22/2024,Credit Card,Paid,13063.45
311231,211231,11/28/2023,Debit Card,Paid,25358
311232,211232,8/18/2025,Cash on Delivery,Paid,2045.11
311233,211233,10/18/2025,UPI,Paid,5842.71
311234,211234,3/31/2025,Credit Card,Paid,2015.25
311235,211235,10/24/2025,Debit Card,Paid,892.94
311236,211236,8/20/2025,Net Banking,Paid,1525.41
311237,211237,7/29/2025,Cash on Delivery,Paid,14563.11
311238,211238,2/10/2024,UPI,Paid,83.48
311239,211239,10/14/2025,UPI,Paid,1433.02
311240,211240,5/4/2025,UPI,Paid,26779.45
311241,211241,6/3/2025,Net Banking,Paid,1741.25
311242,211242,9/28/2025,Wallet,Paid,3505.46
311243,211243,12/27/2025,Credit Card,Paid,278.83
311244,211244,12/1/2025,Credit Card,Paid,21061.02
311245,211245,6/2/2024,Credit Card,Paid,16061.08
311246,211246,2/1/2025,UPI,Paid,6482.21
311247,211247,10/31/2024,Cash on Delivery,Paid,2401.7
311248,211248,1/3/2025,UPI,Paid,9189.6
311249,211249,7/29/2024,Debit Card,Paid,1094.91
311250,211250,12/28/2025,UPI,Paid,1694.52
311251,211251,9/9/2024,Net Banking,Paid,1992.67
311252,211252,7/16/2025,Net Banking,Paid,6478.03
311253,211253,4/6/2025,Credit Card,Paid,1536.98
311254,211254,6/3/2025,UPI,Paid,8137.68
311255,211255,3/17/2025,Credit Card,Paid,2909.92
311256,211256,5/17/2025,Credit Card,Paid,6792.74
311257,211257,9/24/2025,Debit Card,Paid,4960.59
311258,211258,6/17/2024,UPI,Paid,7286.5
311259,211259,9/22/2024,Credit Card,Paid,4205.87
311260,211260,11/18/2024,Cash on Delivery,Paid,6319.97
311261,211261,12/26/2025,UPI,Paid,8855.89
311262,211262,10/19/2023,UPI,Paid,3160.45
311263,211263,7/19/2025,UPI,Paid,7445.76
311264,211264,1/27/2025,UPI,Paid,9858.98
311265,211265,10/28/2023,UPI,Paid,5172.57
311266,211266,12/19/2024,UPI,Paid,2805.04
311267,211267,6/29/2025,Debit Card,Paid,1957.2
311268,211268,12/15/2025,Cash on Delivery,Paid,4931.19
311269,211269,9/8/2023,UPI,Paid,4577.42
311270,211270,3/8/2025,UPI,Paid,2368.82
311271,211271,2/11/2024,Net Banking,Paid,4262.31
311272,211272,11/21/2025,UPI,Paid,3997.92
311273,211273,10/10/2025,Cash on Delivery,Paid,5438.17
311274,211274,9/28/2023,UPI,Paid,11632.26
311275,211275,5/15/2025,Debit Card,Paid,10713.68
311276,211276,7/16/2023,Wallet,Pending,4590.58
311277,211277,9/7/2025,Debit Card,Paid,17232.87
311278,211278,7/14/2025,Wallet,Paid,14566.16
311279,211279,10/16/2025,Debit Card,Paid,1654.69
311280,211280,6/20/2025,Wallet,Paid,7077.76
311281,211281,12/17/2025,UPI,Paid,10392.81
311282,211282,8/15/2025,Credit Card,Paid,6311.09
311283,211283,5/16/2023,Net Banking,Paid,7306.35
311284,211284,12/15/2025,Wallet,Paid,5988.44
311285,211285,11/29/2024,Net Banking,Paid,1322.54
311286,211286,5/19/2024,Cash on Delivery,Paid,1295.39
311287,211287,10/4/2025,UPI,Paid,2095.29
311288,211288,5/11/2025,Debit Card,Paid,2062.15
311289,211289,7/4/2024,Debit Card,Paid,1164.23
311290,211290,9/14/2025,Credit Card,Paid,3824.15
311291,211291,11/17/2025,Net Banking,Paid,4544.42
311292,211292,12/12/2025,UPI,Paid,628.06
311293,211293,6/26/2024,Cash on Delivery,Paid,1705.4
311294,211294,9/8/2025,Wallet,Paid,7515.44
311295,211295,12/24/2025,Debit Card,Paid,980.68
311296,211296,10/26/2024,Net Banking,Paid,3190.07
311297,211297,4/17/2024,UPI,Failed,7065.46
311298,211298,6/11/2025,UPI,Paid,1709.29
311299,211299,3/31/2025,Debit Card,Paid,8084.81
311300,211300,11/29/2025,UPI,Paid,476.68
311301,211301,5/15/2025,UPI,Paid,8786.92
311302,211302,10/18/2025,Wallet,Paid,4648.53
311303,211303,3/2/2025,Credit Card,Paid,3352.14
311304,211304,12/11/2024,Credit Card,Paid,2524.62
311305,211305,6/12/2024,Credit Card,Paid,2343.6
311306,211306,4/16/2025,UPI,Paid,13530.85
311307,211307,2/6/2025,UPI,Paid,5097.1
311308,211308,4/3/2024,Wallet,Paid,20176.1
311309,211309,12/19/2025,Cash on Delivery,Paid,17686.98
311310,211310,7/14/2024,Debit Card,Paid,3239.42
311311,211311,9/14/2025,UPI,Paid,3112.12
311312,211312,12/10/2025,UPI,Paid,1461.09
311313,211313,1/1/2025,UPI,Paid,5548.5
311314,211314,10/25/2025,Cash on Delivery,Paid,5777.03
311315,211315,12/22/2025,Debit Card,Paid,2140.23
311316,211316,12/22/2024,UPI,Paid,3407.94
311317,211317,4/24/2025,UPI,Paid,6521.54
311318,211318,10/16/2024,Wallet,Failed,5906.25
311319,211319,1/23/2025,Credit Card,Paid,961.97
311320,211320,2/18/2024,Wallet,Paid,145.17
311321,211321,9/19/2025,Debit Card,Paid,2836.09
311322,211322,6/21/2025,UPI,Paid,11208.16
311323,211323,7/20/2025,Wallet,Paid,5809.9
311324,211324,5/17/2025,UPI,Paid,710.82
311325,211325,4/11/2025,Debit Card,Paid,6754.95
311326,211326,4/22/2025,UPI,Paid,6496.85
311327,211327,9/28/2024,UPI,Paid,768.82
311328,211328,10/30/2025,Debit Card,Paid,5344.75
311329,211329,10/28/2024,Cash on Delivery,Paid,5616.65
311330,211330,1/23/2025,Credit Card,Paid,10845.47
311331,211331,10/12/2024,Cash on Delivery,Failed,22095.93
311332,211332,11/1/2025,Credit Card,Paid,18646.37
311333,211333,7/28/2025,Credit Card,Failed,5900.44
311334,211334,3/30/2025,UPI,Paid,5894.86
311335,211335,10/16/2025,UPI,Paid,3170.06
311336,211336,12/22/2025,Net Banking,Paid,17602.04
311337,211337,3/11/2025,UPI,Paid,4775.48
311338,211338,7/16/2025,Cash on Delivery,Paid,813.58
311339,211339,6/24/2025,Credit Card,Paid,6624.75
311340,211340,12/14/2025,Credit Card,Paid,14051.6
311341,211341,6/10/2025,Credit Card,Paid,1923.41
311342,211342,10/1/2025,Debit Card,Paid,3519.35
311343,211343,8/26/2024,Wallet,Paid,8999.14
311344,211344,2/18/2025,UPI,Paid,8101.08
311345,211345,3/1/2025,Cash on Delivery,Paid,3035.87
311346,211346,12/5/2024,UPI,Paid,9080.48
311347,211347,7/9/2025,UPI,Paid,9059.23
311348,211348,7/21/2023,Debit Card,Paid,17374.06
311349,211349,12/21/2025,UPI,Paid,10652.03
311350,211350,6/14/2025,UPI,Paid,4140.08
311351,211351,10/26/2024,UPI,Paid,4388.12
311352,211352,5/21/2024,Credit Card,Paid,3153.56
311353,211353,12/5/2025,UPI,Paid,3190.09
311354,211354,10/16/2025,UPI,Pending,2482.43
311355,211355,3/16/2025,Credit Card,Paid,7482.67
311356,211356,2/2/2025,Wallet,Failed,8924.86
311357,211357,10/5/2025,Cash on Delivery,Paid,5271.85
311358,211358,10/26/2024,Credit Card,Paid,6111.63
311359,211359,11/24/2025,UPI,Paid,5768.75
311360,211360,7/18/2025,UPI,Paid,12345.35
311361,211361,12/14/2025,UPI,Paid,800.39
311362,211362,12/16/2025,Cash on Delivery,Paid,13072.19
311363,211363,11/24/2025,UPI,Paid,10809.46
311364,211364,8/22/2025,UPI,Paid,8001.51
311365,211365,10/28/2025,Credit Card,Paid,12862.51
311366,211366,6/4/2025,Credit Card,Paid,222.95
311367,211367,3/4/2025,Cash on Delivery,Paid,11025.24
311368,211368,11/14/2025,UPI,Failed,1359.41
311369,211369,3/1/2025,UPI,Paid,8863.35
311370,211370,4/22/2025,Credit Card,Paid,1997.63
311371,211371,8/2/2025,Net Banking,Paid,8285.69
311372,211372,6/2/2024,UPI,Paid,1956.94
311373,211373,6/15/2025,Credit Card,Paid,9072.75
311374,211374,11/2/2023,UPI,Paid,277.28
311375,211375,8/21/2025,UPI,Paid,5051.48
311376,211376,2/23/2024,Debit Card,Paid,4534.75
311377,211377,5/3/2025,Credit Card,Paid,8231.96
311378,211378,1/28/2025,Debit Card,Paid,7521.23
311379,211379,1/14/2025,UPI,Paid,5675.14
311380,211380,12/29/2025,Net Banking,Paid,24564.78
311381,211381,6/19/2025,Cash on Delivery,Failed,769.96
311382,211382,3/1/2025,UPI,Paid,4173.08
311383,211383,4/15/2025,UPI,Paid,4542.16
311384,211384,1/19/2025,Debit Card,Paid,7872.71
311385,211385,12/23/2024,Wallet,Paid,8392.37
311386,211386,3/19/2025,Debit Card,Failed,2533.22
311387,211387,11/6/2025,Credit Card,Paid,5846.51
311388,211388,11/25/2024,Credit Card,Paid,3802.86
311389,211389,9/12/2024,Net Banking,Paid,21571.11
311390,211390,6/23/2025,UPI,Paid,499.28
311391,211391,10/24/2025,Cash on Delivery,Paid,6748.84
311392,211392,12/25/2025,Cash on Delivery,Paid,191.45
311393,211393,12/28/2023,Credit Card,Paid,5725.25
311394,211394,2/4/2025,UPI,Paid,1189.21
311395,211395,5/13/2025,UPI,Paid,408.79
311396,211396,10/22/2024,Debit Card,Paid,15181.94
311397,211397,11/20/2024,Net Banking,Paid,4067.65
311398,211398,4/4/2024,Credit Card,Paid,4489.27
311399,211399,8/2/2025,Net Banking,Paid,299.71
311400,211400,4/24/2025,Credit Card,Paid,6501.48
311401,211401,6/27/2023,Credit Card,Paid,920.07
311402,211402,12/5/2025,UPI,Paid,2976.91
311403,211403,3/15/2024,Debit Card,Paid,3466.84
311404,211404,6/26/2025,Net Banking,Paid,14142.41
311405,211405,4/1/2025,Debit Card,Paid,2912.36
311406,211406,6/5/2025,Debit Card,Paid,4260.37
311407,211407,1/14/2024,Net Banking,Paid,11074.79
311408,211408,6/26/2025,Net Banking,Pending,9014.71
311409,211409,11/11/2025,Debit Card,Paid,4689.47
311410,211410,1/10/2025,Credit Card,Paid,4908.54
311411,211411,9/6/2025,Debit Card,Paid,8759.36
311412,211412,7/1/2025,Wallet,Paid,5366.65
311413,211413,9/7/2024,Net Banking,Paid,6351.42
311414,211414,3/13/2025,Net Banking,Paid,1799.64
311415,211415,5/20/2025,Credit Card,Paid,4472.36
311416,211416,6/12/2025,Cash on Delivery,Paid,1716.46
311417,211417,5/14/2024,Net Banking,Paid,10329.72
311418,211418,12/11/2024,Wallet,Paid,16381.59
311419,211419,12/7/2024,Credit Card,Paid,16697.55
311420,211420,5/27/2024,UPI,Paid,4135.03
311421,211421,10/31/2024,Credit Card,Paid,4402.88
311422,211422,9/21/2025,UPI,Paid,13153.97
311423,211423,8/17/2025,UPI,Paid,3956.53
311424,211424,12/2/2024,Credit Card,Paid,16947.57
311425,211425,3/3/2024,Wallet,Paid,2223.06
311426,211426,5/8/2025,UPI,Paid,781.4
311427,211427,12/13/2025,Net Banking,Paid,6466.42
311428,211428,4/5/2024,UPI,Paid,2214.4
311429,211429,11/9/2025,Net Banking,Paid,3961.65
311430,211430,6/2/2024,Credit Card,Pending,5436.86
311431,211431,8/10/2025,Wallet,Paid,4325.08
311432,211432,7/25/2023,Debit Card,Paid,2823.59
311433,211433,9/13/2025,UPI,Paid,13736.58
311434,211434,8/5/2025,Debit Card,Paid,4228.23
311435,211435,7/2/2024,UPI,Paid,1181.71
311436,211436,12/23/2024,UPI,Paid,1384.67
311437,211437,9/19/2024,Cash on Delivery,Paid,6836.98
311438,211438,10/6/2023,UPI,Paid,12688.23
311439,211439,8/18/2025,Credit Card,Failed,1005.56
311440,211440,7/8/2024,Credit Card,Paid,21281.33
311441,211441,7/25/2025,UPI,Paid,10930.71
311442,211442,3/12/2024,Credit Card,Paid,977.89
311443,211443,9/28/2025,Credit Card,Paid,5413.98
311444,211444,8/13/2024,Net Banking,Paid,5473.89
311445,211445,9/30/2023,Cash on Delivery,Paid,5443.32
311446,211446,8/23/2024,Cash on Delivery,Paid,927.52
311447,211447,10/14/2025,UPI,Paid,132.61
311448,211448,1/23/2025,Debit Card,Paid,1265.72
311449,211449,11/28/2025,Net Banking,Paid,7461.86
311450,211450,8/29/2024,Debit Card,Paid,873.68
311451,211451,8/24/2024,Credit Card,Paid,2559.54
311452,211452,6/11/2025,Debit Card,Paid,972.34
311453,211453,7/7/2025,Credit Card,Paid,93.28
311454,211454,4/5/2025,Debit Card,Paid,1552.81
311455,211455,4/5/2025,Credit Card,Paid,9206.76
311456,211456,3/3/2024,Wallet,Paid,3312.7
311457,211457,10/20/2025,Credit Card,Paid,13216.42
311458,211458,7/26/2025,Debit Card,Paid,4573.6
311459,211459,12/24/2025,Credit Card,Paid,3589.59
311460,211460,12/5/2025,UPI,Paid,1229.37
311461,211461,8/14/2024,Debit Card,Pending,11333.44
311462,211462,6/1/2025,Net Banking,Paid,373.08
311463,211463,12/15/2024,UPI,Paid,599.09
311464,211464,10/31/2024,Debit Card,Paid,4524.68
311465,211465,12/10/2025,Credit Card,Paid,11623.09
311466,211466,8/18/2025,Credit Card,Paid,5611.91
311467,211467,10/4/2025,UPI,Paid,2641.77
311468,211468,8/3/2024,Debit Card,Paid,9567.86
311469,211469,3/25/2025,Credit Card,Paid,5888.82
311470,211470,4/16/2025,Credit Card,Paid,561.72
311471,211471,6/12/2023,UPI,Paid,11044.06
311472,211472,3/23/2025,Credit Card,Paid,4310.63
311473,211473,3/20/2025,Net Banking,Paid,4840.95
311474,211474,9/21/2025,Debit Card,Paid,2828.28
311475,211475,9/16/2025,Credit Card,Paid,6443.72
311476,211476,8/13/2025,Net Banking,Paid,747.68
311477,211477,12/12/2025,Debit Card,Paid,7142.88
311478,211478,1/28/2025,Wallet,Paid,9652.63
311479,211479,4/5/2025,Net Banking,Paid,11671.09
311480,211480,6/25/2025,UPI,Paid,7539.68
311481,211481,9/9/2024,Net Banking,Paid,5749.17
311482,211482,12/5/2024,Cash on Delivery,Paid,3305.23
311483,211483,10/30/2024,UPI,Paid,2049.94
311484,211484,1/18/2025,Cash on Delivery,Paid,1605.62
311485,211485,10/6/2025,Credit Card,Paid,5298.28
311486,211486,1/2/2025,Debit Card,Paid,3358.72
311487,211487,9/18/2025,Credit Card,Paid,2225.96
311488,211488,11/15/2025,Cash on Delivery,Paid,1995.21
311489,211489,10/16/2024,Debit Card,Paid,3603.89
311490,211490,10/5/2025,UPI,Paid,11716.78
311491,211491,11/25/2025,Credit Card,Paid,3503.56
311492,211492,6/27/2025,UPI,Paid,4543.94
311493,211493,2/25/2025,Cash on Delivery,Pending,319.41
311494,211494,12/17/2025,UPI,Paid,9693.26
311495,211495,9/18/2025,Cash on Delivery,Paid,2503.35
311496,211496,3/17/2025,Wallet,Paid,22600.74
311497,211497,12/14/2025,Credit Card,Paid,14141.5
311498,211498,12/11/2025,Credit Card,Paid,43593.86
311499,211499,8/4/2025,Debit Card,Paid,1884.28
311500,211500,10/1/2024,Cash on Delivery,Paid,2101.71
311501,211501,10/27/2025,Debit Card,Paid,862.49
311502,211502,6/29/2025,Credit Card,Paid,7671.19
311503,211503,10/29/2025,Credit Card,Paid,4699.1
311504,211504,10/18/2025,Credit Card,Paid,6529.5
311505,211505,2/15/2025,UPI,Paid,987.47
311506,211506,6/6/2025,UPI,Pending,2857.8
311507,211507,10/15/2025,UPI,Paid,1860.29
311508,211508,8/28/2024,Net Banking,Paid,22099.04
311509,211509,7/29/2025,Wallet,Paid,15017.99
311510,211510,9/15/2024,Credit Card,Paid,17292.4
311511,211511,10/3/2024,Credit Card,Paid,815.19
311512,211512,5/4/2025,UPI,Pending,1491.61
311513,211513,7/1/2024,UPI,Paid,10972.84
311514,211514,7/9/2025,Debit Card,Paid,5267.61
311515,211515,12/1/2024,Cash on Delivery,Paid,5778.1
311516,211516,10/29/2024,Cash on Delivery,Paid,7424.25
311517,211517,10/8/2025,UPI,Failed,6616.08
311518,211518,1/16/2025,Cash on Delivery,Paid,11334.49
311519,211519,9/1/2023,Credit Card,Paid,3855.5
311520,211520,9/9/2025,UPI,Paid,3901.34
311521,211521,8/16/2025,Debit Card,Paid,3503.99
311522,211522,7/17/2025,UPI,Paid,2581.58
311523,211523,12/7/2024,UPI,Paid,8726.82
311524,211524,12/13/2025,Net Banking,Paid,8033.16
311525,211525,12/6/2025,Credit Card,Paid,8601.68
311526,211526,12/15/2025,Net Banking,Paid,21998.34
311527,211527,7/16/2025,Credit Card,Paid,16592.17
311528,211528,10/29/2024,Cash on Delivery,Paid,2171.71
311529,211529,9/11/2023,Debit Card,Paid,7369.93
311530,211530,12/14/2025,Cash on Delivery,Paid,5766.44
311531,211531,2/6/2025,Debit Card,Pending,2772.48
311532,211532,4/16/2024,Credit Card,Pending,5730.78
311533,211533,11/8/2025,Debit Card,Paid,7324.69
311534,211534,8/13/2025,UPI,Paid,11940.35
311535,211535,10/8/2024,Debit Card,Paid,2909.76
311536,211536,10/30/2025,Credit Card,Paid,5001.71
311537,211537,8/19/2025,Credit Card,Paid,5637.79
311538,211538,6/11/2025,Cash on Delivery,Paid,8036.66
311539,211539,5/31/2025,UPI,Paid,9221.47
311540,211540,2/27/2025,UPI,Paid,3308.69
311541,211541,4/30/2024,Cash on Delivery,Paid,2937.19
311542,211542,4/6/2025,UPI,Paid,3082.43
311543,211543,9/23/2025,Debit Card,Paid,2721.85
311544,211544,8/1/2025,UPI,Paid,3456.7
311545,211545,1/28/2025,Debit Card,Paid,3896.32
311546,211546,4/4/2025,UPI,Paid,1861.22
311547,211547,5/26/2024,Wallet,Failed,11498.24
311548,211548,10/29/2025,UPI,Paid,1317.96
311549,211549,5/31/2024,UPI,Paid,2568.46
311550,211550,10/30/2025,UPI,Paid,6749.04
311551,211551,12/14/2024,UPI,Paid,10984.84
311552,211552,6/16/2025,UPI,Paid,2199.21
311553,211553,6/24/2025,UPI,Paid,12265.32
311554,211554,5/27/2025,UPI,Paid,2236.99
311555,211555,11/30/2024,Cash on Delivery,Paid,1894.68
311556,211556,12/27/2025,UPI,Paid,9208.82
311557,211557,1/22/2024,Net Banking,Paid,2311.75
311558,211558,12/31/2025,UPI,Paid,8054.43
311559,211559,9/5/2023,Wallet,Paid,1224.76
311560,211560,1/8/2024,UPI,Paid,2877.6
311561,211561,11/26/2025,Cash on Delivery,Paid,606.42
311562,211562,11/30/2025,UPI,Paid,2880.59
311563,211563,5/28/2025,Net Banking,Paid,410.15
311564,211564,10/5/2025,Wallet,Paid,4334.9
311565,211565,12/22/2024,UPI,Paid,10525.55
311566,211566,8/26/2025,Credit Card,Paid,8333.24
311567,211567,4/27/2025,Debit Card,Paid,3228.51
311568,211568,12/31/2024,Credit Card,Paid,9823.45
311569,211569,10/10/2025,UPI,Paid,2840.12
311570,211570,1/13/2025,UPI,Paid,779.1
311571,211571,5/29/2025,Credit Card,Paid,22564.7
311572,211572,5/21/2025,Cash on Delivery,Paid,2199.09
311573,211573,8/17/2025,Debit Card,Paid,3880.97
311574,211574,5/19/2025,Cash on Delivery,Paid,2674.36
311575,211575,11/20/2025,Debit Card,Paid,4995.11
311576,211576,6/28/2024,Credit Card,Paid,10698.72
311577,211577,6/29/2025,Debit Card,Paid,16919.63
311578,211578,11/28/2023,UPI,Paid,3687.41
311579,211579,11/19/2025,Debit Card,Paid,1778.63
311580,211580,11/4/2024,UPI,Paid,14674.5
311581,211581,10/24/2025,Credit Card,Paid,362.86
311582,211582,9/8/2024,Debit Card,Paid,7813.86
311583,211583,11/24/2025,Credit Card,Paid,11603.99
311584,211584,7/10/2025,UPI,Paid,6858.08
311585,211585,9/26/2025,Credit Card,Paid,5513.24
311586,211586,9/24/2025,Debit Card,Paid,1750.02
311587,211587,10/12/2025,Debit Card,Paid,9691.63
311588,211588,2/7/2024,Debit Card,Paid,22717.6
311589,211589,10/14/2023,Credit Card,Paid,17205.05
311590,211590,12/2/2024,UPI,Paid,1710.42
311591,211591,11/9/2024,UPI,Paid,9828.92
311592,211592,9/7/2024,UPI,Paid,814.87
311593,211593,10/29/2025,Credit Card,Paid,2746.01
311594,211594,10/17/2025,Wallet,Paid,1348.45
311595,211595,8/28/2024,Debit Card,Paid,7752.51
311596,211596,11/10/2025,Debit Card,Paid,4836.6
311597,211597,11/3/2025,UPI,Paid,15532.94
311598,211598,5/17/2025,Debit Card,Paid,5436.8
311599,211599,12/16/2025,Net Banking,Paid,2456.96
311600,211600,11/27/2024,UPI,Paid,3318.86
311601,211601,10/21/2023,UPI,Paid,6595.9
311602,211602,3/4/2025,Wallet,Paid,594.33
311603,211603,3/12/2025,Credit Card,Paid,5947.33
311604,211604,8/10/2025,Net Banking,Paid,7122.77
311605,211605,12/19/2025,UPI,Failed,7469.42
311606,211606,11/11/2025,Credit Card,Paid,3256.39
311607,211607,7/17/2025,Net Banking,Paid,5920.06
311608,211608,1/18/2025,Credit Card,Paid,4233.72
311609,211609,12/25/2025,UPI,Paid,13052.94
311610,211610,7/30/2024,UPI,Paid,3212.92
311611,211611,9/1/2025,UPI,Paid,2583.96
311612,211612,12/24/2025,Debit Card,Paid,6029.36
311613,211613,9/21/2024,Debit Card,Paid,4678.67
311614,211614,9/13/2025,UPI,Paid,1165.57
311615,211615,9/25/2025,UPI,Paid,834.39
311616,211616,1/7/2025,UPI,Paid,5559.4
311617,211617,5/30/2025,Wallet,Paid,716.71
311618,211618,6/27/2025,Net Banking,Paid,2780.2
311619,211619,8/24/2025,Debit Card,Paid,5058.82
311620,211620,11/4/2025,UPI,Paid,4028.72
311621,211621,2/10/2025,Debit Card,Paid,3025.87
311622,211622,12/22/2025,Cash on Delivery,Paid,6350.08
311623,211623,11/29/2025,Cash on Delivery,Paid,8179.56
311624,211624,11/19/2025,UPI,Failed,3842.68
311625,211625,4/24/2023,Debit Card,Paid,4233.7
311626,211626,12/22/2023,Wallet,Paid,7819.58
311627,211627,12/6/2025,Cash on Delivery,Paid,7267.26
311628,211628,5/18/2025,Debit Card,Paid,1910.4
311629,211629,2/18/2025,Debit Card,Paid,7040.38
311630,211630,3/22/2025,Credit Card,Paid,2938.23
311631,211631,9/19/2024,Cash on Delivery,Paid,3758.7
311632,211632,2/14/2025,Cash on Delivery,Paid,2461.08
311633,211633,4/10/2025,UPI,Paid,3016.58
311634,211634,6/16/2025,UPI,Paid,637.25
311635,211635,10/28/2025,Credit Card,Paid,8644.23
311636,211636,10/8/2025,Debit Card,Paid,2330.15
311637,211637,10/23/2025,Net Banking,Paid,9016.06
311638,211638,8/4/2024,Credit Card,Paid,4139.56
311639,211639,9/26/2025,Cash on Delivery,Paid,14475.93
311640,211640,6/16/2024,Credit Card,Paid,659.53
311641,211641,1/20/2024,Credit Card,Paid,1308.58
311642,211642,9/18/2024,Credit Card,Paid,1215.63
311643,211643,2/20/2024,Cash on Delivery,Paid,10789.11
311644,211644,11/23/2025,Credit Card,Paid,8014.45
311645,211645,1/28/2025,Debit Card,Paid,7580.26
311646,211646,11/6/2025,Credit Card,Paid,30732.99
311647,211647,2/19/2025,Credit Card,Paid,8798.75
311648,211648,10/30/2025,UPI,Failed,5944.93
311649,211649,11/3/2025,Credit Card,Paid,669.72
311650,211650,2/17/2024,Credit Card,Paid,15583.74
311651,211651,12/11/2025,Cash on Delivery,Paid,9261.58
311652,211652,11/24/2024,Cash on Delivery,Paid,13623.33
311653,211653,11/3/2025,Credit Card,Paid,4539.58
311654,211654,3/17/2025,Net Banking,Paid,1958.33
311655,211655,11/20/2024,Debit Card,Paid,13854.04
311656,211656,6/9/2025,Credit Card,Paid,6100.49
311657,211657,12/5/2025,UPI,Paid,9495.41
311658,211658,5/7/2025,UPI,Failed,5968.21
311659,211659,6/19/2025,UPI,Paid,6013.76
311660,211660,12/9/2025,Cash on Delivery,Paid,14069.54
311661,211661,6/30/2025,Credit Card,Paid,619.36
311662,211662,12/29/2023,Net Banking,Paid,1557.18
311663,211663,12/30/2025,Debit Card,Paid,5078.12
311664,211664,4/16/2025,Credit Card,Paid,22047.44
311665,211665,10/30/2025,Credit Card,Paid,1096.27
311666,211666,8/16/2025,Credit Card,Paid,6185.45
311667,211667,2/6/2025,UPI,Paid,1552.88
311668,211668,10/3/2023,UPI,Paid,2154.67
311669,211669,2/24/2024,UPI,Paid,2796.83
311670,211670,12/3/2024,Debit Card,Paid,3575.63
311671,211671,10/5/2025,Cash on Delivery,Failed,1993.81
311672,211672,7/4/2024,Credit Card,Paid,5992.29
311673,211673,5/27/2025,Credit Card,Paid,12782.27
311674,211674,1/2/2025,Wallet,Paid,10587.29
311675,211675,2/22/2024,Debit Card,Failed,8858.73
311676,211676,8/31/2025,Debit Card,Paid,715.83
311677,211677,5/12/2025,UPI,Paid,3718.7
311678,211678,8/8/2025,Credit Card,Paid,849.66
311679,211679,8/10/2024,UPI,Paid,8443.85
311680,211680,6/20/2025,UPI,Paid,6650.64
311681,211681,10/26/2025,Credit Card,Paid,5489.14
311682,211682,12/18/2025,Cash on Delivery,Paid,14011.53
311683,211683,9/20/2025,Net Banking,Paid,6321.08
311684,211684,12/24/2024,Credit Card,Paid,353.46
311685,211685,8/9/2025,Net Banking,Paid,4699.82
311686,211686,12/17/2024,Debit Card,Paid,9954.38
311687,211687,4/21/2025,UPI,Paid,397.97
311688,211688,9/11/2024,Cash on Delivery,Paid,5461.34
311689,211689,2/26/2025,Credit Card,Paid,926.04
311690,211690,11/14/2025,Credit Card,Paid,7175.25
311691,211691,2/18/2025,Credit Card,Paid,7505.71
311692,211692,8/18/2025,Credit Card,Paid,33348.93
311693,211693,9/12/2024,Cash on Delivery,Paid,1166.77
311694,211694,5/24/2025,UPI,Paid,38030.44
311695,211695,12/20/2025,Credit Card,Paid,2333.91
311696,211696,12/5/2025,UPI,Paid,3523.98
311697,211697,11/8/2023,UPI,Paid,3132
311698,211698,6/11/2025,UPI,Paid,20876.93
311699,211699,2/5/2024,Credit Card,Pending,8085.11
311700,211700,12/19/2025,UPI,Paid,15759.84
311701,211701,8/23/2024,UPI,Paid,3036.69
311702,211702,8/19/2023,Debit Card,Paid,4251.12
311703,211703,4/9/2025,Net Banking,Paid,2221.79
311704,211704,12/4/2025,UPI,Paid,12408.69
311705,211705,5/26/2025,Debit Card,Paid,2144.1
311706,211706,9/6/2025,Cash on Delivery,Failed,6995.09
311707,211707,9/17/2023,Net Banking,Paid,10146.61
311708,211708,9/7/2024,Net Banking,Paid,1661.48
311709,211709,12/28/2023,Net Banking,Paid,1221.45
311710,211710,10/22/2025,Cash on Delivery,Paid,8062.11
311711,211711,9/15/2024,Credit Card,Paid,6463.47
311712,211712,9/19/2025,UPI,Paid,7410.74
311713,211713,12/11/2025,Net Banking,Paid,7226.63
311714,211714,4/23/2025,Credit Card,Paid,21452.03
311715,211715,9/17/2025,Wallet,Paid,5417.85
311716,211716,12/20/2025,Cash on Delivery,Paid,10699.11
311717,211717,6/20/2025,Credit Card,Paid,5086.06
311718,211718,12/21/2025,Credit Card,Paid,1548.41
311719,211719,12/22/2025,UPI,Paid,12527.02
311720,211720,2/17/2025,UPI,Paid,324.29
311721,211721,2/25/2025,Cash on Delivery,Paid,9626.05
311722,211722,11/4/2025,Cash on Delivery,Paid,13243.21
311723,211723,8/8/2023,Cash on Delivery,Paid,893.53
311724,211724,12/23/2025,UPI,Paid,186.36
311725,211725,10/15/2025,UPI,Paid,20967.48
311726,211726,3/4/2024,Credit Card,Paid,4732.12
311727,211727,11/30/2025,Credit Card,Paid,5698.4
311728,211728,1/22/2025,UPI,Pending,36142.52
311729,211729,1/27/2025,UPI,Paid,2054.7
311730,211730,12/9/2025,UPI,Paid,4178.87
311731,211731,8/12/2025,Net Banking,Paid,3064.04
311732,211732,11/14/2025,UPI,Paid,4730.45
311733,211733,12/12/2024,UPI,Paid,7107.09
311734,211734,4/15/2025,Credit Card,Paid,8090.11
311735,211735,8/24/2025,Credit Card,Paid,5374.42
311736,211736,3/11/2025,UPI,Paid,557.9
311737,211737,7/2/2023,UPI,Paid,11723.22
311738,211738,4/26/2025,UPI,Paid,4693.38
311739,211739,11/8/2024,Wallet,Paid,4307.96
311740,211740,10/23/2025,UPI,Paid,2493.64
311741,211741,12/25/2025,Credit Card,Paid,4181.9
311742,211742,3/29/2025,Net Banking,Paid,1656.21
311743,211743,8/5/2025,Debit Card,Paid,4044.95
311744,211744,5/19/2025,UPI,Paid,295.43
311745,211745,11/1/2025,Cash on Delivery,Paid,4947.21
311746,211746,10/22/2024,Cash on Delivery,Paid,8553.4
311747,211747,12/27/2025,Wallet,Pending,6012.03
311748,211748,3/22/2025,Net Banking,Paid,4086.67
311749,211749,5/31/2024,UPI,Paid,7402.39
311750,211750,4/28/2025,Net Banking,Paid,8353.12
311751,211751,3/1/2025,Wallet,Paid,12652.74
311752,211752,10/30/2025,Credit Card,Paid,5894.4
311753,211753,12/18/2024,UPI,Paid,4052.09
311754,211754,4/8/2025,Credit Card,Paid,2366.04
311755,211755,12/22/2025,UPI,Paid,6852.78
311756,211756,11/23/2025,UPI,Paid,506.67
311757,211757,8/18/2025,UPI,Pending,12180.68
311758,211758,12/1/2025,UPI,Paid,5564.73
311759,211759,1/17/2024,UPI,Paid,2135.85
311760,211760,10/2/2025,Debit Card,Paid,3632.81
311761,211761,12/18/2025,UPI,Paid,989.22
311762,211762,4/16/2024,Cash on Delivery,Paid,7933
311763,211763,10/16/2025,UPI,Paid,1704.42
311764,211764,11/3/2024,Credit Card,Paid,3736.37
311765,211765,4/26/2025,Net Banking,Paid,1064.86
311766,211766,5/27/2024,UPI,Paid,9851.39
311767,211767,9/16/2025,UPI,Paid,20092.62
311768,211768,10/7/2025,Wallet,Paid,23612.14
311769,211769,10/29/2024,Credit Card,Paid,3723.9
311770,211770,9/7/2024,Credit Card,Paid,6024.77
311771,211771,3/8/2025,Net Banking,Paid,22498.4
311772,211772,7/24/2025,Debit Card,Paid,7762.61
311773,211773,10/7/2023,Cash on Delivery,Paid,9221.83
311774,211774,11/26/2023,Net Banking,Paid,3573.7
311775,211775,4/29/2024,Debit Card,Paid,9301.96
311776,211776,3/9/2025,Credit Card,Paid,7073.74
311777,211777,11/5/2025,UPI,Pending,1205.88
311778,211778,7/15/2024,Net Banking,Paid,841.46
311779,211779,6/21/2025,Wallet,Paid,13192
311780,211780,7/24/2025,Net Banking,Paid,393.11
311781,211781,12/27/2024,Net Banking,Paid,29945.27
311782,211782,12/20/2023,Net Banking,Paid,2402.42
311783,211783,5/27/2024,UPI,Paid,14571.67
311784,211784,1/19/2025,Wallet,Paid,3925.1
311785,211785,9/1/2025,Debit Card,Paid,9865.53
311786,211786,9/8/2025,UPI,Failed,5613.19
311787,211787,10/18/2023,Credit Card,Paid,16316.11
311788,211788,8/28/2025,UPI,Paid,403.06
311789,211789,3/12/2025,UPI,Failed,1116.97
311790,211790,10/2/2025,Net Banking,Paid,2414.85
311791,211791,3/30/2025,Cash on Delivery,Paid,5568.15
311792,211792,12/19/2025,Wallet,Paid,968.93
311793,211793,4/1/2024,Cash on Delivery,Paid,10270.4
311794,211794,7/27/2025,Net Banking,Paid,6061.96
311795,211795,9/21/2025,UPI,Paid,18733.24
311796,211796,10/1/2025,Credit Card,Paid,636.59
311797,211797,11/12/2025,UPI,Paid,1126.51
311798,211798,12/10/2025,Credit Card,Paid,10257.27
311799,211799,3/10/2024,Net Banking,Paid,2793.27
311800,211800,5/9/2024,UPI,Paid,2729.15
311801,211801,10/28/2024,Credit Card,Paid,715.5
311802,211802,11/25/2025,Net Banking,Paid,3458.77
311803,211803,12/28/2023,UPI,Paid,12118.82
311804,211804,9/1/2024,Net Banking,Paid,16205.49
311805,211805,8/16/2024,UPI,Paid,9043.65
311806,211806,10/28/2024,Credit Card,Paid,3137.67
311807,211807,9/19/2025,Net Banking,Paid,1306.38
311808,211808,5/31/2025,UPI,Paid,1924.39
311809,211809,12/31/2025,Net Banking,Paid,3386.47
311810,211810,12/23/2025,Credit Card,Paid,18656.57
311811,211811,4/7/2025,Credit Card,Paid,2931.22
311812,211812,5/17/2025,Wallet,Paid,6656.77
311813,211813,11/3/2023,Debit Card,Paid,4583.52
311814,211814,11/17/2024,UPI,Paid,8248.42
311815,211815,8/31/2025,Debit Card,Paid,773.33
311816,211816,12/13/2024,Debit Card,Paid,4574.26
311817,211817,4/3/2025,UPI,Paid,18071.6
311818,211818,2/23/2025,Credit Card,Paid,1002.67
311819,211819,12/31/2024,UPI,Paid,3102.73
311820,211820,12/23/2025,Wallet,Paid,7355.76
311821,211821,12/8/2025,Credit Card,Paid,13449.86
311822,211822,12/23/2025,Wallet,Paid,2357.71
311823,211823,12/20/2025,Net Banking,Paid,7315.33
311824,211824,8/19/2024,Credit Card,Paid,19268.5
311825,211825,11/9/2025,Cash on Delivery,Paid,12848.41
311826,211826,12/2/2025,Credit Card,Paid,4140.03
311827,211827,1/22/2025,Wallet,Paid,267.08
311828,211828,12/20/2025,UPI,Paid,27975.41
311829,211829,12/25/2025,Cash on Delivery,Paid,2102.16
311830,211830,3/28/2024,UPI,Paid,10274.83
311831,211831,4/29/2024,Cash on Delivery,Paid,4915.08
311832,211832,4/24/2025,Credit Card,Paid,27981.77
311833,211833,8/24/2025,UPI,Paid,4944.01
311834,211834,10/16/2024,Debit Card,Paid,6701.05
311835,211835,6/3/2025,Net Banking,Paid,1988.69
311836,211836,2/28/2025,Net Banking,Paid,9519.31
311837,211837,10/29/2025,Credit Card,Paid,3118.26
311838,211838,11/1/2025,Wallet,Paid,15324.34
311839,211839,7/23/2025,Wallet,Paid,2340.6
311840,211840,7/29/2025,UPI,Paid,32520.57
311841,211841,2/24/2025,UPI,Paid,12301.17
311842,211842,5/21/2025,Credit Card,Paid,1612.23
311843,211843,11/14/2025,Cash on Delivery,Paid,8480.94
311844,211844,2/19/2025,Cash on Delivery,Paid,87.03
311845,211845,6/18/2024,UPI,Paid,5856.4
311846,211846,4/26/2025,Credit Card,Paid,7863.13
311847,211847,2/21/2025,Wallet,Paid,11705.62
311848,211848,12/14/2023,Cash on Delivery,Paid,4618.09
311849,211849,12/30/2025,Cash on Delivery,Paid,9035.12
311850,211850,1/11/2025,UPI,Paid,8489.35
311851,211851,10/16/2025,Credit Card,Paid,623.41
311852,211852,12/5/2024,Credit Card,Paid,815.82
311853,211853,3/7/2025,UPI,Paid,1316.11
311854,211854,10/13/2025,Cash on Delivery,Paid,10801.09
311855,211855,10/10/2024,Cash on Delivery,Paid,23106.29
311856,211856,9/21/2025,Debit Card,Paid,1506.64
311857,211857,9/12/2025,Credit Card,Paid,3957.38
311858,211858,12/18/2025,Cash on Delivery,Paid,1980.07
311859,211859,11/20/2023,UPI,Paid,6090.75
311860,211860,3/1/2025,UPI,Paid,19306.21
311861,211861,10/19/2025,UPI,Paid,9964.82
311862,211862,6/10/2024,Debit Card,Paid,1473.18
311863,211863,12/6/2025,Wallet,Paid,21274.53
311864,211864,9/8/2025,UPI,Paid,1690.97
311865,211865,1/10/2025,Debit Card,Paid,3856.81
311866,211866,11/7/2025,Cash on Delivery,Paid,5056.93
311867,211867,6/2/2025,Wallet,Paid,4502.09
311868,211868,10/18/2025,Wallet,Paid,9479.49
311869,211869,8/27/2023,UPI,Paid,5775.71
311870,211870,12/17/2025,UPI,Paid,1353.23
311871,211871,7/7/2024,Credit Card,Paid,5404.49
311872,211872,6/14/2024,Debit Card,Paid,165.77
311873,211873,11/22/2025,UPI,Paid,1827.95
311874,211874,11/21/2025,Debit Card,Paid,12512.18
311875,211875,10/15/2025,UPI,Paid,5372.21
311876,211876,8/31/2025,UPI,Paid,1218.25
311877,211877,8/31/2025,Net Banking,Paid,9285.87
311878,211878,12/26/2024,Debit Card,Paid,841.68
311879,211879,9/15/2024,UPI,Paid,6178.61
311880,211880,1/6/2024,UPI,Paid,2405.76
311881,211881,7/8/2025,Net Banking,Paid,1677.12
311882,211882,4/21/2024,Cash on Delivery,Paid,7260.08
311883,211883,2/21/2025,Cash on Delivery,Paid,1481.39
311884,211884,2/4/2025,Net Banking,Paid,13799.15
311885,211885,1/5/2025,UPI,Paid,3065.5
311886,211886,10/27/2025,Credit Card,Paid,7432.13
311887,211887,11/26/2025,Cash on Delivery,Paid,5847.04
311888,211888,3/27/2025,Credit Card,Paid,2236.68
311889,211889,5/30/2023,UPI,Paid,7642.52
311890,211890,9/21/2025,Wallet,Paid,23722.63
311891,211891,12/30/2024,Cash on Delivery,Paid,9548.63
311892,211892,6/20/2024,UPI,Paid,12995.18
311893,211893,11/19/2025,Cash on Delivery,Paid,881.3
311894,211894,1/25/2025,Debit Card,Paid,307.25
311895,211895,3/22/2023,UPI,Paid,7819.5
311896,211896,9/22/2024,Credit Card,Paid,3423.53
311897,211897,4/5/2025,Credit Card,Paid,1947.35
311898,211898,7/10/2024,Net Banking,Paid,794.95
311899,211899,12/25/2025,Credit Card,Paid,12635.55
311900,211900,7/25/2025,UPI,Paid,2087.45
311901,211901,7/24/2025,UPI,Paid,6012.29
311902,211902,5/11/2024,Cash on Delivery,Paid,13929.05
311903,211903,11/9/2023,UPI,Paid,25975.4
311904,211904,5/28/2025,Cash on Delivery,Paid,4028.93
311905,211905,8/24/2025,UPI,Paid,6427.98
311906,211906,2/5/2025,Cash on Delivery,Paid,11737.94
311907,211907,1/25/2025,Debit Card,Paid,936.18
311908,211908,11/21/2025,UPI,Paid,12832.01
311909,211909,5/29/2025,Credit Card,Paid,4658.68
311910,211910,1/17/2025,UPI,Paid,2581.37
311911,211911,11/1/2025,Credit Card,Paid,4248.22
311912,211912,11/12/2025,Wallet,Paid,12964.49
311913,211913,11/17/2023,Debit Card,Paid,3034.74
311914,211914,10/12/2025,Credit Card,Paid,21686.75
311915,211915,12/10/2025,UPI,Paid,5241.41
311916,211916,9/14/2025,Credit Card,Paid,873.98
311917,211917,6/30/2025,Credit Card,Paid,20154.17
311918,211918,12/5/2025,Debit Card,Paid,4521.25
311919,211919,12/15/2025,UPI,Paid,7096.71
311920,211920,4/29/2025,UPI,Paid,4558.42
311921,211921,5/31/2025,Cash on Delivery,Paid,7859.96
311922,211922,12/30/2024,UPI,Paid,1228.84
311923,211923,9/29/2025,UPI,Paid,8827.58
311924,211924,5/9/2025,Credit Card,Paid,1973.47
311925,211925,10/16/2025,UPI,Paid,13184.88
311926,211926,6/13/2025,Credit Card,Paid,3797.34
311927,211927,7/11/2025,Cash on Delivery,Paid,3428.6
311928,211928,2/8/2024,UPI,Paid,12688.64
311929,211929,10/27/2025,Cash on Delivery,Paid,1097.83
311930,211930,11/7/2025,UPI,Paid,4510.7
311931,211931,12/4/2025,UPI,Paid,13461.01
311932,211932,8/20/2025,Credit Card,Paid,1415.53
311933,211933,12/27/2025,UPI,Paid,2021.83
311934,211934,10/23/2025,Credit Card,Paid,19744.76
311935,211935,9/24/2025,Credit Card,Paid,1092.51
311936,211936,8/15/2025,Debit Card,Paid,2903.26
311937,211937,10/30/2025,Wallet,Paid,4042.28
311938,211938,2/27/2024,UPI,Paid,14922.02
311939,211939,4/20/2025,Cash on Delivery,Paid,3140.33
311940,211940,9/29/2025,Credit Card,Paid,2869.22
311941,211941,6/30/2024,Net Banking,Paid,6197.98
311942,211942,8/24/2024,UPI,Paid,628.74
311943,211943,9/9/2024,Credit Card,Paid,5904.49
311944,211944,9/27/2024,UPI,Pending,6027.71
311945,211945,8/14/2024,Debit Card,Paid,4421.2
311946,211946,9/6/2024,UPI,Pending,2097.57
311947,211947,4/19/2024,Wallet,Paid,5948.39
311948,211948,12/20/2025,Debit Card,Paid,5036.74
311949,211949,4/4/2025,Net Banking,Paid,25551.65
311950,211950,11/29/2024,UPI,Paid,16277.82
311951,211951,8/26/2025,Cash on Delivery,Failed,7736.76
311952,211952,6/9/2025,UPI,Paid,17586.09
311953,211953,9/2/2024,Credit Card,Paid,1966.23
311954,211954,12/5/2025,Credit Card,Paid,7169.47
311955,211955,9/15/2024,Credit Card,Paid,6374.44
311956,211956,7/15/2025,UPI,Paid,415.28
311957,211957,11/28/2025,UPI,Paid,4289.17
311958,211958,6/29/2025,Cash on Delivery,Paid,13365.91
311959,211959,8/15/2025,Net Banking,Paid,1683.17
311960,211960,5/5/2024,Credit Card,Paid,2787.9
311961,211961,4/22/2025,UPI,Paid,5988.04
311962,211962,10/24/2023,Cash on Delivery,Paid,3209.85
311963,211963,5/29/2024,Credit Card,Paid,11409.75
311964,211964,1/25/2024,Credit Card,Paid,1198.9
311965,211965,9/23/2025,Cash on Delivery,Paid,1894.86
311966,211966,9/28/2024,Credit Card,Paid,1008.68
311967,211967,12/4/2025,UPI,Paid,3221.49
311968,211968,9/4/2025,Debit Card,Paid,1042.16
311969,211969,9/25/2025,Net Banking,Paid,3189.94
311970,211970,12/31/2025,UPI,Paid,2176.34
311971,211971,6/23/2024,UPI,Paid,4041.98
311972,211972,11/19/2024,Credit Card,Paid,2235.7
311973,211973,11/11/2025,UPI,Paid,3977.3
311974,211974,5/2/2025,Net Banking,Paid,256.72
311975,211975,2/18/2025,Credit Card,Paid,289.51
311976,211976,12/18/2025,Net Banking,Paid,3964.95
311977,211977,6/21/2025,Net Banking,Paid,2367.91
311978,211978,3/2/2025,Debit Card,Paid,12564.55
311979,211979,10/13/2025,Credit Card,Paid,3576.55
311980,211980,10/21/2025,Credit Card,Paid,1807.09
311981,211981,4/7/2025,Wallet,Paid,2114.47
311982,211982,10/25/2024,Debit Card,Paid,1258.79
311983,211983,8/25/2025,Cash on Delivery,Paid,1645.81
311984,211984,2/17/2024,Cash on Delivery,Paid,2308.73
311985,211985,7/21/2024,Credit Card,Paid,2067.34
311986,211986,7/3/2025,Net Banking,Paid,3022.71
311987,211987,10/10/2025,Net Banking,Paid,4928.87
311988,211988,8/18/2024,Credit Card,Paid,7414.62
311989,211989,12/12/2023,Net Banking,Paid,2765.13
311990,211990,5/18/2025,Debit Card,Pending,366.99
311991,211991,8/4/2025,Cash on Delivery,Paid,6198.23
311992,211992,1/30/2025,UPI,Paid,16231.95
311993,211993,10/25/2025,Credit Card,Paid,829.36
311994,211994,5/29/2024,Credit Card,Paid,11413.06
311995,211995,9/22/2023,UPI,Paid,16286.48
311996,211996,11/17/2024,UPI,Pending,9304.35
311997,211997,4/1/2024,Net Banking,Paid,18843.2
311998,211998,4/11/2025,Debit Card,Paid,4448.92
311999,211999,7/26/2024,Cash on Delivery,Paid,274.71
312000,212000,12/1/2025,Net Banking,Paid,11089.79
312001,212001,11/2/2024,UPI,Paid,6137.75
312002,212002,12/24/2025,UPI,Paid,6650.16
312003,212003,11/4/2025,Credit Card,Paid,8838.02
312004,212004,11/21/2025,UPI,Paid,6750.36
312005,212005,8/31/2023,Cash on Delivery,Paid,2082.54
312006,212006,9/20/2025,Debit Card,Paid,11324.01
312007,212007,1/4/2025,UPI,Paid,5830.21
312008,212008,11/7/2024,Cash on Delivery,Paid,668.42
312009,212009,7/19/2024,Cash on Delivery,Paid,3269.32
312010,212010,2/22/2025,Net Banking,Failed,881.17
312011,212011,7/26/2025,UPI,Paid,919.84
312012,212012,12/7/2025,Cash on Delivery,Paid,733.24
312013,212013,7/6/2025,UPI,Paid,367.61
312014,212014,5/29/2023,Debit Card,Paid,3165.76
312015,212015,4/9/2025,Credit Card,Paid,23433.87
312016,212016,10/17/2025,Cash on Delivery,Paid,7668.73
312017,212017,7/9/2025,UPI,Paid,4995.51
312018,212018,10/15/2025,UPI,Paid,3209.47
312019,212019,11/4/2024,Net Banking,Paid,1703.51
312020,212020,3/20/2025,Net Banking,Paid,5478.82
312021,212021,8/24/2025,Net Banking,Paid,2355.11
312022,212022,6/10/2025,UPI,Paid,4581.75
312023,212023,12/10/2025,UPI,Paid,6574.98
312024,212024,4/22/2024,Credit Card,Paid,4974.69
312025,212025,4/26/2024,Debit Card,Paid,936.65
312026,212026,11/3/2025,Cash on Delivery,Paid,3031.12
312027,212027,5/2/2023,Net Banking,Paid,6114.05
312028,212028,12/21/2024,Cash on Delivery,Paid,4962.72
312029,212029,5/11/2025,Credit Card,Paid,7544.29
312030,212030,10/20/2025,UPI,Paid,2918.49
312031,212031,12/7/2024,UPI,Paid,1478.13
312032,212032,6/28/2025,Credit Card,Paid,1369.86
312033,212033,7/7/2025,Wallet,Paid,5455.15
312034,212034,10/23/2025,Credit Card,Paid,13287.14
312035,212035,12/7/2025,Credit Card,Paid,12691.16
312036,212036,3/10/2025,Wallet,Paid,4122.7
312037,212037,9/26/2025,Debit Card,Paid,24556.9
312038,212038,12/3/2025,Credit Card,Pending,249.77
312039,212039,2/9/2023,Net Banking,Paid,3091.68
312040,212040,7/27/2024,Wallet,Paid,391.32
312041,212041,8/4/2023,UPI,Paid,10898.34
312042,212042,10/2/2025,Cash on Delivery,Failed,2341.28
312043,212043,10/16/2025,Credit Card,Paid,6121.06
312044,212044,12/26/2025,Credit Card,Paid,3208.35
312045,212045,11/10/2025,Credit Card,Paid,3307.49
312046,212046,9/27/2025,UPI,Paid,6367.84
312047,212047,6/30/2025,UPI,Paid,14453.72
312048,212048,12/27/2025,Cash on Delivery,Paid,15893.25
312049,212049,8/19/2025,UPI,Paid,5706.91
312050,212050,10/10/2025,Credit Card,Paid,3775.65
312051,212051,5/15/2025,UPI,Paid,1262.42
312052,212052,6/7/2025,UPI,Paid,2205.81
312053,212053,10/22/2025,Cash on Delivery,Paid,2214.89
312054,212054,7/20/2024,Wallet,Paid,3735.81
312055,212055,12/28/2025,Net Banking,Paid,2447.36
312056,212056,5/2/2025,Cash on Delivery,Paid,4417.85
312057,212057,8/24/2023,Credit Card,Pending,376.87
312058,212058,4/29/2025,Cash on Delivery,Pending,9666.16
312059,212059,5/11/2025,Credit Card,Paid,2241.94
312060,212060,12/12/2025,UPI,Paid,630.54
312061,212061,2/23/2025,Debit Card,Paid,15433.85
312062,212062,8/20/2025,Net Banking,Paid,4906.74
312063,212063,12/4/2025,Credit Card,Paid,8557.98
312064,212064,8/3/2025,Credit Card,Paid,3010.36
312065,212065,3/27/2025,UPI,Paid,1025.88
312066,212066,11/8/2025,UPI,Paid,3326.26
312067,212067,10/12/2025,Debit Card,Paid,2654.51
312068,212068,8/4/2025,Debit Card,Paid,9158.5
312069,212069,12/5/2024,Debit Card,Paid,4836.1
312070,212070,3/4/2024,Credit Card,Paid,1058.74
312071,212071,11/21/2025,UPI,Paid,6841.36
312072,212072,12/31/2025,Credit Card,Paid,2211.74
312073,212073,2/19/2025,Debit Card,Paid,5976.64
312074,212074,4/15/2025,Net Banking,Paid,5380.42
312075,212075,6/18/2025,UPI,Paid,3479.63
312076,212076,8/16/2025,UPI,Paid,956.21
312077,212077,9/23/2025,Credit Card,Paid,9980.08
312078,212078,9/3/2025,Net Banking,Paid,2212.37
312079,212079,3/1/2025,Credit Card,Paid,21138.8
312080,212080,9/29/2025,Credit Card,Paid,2762.7
312081,212081,11/18/2025,Wallet,Paid,2156.31
312082,212082,10/8/2025,UPI,Paid,36446.75
312083,212083,9/29/2025,Debit Card,Paid,10814.2
312084,212084,10/30/2024,Credit Card,Paid,1297.2
312085,212085,8/18/2023,Net Banking,Paid,7661.24
312086,212086,9/17/2025,Debit Card,Pending,3399.03
312087,212087,4/16/2025,Wallet,Paid,486.06
312088,212088,4/17/2023,Wallet,Paid,930.87
312089,212089,10/5/2024,Wallet,Paid,4354.59
312090,212090,12/31/2025,Cash on Delivery,Paid,1613.97
312091,212091,8/31/2025,Debit Card,Failed,8700.32
312092,212092,9/3/2025,Debit Card,Paid,723.99
312093,212093,8/25/2024,Cash on Delivery,Paid,1506.33
312094,212094,12/6/2025,UPI,Paid,1831.1
312095,212095,12/30/2024,Debit Card,Paid,7675.53
312096,212096,7/31/2025,Cash on Delivery,Paid,704.51
312097,212097,10/3/2024,UPI,Paid,6437.5
312098,212098,10/22/2025,UPI,Paid,690.56
312099,212099,3/3/2025,UPI,Paid,425.87
312100,212100,7/1/2025,Wallet,Paid,18279
312101,212101,7/2/2025,UPI,Paid,4570.87
312102,212102,3/6/2025,Credit Card,Paid,7333.84
312103,212103,8/19/2025,Net Banking,Paid,8627.97
312104,212104,7/23/2025,Cash on Delivery,Paid,9143.17
312105,212105,7/4/2025,Credit Card,Paid,10246.62
312106,212106,7/7/2025,Credit Card,Paid,14573.54
312107,212107,9/20/2025,Net Banking,Paid,1394.24
312108,212108,12/7/2025,UPI,Paid,1649.18
312109,212109,9/19/2024,Cash on Delivery,Paid,3759.33
312110,212110,4/15/2024,UPI,Failed,2023.14
312111,212111,6/6/2024,Debit Card,Paid,3449.01
312112,212112,8/27/2025,Cash on Delivery,Paid,2036.64
312113,212113,9/20/2025,Cash on Delivery,Paid,4870.03
312114,212114,12/20/2025,Net Banking,Paid,4236.88
312115,212115,8/21/2025,Debit Card,Paid,1145.7
312116,212116,7/13/2025,Net Banking,Paid,2047.54
312117,212117,6/22/2025,Cash on Delivery,Paid,16993.34
312118,212118,1/8/2025,Debit Card,Paid,7743.91
312119,212119,7/13/2024,Credit Card,Paid,19145.65
312120,212120,8/22/2025,UPI,Paid,9072.64
312121,212121,11/1/2025,Cash on Delivery,Paid,10510.58
312122,212122,8/16/2025,Credit Card,Paid,10373.1
312123,212123,9/27/2025,Net Banking,Paid,3405.77
312124,212124,9/4/2024,Debit Card,Failed,4863.31
312125,212125,8/13/2025,Net Banking,Paid,8940
312126,212126,10/8/2025,UPI,Paid,2556.95
312127,212127,3/20/2025,Credit Card,Failed,6308.33
312128,212128,9/24/2025,Cash on Delivery,Paid,3319.01
312129,212129,11/5/2025,Debit Card,Paid,1322.14
312130,212130,11/10/2023,Cash on Delivery,Paid,656.24
312131,212131,10/5/2024,UPI,Paid,3451.71
312132,212132,8/31/2025,UPI,Paid,7005.46
312133,212133,11/29/2025,Net Banking,Paid,7782.06
312134,212134,5/16/2025,Wallet,Paid,26038.48
312135,212135,12/17/2025,Debit Card,Paid,7197.61
312136,212136,8/12/2025,Net Banking,Paid,5160.06
312137,212137,3/13/2024,Credit Card,Paid,5830.74
312138,212138,10/1/2025,Credit Card,Paid,5899.75
312139,212139,5/6/2025,UPI,Paid,4419.8
312140,212140,12/28/2025,Credit Card,Paid,2420.24
312141,212141,4/22/2024,Credit Card,Paid,10627.12
312142,212142,11/16/2024,UPI,Paid,4505.92
312143,212143,11/13/2025,UPI,Paid,1609.15
312144,212144,6/15/2025,Debit Card,Paid,10414.96
312145,212145,8/2/2025,UPI,Paid,15350.11
312146,212146,6/14/2025,Wallet,Paid,3144.66
312147,212147,9/6/2025,UPI,Paid,10819.03
312148,212148,11/18/2025,Credit Card,Paid,23312.22
312149,212149,4/13/2025,Debit Card,Paid,5526.09
312150,212150,3/21/2024,UPI,Paid,12205.96
312151,212151,9/28/2025,Credit Card,Paid,5076.37
312152,212152,7/30/2025,Credit Card,Failed,4103.24
312153,212153,9/4/2025,Debit Card,Paid,11250.12
312154,212154,10/25/2025,Credit Card,Failed,1307.47
312155,212155,12/17/2025,Cash on Delivery,Paid,5114.79
312156,212156,2/7/2024,Credit Card,Paid,3543.14
312157,212157,4/10/2025,Cash on Delivery,Paid,1710.54
312158,212158,6/16/2025,Debit Card,Paid,937.97
312159,212159,7/2/2025,Cash on Delivery,Paid,4462.83
312160,212160,6/9/2025,Credit Card,Paid,29624.63
312161,212161,8/13/2024,Cash on Delivery,Paid,6769.62
312162,212162,4/5/2024,Credit Card,Paid,2307.59
312163,212163,6/20/2025,Credit Card,Paid,6335.85
312164,212164,9/11/2024,Cash on Delivery,Paid,3468.59
312165,212165,12/2/2025,UPI,Paid,5140.2
312166,212166,9/19/2025,Credit Card,Paid,1350.12
312167,212167,9/28/2023,UPI,Failed,6446.71
312168,212168,8/14/2025,Cash on Delivery,Paid,3260.76
312169,212169,10/5/2024,UPI,Paid,4051.22
312170,212170,12/22/2024,Credit Card,Paid,22666.92
312171,212171,12/18/2023,Cash on Delivery,Paid,267.05
312172,212172,2/14/2025,Cash on Delivery,Paid,6356.46
312173,212173,12/27/2025,UPI,Paid,23191.05
312174,212174,4/10/2024,Credit Card,Paid,1196.92
312175,212175,4/13/2025,UPI,Paid,6127.55
312176,212176,1/23/2025,UPI,Paid,906.19
312177,212177,9/21/2025,UPI,Paid,9780.72
312178,212178,7/15/2025,Net Banking,Paid,9343.66
312179,212179,12/3/2025,Credit Card,Paid,9082.79
312180,212180,12/24/2025,Cash on Delivery,Paid,7330.24
312181,212181,9/3/2024,UPI,Paid,880.36
312182,212182,11/15/2024,UPI,Failed,4202
312183,212183,6/21/2023,Net Banking,Paid,1841.34
312184,212184,10/6/2025,Debit Card,Paid,21508.93
312185,212185,4/22/2025,Credit Card,Paid,2139.39
312186,212186,12/4/2025,Net Banking,Paid,203.75
312187,212187,7/31/2024,Credit Card,Paid,6169.84
312188,212188,8/31/2025,Credit Card,Paid,7789.86
312189,212189,11/24/2024,Wallet,Paid,1457.94
312190,212190,11/13/2024,Credit Card,Paid,2515.31
312191,212191,7/4/2025,UPI,Paid,8532.55
312192,212192,8/10/2025,UPI,Paid,16788.25
312193,212193,7/20/2023,Cash on Delivery,Paid,16646.48
312194,212194,4/30/2025,UPI,Paid,34446.61
312195,212195,8/31/2025,Debit Card,Paid,3422.35
312196,212196,2/13/2025,UPI,Paid,1459.32
312197,212197,4/25/2025,Credit Card,Paid,6552.65
312198,212198,10/25/2024,Wallet,Paid,9406.79
312199,212199,5/21/2025,Credit Card,Paid,5600.41
312200,212200,11/29/2025,UPI,Paid,279.27
312201,212201,5/24/2025,UPI,Paid,7511.72
312202,212202,8/20/2025,Credit Card,Paid,1322.41
312203,212203,7/12/2025,Credit Card,Paid,5207.49
312204,212204,7/15/2025,UPI,Paid,9945.86
312205,212205,9/22/2024,Cash on Delivery,Paid,843.15
312206,212206,5/15/2025,UPI,Paid,2114.68
312207,212207,9/12/2025,Wallet,Paid,4411.21
312208,212208,9/6/2024,UPI,Paid,7928.65
312209,212209,12/27/2025,Credit Card,Paid,7949.16
312210,212210,8/23/2025,UPI,Paid,1137.93
312211,212211,11/8/2025,Credit Card,Paid,4009.28
312212,212212,9/23/2025,UPI,Paid,16971.71
312213,212213,9/6/2024,Credit Card,Paid,938.96
312214,212214,12/3/2025,Debit Card,Paid,5889.54
312215,212215,4/12/2025,Debit Card,Paid,2375.97
312216,212216,11/6/2024,Debit Card,Pending,4286.53
312217,212217,7/31/2024,Debit Card,Paid,1041.49
312218,212218,7/4/2025,Net Banking,Paid,5809.53
312219,212219,10/27/2025,Debit Card,Paid,2394.98
312220,212220,6/28/2025,Credit Card,Paid,355.45
312221,212221,3/25/2025,Net Banking,Paid,9107.29
312222,212222,12/8/2025,UPI,Paid,8654.26
312223,212223,8/16/2025,Cash on Delivery,Paid,5922.14
312224,212224,11/8/2025,Wallet,Paid,993.07
312225,212225,1/16/2025,Debit Card,Paid,6095.72
312226,212226,12/16/2025,UPI,Paid,850.89
312227,212227,1/23/2025,Credit Card,Paid,9493.43
312228,212228,12/27/2024,Credit Card,Failed,8578.81
312229,212229,12/19/2025,UPI,Paid,2817.86
312230,212230,8/21/2024,UPI,Paid,2513.4
312231,212231,11/27/2025,Debit Card,Paid,1754.88
312232,212232,12/9/2025,Cash on Delivery,Paid,6056
312233,212233,1/31/2024,UPI,Paid,315.14
312234,212234,6/29/2025,Credit Card,Paid,13592.99
312235,212235,10/26/2024,Wallet,Paid,19470.86
312236,212236,8/21/2024,Net Banking,Paid,2513.54
312237,212237,6/15/2025,UPI,Paid,3318.97
312238,212238,11/30/2025,Net Banking,Paid,4969.1
312239,212239,9/1/2023,UPI,Paid,18439.73
312240,212240,11/16/2024,UPI,Pending,13415.3
312241,212241,8/4/2024,UPI,Paid,982.26
312242,212242,9/1/2025,Debit Card,Paid,3454.11
312243,212243,11/5/2025,UPI,Paid,604.74
312244,212244,11/25/2025,UPI,Paid,3250.72
312245,212245,9/20/2025,Net Banking,Paid,3627.62
312246,212246,9/22/2025,Credit Card,Paid,5022.74
312247,212247,5/4/2025,UPI,Paid,1916.78
312248,212248,11/29/2025,Net Banking,Paid,5747.26
312249,212249,4/7/2024,UPI,Paid,2916.74
312250,212250,6/28/2025,Net Banking,Paid,871.65
312251,212251,6/28/2024,Debit Card,Paid,3706.72
312252,212252,8/7/2025,Debit Card,Paid,5700.95
312253,212253,4/30/2025,UPI,Paid,2178.13
312254,212254,12/28/2025,UPI,Paid,4178.16
312255,212255,5/23/2025,UPI,Paid,2624.77
312256,212256,6/23/2025,Cash on Delivery,Paid,232.66
312257,212257,11/18/2025,UPI,Paid,808.34
312258,212258,2/28/2025,UPI,Paid,1878.89
312259,212259,7/24/2024,UPI,Paid,5685.97
312260,212260,10/17/2025,Cash on Delivery,Paid,6906.21
312261,212261,12/20/2024,Debit Card,Paid,19993.79
312262,212262,4/25/2025,Cash on Delivery,Paid,4301.02
312263,212263,10/1/2024,Net Banking,Paid,5704.92
312264,212264,11/16/2025,Debit Card,Paid,11513.86
312265,212265,8/3/2025,Credit Card,Paid,3264.33
312266,212266,11/14/2025,Credit Card,Paid,938.98
312267,212267,2/23/2025,Debit Card,Paid,7636.76
312268,212268,6/27/2025,Cash on Delivery,Paid,855.29
312269,212269,11/23/2024,Debit Card,Paid,37007.87
312270,212270,11/15/2024,Cash on Delivery,Paid,730.08
312271,212271,11/7/2025,Credit Card,Paid,16619.01
312272,212272,10/25/2025,Cash on Delivery,Paid,1435.75
312273,212273,3/24/2023,Cash on Delivery,Paid,2258.6
312274,212274,7/5/2025,Debit Card,Paid,6398.46
312275,212275,9/1/2025,Credit Card,Paid,5139.64
312276,212276,1/31/2025,Net Banking,Paid,7221.35
312277,212277,2/28/2025,Credit Card,Paid,6599.68
312278,212278,6/16/2025,UPI,Paid,4523.58
312279,212279,12/19/2025,Credit Card,Paid,2816.16
312280,212280,12/2/2024,Credit Card,Paid,2327.48
312281,212281,9/10/2025,Debit Card,Paid,1510.62
312282,212282,3/7/2025,UPI,Paid,11225.11
312283,212283,11/11/2025,Wallet,Paid,3627.09
312284,212284,11/24/2023,Wallet,Paid,453.67
312285,212285,5/22/2025,Debit Card,Paid,9601.51
312286,212286,6/17/2025,UPI,Paid,462.09
312287,212287,12/23/2024,Debit Card,Paid,11226.03
312288,212288,12/17/2025,UPI,Paid,1359.78
312289,212289,11/26/2025,Cash on Delivery,Paid,5705.57
312290,212290,11/12/2025,Net Banking,Paid,344.18
312291,212291,1/28/2025,Cash on Delivery,Paid,621.99
312292,212292,4/30/2025,Cash on Delivery,Paid,5199.22
312293,212293,9/19/2025,Debit Card,Paid,22743.78
312294,212294,7/16/2025,Credit Card,Paid,16184.4
312295,212295,3/29/2025,Credit Card,Paid,2243.73
312296,212296,2/20/2025,Cash on Delivery,Paid,1148.47
312297,212297,9/19/2025,UPI,Paid,9227.27
312298,212298,4/9/2024,UPI,Paid,3586.39
312299,212299,10/9/2025,Credit Card,Paid,10807.33
312300,212300,9/28/2024,Credit Card,Paid,2459.81
312301,212301,9/13/2025,Credit Card,Paid,5788.88
312302,212302,8/19/2025,UPI,Paid,4271.22
312303,212303,9/9/2025,UPI,Paid,11846.36
312304,212304,4/11/2025,UPI,Paid,6796.99
312305,212305,12/11/2025,UPI,Paid,1983.47
312306,212306,11/19/2025,UPI,Paid,8149.62
312307,212307,2/25/2024,Credit Card,Paid,7282.83
312308,212308,6/27/2024,Credit Card,Paid,977.51
312309,212309,6/14/2025,UPI,Paid,6358.7
312310,212310,2/21/2025,UPI,Paid,1979.55
312311,212311,9/23/2025,UPI,Paid,642.32
312312,212312,6/28/2024,Credit Card,Paid,10256.29
312313,212313,7/26/2025,Cash on Delivery,Paid,6390
312314,212314,12/15/2025,UPI,Paid,8570.96
312315,212315,10/4/2025,UPI,Paid,4876.54
312316,212316,10/9/2025,UPI,Paid,3680.14
312317,212317,9/9/2025,UPI,Paid,4376.07
312318,212318,8/9/2025,UPI,Paid,216.64
312319,212319,2/5/2025,Debit Card,Paid,1897.24
312320,212320,5/27/2024,Debit Card,Paid,8208.31
312321,212321,7/15/2025,Debit Card,Paid,4658.19
312322,212322,3/15/2025,Debit Card,Paid,2511.86
312323,212323,10/23/2025,UPI,Failed,1464.6
312324,212324,9/23/2025,Credit Card,Paid,2770.74
312325,212325,6/27/2025,Credit Card,Paid,5746.61
312326,212326,9/7/2025,Credit Card,Paid,1215.19
312327,212327,10/28/2025,Wallet,Paid,1214.37
312328,212328,5/23/2025,Debit Card,Paid,352.4
312329,212329,12/24/2025,Debit Card,Paid,6025.33
312330,212330,12/21/2024,Wallet,Paid,6742.78
312331,212331,12/19/2025,Credit Card,Paid,6792.84
312332,212332,6/23/2025,UPI,Paid,23239.21
312333,212333,12/20/2025,Credit Card,Paid,5912.2
312334,212334,7/3/2025,UPI,Paid,3003.18
312335,212335,3/21/2025,UPI,Paid,1003.57
312336,212336,2/19/2025,UPI,Paid,5738.35
312337,212337,3/26/2024,Cash on Delivery,Paid,8890.96
312338,212338,1/11/2025,Credit Card,Paid,9301.67
312339,212339,6/2/2025,Debit Card,Paid,2182.04
312340,212340,3/18/2024,Credit Card,Paid,4548.25
312341,212341,4/11/2025,Net Banking,Paid,5392.47
312342,212342,4/5/2025,Net Banking,Paid,14777.91
312343,212343,5/16/2025,Wallet,Paid,1500.54
312344,212344,5/25/2023,Net Banking,Paid,1085.05
312345,212345,10/25/2025,Credit Card,Paid,10240.06
312346,212346,1/24/2025,Net Banking,Paid,8841.19
312347,212347,11/20/2025,UPI,Paid,2093.43
312348,212348,8/15/2024,UPI,Paid,2136.61
312349,212349,7/31/2025,UPI,Paid,12417.61
312350,212350,1/30/2025,UPI,Paid,1219.54
312351,212351,10/1/2024,UPI,Paid,13126.05
312352,212352,11/13/2025,UPI,Paid,2796.9
312353,212353,7/24/2025,Net Banking,Paid,11660.36
312354,212354,2/26/2025,UPI,Paid,3138.97
312355,212355,7/28/2025,UPI,Paid,12596.18
312356,212356,12/22/2025,UPI,Failed,354.53
312357,212357,1/28/2025,Credit Card,Paid,1974.66
312358,212358,5/23/2025,Net Banking,Paid,3328.57
312359,212359,11/5/2025,Credit Card,Paid,5728.3
312360,212360,11/6/2025,UPI,Paid,3276.02
312361,212361,12/23/2025,Cash on Delivery,Paid,2446.87
312362,212362,10/5/2025,Cash on Delivery,Paid,6239.44
312363,212363,8/28/2025,UPI,Paid,10662.9
312364,212364,11/27/2025,UPI,Paid,15409.04
312365,212365,10/26/2023,Net Banking,Paid,10098.34
312366,212366,8/16/2025,Cash on Delivery,Paid,880.57
312367,212367,4/9/2024,UPI,Paid,3084.44
312368,212368,8/6/2025,Debit Card,Paid,13076.19
312369,212369,9/23/2025,Credit Card,Paid,35685.1
312370,212370,12/12/2024,Net Banking,Paid,5519.97
312371,212371,7/21/2025,UPI,Paid,1636.95
312372,212372,12/21/2025,Wallet,Paid,7526
312373,212373,11/7/2024,Credit Card,Paid,9284.38
312374,212374,4/18/2025,UPI,Paid,22878.97
312375,212375,12/13/2025,UPI,Paid,1634.07
312376,212376,10/19/2024,Debit Card,Paid,1061.61
312377,212377,3/13/2025,Wallet,Paid,5675.53
312378,212378,9/30/2025,Credit Card,Paid,1711.49
312379,212379,7/26/2025,UPI,Paid,3977.46
312380,212380,9/25/2025,UPI,Paid,9032.91
312381,212381,9/20/2024,UPI,Paid,532.97
312382,212382,8/31/2025,Debit Card,Paid,6615.35
312383,212383,8/5/2024,Credit Card,Paid,1921.22
312384,212384,12/29/2025,Net Banking,Paid,1799.72
312385,212385,5/25/2025,Wallet,Paid,11600.07
312386,212386,12/21/2025,UPI,Paid,26266.09
312387,212387,9/22/2024,Net Banking,Paid,96.96
312388,212388,12/20/2025,Credit Card,Failed,2939.39
312389,212389,6/21/2024,Credit Card,Paid,7384.01
312390,212390,7/17/2025,Credit Card,Paid,1961.04
312391,212391,9/20/2025,UPI,Paid,8165.59
312392,212392,2/21/2024,Credit Card,Paid,14308.45
312393,212393,11/13/2025,UPI,Pending,7302.46
312394,212394,3/24/2025,Cash on Delivery,Paid,7596.33
312395,212395,11/6/2024,Debit Card,Paid,15455.04
312396,212396,9/16/2025,Cash on Delivery,Paid,11311.47
312397,212397,10/6/2025,UPI,Failed,6378.48
312398,212398,11/2/2025,Debit Card,Paid,2361.52
312399,212399,6/10/2025,Credit Card,Paid,4865.64
312400,212400,8/26/2025,UPI,Paid,9284.49
312401,212401,12/12/2025,UPI,Paid,2879.52
312402,212402,12/13/2025,UPI,Paid,14840.74
312403,212403,10/28/2025,Credit Card,Paid,17400.52
312404,212404,8/25/2025,Net Banking,Paid,3368.14
312405,212405,7/23/2024,Credit Card,Paid,715.59
312406,212406,7/28/2024,Wallet,Paid,318.02
312407,212407,9/2/2025,Credit Card,Paid,18344.2
312408,212408,2/4/2024,Debit Card,Paid,5672.17
312409,212409,5/4/2024,Net Banking,Paid,5555.53
312410,212410,6/6/2025,Net Banking,Paid,719.52
312411,212411,9/9/2024,Credit Card,Paid,880.85
312412,212412,8/6/2024,Debit Card,Failed,5796.3
312413,212413,12/6/2025,Cash on Delivery,Paid,1799.68
312414,212414,12/16/2025,UPI,Paid,3634.42
312415,212415,5/17/2025,Net Banking,Paid,6449.31
312416,212416,3/15/2025,UPI,Paid,1182.03
312417,212417,6/26/2025,UPI,Paid,9004.14
312418,212418,9/30/2025,UPI,Paid,6610.86
312419,212419,6/14/2024,Credit Card,Paid,4139.48
312420,212420,7/29/2025,UPI,Paid,741.02
312421,212421,7/9/2024,UPI,Paid,4936.41
312422,212422,12/21/2025,Debit Card,Paid,4196.72
312423,212423,6/24/2024,Credit Card,Paid,3602.79
312424,212424,10/12/2025,Net Banking,Paid,6092.99
312425,212425,9/22/2023,Cash on Delivery,Paid,2189.16
312426,212426,6/15/2025,Debit Card,Paid,8736.6
312427,212427,2/1/2025,Net Banking,Paid,2350.55
312428,212428,1/11/2025,Credit Card,Paid,2711.28
312429,212429,7/14/2025,UPI,Paid,1616.59
312430,212430,10/19/2025,UPI,Paid,2344.34
312431,212431,8/12/2025,Cash on Delivery,Paid,1241.3
312432,212432,4/16/2024,UPI,Paid,5219.56
312433,212433,11/17/2025,Credit Card,Paid,25040.96
312434,212434,12/8/2024,Debit Card,Paid,3349.08
312435,212435,8/21/2025,UPI,Paid,7344.57
312436,212436,10/19/2024,Debit Card,Pending,3742.3
312437,212437,9/15/2025,Credit Card,Paid,864.28
312438,212438,3/27/2025,Credit Card,Paid,937.37
312439,212439,1/25/2025,Cash on Delivery,Paid,5735.55
312440,212440,12/31/2025,UPI,Paid,2499.58
312441,212441,1/10/2025,Debit Card,Paid,6391.58
312442,212442,1/31/2024,Debit Card,Paid,925.68
312443,212443,12/7/2025,Credit Card,Paid,2526.74
312444,212444,12/4/2025,Debit Card,Paid,1319.91
312445,212445,12/8/2024,Net Banking,Paid,210.54
312446,212446,6/24/2025,Credit Card,Paid,2470.43
312447,212447,12/10/2025,Credit Card,Paid,3305.56
312448,212448,4/3/2024,Cash on Delivery,Paid,16457.88
312449,212449,9/9/2024,UPI,Paid,2198.95
312450,212450,7/22/2025,UPI,Paid,9765.6
312451,212451,6/16/2025,UPI,Paid,177.52
312452,212452,3/25/2025,UPI,Paid,6743.99
312453,212453,10/29/2025,Net Banking,Paid,3470.13
312454,212454,9/25/2025,Debit Card,Paid,946.27
312455,212455,9/13/2025,Credit Card,Failed,3862.18
312456,212456,6/4/2023,Credit Card,Paid,6075.48
312457,212457,4/27/2023,UPI,Paid,9075.03
312458,212458,1/22/2025,Cash on Delivery,Paid,1580.3
312459,212459,7/29/2024,UPI,Paid,10858.42
312460,212460,5/11/2025,Credit Card,Paid,7602.38
312461,212461,1/13/2024,Cash on Delivery,Paid,17859.1
312462,212462,2/8/2025,Debit Card,Failed,9643.21
312463,212463,8/20/2025,Wallet,Paid,6696.82
312464,212464,5/26/2024,UPI,Paid,1105.59
312465,212465,7/23/2025,Debit Card,Paid,2071.45
312466,212466,11/7/2025,Credit Card,Paid,2035.52
312467,212467,7/9/2025,Cash on Delivery,Paid,3876.11
312468,212468,12/8/2025,Cash on Delivery,Paid,12134.35
312469,212469,12/22/2024,Credit Card,Paid,14965.78
312470,212470,12/18/2025,Credit Card,Paid,19092.12
312471,212471,12/16/2025,Cash on Delivery,Paid,21737.09
312472,212472,11/29/2025,Credit Card,Paid,1906.76
312473,212473,5/15/2025,Credit Card,Paid,3860.04
312474,212474,7/13/2025,Cash on Delivery,Paid,8460.98
312475,212475,11/9/2023,Cash on Delivery,Paid,8817.4
312476,212476,5/3/2024,UPI,Paid,7917.21
312477,212477,12/20/2025,UPI,Paid,11338.47
312478,212478,12/8/2025,Cash on Delivery,Paid,8980.05
312479,212479,12/1/2025,Debit Card,Paid,951.29
312480,212480,9/25/2025,Debit Card,Paid,6886.42
312481,212481,5/23/2025,Cash on Delivery,Failed,1252.41
312482,212482,8/19/2024,Credit Card,Paid,554.13
312483,212483,11/1/2025,Credit Card,Paid,4512.84
312484,212484,7/28/2025,UPI,Paid,426.16
312485,212485,9/16/2024,Debit Card,Paid,1036.12
312486,212486,4/28/2025,Credit Card,Paid,3320.14
312487,212487,9/8/2025,Credit Card,Paid,1872.88
312488,212488,4/6/2025,Credit Card,Paid,4734.29
312489,212489,6/22/2025,Credit Card,Paid,788.37
312490,212490,7/27/2025,Credit Card,Paid,3080.5
312491,212491,3/4/2024,Debit Card,Paid,3800.86
312492,212492,11/16/2025,Debit Card,Paid,2320.52
312493,212493,3/19/2025,Cash on Delivery,Paid,150.99
312494,212494,7/30/2024,Debit Card,Pending,1281.9
312495,212495,7/4/2025,Cash on Delivery,Paid,6554.57
312496,212496,12/23/2025,Debit Card,Paid,1585.03
312497,212497,2/18/2024,UPI,Paid,27674.22
312498,212498,6/15/2024,UPI,Paid,4557.55
312499,212499,12/24/2024,Cash on Delivery,Paid,4687.22
312500,212500,7/11/2025,Net Banking,Paid,496.08
312501,212501,5/25/2025,Credit Card,Paid,11124.14
312502,212502,11/17/2024,Credit Card,Paid,8823.84
312503,212503,5/16/2025,UPI,Paid,1050.05
312504,212504,3/10/2025,UPI,Paid,3348.14
312505,212505,9/21/2025,UPI,Paid,1837.97
312506,212506,11/25/2024,Debit Card,Paid,2933.17
312507,212507,10/4/2025,Credit Card,Pending,8078.05
312508,212508,1/8/2024,UPI,Paid,11153.8
312509,212509,8/3/2025,Debit Card,Paid,25601.61
312510,212510,11/3/2025,Credit Card,Paid,3448.15
312511,212511,1/15/2025,UPI,Paid,4975.69
312512,212512,8/22/2024,Net Banking,Paid,6676.89
312513,212513,5/10/2025,UPI,Pending,379.05
312514,212514,12/29/2024,UPI,Paid,2227.97
312515,212515,4/12/2025,UPI,Paid,15637.13
312516,212516,4/24/2023,Credit Card,Paid,6422.22
312517,212517,4/18/2025,Debit Card,Paid,8678.57
312518,212518,4/26/2025,Wallet,Paid,9206.95
312519,212519,12/11/2025,Net Banking,Paid,4591.43
312520,212520,2/28/2025,Credit Card,Paid,8531.83
312521,212521,9/26/2024,Wallet,Paid,5635.43
312522,212522,12/20/2025,UPI,Paid,3008.48
312523,212523,11/27/2023,Credit Card,Paid,1012.31
312524,212524,8/3/2023,Credit Card,Paid,3565.7
312525,212525,11/13/2025,Credit Card,Pending,1368.04
312526,212526,11/1/2025,UPI,Paid,1419.7
312527,212527,11/11/2025,Wallet,Paid,3619.07
312528,212528,5/15/2024,Net Banking,Paid,8161.14
312529,212529,5/20/2025,Credit Card,Paid,3507.39
312530,212530,12/18/2025,UPI,Pending,23179.33
312531,212531,5/20/2025,Credit Card,Paid,8909.44
312532,212532,7/24/2025,UPI,Paid,1735.94
312533,212533,10/1/2025,UPI,Paid,1683.74
312534,212534,5/15/2025,Debit Card,Paid,603.69
312535,212535,10/1/2023,Debit Card,Paid,2839.82
312536,212536,5/23/2025,Cash on Delivery,Paid,1097.05
312537,212537,3/28/2025,Credit Card,Paid,1062.05
312538,212538,8/8/2024,Debit Card,Paid,461.19
312539,212539,10/15/2025,UPI,Pending,2735.65
312540,212540,10/23/2025,UPI,Paid,9799.08
312541,212541,3/25/2025,Wallet,Paid,3159.18
312542,212542,12/20/2025,UPI,Paid,3991.09
312543,212543,10/22/2024,Credit Card,Paid,8404.91
312544,212544,12/9/2024,UPI,Paid,1584.35
312545,212545,1/27/2025,Net Banking,Paid,18892.92
312546,212546,8/23/2024,Wallet,Paid,1261.79
312547,212547,9/9/2025,UPI,Paid,30129.81
312548,212548,2/14/2025,UPI,Paid,1983.97
312549,212549,9/9/2025,Credit Card,Paid,4777.9
312550,212550,7/3/2025,UPI,Paid,5766.07
312551,212551,11/4/2025,UPI,Paid,4480.09
312552,212552,12/6/2025,Cash on Delivery,Paid,9028.46
312553,212553,5/26/2025,Wallet,Paid,7038.6
312554,212554,9/14/2025,Wallet,Paid,4075.65
312555,212555,1/20/2025,UPI,Paid,327.94
312556,212556,6/11/2024,Debit Card,Paid,2042.37
312557,212557,3/29/2025,Debit Card,Paid,14522.53
312558,212558,4/11/2024,Debit Card,Paid,14298.64
312559,212559,9/8/2024,Net Banking,Paid,4343.51
312560,212560,2/1/2025,UPI,Paid,1081.76
312561,212561,5/3/2025,Cash on Delivery,Paid,3595.33
312562,212562,10/18/2025,Net Banking,Paid,2187.08
312563,212563,9/22/2023,UPI,Paid,12380.38
312564,212564,11/3/2025,Credit Card,Pending,323.44
312565,212565,11/18/2025,UPI,Paid,8738.44
312566,212566,10/17/2024,UPI,Paid,37071.83
312567,212567,7/27/2024,Credit Card,Paid,11494.06
312568,212568,10/13/2025,UPI,Paid,8350.7
312569,212569,12/21/2023,Wallet,Paid,17363.76
312570,212570,7/29/2024,Wallet,Paid,12681.78
312571,212571,12/6/2025,Credit Card,Paid,553.13
312572,212572,9/2/2024,Net Banking,Paid,4442.78
312573,212573,11/14/2025,UPI,Paid,3285.51
312574,212574,12/23/2025,Debit Card,Paid,18662.28
312575,212575,4/12/2025,Cash on Delivery,Paid,2578.46
312576,212576,6/9/2025,Credit Card,Paid,19690.8
312577,212577,8/28/2024,UPI,Paid,2176.71
312578,212578,6/18/2025,Debit Card,Paid,7916.12
312579,212579,7/6/2023,Net Banking,Paid,1395.98
312580,212580,11/24/2024,Cash on Delivery,Paid,1213.35
312581,212581,3/26/2025,UPI,Paid,12764.52
312582,212582,12/17/2023,Cash on Delivery,Paid,515.48
312583,212583,8/4/2024,Cash on Delivery,Paid,6648.56
312584,212584,10/5/2025,Debit Card,Paid,745.69
312585,212585,1/20/2025,UPI,Paid,490.63
312586,212586,10/13/2025,UPI,Paid,10306.23
312587,212587,2/28/2025,UPI,Paid,2763.65
312588,212588,5/24/2024,Debit Card,Paid,4022.24
312589,212589,12/14/2025,Debit Card,Paid,324.2
312590,212590,9/6/2024,Credit Card,Paid,3104.85
312591,212591,4/13/2023,Cash on Delivery,Paid,2730.27
312592,212592,6/16/2025,UPI,Paid,2305.27
312593,212593,8/3/2025,UPI,Paid,3968.6
312594,212594,5/20/2024,UPI,Paid,7709.64
312595,212595,8/21/2024,UPI,Paid,10482.99
312596,212596,12/29/2025,Net Banking,Paid,1827.49
312597,212597,8/12/2024,UPI,Paid,17444.42
312598,212598,3/14/2025,Credit Card,Paid,4224.5
312599,212599,11/27/2025,Wallet,Paid,238.04
312600,212600,4/3/2025,Cash on Delivery,Paid,3209.62
312601,212601,6/18/2025,UPI,Paid,1677.58
312602,212602,2/16/2025,Debit Card,Paid,1324.54
312603,212603,4/4/2025,Wallet,Paid,2838.73
312604,212604,4/28/2025,Debit Card,Paid,5548.38
312605,212605,12/31/2025,Net Banking,Paid,17911.3
312606,212606,6/30/2025,UPI,Paid,1610.29
312607,212607,3/26/2024,Net Banking,Paid,6752.89
312608,212608,7/17/2025,UPI,Paid,5382.74
312609,212609,10/17/2025,UPI,Paid,8887.23
312610,212610,12/2/2025,Debit Card,Paid,40476.12
312611,212611,8/21/2025,Credit Card,Paid,2257.31
312612,212612,11/7/2025,Cash on Delivery,Paid,15177.03
312613,212613,8/26/2024,Credit Card,Paid,4088.73
312614,212614,1/8/2025,Net Banking,Paid,2352.63
312615,212615,1/4/2024,Credit Card,Paid,810.39
312616,212616,9/30/2024,UPI,Paid,1307.8
312617,212617,8/18/2024,UPI,Paid,447.6
312618,212618,11/2/2024,Credit Card,Paid,2741.02
312619,212619,11/11/2025,Net Banking,Paid,3318.31
312620,212620,11/9/2023,Debit Card,Paid,8579.04
312621,212621,11/26/2025,Credit Card,Paid,1516.04
312622,212622,12/19/2025,Credit Card,Paid,17290.7
312623,212623,12/15/2025,Net Banking,Paid,77.04
312624,212624,9/24/2025,Credit Card,Paid,2333.62
312625,212625,11/17/2025,Wallet,Paid,4062.91
312626,212626,6/19/2025,Cash on Delivery,Paid,1582.66
312627,212627,10/20/2025,UPI,Failed,20206.42
312628,212628,4/4/2025,Net Banking,Paid,12774.15
312629,212629,12/20/2025,Cash on Delivery,Paid,9547.97
312630,212630,8/27/2024,Cash on Delivery,Paid,9055.99
312631,212631,3/20/2025,Credit Card,Paid,8211.62
312632,212632,12/9/2025,UPI,Paid,1765.19
312633,212633,9/8/2025,Wallet,Paid,14476.8
312634,212634,2/22/2025,Cash on Delivery,Pending,4439.14
312635,212635,9/17/2025,Debit Card,Paid,34588.69
312636,212636,4/23/2025,Debit Card,Paid,12333.19
312637,212637,1/13/2025,UPI,Paid,783.61
312638,212638,11/16/2024,Credit Card,Paid,4262.66
312639,212639,11/23/2025,Credit Card,Paid,278.92
312640,212640,7/17/2025,Credit Card,Paid,17288.83
312641,212641,4/16/2025,Debit Card,Paid,3312.03
312642,212642,10/8/2025,Cash on Delivery,Paid,4784.71
312643,212643,6/7/2025,Debit Card,Paid,4768.23
312644,212644,7/9/2025,Credit Card,Paid,25705.14
312645,212645,9/10/2025,Credit Card,Paid,5742.69
312646,212646,8/19/2024,Cash on Delivery,Paid,31120.05
312647,212647,1/23/2025,UPI,Paid,2649.8
312648,212648,6/15/2025,Wallet,Paid,2161.88
312649,212649,3/23/2025,UPI,Paid,5324.62
312650,212650,3/14/2025,Credit Card,Paid,719.63
312651,212651,7/9/2023,UPI,Paid,7856.97
312652,212652,12/10/2025,Debit Card,Paid,17661.1
312653,212653,1/15/2025,Debit Card,Paid,4859.03
312654,212654,10/3/2025,Credit Card,Paid,4863.02
312655,212655,9/4/2024,UPI,Paid,9127.43
312656,212656,10/21/2025,Debit Card,Pending,17981.68
312657,212657,12/6/2025,Wallet,Paid,6563.42
312658,212658,5/15/2025,UPI,Paid,4836.18
312659,212659,5/15/2025,Credit Card,Paid,19771.05
312660,212660,10/7/2025,Wallet,Failed,253.94
312661,212661,4/16/2024,UPI,Paid,4010.81
312662,212662,5/31/2024,UPI,Paid,5763.45
312663,212663,4/20/2025,Cash on Delivery,Paid,1776.41
312664,212664,2/5/2025,UPI,Failed,30536.27
312665,212665,7/19/2025,Debit Card,Paid,1174.93
312666,212666,11/11/2024,UPI,Paid,13698.02
312667,212667,11/17/2024,Debit Card,Paid,6155.46
312668,212668,5/2/2025,Cash on Delivery,Paid,7082.95
312669,212669,10/14/2025,UPI,Paid,1635.36
312670,212670,2/27/2025,Credit Card,Paid,3940.19
312671,212671,7/15/2025,Wallet,Failed,12688.02
312672,212672,2/20/2024,UPI,Paid,2726.02
312673,212673,7/7/2024,UPI,Paid,322.48
312674,212674,9/22/2024,Cash on Delivery,Paid,1527.16
312675,212675,10/28/2025,Debit Card,Paid,5966.54
312676,212676,8/27/2024,Cash on Delivery,Paid,452.2
312677,212677,3/15/2025,Debit Card,Paid,468.42
312678,212678,7/1/2025,UPI,Paid,3822.84
312679,212679,9/19/2025,UPI,Paid,377.16
312680,212680,12/3/2025,Net Banking,Paid,1055.28
312681,212681,12/16/2025,Debit Card,Paid,353.7
312682,212682,10/15/2025,Debit Card,Paid,7485.35
312683,212683,4/18/2025,Cash on Delivery,Paid,24884.98
312684,212684,1/3/2024,Wallet,Paid,1298.07
312685,212685,2/27/2025,UPI,Paid,4084.76
312686,212686,8/5/2024,Credit Card,Paid,7683.7
312687,212687,9/6/2025,UPI,Paid,4968.97
312688,212688,2/1/2025,Wallet,Paid,736.96
312689,212689,10/4/2025,Cash on Delivery,Paid,2108.53
312690,212690,1/24/2025,UPI,Paid,15356.48
312691,212691,8/10/2025,Net Banking,Paid,7414.01
312692,212692,3/23/2025,UPI,Paid,12515.3
312693,212693,5/30/2025,Debit Card,Paid,14213.37
312694,212694,6/22/2025,Net Banking,Paid,667.39
312695,212695,7/7/2025,Credit Card,Paid,1232.7
312696,212696,7/5/2025,UPI,Paid,4651.48
312697,212697,10/3/2023,UPI,Paid,10079.63
312698,212698,3/17/2023,Credit Card,Paid,7772.42
312699,212699,12/15/2025,Credit Card,Paid,2050.64
312700,212700,11/27/2024,Debit Card,Paid,6194.19
312701,212701,8/26/2025,Credit Card,Paid,113.19
312702,212702,5/31/2023,Credit Card,Paid,12005.41
312703,212703,12/20/2025,Credit Card,Failed,921.95
312704,212704,9/27/2025,UPI,Paid,4335.74
312705,212705,2/27/2024,UPI,Paid,1754.67
312706,212706,11/30/2025,Wallet,Paid,894.07
312707,212707,12/7/2025,UPI,Paid,3124.95
312708,212708,8/6/2025,Credit Card,Paid,19044.26
312709,212709,8/25/2024,Wallet,Paid,9873.79
312710,212710,5/9/2024,Wallet,Paid,16132.91
312711,212711,5/20/2024,Credit Card,Paid,1593.86
312712,212712,8/28/2025,Credit Card,Paid,3618.84
312713,212713,7/25/2025,Credit Card,Paid,3721.25
312714,212714,10/27/2025,UPI,Paid,10817.78
312715,212715,12/20/2023,Net Banking,Pending,5720.66
312716,212716,11/21/2023,Debit Card,Paid,4324.46
312717,212717,11/6/2024,UPI,Paid,13779
312718,212718,6/22/2025,Credit Card,Paid,13478.64
312719,212719,8/24/2025,Debit Card,Paid,5487.85
312720,212720,11/23/2025,UPI,Paid,16009.87
312721,212721,4/15/2024,Credit Card,Failed,6815.03
312722,212722,10/1/2025,Debit Card,Paid,8351.94
312723,212723,3/5/2024,Net Banking,Paid,6069.5
312724,212724,8/23/2025,Credit Card,Paid,3635.96
312725,212725,3/20/2025,UPI,Paid,1586.35
312726,212726,1/28/2025,Credit Card,Paid,19537.85
312727,212727,9/22/2025,Net Banking,Paid,885.54
312728,212728,11/26/2023,Debit Card,Paid,17521.98
312729,212729,12/18/2024,Wallet,Paid,5728.7
312730,212730,1/17/2025,UPI,Paid,509.8
312731,212731,9/1/2023,UPI,Paid,6846.41
312732,212732,10/3/2024,UPI,Paid,2995.41
312733,212733,12/8/2025,Wallet,Pending,21176.66
312734,212734,12/9/2025,Cash on Delivery,Paid,2425.03
312735,212735,10/23/2025,UPI,Failed,12502.55
312736,212736,1/16/2024,Credit Card,Paid,9621.89
312737,212737,4/13/2025,Wallet,Paid,1707.28
312738,212738,4/3/2025,Net Banking,Paid,20727.61
312739,212739,8/4/2025,Cash on Delivery,Paid,7409.2
312740,212740,11/23/2025,UPI,Paid,10338.18
312741,212741,2/3/2025,Credit Card,Paid,638.2
312742,212742,12/22/2025,Debit Card,Paid,13001.3
312743,212743,8/1/2025,Cash on Delivery,Paid,4653.26
312744,212744,6/18/2024,Credit Card,Paid,4226.54
312745,212745,3/9/2025,Credit Card,Paid,15694.56
312746,212746,12/23/2025,Credit Card,Paid,19019.89
312747,212747,11/12/2025,Credit Card,Paid,3167.72
312748,212748,9/20/2025,Credit Card,Paid,11994.26
312749,212749,10/16/2025,Credit Card,Paid,15982.36
312750,212750,3/27/2024,Cash on Delivery,Paid,1651.34
312751,212751,12/28/2025,Net Banking,Paid,12175.77
312752,212752,5/1/2025,Debit Card,Paid,755.41
312753,212753,6/9/2025,UPI,Paid,15430.85
312754,212754,12/9/2025,Credit Card,Paid,870.45
312755,212755,3/4/2025,UPI,Paid,15317.62
312756,212756,11/10/2025,UPI,Paid,3784.35
312757,212757,9/21/2023,Credit Card,Paid,6853.13
312758,212758,11/2/2025,Wallet,Paid,10138.49
312759,212759,11/25/2025,UPI,Paid,3648.91
312760,212760,11/7/2024,UPI,Paid,284.13
312761,212761,12/8/2024,Cash on Delivery,Paid,10895.9
312762,212762,9/28/2025,Credit Card,Paid,9676.9
312763,212763,8/24/2025,UPI,Failed,1141.6
312764,212764,1/24/2024,UPI,Paid,2928.2
312765,212765,4/6/2025,Cash on Delivery,Paid,383.23
312766,212766,12/13/2025,UPI,Paid,8564.67
312767,212767,10/3/2025,Debit Card,Paid,5105.25
312768,212768,6/28/2025,UPI,Paid,2215.53
312769,212769,5/17/2024,Cash on Delivery,Paid,7983.8
312770,212770,2/16/2025,Credit Card,Paid,6553.09
312771,212771,7/5/2025,Credit Card,Paid,5156.36
312772,212772,9/4/2025,UPI,Pending,5040.44
312773,212773,10/20/2025,UPI,Paid,7757.86
312774,212774,12/30/2024,Cash on Delivery,Paid,8181.08
312775,212775,5/5/2024,UPI,Paid,4757.26
312776,212776,8/21/2025,Credit Card,Paid,3052.13
312777,212777,11/11/2024,Credit Card,Paid,13205.38
312778,212778,9/11/2025,Credit Card,Paid,1423.61
312779,212779,4/18/2025,UPI,Paid,9983.02
312780,212780,11/6/2025,Cash on Delivery,Paid,778.52
312781,212781,6/20/2024,Net Banking,Failed,12196.07
312782,212782,3/9/2024,Cash on Delivery,Paid,1006.22
312783,212783,6/27/2023,UPI,Paid,286.5
312784,212784,10/20/2025,Debit Card,Pending,809.78
312785,212785,3/20/2024,UPI,Paid,5692.15
312786,212786,5/20/2025,UPI,Paid,1532.37
312787,212787,8/11/2025,Debit Card,Paid,1250.37
312788,212788,9/3/2024,UPI,Paid,4677.02
312789,212789,11/8/2024,UPI,Paid,12463.33
312790,212790,3/30/2024,Cash on Delivery,Paid,9115.58
312791,212791,7/8/2024,Wallet,Pending,12646.96
312792,212792,12/13/2023,UPI,Paid,2253.82
312793,212793,7/27/2025,UPI,Paid,464.35
312794,212794,12/9/2025,Credit Card,Paid,9035.28
312795,212795,4/14/2024,Debit Card,Paid,3813.53
312796,212796,11/12/2024,UPI,Failed,6637.7
312797,212797,10/27/2024,UPI,Paid,3307.42
312798,212798,5/3/2024,UPI,Paid,5609.77
312799,212799,12/17/2025,Cash on Delivery,Paid,6571.32
312800,212800,12/11/2025,Net Banking,Paid,16037.44
312801,212801,11/15/2025,UPI,Paid,4003.43
312802,212802,7/15/2025,Wallet,Paid,1579.03
312803,212803,4/13/2025,Credit Card,Paid,17569.41
312804,212804,12/9/2025,Credit Card,Paid,11240.59
312805,212805,10/15/2023,Cash on Delivery,Paid,7882.61
312806,212806,7/21/2025,Debit Card,Paid,12151.29
312807,212807,8/1/2025,UPI,Paid,574.25
312808,212808,7/15/2025,Debit Card,Paid,22206.59
312809,212809,4/13/2025,Cash on Delivery,Paid,1957.3
312810,212810,12/26/2025,UPI,Paid,866.61
312811,212811,6/5/2025,UPI,Paid,2731.95
312812,212812,11/30/2025,Cash on Delivery,Paid,7400.8
312813,212813,11/14/2025,Cash on Delivery,Paid,5236.1
312814,212814,11/18/2025,Cash on Delivery,Paid,7088.84
312815,212815,8/24/2025,Debit Card,Pending,6536.91
312816,212816,9/24/2025,Debit Card,Paid,11648.76
312817,212817,2/6/2024,Net Banking,Paid,2424.76
312818,212818,5/31/2025,Debit Card,Paid,2114
312819,212819,11/23/2023,Credit Card,Paid,3913.9
312820,212820,12/11/2025,UPI,Paid,4334.52
312821,212821,9/2/2025,Net Banking,Paid,8809.38
312822,212822,6/1/2025,UPI,Paid,1047.53
312823,212823,6/28/2025,UPI,Paid,2153.16
312824,212824,12/23/2025,Credit Card,Paid,4470.6
312825,212825,7/25/2025,UPI,Paid,2697.27
312826,212826,10/19/2025,UPI,Paid,2383.44
312827,212827,1/22/2024,Debit Card,Paid,5907.65
312828,212828,8/10/2025,Cash on Delivery,Paid,3849.9
312829,212829,8/2/2025,Credit Card,Paid,4450.8
312830,212830,11/27/2024,Debit Card,Paid,4376.87
312831,212831,11/5/2024,UPI,Paid,7220.36
312832,212832,12/31/2025,Credit Card,Paid,3872.04
312833,212833,7/1/2024,Credit Card,Paid,5493.84
312834,212834,6/2/2025,Wallet,Paid,6053.71
312835,212835,3/16/2024,UPI,Paid,4049.94
312836,212836,12/27/2025,Cash on Delivery,Paid,15711.33
312837,212837,2/7/2025,Wallet,Paid,5039.42
312838,212838,2/18/2025,Debit Card,Pending,18082.99
312839,212839,1/20/2025,Net Banking,Paid,9056.36
312840,212840,1/16/2025,Debit Card,Paid,3522
312841,212841,4/17/2025,Cash on Delivery,Paid,5179.35
312842,212842,10/24/2025,Credit Card,Failed,13897.35
312843,212843,5/12/2025,Debit Card,Paid,12812.24
312844,212844,3/28/2025,Credit Card,Paid,10424.16
312845,212845,4/18/2025,Cash on Delivery,Paid,31493.18
312846,212846,7/30/2024,UPI,Pending,375.35
312847,212847,2/6/2025,UPI,Paid,553.82
312848,212848,10/26/2025,UPI,Paid,746.92
312849,212849,10/28/2025,UPI,Paid,25350.84
312850,212850,8/15/2025,UPI,Paid,36745.51
312851,212851,11/1/2024,Debit Card,Paid,3650.6
312852,212852,11/26/2025,Net Banking,Paid,609.83
312853,212853,2/18/2025,Net Banking,Failed,3310.34
312854,212854,9/1/2024,Wallet,Paid,3903.07
312855,212855,11/28/2025,Cash on Delivery,Paid,7081.07
312856,212856,5/22/2025,UPI,Paid,6107.02
312857,212857,3/11/2025,UPI,Paid,576.92
312858,212858,11/21/2025,Credit Card,Pending,5782.71
312859,212859,6/14/2024,Wallet,Paid,786.94
312860,212860,12/21/2025,Credit Card,Paid,2455.81
312861,212861,10/15/2024,Net Banking,Paid,9782.54
312862,212862,5/10/2025,Wallet,Paid,25382.52
312863,212863,1/25/2024,Net Banking,Paid,1754.35
312864,212864,12/15/2025,Debit Card,Paid,7771.78
312865,212865,9/21/2025,UPI,Paid,3147.43
312866,212866,12/24/2025,Debit Card,Paid,286.15
312867,212867,10/23/2025,Cash on Delivery,Paid,7616.33
312868,212868,10/21/2024,Cash on Delivery,Paid,13713.74
312869,212869,12/21/2025,Credit Card,Paid,1767.2
312870,212870,10/27/2025,Credit Card,Paid,8061.69
312871,212871,10/29/2024,Credit Card,Paid,5114.35
312872,212872,1/3/2025,Debit Card,Paid,21406.78
312873,212873,12/11/2024,UPI,Paid,14513.25
312874,212874,11/26/2025,Wallet,Paid,8109.14
312875,212875,12/22/2025,Credit Card,Paid,547.5
312876,212876,6/28/2025,Credit Card,Paid,3264.93
312877,212877,10/11/2025,Cash on Delivery,Paid,14210.16
312878,212878,11/12/2024,Credit Card,Paid,1347.14
312879,212879,8/8/2023,Cash on Delivery,Paid,2096.02
312880,212880,1/25/2025,Cash on Delivery,Paid,7298.17
312881,212881,2/13/2024,Wallet,Failed,22585.38
312882,212882,12/13/2025,Cash on Delivery,Paid,14929.53
312883,212883,10/29/2025,Credit Card,Paid,3868.13
312884,212884,12/29/2025,Credit Card,Paid,12847.25
312885,212885,12/30/2024,UPI,Paid,4555.63
312886,212886,3/13/2024,Credit Card,Paid,10113.34
312887,212887,12/11/2024,Cash on Delivery,Paid,6224.48
312888,212888,4/19/2025,Debit Card,Paid,11270.8
312889,212889,12/9/2025,UPI,Paid,1233.9
312890,212890,2/19/2025,UPI,Paid,14201.13
312891,212891,10/15/2025,Credit Card,Paid,4411.69
312892,212892,10/2/2023,Credit Card,Paid,5153.88
312893,212893,8/29/2025,Wallet,Failed,4723.96
312894,212894,7/26/2024,Cash on Delivery,Paid,6793.53
312895,212895,12/30/2025,UPI,Paid,587.24
312896,212896,9/30/2025,Net Banking,Paid,6069.17
312897,212897,9/30/2025,Net Banking,Paid,6199.25
312898,212898,8/4/2025,Credit Card,Paid,3257.83
312899,212899,9/28/2025,Wallet,Paid,7211.04
312900,212900,9/24/2025,Credit Card,Failed,3374.99
312901,212901,12/15/2025,UPI,Paid,20686.62
312902,212902,12/13/2025,Credit Card,Paid,491.34
312903,212903,10/26/2024,Cash on Delivery,Paid,2764.32
312904,212904,8/15/2025,Credit Card,Paid,2726.52
312905,212905,4/16/2024,UPI,Paid,5943.86
312906,212906,10/15/2024,UPI,Paid,969.92
312907,212907,7/12/2025,Net Banking,Paid,10958.77
312908,212908,8/28/2025,Debit Card,Paid,7913.98
312909,212909,7/10/2025,UPI,Paid,8960.8
312910,212910,12/23/2025,Credit Card,Paid,9593.62
312911,212911,8/10/2025,UPI,Paid,11409.9
312912,212912,5/28/2025,Debit Card,Failed,7774.19
312913,212913,6/9/2025,Debit Card,Paid,4869.5
312914,212914,12/7/2025,Net Banking,Paid,1622.76
312915,212915,10/30/2025,UPI,Paid,12799.61
312916,212916,10/12/2023,Credit Card,Paid,37142.02
312917,212917,10/29/2025,Net Banking,Paid,17268.55
312918,212918,7/26/2025,Debit Card,Paid,2230.42
312919,212919,10/26/2025,Net Banking,Paid,1165.15
312920,212920,8/21/2024,Wallet,Paid,2740.46
312921,212921,5/11/2025,UPI,Paid,6193.1
312922,212922,4/26/2025,Net Banking,Paid,1257.33
312923,212923,11/28/2025,Credit Card,Paid,14166.78
312924,212924,6/30/2024,UPI,Paid,5102.37
312925,212925,6/9/2025,Debit Card,Paid,12403.4
312926,212926,9/10/2024,UPI,Failed,893.63
312927,212927,12/2/2024,UPI,Paid,896.46
312928,212928,7/24/2025,Net Banking,Pending,2171.49
312929,212929,11/7/2025,UPI,Paid,5780.76
312930,212930,9/24/2025,Credit Card,Paid,2951.73
312931,212931,4/13/2025,Credit Card,Pending,1765.34
312932,212932,6/5/2025,Credit Card,Paid,8694.2
312933,212933,7/20/2025,UPI,Paid,4191.26
312934,212934,6/15/2024,UPI,Paid,12606.72
312935,212935,1/9/2025,Credit Card,Paid,1350.01
312936,212936,1/1/2025,Cash on Delivery,Paid,3177.84
312937,212937,12/9/2025,UPI,Paid,9619.4
312938,212938,12/14/2025,Credit Card,Paid,9457.24
312939,212939,6/17/2025,Debit Card,Paid,5934.18
312940,212940,12/1/2025,Cash on Delivery,Paid,597.56
312941,212941,10/24/2024,Cash on Delivery,Paid,2190.8
312942,212942,6/19/2023,UPI,Paid,703.88
312943,212943,12/7/2025,Cash on Delivery,Paid,12392.83
312944,212944,8/8/2023,UPI,Paid,308.18
312945,212945,7/23/2025,Net Banking,Paid,13870.55
312946,212946,12/12/2025,Debit Card,Paid,9451.13
312947,212947,7/30/2025,Debit Card,Paid,3587.07
312948,212948,8/6/2025,Debit Card,Paid,4369.02
312949,212949,2/12/2025,UPI,Paid,2093.24
312950,212950,12/3/2024,Net Banking,Paid,5855.25
312951,212951,7/13/2024,Wallet,Paid,4675
312952,212952,12/5/2024,UPI,Paid,1222.2
312953,212953,12/16/2025,UPI,Paid,28491.69
312954,212954,11/11/2024,Cash on Delivery,Paid,2632.26
312955,212955,5/8/2025,UPI,Paid,12702.69
312956,212956,7/28/2025,UPI,Paid,1979.86
312957,212957,12/11/2025,Net Banking,Paid,3775.3
312958,212958,5/23/2025,Debit Card,Paid,4755.96
312959,212959,6/22/2025,Credit Card,Paid,6438.96
312960,212960,2/28/2025,UPI,Paid,9204.1
312961,212961,3/12/2025,UPI,Paid,10642.91
312962,212962,3/6/2025,UPI,Paid,641.78
312963,212963,6/3/2025,UPI,Paid,5844.3
312964,212964,11/7/2025,Wallet,Paid,1260.14
312965,212965,12/18/2025,Cash on Delivery,Paid,1084.74
312966,212966,4/11/2025,UPI,Paid,7640.59
312967,212967,9/20/2025,Debit Card,Paid,8776.56
312968,212968,12/23/2025,Credit Card,Paid,9818.55
312969,212969,12/26/2025,Cash on Delivery,Paid,10045.95
312970,212970,10/13/2025,Debit Card,Pending,3798.57
312971,212971,8/6/2025,Credit Card,Paid,1596.92
312972,212972,11/22/2025,Cash on Delivery,Paid,1323.9
312973,212973,9/3/2024,Net Banking,Paid,13907.34
312974,212974,3/31/2023,UPI,Paid,1628.22
312975,212975,6/23/2025,Net Banking,Paid,5846.45
312976,212976,12/30/2025,Debit Card,Paid,2184.6
312977,212977,6/17/2025,Net Banking,Paid,4883.81
312978,212978,12/10/2025,Cash on Delivery,Pending,6301.35
312979,212979,5/3/2025,UPI,Paid,3670.23
312980,212980,11/25/2025,UPI,Paid,20069.81
312981,212981,8/13/2025,Credit Card,Paid,3965.98
312982,212982,5/27/2025,UPI,Paid,7796.1
312983,212983,6/15/2025,Credit Card,Paid,24456.55
312984,212984,9/30/2023,UPI,Paid,9358.23
312985,212985,8/17/2025,Credit Card,Paid,2333.33
312986,212986,10/25/2025,UPI,Pending,6470.53
312987,212987,12/11/2025,UPI,Paid,3953.02
312988,212988,9/22/2025,Net Banking,Paid,4753.03
312989,212989,12/11/2025,Debit Card,Paid,7468.8
312990,212990,10/1/2025,Credit Card,Paid,8262.79
312991,212991,6/17/2025,Cash on Delivery,Paid,7305.92
312992,212992,7/27/2025,Credit Card,Paid,9564.27
312993,212993,9/26/2024,Credit Card,Paid,501.85
312994,212994,6/18/2025,UPI,Paid,9008.57
312995,212995,5/8/2024,Net Banking,Paid,25862.14
312996,212996,3/21/2025,Debit Card,Paid,5193.01
312997,212997,7/10/2025,Credit Card,Pending,2294.96
312998,212998,7/31/2024,Net Banking,Failed,5204.63
312999,212999,1/11/2025,Net Banking,Paid,2955.83
313000,213000,1/9/2025,Wallet,Paid,10848.57
313001,213001,4/15/2024,Wallet,Paid,8910.58
313002,213002,9/13/2025,UPI,Paid,3908.08
313003,213003,11/21/2023,Net Banking,Paid,1805.61
313004,213004,5/20/2025,UPI,Failed,7768.9
313005,213005,11/24/2025,UPI,Paid,1893.16
313006,213006,12/19/2025,Credit Card,Paid,4994.55
313007,213007,10/1/2025,Net Banking,Failed,22191.44
313008,213008,11/19/2025,UPI,Paid,5760.23
313009,213009,4/20/2025,Debit Card,Paid,1317.65
313010,213010,12/27/2023,Debit Card,Paid,3905.2
313011,213011,8/13/2025,UPI,Pending,4248.88
313012,213012,7/6/2025,Cash on Delivery,Paid,4023.25
313013,213013,4/15/2025,Net Banking,Paid,9820.65
313014,213014,11/11/2024,Debit Card,Paid,934.01
313015,213015,3/11/2025,UPI,Paid,4708.69
313016,213016,4/20/2025,UPI,Paid,1636.77
313017,213017,7/24/2023,Debit Card,Paid,4290.22
313018,213018,4/19/2024,UPI,Paid,7305.91
313019,213019,12/10/2025,UPI,Pending,2822.45
313020,213020,12/19/2025,UPI,Paid,208.19
313021,213021,9/3/2025,UPI,Paid,390.33
313022,213022,2/28/2025,Net Banking,Failed,34599.34
313023,213023,2/17/2025,Credit Card,Paid,543.26
313024,213024,9/1/2025,UPI,Paid,13801.83
313025,213025,2/13/2024,Credit Card,Paid,2036.51
313026,213026,5/10/2023,UPI,Paid,10029.75
313027,213027,12/6/2025,Credit Card,Paid,12097.02
313028,213028,9/19/2023,Credit Card,Paid,3568.17
313029,213029,12/7/2025,Debit Card,Paid,2963.24
313030,213030,10/23/2023,UPI,Paid,20653.21
313031,213031,7/3/2025,Cash on Delivery,Paid,2916.37
313032,213032,6/20/2025,Cash on Delivery,Paid,1111.68
313033,213033,8/24/2025,Debit Card,Paid,3708.02
313034,213034,1/21/2025,Cash on Delivery,Paid,8273.11
313035,213035,6/12/2025,UPI,Paid,6192.58
313036,213036,10/14/2024,Cash on Delivery,Paid,2347.46
313037,213037,12/26/2025,Credit Card,Paid,2080.48
313038,213038,6/10/2025,Debit Card,Paid,2044.7
313039,213039,11/7/2025,UPI,Paid,103.08
313040,213040,12/19/2025,Cash on Delivery,Paid,7732.06
313041,213041,8/14/2025,Cash on Delivery,Paid,4650.93
313042,213042,11/13/2023,Wallet,Paid,1502.78
313043,213043,8/19/2025,Debit Card,Paid,4192.53
313044,213044,10/28/2023,UPI,Paid,7082.99
313045,213045,5/24/2025,Net Banking,Paid,6301.01
313046,213046,2/19/2025,Credit Card,Paid,3128.63
313047,213047,11/11/2025,Cash on Delivery,Paid,7050.47
313048,213048,9/23/2024,Cash on Delivery,Paid,6139.51
313049,213049,6/20/2025,Cash on Delivery,Paid,4766.91
313050,213050,6/16/2023,Credit Card,Paid,2293.64
313051,213051,9/16/2025,UPI,Paid,1749.3
313052,213052,11/24/2025,Debit Card,Paid,7557.34
313053,213053,7/19/2023,UPI,Paid,4266.49
313054,213054,7/15/2025,UPI,Paid,504.36
313055,213055,11/17/2025,Debit Card,Paid,6258.42
313056,213056,8/21/2025,Net Banking,Paid,17428.45
313057,213057,2/7/2025,UPI,Paid,366.5
313058,213058,11/24/2024,UPI,Paid,16954.72
313059,213059,7/14/2024,Cash on Delivery,Paid,3228.88
313060,213060,9/21/2025,Credit Card,Paid,3871.56
313061,213061,12/23/2025,UPI,Pending,3791.44
313062,213062,10/28/2025,Wallet,Paid,2770.69
313063,213063,8/9/2024,Debit Card,Paid,4656.25
313064,213064,12/7/2024,Debit Card,Paid,214.22
313065,213065,9/3/2023,UPI,Paid,6273.63
313066,213066,11/10/2025,UPI,Paid,6586.02
313067,213067,4/7/2025,Debit Card,Paid,11564.71
313068,213068,6/4/2025,Debit Card,Paid,3421.26
313069,213069,5/18/2025,UPI,Failed,766.36
313070,213070,5/4/2025,Credit Card,Paid,418.76
313071,213071,11/3/2025,Cash on Delivery,Paid,1738.02
313072,213072,12/24/2025,Net Banking,Paid,4007.68
313073,213073,9/29/2024,Net Banking,Paid,1051.63
313074,213074,3/17/2025,Wallet,Paid,550.92
313075,213075,12/27/2025,Debit Card,Paid,399.98
313076,213076,7/21/2025,UPI,Paid,3435.59
313077,213077,11/20/2025,Cash on Delivery,Paid,3497.4
313078,213078,7/9/2025,UPI,Paid,1570
313079,213079,12/12/2025,Net Banking,Paid,101.18
313080,213080,7/13/2025,Cash on Delivery,Paid,5317.52
313081,213081,11/8/2024,Debit Card,Paid,1194.73
313082,213082,6/11/2025,UPI,Paid,3382.68
313083,213083,5/15/2023,UPI,Paid,7027.38
313084,213084,6/14/2025,UPI,Paid,5418.46
313085,213085,9/8/2025,UPI,Paid,17584.65
313086,213086,4/7/2025,UPI,Paid,8725.53
313087,213087,12/8/2025,UPI,Pending,878.34
313088,213088,5/6/2025,UPI,Paid,4439.08
313089,213089,12/14/2025,Debit Card,Paid,8078.91
313090,213090,8/8/2025,Credit Card,Paid,617.58
313091,213091,10/15/2025,Debit Card,Paid,5958.87
313092,213092,11/25/2024,Debit Card,Paid,29251.53
313093,213093,5/22/2024,Credit Card,Paid,3862.9
313094,213094,11/16/2024,Credit Card,Paid,474.25
313095,213095,12/17/2024,Cash on Delivery,Paid,7874.81
313096,213096,10/4/2024,Wallet,Paid,1917.52
313097,213097,12/1/2025,UPI,Paid,5104.3
313098,213098,12/9/2024,UPI,Paid,5019.96
313099,213099,4/5/2024,Credit Card,Paid,3073.84
313100,213100,3/15/2024,UPI,Paid,1636.07
313101,213101,11/22/2023,UPI,Paid,20255.34
313102,213102,5/16/2025,Wallet,Paid,18491.98
313103,213103,6/21/2024,Credit Card,Paid,3089.21
313104,213104,11/17/2024,Credit Card,Paid,329.18
313105,213105,10/24/2025,Debit Card,Paid,23224.19
313106,213106,6/23/2025,Debit Card,Paid,1495.46
313107,213107,1/3/2025,Net Banking,Pending,9009.92
313108,213108,11/6/2024,Wallet,Paid,3573.37
313109,213109,3/20/2025,UPI,Failed,10223.28
313110,213110,1/21/2024,Debit Card,Paid,994.54
313111,213111,12/13/2025,UPI,Paid,8000.53
313112,213112,10/8/2025,Debit Card,Paid,1775.77
313113,213113,11/24/2025,UPI,Paid,2351.01
313114,213114,5/17/2025,Credit Card,Paid,5266.95
313115,213115,11/9/2025,Cash on Delivery,Paid,2523.15
313116,213116,7/8/2025,Wallet,Paid,15452.75
313117,213117,9/30/2025,Credit Card,Paid,7852.02
313118,213118,1/2/2025,Net Banking,Paid,4320.54
313119,213119,7/13/2025,Debit Card,Paid,159.47
313120,213120,5/8/2025,Credit Card,Failed,36834.88
313121,213121,7/4/2025,UPI,Paid,9235.27
313122,213122,5/4/2025,Net Banking,Paid,5595.61
313123,213123,6/24/2024,Wallet,Paid,29421.15
313124,213124,11/9/2025,Net Banking,Pending,12715.41
313125,213125,5/30/2025,UPI,Paid,5873.44
313126,213126,7/15/2024,Cash on Delivery,Paid,192.29
313127,213127,9/30/2024,UPI,Paid,3273.83
313128,213128,1/14/2025,UPI,Paid,3756.86
313129,213129,9/6/2025,Debit Card,Paid,1733.88
313130,213130,2/25/2025,UPI,Paid,4639.28
313131,213131,9/8/2025,Debit Card,Failed,1878.52
313132,213132,2/15/2025,Credit Card,Paid,3252.25
313133,213133,10/11/2025,Net Banking,Paid,12873.33
313134,213134,2/9/2025,UPI,Paid,6414.44
313135,213135,12/26/2024,Credit Card,Paid,3690.52
313136,213136,12/8/2025,UPI,Pending,5160.35
313137,213137,5/22/2025,Cash on Delivery,Paid,2471.97
313138,213138,5/7/2025,Debit Card,Paid,3050.39
313139,213139,3/14/2025,Cash on Delivery,Paid,3612.17
313140,213140,6/8/2025,Credit Card,Paid,7020.6
313141,213141,3/31/2025,UPI,Paid,3166.1
313142,213142,9/23/2024,Credit Card,Paid,4571.1
313143,213143,6/23/2024,Credit Card,Failed,9138.92
313144,213144,2/28/2025,Net Banking,Paid,21231.55
313145,213145,12/17/2025,Net Banking,Paid,1707.46
313146,213146,6/3/2024,UPI,Paid,15006.57
313147,213147,4/13/2024,Debit Card,Paid,9727.05
313148,213148,5/9/2024,Credit Card,Paid,16382.09
313149,213149,10/11/2024,Net Banking,Paid,6454.6
313150,213150,11/22/2025,UPI,Paid,4140.23
313151,213151,9/12/2025,UPI,Paid,8517.65
313152,213152,12/15/2025,Credit Card,Paid,2105.63
313153,213153,12/26/2025,Credit Card,Paid,8448.67
313154,213154,12/20/2025,UPI,Paid,2147.34
313155,213155,10/15/2025,UPI,Paid,25991.64
313156,213156,10/5/2024,Credit Card,Paid,18989.84
313157,213157,6/25/2025,Cash on Delivery,Paid,13813.88
313158,213158,12/15/2023,Debit Card,Paid,2742.23
313159,213159,12/27/2023,Net Banking,Paid,14575.73
313160,213160,10/31/2025,Credit Card,Paid,4194.96
313161,213161,2/1/2025,Net Banking,Paid,5997.59
313162,213162,9/11/2025,Wallet,Paid,1882.26
313163,213163,10/22/2025,Credit Card,Paid,752.75
313164,213164,12/18/2025,Debit Card,Paid,736.63
313165,213165,12/11/2025,UPI,Paid,4370.59
313166,213166,9/26/2025,UPI,Paid,3493.98
313167,213167,4/24/2024,Net Banking,Paid,7759.68
313168,213168,11/21/2025,UPI,Paid,3417.53
313169,213169,12/11/2025,UPI,Paid,8089.05
313170,213170,2/7/2025,Wallet,Paid,7398.05
313171,213171,8/11/2025,Cash on Delivery,Paid,3085.41
313172,213172,1/9/2025,Wallet,Paid,1904.61
313173,213173,9/22/2024,UPI,Paid,6017.03
313174,213174,7/22/2025,Cash on Delivery,Paid,4228.97
313175,213175,9/1/2025,UPI,Paid,4223.51
313176,213176,8/5/2025,Cash on Delivery,Paid,21715.4
313177,213177,8/18/2024,Debit Card,Paid,13716.44
313178,213178,8/27/2025,Cash on Delivery,Paid,5069.53
313179,213179,9/24/2024,UPI,Paid,1784.12
313180,213180,3/26/2025,Wallet,Pending,21763.93
313181,213181,12/2/2025,Credit Card,Paid,12610.49
313182,213182,11/30/2025,Net Banking,Paid,12310.09
313183,213183,1/7/2024,UPI,Paid,3217.5
313184,213184,12/28/2025,UPI,Paid,11641.92
313185,213185,4/14/2025,Wallet,Paid,18060.43
313186,213186,7/28/2025,Debit Card,Paid,7845.64
313187,213187,3/31/2025,UPI,Paid,1073.8
313188,213188,10/7/2025,Net Banking,Paid,10533.19
313189,213189,10/3/2023,UPI,Paid,4911.31
313190,213190,7/10/2025,Debit Card,Paid,2010.18
313191,213191,6/20/2024,Debit Card,Paid,2912.3
313192,213192,2/8/2024,UPI,Paid,4864.71
313193,213193,7/27/2024,Net Banking,Paid,693.79
313194,213194,11/14/2025,Wallet,Paid,7833.19
313195,213195,8/1/2023,UPI,Paid,7180.15
313196,213196,12/29/2023,Wallet,Paid,3258.21
313197,213197,7/29/2024,Net Banking,Paid,9061.37
313198,213198,11/13/2023,UPI,Paid,4696
313199,213199,9/29/2025,UPI,Paid,7229.65
313200,213200,3/10/2024,UPI,Paid,1183.3
313201,213201,6/18/2025,Cash on Delivery,Paid,9183.39
313202,213202,6/25/2025,UPI,Paid,3897.11
313203,213203,3/6/2024,Net Banking,Paid,1213.42
313204,213204,9/18/2024,Debit Card,Paid,9616.05
313205,213205,3/24/2025,Credit Card,Paid,5173.51
313206,213206,8/5/2024,Net Banking,Paid,12038.31
313207,213207,2/28/2024,Debit Card,Paid,4054.66
313208,213208,6/22/2024,Credit Card,Paid,3535.67
313209,213209,1/20/2025,Wallet,Paid,4153.99
313210,213210,12/22/2025,UPI,Paid,2879.06
313211,213211,10/14/2024,Debit Card,Paid,3213.11
313212,213212,12/28/2025,Debit Card,Paid,9516.25
313213,213213,3/29/2024,Credit Card,Paid,4123.23
313214,213214,2/28/2025,UPI,Paid,11108
313215,213215,9/11/2025,Net Banking,Paid,10923
313216,213216,11/4/2025,Cash on Delivery,Paid,2341.4
313217,213217,9/7/2025,Net Banking,Paid,20554.99
313218,213218,3/5/2024,Debit Card,Pending,13024.58
313219,213219,6/27/2025,Cash on Delivery,Paid,1403.46
313220,213220,6/9/2025,UPI,Paid,2947.75
313221,213221,3/24/2024,Debit Card,Paid,3506.92
313222,213222,9/23/2024,UPI,Paid,1195.98
313223,213223,7/22/2024,UPI,Paid,3601.96
313224,213224,10/4/2025,Debit Card,Paid,10192.97
313225,213225,6/24/2025,Wallet,Failed,1839.38
313226,213226,7/25/2024,Net Banking,Paid,14883.93
313227,213227,6/17/2025,Cash on Delivery,Paid,2118.77
313228,213228,4/27/2025,UPI,Paid,6934.78
313229,213229,7/30/2024,UPI,Paid,9710.07
313230,213230,5/31/2025,Wallet,Paid,6464.52
313231,213231,12/24/2025,UPI,Paid,2025.88
313232,213232,5/31/2025,Cash on Delivery,Paid,2060.82
313233,213233,12/24/2025,Credit Card,Paid,4471.75
313234,213234,11/12/2025,Cash on Delivery,Paid,4974.68
313235,213235,11/29/2025,Credit Card,Paid,3075.72
313236,213236,3/26/2025,UPI,Paid,20176.17
313237,213237,10/29/2025,Credit Card,Paid,19009.91
313238,213238,6/5/2025,Net Banking,Paid,19734.74
313239,213239,4/4/2025,UPI,Paid,3667.47
313240,213240,10/28/2024,Net Banking,Paid,949.05
313241,213241,5/13/2025,UPI,Paid,14256.8
313242,213242,2/19/2024,UPI,Paid,12045.37
313243,213243,7/9/2025,Net Banking,Paid,2708.37
313244,213244,9/20/2025,Debit Card,Paid,4035.11
313245,213245,11/30/2025,UPI,Paid,2112.38
313246,213246,5/18/2024,UPI,Paid,15598.51
313247,213247,1/7/2024,UPI,Paid,21119.28
313248,213248,6/14/2025,UPI,Paid,3076.95
313249,213249,3/28/2024,UPI,Paid,2451.28
313250,213250,12/18/2025,UPI,Paid,2670.89
313251,213251,6/24/2025,UPI,Paid,8794.82
313252,213252,3/7/2024,Wallet,Paid,3396.29
313253,213253,4/5/2025,Credit Card,Paid,5847.54
313254,213254,12/3/2025,UPI,Paid,3379.88
313255,213255,12/30/2025,Debit Card,Pending,4125.29
313256,213256,5/28/2025,Credit Card,Paid,2113.45
313257,213257,12/14/2023,UPI,Paid,7126.97
313258,213258,10/20/2024,UPI,Paid,2458.83
313259,213259,6/10/2025,Credit Card,Paid,4655.35
313260,213260,11/24/2024,Net Banking,Paid,3209.63
313261,213261,6/12/2025,UPI,Paid,13090.81
313262,213262,11/25/2025,Wallet,Paid,16119.2
313263,213263,6/20/2023,Credit Card,Paid,4988.31
313264,213264,11/6/2025,UPI,Paid,1688.54
313265,213265,4/15/2024,Credit Card,Paid,17405.74
313266,213266,3/12/2025,Credit Card,Paid,8004.21
313267,213267,7/14/2024,Debit Card,Paid,957.98
313268,213268,12/6/2025,Cash on Delivery,Paid,3967.44
313269,213269,5/16/2024,Credit Card,Failed,4486.04
313270,213270,12/21/2023,UPI,Paid,1576.1
313271,213271,12/16/2024,Debit Card,Paid,3935.56
313272,213272,8/8/2023,Net Banking,Paid,17072.34
313273,213273,12/3/2025,UPI,Paid,954.41
313274,213274,10/30/2023,UPI,Paid,2068.17
313275,213275,8/16/2025,UPI,Paid,555.92
313276,213276,12/27/2025,Cash on Delivery,Paid,13547.73
313277,213277,6/3/2025,UPI,Paid,2205.86
313278,213278,11/25/2025,UPI,Paid,389.72
313279,213279,4/17/2025,Credit Card,Paid,999.89
313280,213280,7/19/2025,UPI,Paid,8162.43
313281,213281,12/21/2025,Net Banking,Paid,14909.4
313282,213282,12/31/2024,UPI,Paid,1427.22
313283,213283,1/14/2025,Debit Card,Paid,5822.82
313284,213284,11/7/2025,UPI,Paid,15011.25
313285,213285,7/26/2025,UPI,Paid,6048.84
313286,213286,1/29/2025,Cash on Delivery,Paid,2005.35
313287,213287,6/2/2024,Cash on Delivery,Paid,456.75
313288,213288,1/9/2024,Net Banking,Paid,2751.58
313289,213289,6/9/2025,UPI,Paid,2467.96
313290,213290,12/27/2025,Cash on Delivery,Paid,1546.66
313291,213291,10/31/2023,UPI,Paid,4154.58
313292,213292,4/13/2025,UPI,Paid,11582.26
313293,213293,11/22/2025,Debit Card,Paid,5700.68
313294,213294,12/14/2025,UPI,Paid,8974
313295,213295,9/23/2025,UPI,Paid,4781.88
313296,213296,2/1/2025,Cash on Delivery,Paid,2321
313297,213297,12/15/2025,Credit Card,Paid,3546.58
313298,213298,9/30/2024,Credit Card,Paid,1697
313299,213299,12/11/2025,Cash on Delivery,Paid,647.75
313300,213300,1/31/2025,Net Banking,Paid,6462.68
313301,213301,1/21/2025,UPI,Paid,3720.12
313302,213302,6/13/2025,UPI,Paid,15874.71
313303,213303,11/6/2023,Debit Card,Paid,10438.67
313304,213304,4/24/2025,Cash on Delivery,Paid,540.95
313305,213305,9/13/2025,Debit Card,Paid,547.64
313306,213306,7/21/2025,UPI,Paid,2710.7
313307,213307,1/18/2024,Cash on Delivery,Paid,19739.15
313308,213308,8/10/2025,Cash on Delivery,Paid,508.41
313309,213309,1/12/2025,UPI,Paid,11752.25
313310,213310,6/10/2025,Net Banking,Paid,14176.01
313311,213311,12/1/2025,Credit Card,Paid,4282.47
313312,213312,10/4/2023,UPI,Paid,18632.78
313313,213313,12/26/2025,Debit Card,Paid,488.53
313314,213314,11/24/2025,UPI,Pending,1883.98
313315,213315,12/14/2025,Debit Card,Paid,9078.2
313316,213316,5/30/2025,Credit Card,Paid,16061.2
313317,213317,12/16/2025,Debit Card,Paid,16208.1
313318,213318,12/11/2025,UPI,Paid,13677.61
313319,213319,4/1/2025,UPI,Paid,246.75
313320,213320,8/28/2025,Debit Card,Paid,2003.15
313321,213321,8/11/2025,UPI,Paid,4473.46
313322,213322,12/29/2025,Credit Card,Paid,9681.93
313323,213323,12/17/2024,UPI,Paid,3839.71
313324,213324,6/28/2025,UPI,Paid,3177.56
313325,213325,8/18/2025,Debit Card,Paid,88.58
313326,213326,12/15/2025,Credit Card,Paid,7674.78
313327,213327,10/18/2025,Cash on Delivery,Pending,8759.12
313328,213328,11/19/2025,UPI,Paid,9318.27
313329,213329,8/31/2025,UPI,Paid,18575.59
313330,213330,6/30/2025,Credit Card,Paid,7264.66
313331,213331,8/28/2025,Debit Card,Paid,1386.49
313332,213332,6/5/2025,UPI,Paid,2565.45
313333,213333,8/17/2024,Credit Card,Paid,13887.64
313334,213334,3/25/2023,Debit Card,Paid,2326.17
313335,213335,11/13/2025,Credit Card,Paid,6624.54
313336,213336,11/18/2025,Debit Card,Paid,1900.31
313337,213337,11/19/2024,Debit Card,Failed,5716.11
313338,213338,4/9/2025,Credit Card,Paid,11738.24
313339,213339,12/27/2024,Credit Card,Paid,1771.25
313340,213340,12/29/2025,Debit Card,Paid,4014.03
313341,213341,12/15/2025,Credit Card,Paid,718.24
313342,213342,7/17/2025,Net Banking,Paid,10769.99
313343,213343,6/13/2025,UPI,Paid,18197.5
313344,213344,10/9/2025,Cash on Delivery,Paid,1828.32
313345,213345,7/31/2025,Cash on Delivery,Paid,1201.9
313346,213346,7/29/2025,Credit Card,Paid,1573.8
313347,213347,5/24/2025,Credit Card,Paid,847.56
313348,213348,9/20/2025,UPI,Paid,19061
313349,213349,10/3/2025,Debit Card,Paid,14500.91
313350,213350,12/7/2025,UPI,Paid,4671.67
313351,213351,2/14/2025,Credit Card,Paid,2209.89
313352,213352,12/1/2024,Credit Card,Paid,2892.75
313353,213353,7/22/2025,Debit Card,Paid,9755.29
313354,213354,11/9/2025,Net Banking,Paid,3554.89
313355,213355,6/23/2025,UPI,Paid,2773.34
313356,213356,7/27/2025,Cash on Delivery,Paid,10743.6
313357,213357,4/14/2025,Debit Card,Paid,10006.9
313358,213358,12/15/2025,UPI,Paid,10859.77
313359,213359,10/24/2024,Credit Card,Pending,7161.01
313360,213360,5/28/2025,Net Banking,Paid,1260.36
313361,213361,10/20/2025,Credit Card,Paid,2406.81
313362,213362,3/25/2025,UPI,Paid,9446.35
313363,213363,5/31/2024,Credit Card,Paid,2871.67
313364,213364,11/29/2025,UPI,Paid,2965.28
313365,213365,3/14/2025,Debit Card,Paid,4253.72
313366,213366,10/3/2024,Credit Card,Paid,11428.17
313367,213367,9/7/2024,Net Banking,Paid,2331.28
313368,213368,12/22/2025,Wallet,Paid,658.79
313369,213369,11/27/2025,UPI,Paid,12860.37
313370,213370,11/25/2024,Credit Card,Paid,6119.99
313371,213371,10/5/2024,Debit Card,Paid,6729.12
313372,213372,7/24/2023,Credit Card,Paid,6166.56
313373,213373,3/22/2025,Net Banking,Paid,4693.48
313374,213374,10/19/2025,Credit Card,Paid,1551.33
313375,213375,10/23/2025,Debit Card,Failed,7018.76
313376,213376,9/3/2024,Credit Card,Paid,8543.69
313377,213377,10/21/2025,UPI,Paid,5449.12
313378,213378,5/16/2024,Cash on Delivery,Paid,12392.69
313379,213379,3/15/2025,Debit Card,Paid,3855.63
313380,213380,10/3/2025,Cash on Delivery,Paid,38206.37
313381,213381,9/16/2024,Credit Card,Paid,257.13
313382,213382,9/17/2025,UPI,Paid,1525.71
313383,213383,6/15/2024,Credit Card,Paid,4714.57
313384,213384,11/16/2025,UPI,Paid,4513.95
313385,213385,11/15/2025,Credit Card,Paid,2924.99
313386,213386,5/12/2025,Debit Card,Paid,3983.25
313387,213387,4/12/2025,Debit Card,Paid,1997.84
313388,213388,11/14/2025,Cash on Delivery,Paid,602.2
313389,213389,9/24/2025,UPI,Paid,16814.82
313390,213390,6/11/2025,Net Banking,Paid,4490.3
313391,213391,6/27/2025,UPI,Paid,9922.92
313392,213392,8/9/2025,UPI,Paid,6956.54
313393,213393,2/25/2025,Net Banking,Paid,7411.97
313394,213394,4/30/2025,Cash on Delivery,Paid,4529.7
313395,213395,12/18/2025,UPI,Paid,7758.66
313396,213396,10/16/2025,Wallet,Paid,1071.29
313397,213397,4/8/2024,UPI,Paid,3811.52
313398,213398,9/7/2025,Net Banking,Paid,20838.5
313399,213399,10/9/2025,Credit Card,Paid,1506.79
313400,213400,12/5/2025,UPI,Pending,9358.47
313401,213401,10/12/2025,Wallet,Paid,11319.79
313402,213402,12/18/2025,UPI,Pending,8303.24
313403,213403,6/9/2024,UPI,Paid,798.75
313404,213404,5/20/2025,Debit Card,Paid,11131.46
313405,213405,6/19/2024,Debit Card,Paid,675.49
313406,213406,1/22/2025,Credit Card,Paid,7216.96
313407,213407,6/27/2025,UPI,Paid,17519.98
313408,213408,3/19/2025,Debit Card,Paid,8862.11
313409,213409,8/4/2023,Credit Card,Paid,3734.94
313410,213410,12/4/2025,Debit Card,Paid,1811.22
313411,213411,4/29/2024,Debit Card,Paid,3639.64
313412,213412,5/14/2025,UPI,Paid,3181.95
313413,213413,3/3/2025,UPI,Paid,6718.04
313414,213414,6/2/2025,Debit Card,Paid,8846.77
313415,213415,6/5/2025,Credit Card,Paid,880.08
313416,213416,8/4/2024,UPI,Paid,6151.33
313417,213417,12/25/2025,UPI,Paid,5718.38
313418,213418,9/17/2025,UPI,Paid,2691.04
313419,213419,1/27/2024,Cash on Delivery,Paid,999.27
313420,213420,12/23/2025,UPI,Paid,4149.38
313421,213421,5/29/2025,UPI,Paid,9597.47
313422,213422,10/30/2024,Debit Card,Paid,15895.1
313423,213423,1/15/2025,UPI,Paid,4193.75
313424,213424,7/12/2024,Debit Card,Paid,17359.56
313425,213425,2/6/2024,Credit Card,Paid,1373.58
313426,213426,2/20/2025,Cash on Delivery,Paid,8444.18
313427,213427,9/19/2024,Cash on Delivery,Paid,15163.41
313428,213428,5/18/2025,Debit Card,Paid,4144.94
313429,213429,7/31/2025,UPI,Failed,22235.06
313430,213430,4/27/2025,Debit Card,Paid,20007.37
313431,213431,12/19/2023,Credit Card,Paid,367.59
313432,213432,12/23/2025,Credit Card,Paid,11839.34
313433,213433,2/10/2025,Cash on Delivery,Paid,4381.28
313434,213434,12/26/2024,Credit Card,Paid,4843.51
313435,213435,12/23/2025,Net Banking,Paid,581.74
313436,213436,7/15/2024,Debit Card,Paid,279.36
313437,213437,7/25/2025,Debit Card,Paid,15018.87
313438,213438,11/17/2025,Debit Card,Paid,1015.55
313439,213439,11/18/2025,UPI,Paid,23728.03
313440,213440,2/7/2025,Cash on Delivery,Paid,18106.01
313441,213441,3/19/2025,Credit Card,Paid,13744.74
313442,213442,2/3/2024,Cash on Delivery,Paid,967.86
313443,213443,9/20/2023,UPI,Paid,7803.78
313444,213444,12/29/2024,Credit Card,Paid,2312.38
313445,213445,2/27/2025,Cash on Delivery,Paid,15688.97
313446,213446,8/29/2025,Net Banking,Paid,9037.33
313447,213447,5/16/2025,Net Banking,Paid,16602.37
313448,213448,7/23/2025,Credit Card,Paid,1368.6
313449,213449,12/19/2025,UPI,Paid,23768.48
313450,213450,11/13/2024,UPI,Paid,3748.42
313451,213451,4/27/2024,Wallet,Paid,5390.43
313452,213452,11/9/2025,Credit Card,Paid,4061.17
313453,213453,7/13/2025,UPI,Paid,2587.35
313454,213454,12/26/2025,Cash on Delivery,Paid,3751.66
313455,213455,11/1/2025,UPI,Paid,20231.47
313456,213456,12/31/2025,Debit Card,Paid,2679.36
313457,213457,10/17/2025,Debit Card,Paid,14443.45
313458,213458,6/11/2025,UPI,Paid,4240.78
313459,213459,3/9/2025,UPI,Paid,4389.12
313460,213460,6/21/2025,UPI,Paid,8365.77
313461,213461,8/14/2025,Debit Card,Paid,3617.21
313462,213462,8/29/2025,Credit Card,Paid,2428.25
313463,213463,7/27/2023,Net Banking,Paid,13393
313464,213464,8/24/2025,Debit Card,Paid,1134.14
313465,213465,6/2/2024,Credit Card,Paid,1732.42
313466,213466,10/2/2025,UPI,Paid,1458.51
313467,213467,4/27/2025,Net Banking,Paid,6705.46
313468,213468,12/12/2025,UPI,Paid,7659.64
313469,213469,11/5/2025,Wallet,Failed,3063.57
313470,213470,8/22/2024,UPI,Paid,3091.22
313471,213471,6/6/2025,Wallet,Paid,3417.63
313472,213472,11/20/2024,Cash on Delivery,Paid,5428.33
313473,213473,10/12/2025,Debit Card,Paid,9781.95
313474,213474,12/10/2025,Wallet,Paid,8229.38
313475,213475,12/29/2025,Debit Card,Paid,681.45
313476,213476,12/15/2024,UPI,Paid,25306.21
313477,213477,5/31/2024,Credit Card,Paid,3605.03
313478,213478,11/18/2025,Net Banking,Paid,1492.34
313479,213479,11/14/2025,Credit Card,Paid,4094.79
313480,213480,10/24/2025,Net Banking,Paid,4355.82
313481,213481,11/9/2025,UPI,Paid,8475.65
313482,213482,1/22/2024,Credit Card,Paid,28202.28
313483,213483,3/11/2025,Credit Card,Paid,8216.11
313484,213484,11/4/2024,Cash on Delivery,Pending,3203.95
313485,213485,9/22/2024,Debit Card,Paid,19075.88
313486,213486,10/31/2025,Debit Card,Paid,5686.37
313487,213487,2/14/2025,Credit Card,Paid,1916.24
313488,213488,8/3/2025,UPI,Paid,1389.23
313489,213489,11/16/2025,UPI,Paid,10036.1
313490,213490,2/2/2025,Cash on Delivery,Paid,7602.28
313491,213491,1/1/2024,UPI,Paid,11187.93
313492,213492,9/15/2025,UPI,Paid,2176.33
313493,213493,9/29/2025,Cash on Delivery,Paid,1543.15
313494,213494,6/6/2024,Debit Card,Paid,995.24
313495,213495,7/29/2025,Credit Card,Paid,4501.22
313496,213496,12/20/2025,Debit Card,Paid,8101.42
313497,213497,10/20/2024,Cash on Delivery,Paid,1002.8
313498,213498,11/19/2023,Credit Card,Paid,2413.71
313499,213499,4/8/2025,Credit Card,Paid,10319.31
313500,213500,9/9/2023,Credit Card,Paid,2613.67
313501,213501,8/26/2025,Debit Card,Paid,1046.59
313502,213502,3/29/2025,UPI,Paid,3398.63
313503,213503,11/29/2025,Credit Card,Paid,13635.59
313504,213504,10/15/2024,UPI,Paid,709.04
313505,213505,12/16/2025,UPI,Paid,1891.06
313506,213506,10/30/2025,UPI,Paid,6042.98
313507,213507,12/25/2025,Cash on Delivery,Paid,9446.45
313508,213508,4/10/2025,UPI,Paid,4177.48
313509,213509,8/2/2025,UPI,Paid,11879.12
313510,213510,10/31/2025,Cash on Delivery,Paid,3189.5
313511,213511,4/28/2025,Net Banking,Paid,398.77
313512,213512,12/10/2025,UPI,Paid,2346.74
313513,213513,9/12/2024,Debit Card,Paid,3861.61
313514,213514,6/6/2023,UPI,Paid,5959.66
313515,213515,4/21/2025,Credit Card,Paid,5397.05
313516,213516,5/1/2025,Cash on Delivery,Failed,1115.53
313517,213517,10/28/2024,Wallet,Paid,1275.83
313518,213518,2/13/2025,Cash on Delivery,Paid,11785.22
313519,213519,8/31/2025,Debit Card,Paid,2514.49
313520,213520,1/28/2025,Credit Card,Pending,837.58
313521,213521,4/24/2025,Credit Card,Failed,7735.82
313522,213522,3/27/2025,UPI,Paid,23124.38
313523,213523,5/29/2025,UPI,Paid,2584.92
313524,213524,11/20/2025,Credit Card,Paid,9968.4
313525,213525,10/9/2025,Credit Card,Paid,7908.7
313526,213526,4/7/2024,Cash on Delivery,Paid,9894.54
313527,213527,4/4/2025,UPI,Paid,763.69
313528,213528,2/12/2025,UPI,Paid,2847.48
313529,213529,11/28/2025,UPI,Paid,8046.86
313530,213530,11/28/2024,Debit Card,Paid,4051.24
313531,213531,3/5/2025,Wallet,Paid,22784.73
313532,213532,7/3/2025,Net Banking,Paid,1334.13
313533,213533,7/18/2025,UPI,Failed,25306.79
313534,213534,8/28/2025,UPI,Paid,2551.95
313535,213535,2/15/2025,UPI,Paid,25103.33
313536,213536,12/12/2025,Wallet,Paid,5275.79
313537,213537,9/2/2025,Credit Card,Paid,16337.91
313538,213538,7/20/2025,Debit Card,Paid,46839.35
313539,213539,6/18/2025,Debit Card,Paid,1807.77
313540,213540,6/15/2024,Debit Card,Paid,6315.24
313541,213541,9/20/2025,UPI,Paid,2523.62
313542,213542,8/21/2024,Credit Card,Paid,2462.52
313543,213543,12/4/2025,UPI,Paid,9413.23
313544,213544,8/17/2024,Net Banking,Paid,14877.07
313545,213545,9/16/2025,UPI,Paid,1065.42
313546,213546,9/25/2025,UPI,Paid,29613.58
313547,213547,4/15/2024,UPI,Paid,14311.9
313548,213548,12/18/2025,Cash on Delivery,Paid,1346.33
313549,213549,3/17/2025,Credit Card,Paid,1545.93
313550,213550,12/18/2025,Debit Card,Paid,6017.56
313551,213551,3/19/2025,Net Banking,Paid,10894.39
313552,213552,7/12/2025,Debit Card,Paid,3753.08
313553,213553,11/5/2024,Debit Card,Paid,6415.19
313554,213554,5/23/2024,UPI,Pending,262.41
313555,213555,1/14/2025,Debit Card,Failed,2694.46
313556,213556,3/19/2025,Net Banking,Paid,32032.42
313557,213557,7/2/2025,Net Banking,Paid,4832.05
313558,213558,12/28/2025,Net Banking,Paid,3755.47
313559,213559,4/29/2025,Credit Card,Paid,14240.27
313560,213560,3/17/2025,Debit Card,Paid,2079.69
313561,213561,9/29/2025,Wallet,Paid,3568.82
313562,213562,5/9/2025,Debit Card,Paid,2403.8
313563,213563,12/27/2025,Wallet,Paid,5097.48
313564,213564,11/14/2025,Debit Card,Paid,1731.19
313565,213565,12/23/2025,Debit Card,Paid,2204.69
313566,213566,6/23/2024,Credit Card,Pending,853.25
313567,213567,2/11/2023,Net Banking,Paid,23845.87
313568,213568,9/23/2024,Wallet,Paid,18350.97
313569,213569,12/22/2025,UPI,Paid,5241.05
313570,213570,3/23/2025,UPI,Paid,10596.3
313571,213571,9/17/2025,UPI,Paid,3885.07
313572,213572,11/28/2025,Cash on Delivery,Paid,3206.83
313573,213573,4/9/2025,Credit Card,Paid,3433.65
313574,213574,6/1/2024,UPI,Paid,29034.38
313575,213575,8/23/2024,Credit Card,Paid,5482.05
313576,213576,3/25/2024,UPI,Paid,15328.58
313577,213577,5/5/2024,Credit Card,Paid,12396.53
313578,213578,9/4/2025,Net Banking,Failed,5533.17
313579,213579,7/15/2024,Net Banking,Paid,858.59
313580,213580,12/19/2025,Cash on Delivery,Paid,4511.32
313581,213581,12/22/2025,Credit Card,Paid,8080.56
313582,213582,12/31/2025,Credit Card,Paid,687.31
313583,213583,6/10/2025,UPI,Paid,9216.32
313584,213584,4/3/2025,Credit Card,Failed,4197.11
313585,213585,7/24/2025,UPI,Paid,2219.69
313586,213586,5/19/2025,Credit Card,Paid,9496.39
313587,213587,11/4/2025,UPI,Paid,870.21
313588,213588,12/4/2025,UPI,Paid,1551.4
313589,213589,10/6/2023,UPI,Pending,22459.9
313590,213590,5/9/2025,UPI,Paid,1177.96
313591,213591,9/18/2025,Cash on Delivery,Paid,16930.07
313592,213592,11/22/2025,Credit Card,Paid,7953.73
313593,213593,6/27/2024,Credit Card,Paid,2765.87
313594,213594,3/2/2025,UPI,Paid,7159.83
313595,213595,9/9/2024,Wallet,Paid,3037.38
313596,213596,5/20/2025,Credit Card,Paid,11324.61
313597,213597,12/8/2025,Debit Card,Paid,776.4
313598,213598,8/26/2025,UPI,Paid,19987.42
313599,213599,12/8/2025,Debit Card,Paid,916.48
313600,213600,10/5/2024,UPI,Paid,12348.24
313601,213601,6/29/2025,Credit Card,Paid,14140.13
313602,213602,12/14/2025,Cash on Delivery,Paid,28749.35
313603,213603,12/12/2025,Credit Card,Paid,4321.06
313604,213604,7/30/2025,Cash on Delivery,Paid,1233.74
313605,213605,6/25/2024,Credit Card,Paid,6704.53
313606,213606,10/2/2024,UPI,Paid,217.06
313607,213607,6/7/2024,Credit Card,Paid,1954.85
313608,213608,12/28/2023,UPI,Paid,2044.68
313609,213609,12/11/2025,Credit Card,Paid,30805.47
313610,213610,4/30/2025,Debit Card,Paid,6399.65
313611,213611,7/2/2025,Debit Card,Paid,9719.65
313612,213612,1/16/2024,Cash on Delivery,Paid,1577.33
313613,213613,3/20/2024,Credit Card,Paid,1816.77
313614,213614,7/19/2025,UPI,Paid,6060.21
313615,213615,7/26/2024,Credit Card,Paid,2709.63
313616,213616,4/15/2025,UPI,Paid,11806.31
313617,213617,10/4/2025,Wallet,Paid,2057.52
313618,213618,5/10/2024,UPI,Paid,4647.37
313619,213619,10/5/2025,UPI,Paid,585.78
313620,213620,7/7/2025,UPI,Paid,3110.89
313621,213621,5/18/2025,Credit Card,Paid,3723.86
313622,213622,9/11/2025,Credit Card,Paid,978.16
313623,213623,12/25/2025,Debit Card,Failed,6819.35
313624,213624,12/24/2024,Cash on Delivery,Paid,6670.21
313625,213625,4/18/2024,Debit Card,Paid,15400.47
313626,213626,8/17/2025,UPI,Paid,5485.49
313627,213627,3/16/2025,Credit Card,Paid,2058.88
313628,213628,4/14/2025,Cash on Delivery,Paid,5774.06
313629,213629,2/4/2025,Cash on Delivery,Paid,2066.77
313630,213630,9/27/2025,UPI,Paid,4236.59
313631,213631,8/13/2024,Cash on Delivery,Paid,7389
313632,213632,12/6/2025,UPI,Failed,20709.12
313633,213633,4/26/2025,Net Banking,Paid,11894.03
313634,213634,11/19/2025,Cash on Delivery,Paid,3616.36
313635,213635,5/27/2025,Credit Card,Paid,1811.54
313636,213636,2/25/2024,UPI,Paid,2367.76
313637,213637,12/18/2025,UPI,Paid,14587.87
313638,213638,9/26/2025,UPI,Paid,2154.35
313639,213639,5/7/2024,Credit Card,Paid,2053.91
313640,213640,5/19/2025,Debit Card,Paid,7512.37
313641,213641,11/21/2025,Cash on Delivery,Paid,4139.81
313642,213642,9/24/2025,UPI,Paid,17102.23
313643,213643,9/5/2025,Net Banking,Failed,18883.52
313644,213644,3/9/2025,Net Banking,Paid,7143.44
313645,213645,8/18/2023,Credit Card,Paid,4439.59
313646,213646,3/23/2025,Debit Card,Paid,4633.04
313647,213647,11/16/2025,UPI,Paid,678.32
313648,213648,11/22/2025,UPI,Paid,25504.53
313649,213649,11/14/2025,Debit Card,Paid,5922.42
313650,213650,12/9/2025,Credit Card,Paid,21898.29
313651,213651,7/25/2024,Wallet,Paid,2259.46
313652,213652,11/10/2025,Credit Card,Paid,1046.81
313653,213653,10/27/2025,UPI,Paid,8785.34
313654,213654,4/20/2025,UPI,Pending,330.66
313655,213655,6/20/2025,Net Banking,Failed,2355.18
313656,213656,6/12/2025,UPI,Paid,3807.79
313657,213657,1/22/2025,Debit Card,Paid,14636.93
313658,213658,3/15/2025,Credit Card,Paid,5126.87
313659,213659,3/27/2025,UPI,Paid,794.65
313660,213660,11/29/2024,Credit Card,Paid,1330.57
313661,213661,1/6/2024,UPI,Paid,8290.6
313662,213662,5/3/2025,UPI,Paid,7286.23
313663,213663,8/3/2025,Credit Card,Paid,990.82
313664,213664,12/5/2024,Credit Card,Paid,344.86
313665,213665,5/11/2025,UPI,Paid,11552.65
313666,213666,12/10/2025,UPI,Paid,3467.47
313667,213667,6/29/2025,UPI,Paid,5190.52
313668,213668,11/7/2025,Credit Card,Paid,4725.39
313669,213669,11/16/2025,Debit Card,Paid,1437.98
313670,213670,11/26/2025,UPI,Paid,15859.56
313671,213671,10/28/2024,UPI,Paid,4971.41
313672,213672,6/14/2024,Debit Card,Paid,438.33
313673,213673,12/9/2025,Net Banking,Paid,936.51
313674,213674,12/2/2024,UPI,Paid,2749.73
313675,213675,9/10/2025,UPI,Paid,520.1
313676,213676,12/21/2025,Cash on Delivery,Failed,9120.5
313677,213677,7/11/2025,UPI,Paid,1152.47
313678,213678,12/30/2024,Cash on Delivery,Paid,5989.99
313679,213679,11/22/2025,Cash on Delivery,Paid,7127.1
313680,213680,9/24/2024,Wallet,Paid,3919.11
313681,213681,12/13/2025,Debit Card,Paid,7676.31
313682,213682,12/31/2025,UPI,Paid,5453.01
313683,213683,5/21/2025,Cash on Delivery,Paid,2105.11
313684,213684,6/22/2024,Credit Card,Paid,668.74
313685,213685,7/1/2025,UPI,Paid,2408.29
313686,213686,9/2/2025,UPI,Paid,6615.33
313687,213687,5/12/2025,Net Banking,Paid,4924.1
313688,213688,1/19/2025,UPI,Paid,1788.49
313689,213689,11/15/2025,Credit Card,Paid,232.05
313690,213690,4/6/2025,Net Banking,Paid,5794.74
313691,213691,9/30/2025,Cash on Delivery,Failed,1876.4
313692,213692,12/21/2024,UPI,Paid,10819.55
313693,213693,1/20/2024,UPI,Paid,1555.16
313694,213694,11/12/2025,Wallet,Paid,669.71
313695,213695,3/12/2025,Debit Card,Paid,1863.91
313696,213696,9/18/2025,Credit Card,Paid,5676.3
313697,213697,12/19/2025,Net Banking,Paid,2711.31
313698,213698,5/26/2025,Wallet,Paid,12595.65
313699,213699,7/14/2024,UPI,Paid,4900.47
313700,213700,4/28/2025,Credit Card,Paid,2436.27
313701,213701,12/19/2025,Net Banking,Paid,4537.91
313702,213702,7/9/2025,Cash on Delivery,Paid,12091.12
313703,213703,5/10/2024,UPI,Paid,10178.96
313704,213704,4/11/2025,UPI,Paid,3861.97
313705,213705,9/18/2024,Wallet,Paid,7909.96
313706,213706,6/18/2025,Net Banking,Paid,3665.47
313707,213707,11/20/2025,Debit Card,Paid,2692.48
313708,213708,6/7/2025,UPI,Paid,3479.65
313709,213709,3/29/2025,UPI,Pending,2062.94
313710,213710,9/9/2025,Debit Card,Paid,3148.11
313711,213711,11/29/2025,Net Banking,Paid,23792.21
313712,213712,5/3/2025,Cash on Delivery,Paid,9333.96
313713,213713,7/23/2025,Debit Card,Paid,1592.13
313714,213714,9/7/2025,Cash on Delivery,Paid,2813.82
313715,213715,9/15/2024,Credit Card,Paid,1402.52
313716,213716,12/22/2024,UPI,Paid,5956.55
313717,213717,2/22/2025,UPI,Paid,1747.31
313718,213718,11/12/2025,Debit Card,Pending,8459.41
313719,213719,9/2/2025,Debit Card,Paid,17293.94
313720,213720,7/20/2024,Credit Card,Pending,6139.98
313721,213721,12/9/2024,UPI,Paid,1256.82
313722,213722,1/16/2025,Debit Card,Paid,1531.51
313723,213723,9/8/2025,UPI,Paid,7132.49
313724,213724,1/30/2024,Net Banking,Paid,10970.74
313725,213725,2/23/2025,Cash on Delivery,Paid,4805.51
313726,213726,10/10/2025,Debit Card,Paid,9820.44
313727,213727,12/25/2025,UPI,Pending,3757.6
313728,213728,8/29/2025,Credit Card,Paid,1827.32
313729,213729,9/15/2025,UPI,Paid,6406.2
313730,213730,5/7/2025,Debit Card,Paid,6203.44
313731,213731,11/15/2025,Credit Card,Paid,824.85
313732,213732,5/21/2025,Credit Card,Paid,25533.57
313733,213733,8/14/2024,Net Banking,Paid,1570.43
313734,213734,3/7/2025,UPI,Paid,86.1
313735,213735,10/1/2025,UPI,Paid,572.89
313736,213736,10/30/2025,Credit Card,Paid,718.07
313737,213737,8/26/2023,Credit Card,Paid,3142.41
313738,213738,12/30/2025,Wallet,Paid,2925.91
313739,213739,6/16/2025,Debit Card,Paid,1161.3
313740,213740,12/30/2025,Credit Card,Paid,22882.01
313741,213741,11/19/2025,Credit Card,Paid,8631.51
313742,213742,12/2/2024,UPI,Paid,8699.64
313743,213743,3/12/2024,UPI,Paid,7654.48
313744,213744,9/10/2025,UPI,Paid,2227.23
313745,213745,11/9/2025,Credit Card,Paid,3026.81
313746,213746,7/3/2024,Debit Card,Paid,7233.19
313747,213747,8/18/2024,Credit Card,Failed,5933.04
313748,213748,8/20/2025,Cash on Delivery,Paid,3670.16
313749,213749,12/16/2025,Credit Card,Paid,3846.21
313750,213750,8/28/2023,Net Banking,Paid,5391.08
313751,213751,5/9/2024,Debit Card,Paid,9180.2
313752,213752,11/28/2025,Credit Card,Paid,1762.09
313753,213753,11/6/2025,Debit Card,Paid,13054.07
313754,213754,1/13/2025,Credit Card,Paid,3123.07
313755,213755,5/6/2025,UPI,Paid,14299.46
313756,213756,12/16/2025,UPI,Paid,3407.01
313757,213757,11/1/2025,UPI,Paid,17328.28
313758,213758,4/8/2025,Debit Card,Paid,2085.09
313759,213759,9/18/2025,Net Banking,Paid,1332.87
313760,213760,10/9/2025,Debit Card,Paid,2899.5
313761,213761,12/13/2023,Credit Card,Paid,38790.26
313762,213762,10/31/2025,UPI,Paid,11744.87
313763,213763,11/4/2025,UPI,Paid,8116.6
313764,213764,12/9/2025,UPI,Paid,660.16
313765,213765,10/2/2025,UPI,Paid,700.46
313766,213766,10/21/2025,Cash on Delivery,Paid,3062.73
313767,213767,5/3/2025,Wallet,Paid,4575.58
313768,213768,11/10/2023,Wallet,Paid,4937.38
313769,213769,7/7/2025,Cash on Delivery,Paid,8249.09
313770,213770,8/27/2025,Credit Card,Paid,77.58
313771,213771,6/1/2025,Debit Card,Paid,1926.77
313772,213772,9/26/2025,UPI,Paid,2712.03
313773,213773,9/25/2025,Credit Card,Paid,11216.55
313774,213774,11/14/2025,Cash on Delivery,Paid,1760.35
313775,213775,5/27/2025,Credit Card,Paid,10114.02
313776,213776,8/9/2024,Debit Card,Paid,1707.16
313777,213777,3/12/2024,UPI,Paid,5563.81
313778,213778,2/16/2025,UPI,Paid,8637.28
313779,213779,9/25/2024,Cash on Delivery,Paid,9395.36
313780,213780,4/6/2025,UPI,Pending,6787.51
313781,213781,9/10/2024,Debit Card,Paid,7690.08
313782,213782,12/25/2025,UPI,Paid,2098.62
313783,213783,7/2/2025,Cash on Delivery,Paid,1380.8
313784,213784,10/29/2025,Wallet,Failed,1843.55
313785,213785,10/9/2025,Credit Card,Paid,5812.75
313786,213786,7/29/2025,UPI,Paid,7295.05
313787,213787,11/17/2023,UPI,Paid,2311.53
313788,213788,6/12/2024,Credit Card,Paid,28086.29
313789,213789,11/9/2023,Debit Card,Paid,2114.41
313790,213790,7/20/2025,Credit Card,Failed,4484.74
313791,213791,1/5/2025,Cash on Delivery,Paid,3030.89
313792,213792,5/21/2025,Credit Card,Paid,607.02
313793,213793,8/15/2025,Wallet,Paid,1423.4
313794,213794,8/29/2025,Credit Card,Paid,1007.23
313795,213795,5/5/2024,Net Banking,Paid,8746.45
313796,213796,9/19/2025,Credit Card,Pending,4115.79
313797,213797,12/8/2023,Debit Card,Paid,2744.31
313798,213798,11/7/2024,Credit Card,Paid,3245.07
313799,213799,10/6/2023,Credit Card,Paid,4758.71
313800,213800,12/19/2025,Debit Card,Paid,12842.28
313801,213801,9/26/2023,Credit Card,Paid,19503.12
313802,213802,9/28/2025,UPI,Paid,2366.9
313803,213803,10/28/2025,Credit Card,Paid,3350.14
313804,213804,1/31/2025,UPI,Paid,6579.72
313805,213805,11/23/2025,Cash on Delivery,Paid,4536.4
313806,213806,10/14/2024,Credit Card,Paid,4283.94
313807,213807,7/15/2024,UPI,Paid,4413.22
313808,213808,6/24/2025,UPI,Paid,7764.66
313809,213809,9/29/2025,Wallet,Paid,10933.85
313810,213810,5/3/2025,Credit Card,Paid,13007.23
313811,213811,4/10/2025,UPI,Paid,21987.89
313812,213812,1/6/2025,Credit Card,Paid,5391.94
313813,213813,12/26/2024,Cash on Delivery,Paid,425.34
313814,213814,8/24/2025,Credit Card,Paid,838.66
313815,213815,9/8/2024,Net Banking,Paid,796.7
313816,213816,11/2/2025,Credit Card,Failed,6694.74
313817,213817,11/11/2025,Credit Card,Paid,8142.24
313818,213818,11/3/2025,Cash on Delivery,Paid,5012
313819,213819,9/12/2025,Wallet,Paid,3044.79
313820,213820,12/31/2025,Debit Card,Paid,2513.18
313821,213821,6/10/2025,Debit Card,Paid,8337.21
313822,213822,12/6/2023,UPI,Paid,15799.54
313823,213823,11/9/2025,Debit Card,Paid,10916.44
313824,213824,7/2/2025,UPI,Paid,8701.46
313825,213825,9/17/2024,Credit Card,Paid,4979.05
313826,213826,8/15/2023,Debit Card,Paid,5871.17
313827,213827,6/1/2025,Net Banking,Paid,15864.79
313828,213828,8/30/2025,UPI,Paid,5911.29
313829,213829,4/11/2025,Credit Card,Paid,9912.21
313830,213830,8/7/2025,Credit Card,Paid,8480.22
313831,213831,11/14/2025,UPI,Paid,1459.21
313832,213832,9/24/2025,Credit Card,Paid,8428.67
313833,213833,6/22/2025,UPI,Paid,13235.98
313834,213834,6/9/2024,Debit Card,Paid,35944.51
313835,213835,12/12/2025,UPI,Paid,221.81
313836,213836,7/25/2025,Net Banking,Paid,2229.73
313837,213837,12/6/2024,UPI,Paid,3423.47
313838,213838,12/6/2025,Debit Card,Paid,12121.78
313839,213839,9/14/2025,Credit Card,Paid,945.97
313840,213840,11/3/2025,Credit Card,Paid,7230.94
313841,213841,8/21/2024,Cash on Delivery,Paid,10356.34
313842,213842,5/24/2025,Credit Card,Pending,2400.64
313843,213843,6/27/2024,Wallet,Paid,4779.54
313844,213844,10/25/2025,Credit Card,Paid,14584.25
313845,213845,5/24/2025,UPI,Paid,23380.01
313846,213846,8/25/2025,Credit Card,Paid,1374.45
313847,213847,7/20/2025,Credit Card,Paid,7425.44
313848,213848,9/13/2025,Debit Card,Paid,12872.51
313849,213849,8/13/2025,UPI,Paid,11052.16
313850,213850,8/17/2024,UPI,Paid,1179.67
313851,213851,1/4/2025,UPI,Failed,4736.82
313852,213852,11/5/2025,Credit Card,Paid,2520.64
313853,213853,12/18/2025,Cash on Delivery,Paid,2890.1
313854,213854,9/18/2025,Cash on Delivery,Paid,734.08
313855,213855,6/2/2024,Credit Card,Paid,2885.83
313856,213856,9/15/2025,Credit Card,Paid,2908.19
313857,213857,12/2/2025,Debit Card,Paid,7678.31
313858,213858,11/20/2023,Cash on Delivery,Paid,1066.42
313859,213859,11/2/2024,Debit Card,Paid,6431.93
313860,213860,3/10/2024,Debit Card,Paid,7671.48
313861,213861,12/5/2024,Credit Card,Pending,2309.99
313862,213862,10/5/2025,Credit Card,Failed,11580.26
313863,213863,9/11/2025,Net Banking,Paid,2372.16
313864,213864,4/15/2025,Net Banking,Paid,1852.69
313865,213865,11/1/2024,UPI,Paid,1871.98
313866,213866,7/27/2025,Debit Card,Paid,5090.85
313867,213867,1/22/2024,UPI,Paid,278.66
313868,213868,4/16/2025,Debit Card,Paid,6591.24
313869,213869,11/24/2023,UPI,Failed,3916.05
313870,213870,6/22/2025,UPI,Paid,14553.08
313871,213871,5/17/2025,Credit Card,Paid,3458.78
313872,213872,5/3/2024,Credit Card,Paid,11792.45
313873,213873,10/22/2025,Debit Card,Paid,10231.91
313874,213874,8/10/2025,Cash on Delivery,Paid,9458.93
313875,213875,12/14/2023,UPI,Pending,5509.86
313876,213876,7/28/2023,Net Banking,Paid,8207.16
313877,213877,7/26/2024,Credit Card,Paid,921.86
313878,213878,10/10/2025,Net Banking,Paid,4361
313879,213879,3/6/2023,UPI,Paid,2916.91
313880,213880,7/25/2024,Wallet,Paid,12328.67
313881,213881,7/29/2025,Cash on Delivery,Paid,3790.46
313882,213882,9/13/2024,Credit Card,Paid,2270.57
313883,213883,12/10/2025,Debit Card,Paid,2181.21
313884,213884,10/10/2025,Wallet,Paid,1919.13
313885,213885,4/17/2025,Debit Card,Paid,3186.43
313886,213886,6/22/2024,Credit Card,Failed,6951.12
313887,213887,8/20/2023,Net Banking,Paid,18416.92
313888,213888,10/26/2024,Credit Card,Paid,16004.69
313889,213889,11/17/2023,Wallet,Paid,6171.93
313890,213890,12/29/2025,UPI,Paid,4856.57
313891,213891,10/4/2025,Cash on Delivery,Paid,24700.1
313892,213892,11/23/2024,Debit Card,Paid,8024.04
313893,213893,12/4/2025,Cash on Delivery,Paid,5667.38
313894,213894,12/21/2025,Credit Card,Paid,1364.19
313895,213895,3/9/2025,Debit Card,Paid,432.38
313896,213896,3/2/2024,Cash on Delivery,Failed,16513.15
313897,213897,7/20/2025,UPI,Paid,4577.41
313898,213898,4/7/2025,Debit Card,Paid,1152.11
313899,213899,11/7/2024,Cash on Delivery,Paid,5291.14
313900,213900,11/27/2025,Net Banking,Paid,4308.72
313901,213901,9/30/2025,Debit Card,Paid,9488.83
313902,213902,5/22/2024,UPI,Paid,5535.65
313903,213903,4/13/2025,Credit Card,Paid,351.47
313904,213904,12/29/2025,Cash on Delivery,Paid,4189.63
313905,213905,2/14/2025,UPI,Paid,473.72
313906,213906,12/27/2025,UPI,Paid,3176.8
313907,213907,9/5/2025,Cash on Delivery,Paid,2567.86
313908,213908,10/4/2025,UPI,Paid,6623.36
313909,213909,5/20/2025,UPI,Paid,3027.68
313910,213910,12/13/2025,UPI,Paid,5834.2
313911,213911,5/2/2025,Net Banking,Paid,3786.38
313912,213912,10/12/2025,Debit Card,Paid,11971.2
313913,213913,9/7/2025,Debit Card,Paid,6100.99
313914,213914,1/23/2024,Debit Card,Paid,11258.88
313915,213915,10/31/2024,Debit Card,Pending,4039.97
313916,213916,7/20/2025,Cash on Delivery,Paid,8263.38
313917,213917,7/28/2025,Cash on Delivery,Paid,25134.74
313918,213918,4/4/2025,UPI,Paid,3119.43
313919,213919,9/8/2025,UPI,Paid,2735.6
313920,213920,11/16/2024,UPI,Paid,5675.13
313921,213921,5/25/2025,UPI,Paid,21197.53
313922,213922,3/25/2025,UPI,Paid,7794.14
313923,213923,10/19/2024,Debit Card,Paid,5905.41
313924,213924,2/18/2025,UPI,Paid,3089.57
313925,213925,11/30/2025,Cash on Delivery,Failed,25464.58
313926,213926,5/15/2025,Net Banking,Paid,3041.28
313927,213927,2/19/2025,Cash on Delivery,Paid,7988.08
313928,213928,5/29/2024,UPI,Paid,13179.29
313929,213929,8/5/2024,Cash on Delivery,Paid,1046.69
313930,213930,7/2/2025,Credit Card,Paid,3416.81
313931,213931,12/22/2025,UPI,Paid,338.89
313932,213932,11/3/2025,UPI,Paid,4550.97
313933,213933,5/18/2025,UPI,Paid,9327.15
313934,213934,9/13/2025,Credit Card,Paid,6911.56
313935,213935,10/30/2025,Credit Card,Paid,2381.88
313936,213936,7/22/2024,UPI,Paid,1421.27
313937,213937,10/16/2025,UPI,Paid,1266.17
313938,213938,11/1/2024,UPI,Paid,5064.68
313939,213939,3/23/2025,Cash on Delivery,Paid,2509.84
313940,213940,8/17/2025,Credit Card,Paid,3616.53
313941,213941,10/4/2025,Cash on Delivery,Paid,22653.11
313942,213942,11/23/2023,Cash on Delivery,Paid,5268.09
313943,213943,5/28/2023,Credit Card,Paid,20368.69
313944,213944,12/5/2025,Credit Card,Paid,12309.16
313945,213945,10/1/2024,Debit Card,Paid,1891.96
313946,213946,8/14/2025,Cash on Delivery,Paid,16871.6
313947,213947,1/28/2024,Debit Card,Paid,12464.02
313948,213948,9/4/2024,Debit Card,Failed,18662.83
313949,213949,6/16/2025,Net Banking,Paid,6273.64
313950,213950,1/30/2025,Cash on Delivery,Paid,9244.67
313951,213951,7/5/2025,Cash on Delivery,Paid,2653.86
313952,213952,7/7/2025,Credit Card,Paid,14743.41
313953,213953,9/19/2025,UPI,Paid,5509.63
313954,213954,3/14/2024,Debit Card,Paid,15765.72
313955,213955,9/21/2023,UPI,Paid,10227.65
313956,213956,4/14/2025,Credit Card,Paid,6381.64
313957,213957,12/23/2025,Credit Card,Paid,1301.57
313958,213958,1/17/2025,Credit Card,Paid,7710.75
313959,213959,1/20/2025,Wallet,Paid,4733.58
313960,213960,5/28/2025,Debit Card,Pending,12674.38
313961,213961,6/26/2025,Cash on Delivery,Paid,1252.26
313962,213962,4/21/2025,Cash on Delivery,Paid,765.3
313963,213963,8/14/2024,UPI,Paid,2260.31
313964,213964,12/13/2025,Credit Card,Paid,22435.37
313965,213965,8/9/2024,Credit Card,Paid,17619.62
313966,213966,10/15/2025,Debit Card,Paid,4552.71
313967,213967,7/18/2025,UPI,Paid,8599.45
313968,213968,10/26/2025,Credit Card,Paid,5363.5
313969,213969,5/1/2025,Credit Card,Paid,824.86
313970,213970,7/29/2023,Debit Card,Paid,12687.64
313971,213971,12/27/2025,Wallet,Paid,424.15
313972,213972,12/28/2023,Debit Card,Paid,7154.02
313973,213973,12/4/2025,UPI,Paid,2081.51
313974,213974,8/3/2024,UPI,Paid,1897.97
313975,213975,12/27/2025,UPI,Paid,18459.51
313976,213976,11/20/2024,UPI,Paid,9896.99
313977,213977,2/23/2025,Debit Card,Paid,4353.4
313978,213978,7/17/2024,UPI,Paid,2055.11
313979,213979,7/26/2025,Credit Card,Paid,981.46
313980,213980,5/20/2025,Debit Card,Paid,124.16
313981,213981,9/2/2024,UPI,Pending,4624.78
313982,213982,9/28/2025,Cash on Delivery,Paid,877.36
313983,213983,11/4/2025,Net Banking,Paid,2872.58
313984,213984,10/21/2023,UPI,Paid,22675.84
313985,213985,7/8/2023,UPI,Paid,5622.07
313986,213986,11/18/2024,UPI,Paid,1697
313987,213987,6/2/2025,UPI,Paid,7322.33
313988,213988,7/1/2025,Net Banking,Paid,2361.92
313989,213989,7/13/2025,UPI,Paid,9726.55
313990,213990,9/4/2025,UPI,Paid,44497.69
313991,213991,3/9/2025,UPI,Paid,12201.78
313992,213992,10/17/2025,Debit Card,Paid,3180.9
313993,213993,10/10/2025,Credit Card,Paid,413.03
313994,213994,12/23/2025,UPI,Paid,892.57
313995,213995,8/30/2025,UPI,Paid,16262.04
313996,213996,6/29/2025,Cash on Delivery,Paid,2924.14
313997,213997,7/11/2025,UPI,Paid,2699.35
313998,213998,11/3/2024,Credit Card,Paid,2864.36
313999,213999,8/15/2025,Debit Card,Paid,1959.58
314000,214000,7/7/2024,Cash on Delivery,Paid,2533.89
314001,214001,11/22/2025,Wallet,Paid,18368.78
314002,214002,12/20/2025,Debit Card,Paid,5817.41
314003,214003,10/13/2024,UPI,Paid,7109.2
314004,214004,11/21/2025,UPI,Pending,519.77
314005,214005,4/4/2024,Credit Card,Paid,7712.51
314006,214006,10/17/2025,Cash on Delivery,Paid,7375.22
314007,214007,9/21/2025,Credit Card,Paid,7075.59
314008,214008,9/1/2025,Net Banking,Paid,2065.34
314009,214009,10/4/2025,UPI,Paid,13255.79
314010,214010,1/17/2025,Cash on Delivery,Paid,1214.1
314011,214011,7/20/2023,UPI,Paid,5499.59
314012,214012,2/15/2025,Credit Card,Paid,9025.79
314013,214013,7/1/2025,UPI,Paid,598.21
314014,214014,7/5/2025,Net Banking,Paid,15014.98
314015,214015,12/8/2025,Credit Card,Paid,11253.46
314016,214016,1/24/2025,Cash on Delivery,Paid,289.88
314017,214017,12/9/2025,UPI,Paid,6645.84
314018,214018,9/5/2025,UPI,Paid,1991.08
314019,214019,8/27/2025,UPI,Paid,302.02
314020,214020,12/10/2025,Debit Card,Paid,508.23
314021,214021,5/6/2025,Debit Card,Paid,2944.06
314022,214022,10/23/2025,Credit Card,Paid,1694.46
314023,214023,9/10/2025,UPI,Failed,10583.15
314024,214024,10/13/2025,Cash on Delivery,Paid,2440.55
314025,214025,3/19/2025,UPI,Paid,571.83
314026,214026,11/25/2025,Credit Card,Paid,4721.03
314027,214027,9/4/2024,Credit Card,Paid,7937.68
314028,214028,8/3/2024,Debit Card,Paid,4136.21
314029,214029,5/7/2024,Wallet,Paid,3179.93
314030,214030,5/10/2025,Credit Card,Paid,12391.78
314031,214031,8/19/2023,Wallet,Paid,15544.87
314032,214032,9/30/2025,Cash on Delivery,Paid,4438.02
314033,214033,5/13/2024,Wallet,Paid,7811.3
314034,214034,8/21/2025,Wallet,Paid,7823.99
314035,214035,9/23/2025,Debit Card,Paid,26113.49
314036,214036,12/27/2025,UPI,Paid,3234.52
314037,214037,3/24/2025,Credit Card,Paid,4374.56
314038,214038,8/22/2025,Debit Card,Paid,19138.88
314039,214039,10/10/2025,Net Banking,Paid,3062.06
314040,214040,6/3/2025,Debit Card,Paid,180.05
314041,214041,11/14/2025,UPI,Paid,416.24
314042,214042,3/6/2025,UPI,Paid,4473.79
314043,214043,12/16/2025,Credit Card,Paid,3340.19
314044,214044,11/13/2025,Debit Card,Paid,2957.18
314045,214045,7/15/2025,Wallet,Paid,2406.6
314046,214046,12/3/2025,UPI,Paid,18273.33
314047,214047,4/7/2024,Credit Card,Paid,2696.41
314048,214048,11/26/2023,Wallet,Paid,2081.87
314049,214049,6/23/2025,Credit Card,Paid,17791.35
314050,214050,9/25/2025,Debit Card,Paid,2954.11
314051,214051,11/2/2025,UPI,Paid,804.76
314052,214052,7/30/2025,UPI,Paid,16516.39
314053,214053,12/8/2025,UPI,Paid,3336.47
314054,214054,4/3/2025,UPI,Paid,2235.04
314055,214055,6/8/2025,Net Banking,Paid,487.45
314056,214056,8/18/2025,Credit Card,Paid,2091
314057,214057,11/20/2025,UPI,Paid,550.73
314058,214058,3/28/2023,UPI,Paid,11260.84
314059,214059,7/18/2025,Credit Card,Paid,10527.18
314060,214060,10/18/2025,Credit Card,Paid,1296.41
314061,214061,2/22/2025,UPI,Paid,11247.88
314062,214062,10/5/2025,Wallet,Paid,909.04
314063,214063,11/20/2024,UPI,Paid,5125.54
314064,214064,11/3/2025,Credit Card,Paid,2149.11
314065,214065,11/24/2025,Debit Card,Paid,17454.77
314066,214066,3/19/2025,Credit Card,Paid,2969.19
314067,214067,12/9/2024,UPI,Paid,5414.74
314068,214068,2/6/2025,UPI,Paid,11750.8
314069,214069,9/21/2024,Debit Card,Paid,30793.87
314070,214070,6/11/2025,Net Banking,Paid,5561.86
314071,214071,11/6/2025,Debit Card,Paid,1088.17
314072,214072,8/4/2025,Net Banking,Paid,3954.18
314073,214073,11/7/2025,Net Banking,Pending,13181.16
314074,214074,9/29/2025,Credit Card,Paid,4631.47
314075,214075,10/7/2025,UPI,Paid,1362.14
314076,214076,2/1/2025,Credit Card,Paid,30038.52
314077,214077,5/27/2025,Net Banking,Paid,1205.35
314078,214078,7/6/2025,Cash on Delivery,Paid,4652.76
314079,214079,11/27/2025,UPI,Pending,7363.21
314080,214080,6/26/2025,Credit Card,Paid,7630.06
314081,214081,4/22/2025,Net Banking,Paid,9720.76
314082,214082,10/25/2025,Credit Card,Pending,15010.68
314083,214083,6/16/2024,Credit Card,Pending,24211.11
314084,214084,7/9/2024,Credit Card,Paid,1267.53
314085,214085,3/30/2025,Net Banking,Paid,2516.38
314086,214086,10/30/2025,Debit Card,Paid,1166.53
314087,214087,9/20/2023,UPI,Paid,3470.07
314088,214088,3/14/2024,UPI,Paid,7238.91
314089,214089,11/9/2024,UPI,Paid,1111.19
314090,214090,5/19/2025,Debit Card,Paid,10143.25
314091,214091,10/30/2024,Credit Card,Paid,1516.61
314092,214092,12/31/2025,Credit Card,Paid,3203.93
314093,214093,9/10/2025,Debit Card,Paid,5489.19
314094,214094,12/27/2024,Net Banking,Paid,21300.52
314095,214095,7/1/2025,Credit Card,Paid,3432.02
314096,214096,6/25/2025,Credit Card,Paid,793.18
314097,214097,12/21/2024,Credit Card,Paid,5104.07
314098,214098,10/15/2023,UPI,Paid,1321.76
314099,214099,8/29/2025,Cash on Delivery,Paid,11678.46
314100,214100,3/7/2024,Wallet,Paid,5794.67
314101,214101,12/21/2025,UPI,Failed,7740.76
314102,214102,6/14/2025,Net Banking,Paid,5935.48
314103,214103,6/27/2025,Credit Card,Paid,6284.82
314104,214104,12/11/2025,Cash on Delivery,Paid,2457.97
314105,214105,10/22/2025,Credit Card,Paid,1702.42
314106,214106,8/2/2024,Cash on Delivery,Paid,934.58
314107,214107,12/9/2025,Credit Card,Paid,12792.71
314108,214108,11/28/2025,UPI,Paid,968.15
314109,214109,11/7/2024,UPI,Paid,4322.66
314110,214110,1/19/2024,Credit Card,Paid,5729.34
314111,214111,7/19/2025,UPI,Paid,3474.18
314112,214112,4/19/2025,Credit Card,Failed,4725.24
314113,214113,10/30/2023,Debit Card,Paid,6952.02
314114,214114,8/20/2025,Cash on Delivery,Paid,11723.23
314115,214115,10/29/2025,Wallet,Paid,15674.23
314116,214116,6/24/2025,UPI,Paid,12258.76
314117,214117,11/18/2025,Debit Card,Paid,315.64
314118,214118,10/5/2025,Credit Card,Paid,1068.1
314119,214119,12/25/2025,Cash on Delivery,Paid,1717.05
314120,214120,1/27/2025,Credit Card,Paid,2250.26
314121,214121,10/31/2025,Credit Card,Paid,1893.74
314122,214122,11/12/2025,Debit Card,Paid,5866.3
314123,214123,6/3/2024,UPI,Paid,2554.46
314124,214124,9/3/2024,Net Banking,Paid,18424.95
314125,214125,6/27/2025,Cash on Delivery,Pending,15630.94
314126,214126,9/7/2025,UPI,Paid,6596.13
314127,214127,3/26/2024,Net Banking,Paid,4239.74
314128,214128,9/5/2025,Credit Card,Paid,5134.76
314129,214129,11/23/2025,UPI,Paid,1966.7
314130,214130,8/2/2025,UPI,Pending,6423.51
314131,214131,12/19/2025,Debit Card,Paid,2146.22
314132,214132,10/26/2025,Credit Card,Paid,7763.18
314133,214133,6/29/2025,Credit Card,Paid,4258.81
314134,214134,5/1/2024,UPI,Paid,4684.99
314135,214135,5/17/2024,Debit Card,Paid,1484.74
314136,214136,6/13/2025,UPI,Paid,389.92
314137,214137,3/30/2025,Credit Card,Paid,3512.75
314138,214138,12/21/2025,Debit Card,Paid,4488.08
314139,214139,12/19/2023,UPI,Paid,21685.47
314140,214140,4/30/2025,UPI,Paid,638.88
314141,214141,8/27/2025,Debit Card,Paid,5144.89
314142,214142,11/24/2024,UPI,Pending,12133.35
314143,214143,8/12/2025,Credit Card,Paid,10706.44
314144,214144,8/12/2025,Credit Card,Pending,14335.79
314145,214145,5/1/2024,UPI,Paid,8215.34
314146,214146,9/14/2024,UPI,Paid,5715.19
314147,214147,1/7/2025,UPI,Pending,2036.11
314148,214148,8/7/2024,Debit Card,Paid,8775.42
314149,214149,11/17/2025,Credit Card,Paid,2803.02
314150,214150,7/7/2025,Credit Card,Paid,12812.16
314151,214151,2/12/2025,UPI,Paid,5325.05
314152,214152,5/15/2025,UPI,Paid,6241.47
314153,214153,12/31/2025,UPI,Paid,890.81
314154,214154,8/7/2025,Credit Card,Paid,20121.79
314155,214155,8/22/2023,UPI,Paid,746.28
314156,214156,7/1/2023,Cash on Delivery,Paid,5355.18
314157,214157,12/26/2023,UPI,Paid,6626.42
314158,214158,5/7/2023,Cash on Delivery,Paid,2796.45
314159,214159,9/25/2025,Wallet,Paid,2440.81
314160,214160,7/31/2025,Cash on Delivery,Paid,8160.76
314161,214161,9/7/2025,Credit Card,Paid,4797.43
314162,214162,11/16/2025,UPI,Paid,4013.16
314163,214163,9/22/2025,Cash on Delivery,Paid,5449.14
314164,214164,12/7/2025,UPI,Paid,3407.14
314165,214165,11/23/2023,Credit Card,Paid,15000.23
314166,214166,5/8/2024,Wallet,Paid,485.86
314167,214167,10/3/2025,Cash on Delivery,Paid,2084.83
314168,214168,3/29/2025,Wallet,Paid,6166.6
314169,214169,7/13/2025,UPI,Paid,2444.3
314170,214170,10/29/2025,UPI,Paid,1313.17
314171,214171,7/21/2025,Credit Card,Paid,3431.1
314172,214172,1/16/2024,UPI,Paid,600.61
314173,214173,4/22/2025,Cash on Delivery,Paid,5928.69
314174,214174,12/27/2025,Credit Card,Paid,2997.66
314175,214175,12/31/2023,UPI,Paid,5800.73
314176,214176,11/16/2025,UPI,Failed,6815.19
314177,214177,5/19/2024,UPI,Paid,694
314178,214178,8/6/2024,Net Banking,Paid,329.42
314179,214179,9/15/2025,Debit Card,Pending,4145.62
314180,214180,4/28/2025,Debit Card,Paid,6501.01
314181,214181,10/15/2024,UPI,Paid,11943.75
314182,214182,8/13/2024,Debit Card,Failed,9186.21
314183,214183,11/1/2025,Wallet,Paid,2005.88
314184,214184,12/25/2025,UPI,Paid,13859.52
314185,214185,4/29/2025,UPI,Paid,667.52
314186,214186,9/1/2024,Credit Card,Paid,596.25
314187,214187,3/12/2025,Wallet,Paid,5030.67
314188,214188,7/27/2025,Net Banking,Paid,3059.81
314189,214189,11/5/2025,Credit Card,Paid,2381.08
314190,214190,6/3/2025,Debit Card,Paid,4877.34
314191,214191,5/18/2025,Debit Card,Paid,2241.9
314192,214192,10/27/2023,Debit Card,Paid,545.64
314193,214193,12/28/2025,UPI,Paid,334.93
314194,214194,12/23/2025,Credit Card,Paid,4785.53
314195,214195,2/17/2025,Net Banking,Paid,3557.17
314196,214196,7/13/2025,Debit Card,Paid,584.77
314197,214197,5/18/2025,Credit Card,Paid,331.64
314198,214198,10/21/2025,Net Banking,Paid,17436.92
314199,214199,6/1/2023,UPI,Paid,4519.99
314200,214200,12/3/2025,UPI,Paid,4317.22
314201,214201,12/19/2024,Net Banking,Paid,7827.52
314202,214202,8/4/2024,Wallet,Paid,118.57
314203,214203,10/1/2025,UPI,Paid,928.55
314204,214204,8/25/2025,Net Banking,Paid,5938.02
314205,214205,7/25/2025,Debit Card,Paid,1067.02
314206,214206,11/11/2025,UPI,Paid,6145.62
314207,214207,3/18/2025,Net Banking,Paid,19895.26
314208,214208,10/20/2025,Wallet,Paid,26649.16
314209,214209,5/8/2025,UPI,Paid,668.57
314210,214210,11/20/2024,Credit Card,Pending,18125.5
314211,214211,3/19/2023,Cash on Delivery,Paid,4345.4
314212,214212,11/9/2025,Net Banking,Paid,9837.14
314213,214213,8/17/2023,Cash on Delivery,Paid,4514.12
314214,214214,6/27/2025,Debit Card,Paid,1263.99
314215,214215,1/26/2025,UPI,Paid,4594.6
314216,214216,8/3/2025,UPI,Paid,3258.97
314217,214217,7/4/2024,Net Banking,Paid,4787.94
314218,214218,8/20/2025,Credit Card,Paid,2662.78
314219,214219,6/11/2025,UPI,Failed,7499.5
314220,214220,9/10/2025,Credit Card,Paid,7943.9
314221,214221,12/17/2025,Credit Card,Paid,6550.49
314222,214222,12/19/2024,UPI,Paid,1026.32
314223,214223,2/18/2024,Cash on Delivery,Paid,10870.83
314224,214224,9/5/2025,Debit Card,Paid,5002.21
314225,214225,8/22/2024,UPI,Paid,4308.82
314226,214226,11/7/2025,UPI,Paid,24808.02
314227,214227,2/8/2025,Credit Card,Paid,1908.92
314228,214228,5/30/2025,UPI,Paid,3187.82
314229,214229,10/27/2025,Net Banking,Paid,2037.59
314230,214230,12/18/2025,Cash on Delivery,Paid,5039.77
314231,214231,5/20/2025,Cash on Delivery,Paid,1923.35
314232,214232,5/5/2025,Credit Card,Paid,1102.81
314233,214233,6/17/2024,UPI,Paid,2099.8
314234,214234,1/11/2025,UPI,Paid,5569.27
314235,214235,10/16/2024,Credit Card,Paid,18038.7
314236,214236,11/7/2025,Credit Card,Paid,1465.27
314237,214237,9/10/2025,UPI,Paid,5769.27
314238,214238,2/1/2024,Wallet,Paid,682.51
314239,214239,6/25/2025,Net Banking,Paid,22132.99
314240,214240,3/5/2024,Cash on Delivery,Paid,6122.72
314241,214241,11/20/2025,Credit Card,Paid,5050.46
314242,214242,11/25/2025,Cash on Delivery,Paid,16956.99
314243,214243,12/25/2025,Debit Card,Paid,2472.56
314244,214244,12/10/2025,Net Banking,Paid,2222.86
314245,214245,7/22/2025,UPI,Paid,20569.74
314246,214246,10/25/2025,Cash on Delivery,Paid,8027.91
314247,214247,7/30/2024,Credit Card,Paid,10560.98
314248,214248,6/27/2025,Debit Card,Paid,9530.35
314249,214249,6/27/2025,UPI,Paid,2101.87
314250,214250,7/27/2025,Cash on Delivery,Paid,1388.75
314251,214251,8/28/2025,Credit Card,Paid,11562.74
314252,214252,12/20/2025,UPI,Paid,3839.27
314253,214253,8/30/2025,UPI,Paid,1506.07
314254,214254,1/9/2024,Debit Card,Paid,1370.18
314255,214255,9/26/2025,Cash on Delivery,Paid,13414.15
314256,214256,12/6/2025,Cash on Delivery,Paid,17629.65
314257,214257,1/12/2025,Cash on Delivery,Paid,2523.87
314258,214258,8/23/2025,Credit Card,Paid,1331.76
314259,214259,11/10/2024,Debit Card,Paid,6422.71
314260,214260,11/18/2025,Credit Card,Paid,5733.94
314261,214261,9/1/2025,UPI,Paid,8621.82
314262,214262,7/20/2025,Wallet,Paid,2490.15
314263,214263,5/24/2025,UPI,Paid,1873.2
314264,214264,12/8/2024,UPI,Paid,2842.9
314265,214265,4/6/2025,Net Banking,Paid,6518.02
314266,214266,7/26/2024,UPI,Paid,3820.81
314267,214267,2/18/2023,Debit Card,Paid,5885.76
314268,214268,6/23/2024,UPI,Paid,22170.15
314269,214269,4/30/2024,Cash on Delivery,Paid,6916.7
314270,214270,3/29/2025,Net Banking,Paid,27872.95
314271,214271,12/7/2025,Cash on Delivery,Paid,12797.24
314272,214272,12/2/2025,UPI,Paid,2456.87
314273,214273,12/19/2025,Cash on Delivery,Paid,6405.5
314274,214274,4/14/2025,UPI,Pending,5162.52
314275,214275,1/9/2025,Net Banking,Paid,13232.57
314276,214276,12/14/2025,UPI,Paid,5913.1
314277,214277,12/15/2023,Credit Card,Paid,19212.96
314278,214278,3/19/2025,Cash on Delivery,Paid,481.11
314279,214279,8/12/2025,UPI,Paid,2872.07
314280,214280,11/16/2025,Net Banking,Paid,3760.81
314281,214281,2/22/2025,Debit Card,Paid,930.12
314282,214282,1/23/2024,Cash on Delivery,Paid,1358.88
314283,214283,7/1/2025,UPI,Paid,8361.14
314284,214284,12/18/2025,UPI,Paid,975.5
314285,214285,12/14/2025,Debit Card,Paid,1567.31
314286,214286,9/12/2024,Cash on Delivery,Paid,25298.69
314287,214287,3/12/2025,Credit Card,Paid,4699.12
314288,214288,12/4/2025,Wallet,Paid,3586.54
314289,214289,9/17/2025,Credit Card,Paid,828.14
314290,214290,11/5/2025,Debit Card,Paid,1567.94
314291,214291,5/10/2025,UPI,Paid,8334.13
314292,214292,7/24/2024,Debit Card,Paid,211.74
314293,214293,3/5/2025,Net Banking,Paid,5150.48
314294,214294,7/2/2025,Credit Card,Paid,3117.19
314295,214295,8/11/2024,Cash on Delivery,Paid,265.98
314296,214296,7/8/2025,UPI,Paid,16162.78
314297,214297,8/27/2024,Cash on Delivery,Paid,1296.55
314298,214298,12/19/2024,Credit Card,Paid,11194.8
314299,214299,12/9/2025,Debit Card,Paid,8127.35
314300,214300,12/31/2025,UPI,Paid,17958.82
314301,214301,12/12/2025,Credit Card,Paid,16273.3
314302,214302,5/6/2023,Credit Card,Paid,9497.38
314303,214303,11/16/2025,Debit Card,Paid,25478.79
314304,214304,5/5/2025,Cash on Delivery,Paid,3949.78
314305,214305,11/7/2025,UPI,Paid,17076.82
314306,214306,1/29/2024,Cash on Delivery,Paid,1576.91
314307,214307,12/16/2025,Credit Card,Paid,11835.01
314308,214308,10/24/2025,Cash on Delivery,Paid,1030.42
314309,214309,9/12/2025,Net Banking,Paid,15811.94
314310,214310,7/9/2025,Credit Card,Paid,2796.58
314311,214311,11/10/2025,Credit Card,Paid,7003.1
314312,214312,12/8/2025,Net Banking,Paid,13345.19
314313,214313,12/2/2025,UPI,Paid,6164.23
314314,214314,7/25/2025,Wallet,Paid,3085.18
314315,214315,12/27/2025,UPI,Failed,3506.35
314316,214316,11/23/2025,Debit Card,Paid,537.33
314317,214317,11/29/2024,Debit Card,Paid,17840.65
314318,214318,2/22/2025,Credit Card,Paid,3360.06
314319,214319,10/5/2025,UPI,Paid,386.89
314320,214320,12/7/2025,UPI,Paid,720.98
314321,214321,3/10/2025,UPI,Paid,6094.62
314322,214322,1/31/2025,UPI,Paid,14217.4
314323,214323,12/26/2024,Debit Card,Paid,12978.95
314324,214324,9/13/2025,Credit Card,Paid,8647.51
314325,214325,3/17/2025,Credit Card,Paid,2388.44
314326,214326,7/19/2025,Debit Card,Paid,2934.24
314327,214327,8/17/2023,UPI,Paid,4877.91
314328,214328,5/15/2025,Credit Card,Paid,2109.78
314329,214329,5/15/2025,Credit Card,Paid,144.63
314330,214330,6/24/2025,Debit Card,Paid,237.95
314331,214331,9/10/2025,Cash on Delivery,Paid,8495.28
314332,214332,12/19/2024,Debit Card,Paid,19080.01
314333,214333,1/14/2025,UPI,Paid,6598.55
314334,214334,7/16/2024,UPI,Paid,7322.51
314335,214335,9/27/2025,UPI,Paid,1983.81
314336,214336,8/13/2025,Debit Card,Paid,745.42
314337,214337,6/27/2025,Net Banking,Paid,1227.42
314338,214338,8/30/2024,Credit Card,Pending,9543.14
314339,214339,4/8/2025,Debit Card,Failed,22901.08
314340,214340,1/20/2025,Wallet,Paid,4470.11
314341,214341,1/9/2025,Credit Card,Paid,10876.82
314342,214342,4/5/2025,Credit Card,Paid,7043.98
314343,214343,6/22/2025,Cash on Delivery,Paid,20913.24
314344,214344,2/26/2025,Wallet,Paid,3388.29
314345,214345,4/13/2024,Credit Card,Paid,1274.26
314346,214346,10/18/2024,Credit Card,Paid,10168.3
314347,214347,12/10/2025,UPI,Paid,9573.67
314348,214348,11/8/2025,UPI,Paid,444.99
314349,214349,6/11/2024,UPI,Paid,105.15
314350,214350,5/16/2024,Credit Card,Paid,4245.31
314351,214351,7/18/2023,UPI,Paid,10577.73
314352,214352,2/27/2025,Credit Card,Paid,25860.63
314353,214353,5/7/2024,Debit Card,Paid,1775.57
314354,214354,1/10/2025,Credit Card,Paid,4589.21
314355,214355,4/24/2023,Credit Card,Paid,1307.77
314356,214356,7/1/2025,UPI,Paid,27978.17
314357,214357,5/2/2024,Credit Card,Paid,7794.25
314358,214358,5/20/2025,Debit Card,Paid,10258.15
314359,214359,10/12/2025,Debit Card,Failed,2748.93
314360,214360,5/16/2025,Credit Card,Paid,2019.03
314361,214361,7/10/2024,Debit Card,Paid,2437.9
314362,214362,10/12/2024,Credit Card,Failed,4716.09
314363,214363,12/6/2025,Debit Card,Paid,746.75
314364,214364,5/10/2025,UPI,Paid,3672.05
314365,214365,1/10/2025,Cash on Delivery,Paid,954.41
314366,214366,8/16/2025,UPI,Paid,1155.83
314367,214367,10/10/2025,UPI,Paid,7689.19
314368,214368,12/27/2025,Cash on Delivery,Paid,2840.31
314369,214369,10/10/2025,Credit Card,Paid,4925.28
314370,214370,7/14/2025,Debit Card,Paid,1232.11
314371,214371,10/28/2025,UPI,Paid,8506.7
314372,214372,4/29/2024,Credit Card,Paid,1713.27
314373,214373,8/5/2025,Debit Card,Paid,10139.75
314374,214374,9/30/2025,UPI,Paid,3032.27
314375,214375,11/25/2023,UPI,Paid,9451.14
314376,214376,9/15/2025,Net Banking,Paid,8835.43
314377,214377,2/1/2024,Credit Card,Paid,9414.21
314378,214378,12/18/2025,Debit Card,Paid,2008.4
314379,214379,12/24/2025,Net Banking,Paid,3633.21
314380,214380,5/23/2025,Debit Card,Paid,3265.89
314381,214381,7/8/2025,Net Banking,Paid,11586.57
314382,214382,8/21/2025,UPI,Paid,5578.59
314383,214383,10/30/2024,Net Banking,Paid,1089.31
314384,214384,12/9/2025,Debit Card,Paid,25359.34
314385,214385,3/24/2025,Net Banking,Failed,7105.67
314386,214386,4/18/2025,Cash on Delivery,Paid,8652.26
314387,214387,9/30/2025,Wallet,Paid,2513.54
314388,214388,10/12/2024,UPI,Paid,22661.79
314389,214389,8/7/2025,Wallet,Paid,3850.04
314390,214390,6/13/2025,Cash on Delivery,Failed,39471.66
314391,214391,12/23/2025,UPI,Paid,1881.14
314392,214392,11/4/2023,Credit Card,Paid,698.44
314393,214393,8/12/2025,Debit Card,Paid,5245.07
314394,214394,7/27/2025,Wallet,Paid,10813.6
314395,214395,4/5/2025,Cash on Delivery,Paid,935.13
314396,214396,6/28/2025,Debit Card,Paid,2646.98
314397,214397,1/21/2024,Net Banking,Paid,4002.18
314398,214398,3/14/2024,Credit Card,Paid,16170.66
314399,214399,12/25/2025,UPI,Paid,1769.83
314400,214400,12/14/2025,UPI,Paid,7321.76
314401,214401,5/3/2025,Net Banking,Paid,415.96
314402,214402,12/9/2025,Cash on Delivery,Paid,194.4
314403,214403,10/19/2025,Net Banking,Paid,557.47
314404,214404,3/27/2025,Wallet,Paid,458.33
314405,214405,11/14/2025,UPI,Paid,6850.74
314406,214406,10/19/2024,Wallet,Paid,17195.5
314407,214407,11/12/2025,UPI,Failed,27860.17
314408,214408,2/26/2025,Debit Card,Paid,5372.16
314409,214409,11/15/2025,Credit Card,Paid,1379.16
314410,214410,10/30/2025,Credit Card,Paid,23395.31
314411,214411,10/4/2025,Debit Card,Paid,8982.82
314412,214412,10/19/2025,Credit Card,Paid,1978.85
314413,214413,12/18/2025,Credit Card,Paid,4090.15
314414,214414,9/3/2025,Credit Card,Paid,7656.84
314415,214415,7/20/2025,Net Banking,Paid,2831.85
314416,214416,4/22/2025,Net Banking,Paid,296.99
314417,214417,6/9/2025,UPI,Paid,2740.75
314418,214418,1/9/2025,UPI,Paid,2847.13
314419,214419,10/6/2025,Credit Card,Paid,7557.56
314420,214420,4/23/2025,Credit Card,Paid,321.62
314421,214421,1/2/2025,Debit Card,Paid,2737.91
314422,214422,7/10/2025,Debit Card,Paid,2363.65
314423,214423,11/24/2025,Net Banking,Paid,2950.89
314424,214424,9/21/2025,Cash on Delivery,Paid,4654.83
314425,214425,12/20/2025,Net Banking,Paid,8438.07
314426,214426,2/28/2025,UPI,Pending,2572.76
314427,214427,6/17/2025,Cash on Delivery,Pending,2137.99
314428,214428,2/21/2024,Debit Card,Paid,567.8
314429,214429,2/20/2025,Credit Card,Paid,6384.77
314430,214430,9/8/2024,Cash on Delivery,Paid,6057.12
314431,214431,9/11/2025,Wallet,Paid,9193.13
314432,214432,7/18/2025,UPI,Paid,2695.99
314433,214433,3/21/2024,UPI,Paid,3803.12
314434,214434,11/5/2025,Credit Card,Paid,2350.26
314435,214435,5/28/2024,Net Banking,Failed,13657.29
314436,214436,12/19/2024,Cash on Delivery,Paid,11670.02
314437,214437,12/12/2025,UPI,Paid,1819.04
314438,214438,7/26/2025,UPI,Paid,9695.83
314439,214439,4/29/2024,Credit Card,Paid,681.2
314440,214440,11/13/2025,Cash on Delivery,Paid,18118.66
314441,214441,10/9/2024,UPI,Paid,10747.73
314442,214442,12/11/2025,Debit Card,Paid,2361.75
314443,214443,3/24/2024,Debit Card,Paid,4682.35
314444,214444,6/5/2025,UPI,Paid,2595.62
314445,214445,12/28/2024,Debit Card,Pending,6242.23
314446,214446,12/26/2025,Net Banking,Paid,586.71
314447,214447,4/18/2025,Cash on Delivery,Paid,7056.4
314448,214448,12/27/2024,Credit Card,Paid,20367.59
314449,214449,11/11/2025,Credit Card,Paid,7199.69
314450,214450,12/28/2024,Cash on Delivery,Paid,3254.8
314451,214451,5/14/2024,Wallet,Paid,19630.14
314452,214452,9/28/2025,UPI,Paid,9373.5
314453,214453,1/14/2025,Credit Card,Paid,3221.17
314454,214454,6/20/2024,Credit Card,Paid,8732.43
314455,214455,10/4/2025,Credit Card,Paid,5563.03
314456,214456,12/31/2025,UPI,Paid,9662.17
314457,214457,4/18/2025,Net Banking,Paid,8742.38
314458,214458,11/28/2025,Credit Card,Paid,6369
314459,214459,4/10/2025,Credit Card,Paid,1717.75
314460,214460,11/30/2024,Debit Card,Paid,5722.3
314461,214461,12/14/2025,Net Banking,Paid,17407.92
314462,214462,5/22/2025,Cash on Delivery,Pending,2636.34
314463,214463,10/29/2025,Wallet,Paid,2187.73
314464,214464,10/17/2025,Debit Card,Paid,1212.45
314465,214465,12/17/2025,Net Banking,Paid,12852.73
314466,214466,9/17/2025,Debit Card,Paid,953.96
314467,214467,5/10/2024,Credit Card,Paid,2027.32
314468,214468,2/8/2025,Net Banking,Paid,3037.85
314469,214469,3/26/2024,Cash on Delivery,Paid,19179.83
314470,214470,11/3/2025,Debit Card,Paid,4579.1
314471,214471,3/23/2025,Net Banking,Paid,5319.64
314472,214472,9/5/2024,UPI,Paid,1130.49
314473,214473,11/30/2024,Debit Card,Paid,719.19
314474,214474,5/25/2025,Cash on Delivery,Paid,2581
314475,214475,12/3/2025,Net Banking,Paid,984.61
314476,214476,6/18/2025,Wallet,Pending,1996.38
314477,214477,4/13/2025,UPI,Paid,6828.91
314478,214478,7/30/2024,Debit Card,Paid,5128.19
314479,214479,9/2/2025,Debit Card,Paid,7436.65
314480,214480,4/16/2025,UPI,Paid,1423.79
314481,214481,11/20/2025,UPI,Paid,4791.12
314482,214482,2/21/2025,Credit Card,Paid,15855.48
314483,214483,7/14/2024,Credit Card,Paid,12612.87
314484,214484,5/7/2025,Credit Card,Paid,730.82
314485,214485,11/13/2025,UPI,Paid,13935.8
314486,214486,12/23/2025,Wallet,Paid,268.13
314487,214487,3/21/2024,Cash on Delivery,Failed,6971.67
314488,214488,12/9/2024,UPI,Paid,10227.38
314489,214489,6/26/2025,UPI,Paid,6638.62
314490,214490,8/28/2025,Wallet,Paid,3364.64
314491,214491,4/4/2025,UPI,Paid,4029.06
314492,214492,8/16/2025,UPI,Paid,12800.22
314493,214493,12/24/2025,Debit Card,Pending,28292.05
314494,214494,10/12/2025,Net Banking,Failed,3308.97
314495,214495,6/11/2024,Credit Card,Paid,4622.03
314496,214496,2/19/2025,Debit Card,Paid,4214.59
314497,214497,12/25/2025,Net Banking,Paid,9661.62
314498,214498,3/23/2025,UPI,Paid,9430.23
314499,214499,2/1/2025,Debit Card,Paid,8797.68
314500,214500,8/16/2024,Credit Card,Paid,4701.26
314501,214501,6/4/2025,Credit Card,Paid,23265.97
314502,214502,8/31/2025,Cash on Delivery,Paid,4675.13
314503,214503,12/25/2024,Cash on Delivery,Paid,1663.42
314504,214504,5/19/2025,Cash on Delivery,Paid,5035.71
314505,214505,3/3/2024,Net Banking,Paid,6498.34
314506,214506,11/5/2024,Debit Card,Paid,7533.45
314507,214507,7/16/2024,Cash on Delivery,Paid,99.99
314508,214508,4/14/2025,Net Banking,Paid,1374.62
314509,214509,6/19/2023,Net Banking,Paid,788.87
314510,214510,7/23/2025,Credit Card,Paid,2753.58
314511,214511,2/26/2024,UPI,Paid,7003.23
314512,214512,5/31/2025,UPI,Pending,293.35
314513,214513,11/30/2025,Debit Card,Paid,12803.09
314514,214514,4/23/2025,Cash on Delivery,Paid,12551.22
314515,214515,10/20/2025,Credit Card,Paid,155.48
314516,214516,9/13/2024,Cash on Delivery,Paid,1398.22
314517,214517,3/6/2024,UPI,Paid,5072.95
314518,214518,2/23/2025,Net Banking,Paid,1878.48
314519,214519,9/10/2025,Credit Card,Paid,1912.72
314520,214520,10/6/2025,UPI,Paid,8574.65
314521,214521,3/31/2025,Cash on Delivery,Paid,18438.21
314522,214522,10/2/2024,Cash on Delivery,Paid,5468
314523,214523,3/5/2025,Credit Card,Failed,477.16
314524,214524,3/28/2025,Net Banking,Paid,3237.92
314525,214525,1/3/2024,Net Banking,Paid,2975.59
314526,214526,11/26/2025,Cash on Delivery,Paid,2619.23
314527,214527,11/6/2024,Credit Card,Paid,19865.1
314528,214528,3/28/2024,Credit Card,Paid,6324.5
314529,214529,1/10/2025,UPI,Failed,3406.08
314530,214530,10/1/2025,Net Banking,Paid,21088.25
314531,214531,6/15/2024,Credit Card,Pending,13448.98
314532,214532,9/16/2025,Debit Card,Paid,1596.05
314533,214533,5/11/2025,Net Banking,Paid,6350.69
314534,214534,2/18/2024,UPI,Paid,1308.46
314535,214535,5/11/2024,Net Banking,Paid,19979.31
314536,214536,6/21/2024,Credit Card,Paid,12201.91
314537,214537,10/14/2025,UPI,Paid,1661.73
314538,214538,10/2/2023,Credit Card,Paid,6600.36
314539,214539,1/8/2025,Wallet,Paid,3922.1
314540,214540,10/18/2023,Credit Card,Paid,3691.37
314541,214541,12/10/2025,Cash on Delivery,Paid,4677.16
314542,214542,11/15/2025,Debit Card,Paid,14973.27
314543,214543,4/24/2025,UPI,Paid,3699.08
314544,214544,12/23/2025,Wallet,Paid,5780.23
314545,214545,4/27/2025,Credit Card,Paid,10348.48
314546,214546,11/18/2025,Net Banking,Paid,1747.74
314547,214547,1/26/2025,UPI,Paid,5771.6
314548,214548,1/9/2025,Debit Card,Paid,12469.31
314549,214549,12/22/2025,UPI,Paid,325.25
314550,214550,2/22/2024,Debit Card,Paid,541.43
314551,214551,3/3/2024,Credit Card,Paid,3548.21
314552,214552,8/2/2025,UPI,Paid,669.75
314553,214553,12/2/2025,Net Banking,Paid,8640.73
314554,214554,1/28/2024,UPI,Paid,12409.25
314555,214555,4/5/2025,UPI,Paid,5470.24
314556,214556,4/15/2024,Credit Card,Paid,1347.8
314557,214557,1/26/2024,Credit Card,Paid,11092.77
314558,214558,8/6/2024,UPI,Paid,2760.26
314559,214559,11/13/2025,UPI,Paid,3682.5
314560,214560,11/6/2025,Credit Card,Paid,5063.6
314561,214561,10/1/2025,Credit Card,Paid,4473.59
314562,214562,6/5/2024,Credit Card,Paid,1937.2
314563,214563,12/30/2025,UPI,Paid,8046.33
314564,214564,8/23/2025,Credit Card,Paid,12115.18
314565,214565,9/11/2025,Credit Card,Paid,1380.8
314566,214566,12/3/2025,UPI,Paid,10230.63
314567,214567,10/7/2025,Wallet,Paid,19379.25
314568,214568,9/5/2025,Credit Card,Paid,3642.57
314569,214569,3/20/2024,UPI,Paid,10559.45
314570,214570,7/28/2024,UPI,Paid,4932.04
314571,214571,9/1/2025,UPI,Paid,4979.23
314572,214572,9/25/2025,UPI,Paid,89.45
314573,214573,6/4/2025,UPI,Paid,3991.05
314574,214574,10/8/2025,Debit Card,Paid,5555.91
314575,214575,7/29/2025,UPI,Paid,1140.57
314576,214576,2/9/2025,Debit Card,Paid,5300.84
314577,214577,12/30/2025,UPI,Paid,917.28
314578,214578,7/15/2025,UPI,Paid,1862.22
314579,214579,5/9/2025,Net Banking,Paid,7960.18
314580,214580,10/15/2023,UPI,Paid,1788.2
314581,214581,5/25/2025,Cash on Delivery,Paid,23454.32
314582,214582,4/30/2025,UPI,Paid,4345.08
314583,214583,10/31/2025,Credit Card,Paid,9654.53
314584,214584,6/29/2025,Cash on Delivery,Paid,10523.55
314585,214585,6/9/2024,UPI,Paid,1002.14
314586,214586,6/26/2024,UPI,Paid,8105.76
314587,214587,10/25/2024,Cash on Delivery,Paid,1971.86
314588,214588,10/25/2024,Debit Card,Pending,3859.89
314589,214589,7/20/2024,Wallet,Paid,3801.36
314590,214590,9/12/2025,UPI,Paid,2536.66
314591,214591,10/3/2025,UPI,Paid,3212.85
314592,214592,10/5/2024,UPI,Paid,4970.66
314593,214593,8/18/2025,Cash on Delivery,Paid,1799.45
314594,214594,4/4/2025,Cash on Delivery,Paid,370.22
314595,214595,12/27/2025,Debit Card,Pending,1983.74
314596,214596,12/21/2025,Credit Card,Paid,14327.57
314597,214597,10/11/2025,Credit Card,Paid,5105.96
314598,214598,9/29/2025,Credit Card,Paid,1811.82
314599,214599,8/21/2024,Credit Card,Paid,668.48
314600,214600,9/17/2025,Credit Card,Paid,17929.21
314601,214601,2/4/2025,Debit Card,Paid,6970.08
314602,214602,12/23/2025,Cash on Delivery,Paid,2015.1
314603,214603,10/14/2025,Cash on Delivery,Paid,21416.86
314604,214604,12/29/2025,UPI,Paid,14337.41
314605,214605,12/24/2025,Debit Card,Paid,11450.86
314606,214606,5/23/2025,Credit Card,Paid,372.65
314607,214607,11/12/2024,Cash on Delivery,Pending,5937.19
314608,214608,6/23/2025,Credit Card,Paid,2394.72
314609,214609,11/27/2024,Debit Card,Paid,778.69
314610,214610,7/24/2025,Wallet,Paid,15108.36
314611,214611,8/21/2025,Cash on Delivery,Paid,630.39
314612,214612,11/16/2025,Net Banking,Paid,701.09
314613,214613,10/2/2025,Wallet,Paid,534.87
314614,214614,9/26/2023,UPI,Paid,2309.35
314615,214615,10/8/2025,UPI,Paid,5761.57
314616,214616,5/29/2024,Debit Card,Paid,11653.85
314617,214617,10/22/2025,Net Banking,Paid,635.97
314618,214618,3/3/2025,Credit Card,Paid,2044.59
314619,214619,11/2/2025,Debit Card,Paid,10883.59
314620,214620,12/11/2024,Debit Card,Pending,1763.6
314621,214621,4/21/2025,Wallet,Paid,4038.14
314622,214622,8/31/2025,UPI,Paid,3983.36
314623,214623,4/18/2025,Net Banking,Paid,10728.05
314624,214624,5/18/2025,UPI,Paid,30819.58
314625,214625,10/5/2025,Wallet,Paid,7131.27
314626,214626,9/7/2025,Credit Card,Paid,3363.65
314627,214627,6/8/2025,UPI,Paid,766.97
314628,214628,7/1/2025,UPI,Paid,1463.84
314629,214629,9/26/2024,Cash on Delivery,Paid,894.02
314630,214630,12/1/2025,UPI,Paid,1176.09
314631,214631,10/16/2025,Cash on Delivery,Paid,668.92
314632,214632,10/20/2025,UPI,Paid,5374.23
314633,214633,8/22/2023,Wallet,Paid,18697.93
314634,214634,5/2/2025,Credit Card,Paid,1973.94
314635,214635,12/6/2025,UPI,Pending,1805.87
314636,214636,11/4/2025,Net Banking,Paid,7945.99
314637,214637,12/8/2025,Net Banking,Paid,10738.24
314638,214638,6/5/2025,Credit Card,Paid,1729.66
314639,214639,6/29/2025,UPI,Paid,19135.52
314640,214640,4/30/2024,UPI,Paid,9135.18
314641,214641,3/21/2025,Credit Card,Paid,1653.7
314642,214642,7/26/2025,Net Banking,Paid,6124.76
314643,214643,11/5/2025,Wallet,Paid,5300.89
314644,214644,6/28/2023,UPI,Paid,5627.65
314645,214645,9/25/2023,UPI,Paid,96.52
314646,214646,8/13/2024,Wallet,Paid,21306.68
314647,214647,9/3/2024,Debit Card,Paid,5023.41
314648,214648,8/30/2025,UPI,Paid,1514.44
314649,214649,8/26/2025,UPI,Paid,5273.06
314650,214650,5/16/2025,Credit Card,Paid,16227.16
314651,214651,9/3/2023,UPI,Paid,17556.53
314652,214652,1/10/2024,UPI,Paid,4156.95
314653,214653,2/25/2025,Debit Card,Paid,10686.25
314654,214654,11/14/2025,Debit Card,Paid,18601.24
314655,214655,7/9/2024,UPI,Paid,22878.3
314656,214656,7/4/2024,UPI,Paid,2579.6
314657,214657,12/23/2025,Debit Card,Paid,6102.01
314658,214658,9/9/2025,Credit Card,Paid,4150.49
314659,214659,8/21/2023,UPI,Paid,7523.63
314660,214660,1/24/2024,Debit Card,Paid,12536.14
314661,214661,7/1/2025,Wallet,Paid,5313.39
314662,214662,12/4/2024,UPI,Paid,12672.44
314663,214663,3/1/2025,Credit Card,Paid,11382.63
314664,214664,9/26/2025,Credit Card,Paid,8713.59
314665,214665,11/28/2025,UPI,Paid,1878.57
314666,214666,9/15/2025,Debit Card,Paid,2501.21
314667,214667,12/2/2025,Cash on Delivery,Paid,15191.1
314668,214668,1/10/2025,UPI,Paid,6423.63
314669,214669,2/27/2025,UPI,Paid,3969.03
314670,214670,8/7/2025,UPI,Paid,6149.64
314671,214671,10/21/2024,Wallet,Paid,3211.96
314672,214672,10/6/2025,UPI,Paid,20544.65
314673,214673,3/17/2025,Cash on Delivery,Paid,19748.19
314674,214674,6/6/2025,Wallet,Paid,8025.47
314675,214675,9/12/2025,UPI,Paid,17304.51
314676,214676,8/3/2025,Net Banking,Pending,4065.17
314677,214677,8/27/2025,UPI,Paid,7276.93
314678,214678,12/9/2025,Net Banking,Paid,3048.84
314679,214679,8/26/2024,Net Banking,Paid,640.53
314680,214680,7/16/2023,Debit Card,Paid,1457.28
314681,214681,11/24/2025,UPI,Paid,9567.1
314682,214682,7/22/2025,Credit Card,Paid,1583.4
314683,214683,10/14/2024,Credit Card,Paid,3747.87
314684,214684,1/12/2024,UPI,Paid,4449.76
314685,214685,7/30/2024,UPI,Paid,7629.36
314686,214686,9/25/2023,Cash on Delivery,Paid,5772.87
314687,214687,6/19/2025,Debit Card,Paid,6325.22
314688,214688,6/6/2025,Debit Card,Paid,4993.66
314689,214689,10/5/2025,Cash on Delivery,Paid,715.05
314690,214690,11/23/2024,Cash on Delivery,Paid,991.14
314691,214691,4/16/2024,UPI,Failed,2241.13
314692,214692,4/7/2025,Debit Card,Paid,6256.61
314693,214693,11/27/2025,Cash on Delivery,Paid,13014.55
314694,214694,4/24/2024,UPI,Pending,6518.26
314695,214695,2/23/2025,Wallet,Paid,3163
314696,214696,12/9/2025,Wallet,Paid,9955.69
314697,214697,2/3/2025,Net Banking,Paid,6234.99
314698,214698,1/17/2024,UPI,Paid,2201.4
314699,214699,8/23/2024,Debit Card,Paid,10675.74
314700,214700,10/15/2024,Net Banking,Paid,1417.55
314701,214701,12/30/2025,Debit Card,Paid,19230.98
314702,214702,7/26/2025,UPI,Paid,2942.12
314703,214703,1/27/2025,Net Banking,Paid,6044.39
314704,214704,10/6/2024,Wallet,Paid,3117.51
314705,214705,4/1/2025,UPI,Paid,5419.65
314706,214706,6/27/2024,Debit Card,Paid,1111.62
314707,214707,9/27/2025,Debit Card,Paid,5162.84
314708,214708,12/11/2024,UPI,Pending,3209.17
314709,214709,10/1/2023,UPI,Paid,4672.28
314710,214710,10/13/2025,UPI,Paid,3368.5
314711,214711,6/7/2025,Credit Card,Paid,7937.12
314712,214712,11/8/2025,UPI,Paid,5242.56
314713,214713,12/22/2024,Credit Card,Paid,1690.57
314714,214714,4/12/2023,Debit Card,Paid,872.65
314715,214715,6/28/2025,Wallet,Paid,3873.35
314716,214716,1/22/2024,UPI,Paid,4710.58
314717,214717,11/4/2025,UPI,Paid,548.59
314718,214718,5/26/2023,Debit Card,Paid,13751.04
314719,214719,11/9/2025,Credit Card,Paid,5304.99
314720,214720,1/1/2025,Wallet,Paid,2405.2
314721,214721,8/7/2025,Net Banking,Paid,16212.67
314722,214722,10/29/2025,Debit Card,Paid,641.81
314723,214723,6/12/2025,Net Banking,Paid,3310.45
314724,214724,2/4/2025,Net Banking,Paid,21767.87
314725,214725,10/28/2025,Credit Card,Paid,3718.27
314726,214726,12/8/2025,Credit Card,Pending,14493.51
314727,214727,11/2/2025,Cash on Delivery,Paid,3383.66
314728,214728,7/20/2025,Credit Card,Paid,607.19
314729,214729,10/2/2025,UPI,Paid,6113.34
314730,214730,7/7/2024,Credit Card,Failed,529.33
314731,214731,5/14/2025,UPI,Failed,2043.73
314732,214732,2/14/2024,UPI,Paid,1074.23
314733,214733,4/20/2024,Credit Card,Paid,2369.58
314734,214734,1/3/2025,UPI,Paid,9002.9
314735,214735,11/30/2024,UPI,Paid,168.92
314736,214736,4/13/2025,UPI,Paid,11043.4
314737,214737,5/21/2025,Credit Card,Paid,972.61
314738,214738,10/25/2024,Net Banking,Paid,3015.68
314739,214739,10/22/2025,UPI,Paid,1109.4
314740,214740,12/26/2025,Wallet,Paid,5635.88
314741,214741,8/20/2025,Net Banking,Paid,22228.47
314742,214742,11/8/2025,Credit Card,Paid,10845.76
314743,214743,1/12/2024,UPI,Paid,2996.04
314744,214744,9/22/2025,Debit Card,Paid,3068.34
314745,214745,8/1/2024,Wallet,Pending,5599.7
314746,214746,10/13/2025,Cash on Delivery,Paid,1063.46
314747,214747,7/13/2025,Credit Card,Paid,15137.73
314748,214748,6/24/2024,Credit Card,Pending,8330.23
314749,214749,10/20/2025,Credit Card,Paid,14532.9
314750,214750,11/3/2025,UPI,Paid,15228.93
314751,214751,11/28/2025,UPI,Paid,4701.08
314752,214752,12/13/2025,UPI,Paid,2486.84
314753,214753,6/8/2025,Wallet,Paid,11553.97
314754,214754,10/4/2025,UPI,Paid,509.77
314755,214755,10/28/2023,Debit Card,Paid,2169.77
314756,214756,5/28/2025,UPI,Paid,3122.74
314757,214757,8/10/2025,UPI,Paid,280.98
314758,214758,9/18/2025,Wallet,Paid,2444.87
314759,214759,10/5/2025,Net Banking,Paid,11520.14
314760,214760,1/5/2024,Cash on Delivery,Paid,6175.21
314761,214761,10/17/2025,Credit Card,Paid,4139.52
314762,214762,11/13/2023,UPI,Paid,712.13
314763,214763,8/18/2025,UPI,Paid,3871.87
314764,214764,9/30/2025,Net Banking,Paid,8370.27
314765,214765,11/16/2025,Net Banking,Paid,1990.73
314766,214766,11/28/2025,Net Banking,Paid,1402.76
314767,214767,10/10/2025,UPI,Paid,1949.69
314768,214768,3/13/2025,UPI,Paid,3131.06
314769,214769,8/13/2024,Debit Card,Paid,8854.61
314770,214770,2/23/2024,Credit Card,Paid,9951.02
314771,214771,7/3/2025,Debit Card,Paid,7199.46
314772,214772,12/25/2024,Credit Card,Paid,13087.97
314773,214773,12/2/2024,Cash on Delivery,Paid,6930.87
314774,214774,12/8/2024,Debit Card,Paid,1495.34
314775,214775,11/19/2024,Credit Card,Paid,6815.28
314776,214776,4/14/2024,UPI,Paid,271.05
314777,214777,10/23/2025,Net Banking,Paid,13142.78
314778,214778,4/13/2024,Credit Card,Paid,9241.85
314779,214779,10/31/2025,Debit Card,Paid,5560.02
314780,214780,4/18/2024,UPI,Paid,466.35
314781,214781,12/27/2024,Credit Card,Paid,5444.44
314782,214782,9/14/2025,Credit Card,Paid,9285.14
314783,214783,1/17/2025,UPI,Paid,28620.27
314784,214784,10/23/2025,UPI,Paid,893.26
314785,214785,5/8/2025,UPI,Paid,2075.12
314786,214786,3/8/2025,Cash on Delivery,Paid,1039.93
314787,214787,5/18/2025,Credit Card,Paid,2486.19
314788,214788,12/4/2024,Wallet,Paid,1023.69
314789,214789,12/2/2025,Credit Card,Paid,1806.05
314790,214790,6/16/2024,UPI,Paid,8699.22
314791,214791,12/8/2024,Credit Card,Paid,5154.19
314792,214792,5/22/2025,Wallet,Paid,3298.24
314793,214793,10/19/2025,UPI,Paid,4026.97
314794,214794,10/13/2024,Credit Card,Paid,399.57
314795,214795,11/24/2023,Debit Card,Paid,262.98
314796,214796,1/23/2025,UPI,Paid,1128.77
314797,214797,5/19/2024,Net Banking,Paid,5024.69
314798,214798,5/2/2025,UPI,Paid,4818.86
314799,214799,10/26/2023,UPI,Paid,8178.7
314800,214800,1/27/2025,UPI,Paid,340.74
314801,214801,12/1/2025,UPI,Paid,8297.43
314802,214802,8/19/2025,Credit Card,Paid,5112.35
314803,214803,12/18/2025,Cash on Delivery,Paid,2767.31
314804,214804,8/15/2024,UPI,Failed,1409.28
314805,214805,5/9/2025,Credit Card,Paid,1871.33
314806,214806,12/15/2025,Credit Card,Paid,4320.91
314807,214807,10/8/2025,UPI,Paid,3122.85
314808,214808,12/6/2025,Credit Card,Paid,6344.33
314809,214809,12/8/2025,Wallet,Paid,7714.59
314810,214810,8/2/2023,UPI,Paid,11765.62
314811,214811,12/22/2024,Debit Card,Paid,139.72
314812,214812,3/21/2024,Credit Card,Paid,8329.28
314813,214813,12/23/2023,Debit Card,Failed,8792.59
314814,214814,12/26/2025,Debit Card,Paid,14993.38
314815,214815,10/23/2025,UPI,Paid,35118.07
314816,214816,12/31/2025,Credit Card,Paid,5786.29
314817,214817,12/13/2025,Credit Card,Paid,16155.98
314818,214818,4/1/2025,UPI,Paid,23641.09
314819,214819,6/2/2025,UPI,Paid,8855.85
314820,214820,2/1/2025,Cash on Delivery,Paid,5285.64
314821,214821,12/3/2023,UPI,Paid,3534.54
314822,214822,1/28/2025,UPI,Paid,1885.05
314823,214823,11/26/2025,Cash on Delivery,Pending,2267.25
314824,214824,10/1/2025,Cash on Delivery,Paid,5561.73
314825,214825,10/21/2024,Net Banking,Paid,3259.88
314826,214826,12/28/2024,Debit Card,Paid,8334.85
314827,214827,7/3/2025,Net Banking,Paid,8389.78
314828,214828,4/13/2025,UPI,Failed,11810.29
314829,214829,1/30/2025,Credit Card,Paid,4855.51
314830,214830,2/25/2025,UPI,Paid,6830.13
314831,214831,6/27/2024,UPI,Paid,2222.84
314832,214832,7/1/2025,Net Banking,Paid,5201.58
314833,214833,5/20/2024,Credit Card,Paid,7923.82
314834,214834,2/15/2025,UPI,Paid,12251.96
314835,214835,9/20/2024,Net Banking,Paid,5834.7
314836,214836,1/29/2025,Net Banking,Paid,7561.11
314837,214837,10/19/2025,UPI,Paid,14841.59
314838,214838,5/7/2025,UPI,Paid,12841.91
314839,214839,2/14/2024,UPI,Paid,957.01
314840,214840,10/9/2024,UPI,Paid,4902.88
314841,214841,8/6/2024,Debit Card,Paid,717.26
314842,214842,5/8/2025,UPI,Paid,4321.09
314843,214843,1/24/2025,Debit Card,Paid,10587.92
314844,214844,11/17/2024,Net Banking,Paid,6934.48
314845,214845,7/14/2025,Credit Card,Pending,24907.41
314846,214846,6/15/2025,Debit Card,Paid,5229.26
314847,214847,5/23/2025,Debit Card,Paid,3563.91
314848,214848,1/12/2025,Cash on Delivery,Paid,984.31
314849,214849,10/10/2024,Credit Card,Paid,2204.84
314850,214850,7/2/2025,UPI,Paid,17454.12
314851,214851,5/9/2025,Debit Card,Paid,111.23
314852,214852,5/15/2025,UPI,Paid,2464.2
314853,214853,12/2/2025,Credit Card,Paid,236.24
314854,214854,7/23/2025,UPI,Paid,2343.18
314855,214855,2/22/2025,Net Banking,Paid,1137.8
314856,214856,9/21/2023,Cash on Delivery,Paid,10763.69
314857,214857,12/3/2025,Credit Card,Paid,4216.14
314858,214858,12/29/2025,Cash on Delivery,Paid,676.5
314859,214859,1/2/2024,Net Banking,Paid,4546.27
314860,214860,3/27/2025,Net Banking,Paid,21389.16
314861,214861,2/23/2025,Net Banking,Paid,9260.94
314862,214862,6/20/2025,UPI,Paid,6040.26
314863,214863,4/30/2025,UPI,Paid,15293.51
314864,214864,6/13/2024,Debit Card,Paid,2622.88
314865,214865,1/22/2024,Wallet,Paid,3170.69
314866,214866,6/4/2025,Net Banking,Paid,9359.28
314867,214867,8/13/2025,Credit Card,Paid,705.83
314868,214868,11/17/2025,Debit Card,Paid,6391.18
314869,214869,10/15/2024,UPI,Paid,7759.7
314870,214870,11/7/2025,UPI,Paid,189.13
314871,214871,12/25/2025,Cash on Delivery,Paid,1963.6
314872,214872,4/20/2025,UPI,Paid,3556.12
314873,214873,7/9/2025,Debit Card,Paid,9114.9
314874,214874,6/22/2025,UPI,Paid,12564.17
314875,214875,12/9/2025,Net Banking,Paid,936.12
314876,214876,6/25/2025,UPI,Pending,3509.2
314877,214877,6/16/2023,UPI,Paid,12296.34
314878,214878,12/23/2025,Cash on Delivery,Paid,4070.9
314879,214879,4/3/2025,Cash on Delivery,Paid,5473.99
314880,214880,12/10/2025,UPI,Paid,29090.55
314881,214881,9/11/2024,Cash on Delivery,Paid,2126.17
314882,214882,6/3/2025,UPI,Failed,7106.31
314883,214883,11/24/2025,Wallet,Paid,5579.97
314884,214884,8/15/2025,Wallet,Failed,32323.01
314885,214885,12/2/2024,UPI,Paid,3342.72
314886,214886,9/9/2025,Cash on Delivery,Paid,1938.26
314887,214887,9/23/2025,UPI,Paid,4735.3
314888,214888,8/23/2025,Debit Card,Paid,6887.69
314889,214889,6/2/2025,Debit Card,Paid,278
314890,214890,6/8/2025,Wallet,Paid,3562.05
314891,214891,12/26/2025,Debit Card,Paid,1689.53
314892,214892,12/22/2025,UPI,Paid,3311.66
314893,214893,12/16/2024,UPI,Paid,4685.76
314894,214894,8/4/2024,UPI,Failed,4028.89
314895,214895,9/5/2024,Debit Card,Paid,12461.38
314896,214896,8/2/2024,Credit Card,Paid,1547.01
314897,214897,7/13/2025,UPI,Paid,6438.7
314898,214898,7/7/2025,Debit Card,Paid,5172.83
314899,214899,6/16/2025,UPI,Paid,2763.25
314900,214900,8/3/2025,Wallet,Paid,1215.15
314901,214901,1/4/2025,Debit Card,Paid,14906.95
314902,214902,12/26/2025,Debit Card,Paid,690.09
314903,214903,10/29/2025,Cash on Delivery,Paid,6563.07
314904,214904,3/31/2024,Debit Card,Paid,2145.61
314905,214905,1/21/2025,UPI,Paid,9697.31
314906,214906,9/4/2025,Credit Card,Paid,492.4
314907,214907,5/21/2025,Credit Card,Paid,2114.36
314908,214908,9/29/2024,Net Banking,Paid,3334.42
314909,214909,6/1/2024,Wallet,Paid,7957.69
314910,214910,4/6/2023,Debit Card,Paid,2844.1
314911,214911,11/22/2023,Debit Card,Paid,912.99
314912,214912,6/18/2024,Credit Card,Paid,24106.53
314913,214913,8/18/2025,Net Banking,Paid,14448.7
314914,214914,2/17/2025,UPI,Paid,5029.86
314915,214915,12/13/2024,UPI,Pending,9614.41
314916,214916,2/27/2025,Credit Card,Paid,4042.26
314917,214917,5/26/2025,Debit Card,Paid,5666.36
314918,214918,11/8/2024,Debit Card,Paid,3488.24
314919,214919,9/7/2025,Credit Card,Paid,356.66
314920,214920,9/6/2025,Net Banking,Paid,11474.44
314921,214921,11/4/2025,Debit Card,Paid,4246.5
314922,214922,12/17/2025,Credit Card,Paid,504
314923,214923,5/2/2025,UPI,Paid,687.07
314924,214924,10/22/2024,Wallet,Paid,2600.27
314925,214925,12/2/2025,Cash on Delivery,Failed,1937.11
314926,214926,6/7/2025,Debit Card,Paid,11913.57
314927,214927,5/25/2025,Wallet,Paid,5990.27
314928,214928,12/13/2025,Debit Card,Paid,10857.79
314929,214929,11/20/2025,Debit Card,Paid,1634.04
314930,214930,9/1/2024,Credit Card,Pending,691.95
314931,214931,8/4/2024,Credit Card,Paid,17275.59
314932,214932,11/27/2024,Credit Card,Paid,336.54
314933,214933,1/8/2024,Credit Card,Paid,7171.96
314934,214934,4/28/2024,Net Banking,Paid,24101.31
314935,214935,1/16/2025,Credit Card,Paid,261.52
314936,214936,12/29/2025,UPI,Paid,6666.29
314937,214937,12/6/2023,Wallet,Failed,4402.51
314938,214938,12/25/2025,Debit Card,Paid,16810.26
314939,214939,2/5/2024,UPI,Paid,1887.35
314940,214940,4/25/2025,Debit Card,Paid,4941.89
314941,214941,10/25/2025,UPI,Paid,6070.52
314942,214942,7/9/2023,Debit Card,Paid,217.9
314943,214943,7/17/2025,Cash on Delivery,Paid,9351.09
314944,214944,11/14/2025,UPI,Paid,4256.94
314945,214945,10/15/2025,Credit Card,Paid,11457.44
314946,214946,9/12/2025,Cash on Delivery,Failed,1883.21
314947,214947,11/26/2025,UPI,Paid,8634.69
314948,214948,2/10/2024,UPI,Paid,3219.32
314949,214949,9/21/2025,Net Banking,Paid,6753.02
314950,214950,8/1/2024,Debit Card,Paid,8398.13
314951,214951,6/20/2025,Debit Card,Paid,4382.76
314952,214952,2/14/2025,Credit Card,Paid,4968.81
314953,214953,9/19/2024,Net Banking,Paid,467.85
314954,214954,12/6/2025,Wallet,Paid,4241.98
314955,214955,2/19/2023,UPI,Paid,3436.23
314956,214956,9/5/2025,Debit Card,Paid,735.79
314957,214957,8/11/2025,Debit Card,Paid,2878.18
314958,214958,5/24/2025,Cash on Delivery,Pending,607.92
314959,214959,12/5/2025,UPI,Paid,13239.67
314960,214960,9/22/2025,Net Banking,Paid,2991.7
314961,214961,5/25/2024,UPI,Paid,3837.3
314962,214962,7/14/2024,Cash on Delivery,Paid,1463.12
314963,214963,3/15/2025,UPI,Paid,381.05
314964,214964,9/11/2025,Credit Card,Failed,11749.29
314965,214965,10/4/2024,UPI,Paid,17750.66
314966,214966,8/3/2023,Cash on Delivery,Paid,7691.48
314967,214967,4/20/2025,Net Banking,Paid,2158.52
314968,214968,8/8/2025,UPI,Paid,5354.75
314969,214969,7/31/2025,UPI,Paid,1492.19
314970,214970,10/23/2024,Credit Card,Paid,13651.79
314971,214971,7/19/2025,UPI,Paid,737.8
314972,214972,8/13/2025,Credit Card,Paid,8876.15
314973,214973,11/27/2025,UPI,Paid,3631.71
314974,214974,11/7/2025,UPI,Paid,5457.55
314975,214975,6/10/2023,UPI,Paid,5321.12
314976,214976,3/24/2023,UPI,Paid,3499.03
314977,214977,12/18/2025,Net Banking,Paid,13125.94
314978,214978,8/4/2025,Net Banking,Paid,368.42
314979,214979,7/30/2025,Net Banking,Paid,3224.46
314980,214980,7/17/2025,Debit Card,Paid,12132.7
314981,214981,11/3/2025,UPI,Paid,1517.91
314982,214982,2/21/2025,Credit Card,Paid,3065.68
314983,214983,8/28/2025,Debit Card,Paid,4843.26
314984,214984,12/13/2023,Credit Card,Paid,4568.83
314985,214985,8/24/2025,Debit Card,Paid,2920.68
314986,214986,2/29/2024,Credit Card,Paid,1901.87
314987,214987,10/4/2025,Credit Card,Paid,8204.34
314988,214988,11/8/2025,UPI,Failed,3264.11
314989,214989,7/13/2025,UPI,Paid,23117.62
314990,214990,8/2/2025,Net Banking,Paid,15583.82
314991,214991,6/5/2025,Debit Card,Paid,2782.3
314992,214992,11/10/2025,UPI,Paid,1414.5
314993,214993,12/11/2025,Debit Card,Paid,85.05
314994,214994,12/30/2025,Credit Card,Paid,16022.18
314995,214995,5/10/2024,UPI,Paid,8600.52
314996,214996,8/15/2024,Debit Card,Paid,508.6
314997,214997,11/26/2025,UPI,Paid,1805.16
314998,214998,3/18/2024,UPI,Paid,2696.63
314999,214999,5/5/2025,UPI,Paid,17948.73
315000,215000,8/27/2025,UPI,Paid,5306.15
315001,215001,11/16/2024,UPI,Paid,3664.06
315002,215002,11/22/2025,Cash on Delivery,Paid,3287.67
315003,215003,12/8/2025,Wallet,Paid,10480.17
315004,215004,12/10/2025,Credit Card,Paid,1963.67
315005,215005,12/29/2024,Wallet,Paid,3198.35
315006,215006,12/19/2023,Credit Card,Paid,1403.15
315007,215007,12/9/2024,Credit Card,Paid,1743.27
315008,215008,12/22/2025,Credit Card,Paid,6485.62
315009,215009,11/28/2025,Debit Card,Paid,915.46
315010,215010,9/23/2024,Net Banking,Paid,3879.89
315011,215011,6/11/2025,Wallet,Paid,5968.44
315012,215012,11/28/2024,Net Banking,Paid,3619.65
315013,215013,6/11/2024,UPI,Paid,20756.06
315014,215014,5/3/2025,Credit Card,Paid,1942.13
315015,215015,6/21/2025,UPI,Paid,30812.42
315016,215016,10/24/2024,UPI,Paid,17994.72
315017,215017,7/26/2025,Credit Card,Paid,324.04
315018,215018,1/11/2025,Debit Card,Paid,5729.97
315019,215019,10/3/2025,Credit Card,Paid,4707.05
315020,215020,11/2/2024,Cash on Delivery,Paid,7336
315021,215021,7/30/2025,UPI,Paid,3983.1
315022,215022,10/6/2024,Debit Card,Paid,6725.3
315023,215023,12/18/2025,UPI,Paid,2710.49
315024,215024,10/24/2024,UPI,Paid,8214.18
315025,215025,11/15/2025,Credit Card,Paid,2677.31
315026,215026,7/30/2024,Cash on Delivery,Paid,10405.82
315027,215027,3/11/2025,Wallet,Paid,4953.35
315028,215028,7/18/2024,Cash on Delivery,Paid,5549.63
315029,215029,5/12/2025,Credit Card,Paid,6154.49
315030,215030,7/3/2025,Debit Card,Paid,499.92
315031,215031,9/28/2025,Debit Card,Paid,3046.51
315032,215032,12/16/2025,UPI,Failed,5335.95
315033,215033,10/7/2025,Cash on Delivery,Paid,1140.41
315034,215034,7/17/2025,Debit Card,Paid,1740.41
315035,215035,4/15/2024,UPI,Paid,5392.2
315036,215036,7/8/2024,UPI,Paid,1773.9
315037,215037,12/29/2025,Debit Card,Paid,3181.88
315038,215038,3/11/2025,UPI,Pending,37812.99
315039,215039,3/4/2024,UPI,Paid,16131.48
315040,215040,10/29/2025,Wallet,Paid,3095.63
315041,215041,5/5/2025,Credit Card,Paid,24313.02
315042,215042,4/16/2025,UPI,Paid,6431.18
315043,215043,4/18/2025,Net Banking,Paid,5497.64
315044,215044,4/28/2025,Net Banking,Paid,8091.15
315045,215045,12/31/2025,Net Banking,Paid,4118.13
315046,215046,7/12/2025,Debit Card,Paid,885.69
315047,215047,4/19/2025,Net Banking,Paid,1216.83
315048,215048,11/16/2024,Wallet,Paid,822.34
315049,215049,8/13/2025,Cash on Delivery,Paid,3539.56
315050,215050,3/12/2025,Credit Card,Paid,21611.4
315051,215051,6/8/2025,Net Banking,Paid,8997.83
315052,215052,8/18/2025,UPI,Paid,6203.97
315053,215053,9/21/2024,Debit Card,Paid,8600.66
315054,215054,10/2/2025,UPI,Paid,5312.83
315055,215055,11/21/2025,UPI,Paid,3224.13
315056,215056,12/20/2024,Debit Card,Paid,14975.13
315057,215057,12/26/2025,Debit Card,Paid,8489.03
315058,215058,4/25/2024,UPI,Paid,3785.36
315059,215059,7/26/2024,Debit Card,Paid,607.33
315060,215060,12/11/2025,UPI,Paid,6953.34
315061,215061,5/6/2025,Credit Card,Paid,5227.32
315062,215062,11/19/2024,Net Banking,Paid,4401.09
315063,215063,10/3/2025,Credit Card,Paid,4364.04
315064,215064,5/13/2025,Credit Card,Paid,4134.01
315065,215065,8/17/2025,Credit Card,Paid,1020.47
315066,215066,6/22/2024,UPI,Paid,6428.74
315067,215067,7/31/2025,Credit Card,Paid,2095.68
315068,215068,2/6/2025,UPI,Paid,3082.36
315069,215069,8/6/2024,UPI,Paid,5353.3
315070,215070,8/25/2025,Wallet,Paid,2064.6
315071,215071,7/16/2025,Net Banking,Paid,1179.11
315072,215072,6/26/2025,Cash on Delivery,Paid,527.43
315073,215073,10/17/2025,UPI,Pending,18058.01
315074,215074,8/28/2024,Cash on Delivery,Paid,6882.41
315075,215075,4/19/2025,Debit Card,Failed,617.46
315076,215076,6/27/2025,Debit Card,Paid,3189.83
315077,215077,8/5/2024,UPI,Paid,1210.02
315078,215078,5/16/2025,Net Banking,Failed,615.21
315079,215079,11/7/2025,Wallet,Paid,3815.26
315080,215080,6/23/2024,UPI,Paid,2024.27
315081,215081,5/27/2025,Debit Card,Paid,1588.31
315082,215082,8/1/2024,Debit Card,Paid,1975.84
315083,215083,8/14/2025,Cash on Delivery,Paid,7977.76
315084,215084,5/10/2025,Cash on Delivery,Paid,1853.96
315085,215085,7/12/2025,Credit Card,Paid,1184.28
315086,215086,9/24/2024,Net Banking,Paid,543.89
315087,215087,11/24/2025,Debit Card,Paid,11506.96
315088,215088,1/25/2024,UPI,Paid,2602.94
315089,215089,11/14/2025,Debit Card,Paid,4576.31
315090,215090,1/24/2025,Debit Card,Paid,1593.18
315091,215091,8/20/2025,Credit Card,Paid,17280.67
315092,215092,11/26/2025,Debit Card,Paid,2774.33
315093,215093,10/16/2025,UPI,Paid,1548.28
315094,215094,3/4/2024,Debit Card,Paid,1241.49
315095,215095,8/20/2025,Debit Card,Paid,2717.15
315096,215096,4/21/2025,Net Banking,Paid,1539.5
315097,215097,9/5/2025,UPI,Paid,6978.84
315098,215098,2/10/2024,Credit Card,Paid,10674.39
315099,215099,3/9/2025,Credit Card,Paid,1474.88
315100,215100,11/27/2025,Cash on Delivery,Paid,9047.9
315101,215101,9/11/2025,Cash on Delivery,Paid,33747.25
315102,215102,1/25/2025,Credit Card,Paid,769.91
315103,215103,3/29/2025,UPI,Paid,8872.26
315104,215104,12/26/2025,Debit Card,Paid,3128.47
315105,215105,11/19/2025,UPI,Paid,1716.46
315106,215106,11/19/2024,UPI,Paid,2140.56
315107,215107,12/9/2025,UPI,Paid,6768.74
315108,215108,4/14/2025,Cash on Delivery,Paid,19540.94
315109,215109,7/18/2023,Credit Card,Paid,1248.24
315110,215110,8/23/2024,Debit Card,Paid,14702.88
315111,215111,6/24/2024,Credit Card,Paid,3513.77
315112,215112,1/22/2025,Credit Card,Paid,8532.96
315113,215113,10/14/2025,Credit Card,Paid,2557.54
315114,215114,11/30/2025,Credit Card,Paid,17136.81
315115,215115,10/27/2025,Net Banking,Paid,972.83
315116,215116,11/17/2025,Net Banking,Pending,9572.67
315117,215117,12/11/2025,Wallet,Paid,999.94
315118,215118,4/28/2025,UPI,Paid,8140.4
315119,215119,10/25/2025,UPI,Paid,8934.63
315120,215120,1/11/2025,Debit Card,Paid,9967.45
315121,215121,8/17/2025,Credit Card,Pending,4431.68
315122,215122,7/14/2024,Debit Card,Paid,35750.78
315123,215123,4/23/2025,Cash on Delivery,Paid,17967.38
315124,215124,7/15/2025,Net Banking,Failed,16200.14
315125,215125,5/20/2025,Credit Card,Paid,6142.03
315126,215126,12/16/2024,Cash on Delivery,Paid,2920.89
315127,215127,12/5/2024,UPI,Paid,3335.89
315128,215128,10/10/2025,Wallet,Paid,4163.75
315129,215129,12/21/2025,Net Banking,Paid,9080.99
315130,215130,11/11/2025,Net Banking,Paid,455.98
315131,215131,7/27/2025,Cash on Delivery,Paid,805
315132,215132,12/28/2025,UPI,Paid,3983.89
315133,215133,11/12/2023,Credit Card,Paid,2687.59
315134,215134,3/2/2025,UPI,Paid,4561.87
315135,215135,7/28/2025,Wallet,Paid,5763.69
315136,215136,8/10/2023,Credit Card,Paid,14634.96
315137,215137,12/22/2024,UPI,Paid,3174.5
315138,215138,12/7/2025,Cash on Delivery,Paid,13622.85
315139,215139,1/17/2025,Wallet,Paid,5663.18
315140,215140,1/30/2024,Wallet,Paid,2003.76
315141,215141,3/16/2025,UPI,Paid,3423.42
315142,215142,7/10/2025,Cash on Delivery,Paid,4343.73
315143,215143,10/10/2025,UPI,Paid,3810.54
315144,215144,12/16/2025,Cash on Delivery,Paid,2468.04
315145,215145,11/6/2025,Net Banking,Paid,22938.18
315146,215146,12/27/2025,Debit Card,Paid,12973.3
315147,215147,1/21/2025,UPI,Paid,2755.44
315148,215148,7/15/2025,UPI,Paid,731.43
315149,215149,12/15/2025,Cash on Delivery,Paid,173.07
315150,215150,11/15/2024,Debit Card,Paid,1941.73
315151,215151,11/25/2025,Wallet,Paid,1307.59
315152,215152,12/26/2025,UPI,Paid,1432.75
315153,215153,7/31/2024,UPI,Paid,12994.05
315154,215154,12/25/2025,Credit Card,Paid,19287.53
315155,215155,7/28/2024,Debit Card,Paid,3157.53
315156,215156,4/29/2025,Debit Card,Paid,8806
315157,215157,2/5/2024,UPI,Paid,4238.82
315158,215158,10/28/2024,Net Banking,Paid,5291.04
315159,215159,8/10/2025,Debit Card,Paid,8860.71
315160,215160,6/19/2025,Credit Card,Paid,1175.97
315161,215161,6/20/2025,Credit Card,Paid,2746.68
315162,215162,12/1/2024,Credit Card,Paid,1500.48
315163,215163,12/13/2024,UPI,Paid,445.14
315164,215164,11/3/2025,Cash on Delivery,Paid,7784.2
315165,215165,2/11/2025,Net Banking,Pending,5889.96
315166,215166,1/25/2025,Credit Card,Paid,14254.53
315167,215167,11/20/2023,UPI,Paid,5408.14
315168,215168,10/15/2024,Credit Card,Paid,2136.1
315169,215169,7/7/2025,Net Banking,Paid,4891.87
315170,215170,12/23/2025,Credit Card,Paid,3925.4
315171,215171,5/7/2025,Cash on Delivery,Paid,17752.39
315172,215172,6/28/2025,Debit Card,Paid,3516.91
315173,215173,9/28/2025,Net Banking,Paid,1158.56
315174,215174,12/30/2024,UPI,Paid,933.78
315175,215175,10/19/2025,Debit Card,Paid,477.46
315176,215176,8/7/2025,Credit Card,Paid,2790.24
315177,215177,12/27/2025,UPI,Failed,7003.82
315178,215178,10/6/2024,Debit Card,Pending,4678.87
315179,215179,12/15/2025,Credit Card,Paid,1887.37
315180,215180,2/4/2024,Cash on Delivery,Paid,7998.9
315181,215181,8/14/2024,Credit Card,Paid,2138.85
315182,215182,2/22/2025,Cash on Delivery,Paid,681.16
315183,215183,12/10/2025,Credit Card,Paid,689.59
315184,215184,2/11/2025,UPI,Paid,2802.4
315185,215185,8/8/2024,Debit Card,Failed,10907.5
315186,215186,8/2/2025,Cash on Delivery,Paid,14289.76
315187,215187,4/5/2025,Credit Card,Paid,7652.63
315188,215188,8/3/2025,Debit Card,Paid,5233.7
315189,215189,3/11/2024,Credit Card,Paid,1911.74
315190,215190,12/5/2025,UPI,Paid,6602.26
315191,215191,9/18/2025,Credit Card,Paid,1452.44
315192,215192,8/6/2025,UPI,Paid,3931.09
315193,215193,1/3/2024,Debit Card,Paid,7089.52
315194,215194,9/30/2024,Credit Card,Paid,7020.79
315195,215195,8/4/2024,Credit Card,Paid,5688.22
315196,215196,4/10/2025,UPI,Paid,9193.38
315197,215197,12/4/2025,Debit Card,Paid,4854.87
315198,215198,6/11/2024,Credit Card,Paid,166.5
315199,215199,4/27/2025,UPI,Paid,23361.72
315200,215200,5/14/2024,Credit Card,Paid,1584.22
315201,215201,11/13/2025,Debit Card,Paid,982.73
315202,215202,8/20/2024,Credit Card,Paid,7935.9
315203,215203,12/9/2024,Net Banking,Paid,10302.06
315204,215204,9/30/2025,Wallet,Paid,1017.93
315205,215205,12/20/2025,Credit Card,Paid,7007.33
315206,215206,1/11/2025,UPI,Paid,2634.23
315207,215207,9/28/2025,UPI,Paid,2878.49
315208,215208,9/27/2025,Cash on Delivery,Paid,580.63
315209,215209,5/20/2025,Net Banking,Paid,661.19
315210,215210,1/14/2024,Credit Card,Paid,3457.27
315211,215211,4/25/2025,Debit Card,Paid,712.89
315212,215212,3/3/2025,Cash on Delivery,Paid,5736.29
315213,215213,5/17/2025,Credit Card,Paid,3103.79
315214,215214,4/1/2025,UPI,Paid,573.68
315215,215215,9/4/2024,UPI,Paid,9181.38
315216,215216,3/25/2024,Wallet,Paid,8743.84
315217,215217,12/2/2024,Credit Card,Paid,7938.87
315218,215218,6/29/2025,Wallet,Paid,549.17
315219,215219,8/16/2025,Cash on Delivery,Pending,27071.83
315220,215220,11/19/2025,Debit Card,Paid,3565.6
315221,215221,7/17/2024,Net Banking,Paid,1286.89
315222,215222,5/19/2025,Credit Card,Paid,1865.62
315223,215223,11/19/2025,UPI,Pending,5642.44
315224,215224,6/14/2025,Cash on Delivery,Paid,2226.77
315225,215225,2/10/2024,UPI,Paid,9999.8
315226,215226,6/18/2025,Credit Card,Paid,4804.44
315227,215227,4/2/2024,Cash on Delivery,Paid,7824.13
315228,215228,10/22/2025,UPI,Paid,21476.02
315229,215229,8/8/2025,Net Banking,Paid,5268.3
315230,215230,11/25/2023,Cash on Delivery,Paid,20056.59
315231,215231,3/18/2024,Wallet,Paid,10440.42
315232,215232,11/11/2024,UPI,Paid,8465.32
315233,215233,12/5/2025,Credit Card,Paid,1139.09
315234,215234,9/17/2025,UPI,Paid,4843.79
315235,215235,11/3/2025,Cash on Delivery,Paid,6992.57
315236,215236,12/31/2025,UPI,Paid,19828.23
315237,215237,8/29/2025,Net Banking,Paid,2656.56
315238,215238,12/22/2024,Credit Card,Paid,4591.06
315239,215239,10/3/2024,Credit Card,Paid,11014.58
315240,215240,7/20/2025,Credit Card,Paid,16302.38
315241,215241,11/19/2024,UPI,Paid,1917.99
315242,215242,12/23/2023,UPI,Paid,5311.87
315243,215243,10/29/2025,UPI,Paid,11391.43
315244,215244,3/16/2024,Credit Card,Paid,9232.3
315245,215245,4/19/2025,UPI,Paid,587.04
315246,215246,10/9/2025,Credit Card,Paid,4782.55
315247,215247,11/18/2023,Credit Card,Paid,2905.07
315248,215248,11/1/2025,Debit Card,Paid,11853.28
315249,215249,10/29/2025,UPI,Paid,2731.96
315250,215250,11/23/2024,Credit Card,Paid,3949.22
315251,215251,11/28/2025,Credit Card,Paid,557.99
315252,215252,10/13/2025,Debit Card,Paid,10072.78
315253,215253,9/14/2025,UPI,Paid,10073.1
315254,215254,10/9/2025,Net Banking,Paid,2661.52
315255,215255,12/16/2025,Debit Card,Paid,1770.9
315256,215256,2/1/2025,Debit Card,Paid,6366.99
315257,215257,12/28/2025,Cash on Delivery,Paid,152.17
315258,215258,10/9/2025,Credit Card,Paid,1545.05
315259,215259,4/5/2025,Credit Card,Paid,1071.79
315260,215260,8/10/2025,Debit Card,Paid,9374.78
315261,215261,4/10/2025,Net Banking,Paid,6850.04
315262,215262,5/23/2025,Net Banking,Failed,658.19
315263,215263,12/27/2025,Credit Card,Paid,2164.45
315264,215264,8/17/2025,Debit Card,Paid,11738.57
315265,215265,11/2/2025,Credit Card,Paid,4754.76
315266,215266,5/26/2025,Credit Card,Pending,13847.72
315267,215267,7/2/2024,Credit Card,Paid,7859.76
315268,215268,12/17/2025,Credit Card,Paid,227.78
315269,215269,6/24/2024,Debit Card,Paid,1446.95
315270,215270,5/12/2024,Debit Card,Paid,8010.59
315271,215271,7/14/2024,UPI,Pending,2741.88
315272,215272,8/21/2024,Credit Card,Paid,893.82
315273,215273,4/10/2025,UPI,Paid,5200.04
315274,215274,1/9/2025,Debit Card,Failed,8353.6
315275,215275,7/6/2024,UPI,Paid,3854.41
315276,215276,10/25/2024,Credit Card,Paid,3084.46
315277,215277,11/25/2024,UPI,Paid,2375.93
315278,215278,3/9/2023,UPI,Paid,654.58
315279,215279,12/20/2025,UPI,Paid,13911.16
315280,215280,11/3/2025,Credit Card,Paid,1847.29
315281,215281,5/15/2025,UPI,Paid,3995.88
315282,215282,10/18/2025,UPI,Paid,527.99
315283,215283,3/30/2025,UPI,Paid,17732.59
315284,215284,10/17/2024,UPI,Paid,8902.71
315285,215285,8/30/2024,Cash on Delivery,Paid,12025.69
315286,215286,8/30/2025,Net Banking,Paid,1496.74
315287,215287,11/30/2025,UPI,Paid,16473.12
315288,215288,5/7/2025,Credit Card,Paid,2099.66
315289,215289,2/6/2024,Debit Card,Paid,2934.3
315290,215290,9/2/2024,Credit Card,Paid,4617.32
315291,215291,1/5/2024,Net Banking,Paid,3404.59
315292,215292,4/19/2025,UPI,Paid,5725.34
315293,215293,11/15/2025,Cash on Delivery,Paid,3949.91
315294,215294,10/8/2025,Credit Card,Paid,5496.31
315295,215295,4/9/2025,Cash on Delivery,Paid,9053.08
315296,215296,7/8/2025,Debit Card,Paid,5350.6
315297,215297,10/26/2025,UPI,Paid,22916.01
315298,215298,12/30/2025,UPI,Pending,4804.79
315299,215299,9/8/2025,Credit Card,Failed,18277.83
315300,215300,7/1/2025,Credit Card,Paid,13509.97
315301,215301,12/23/2025,Net Banking,Paid,3407.85
315302,215302,11/8/2025,Credit Card,Paid,3010.96
315303,215303,1/3/2025,Credit Card,Paid,14353.86
315304,215304,6/22/2025,Credit Card,Paid,1464.66
315305,215305,7/4/2025,UPI,Paid,1428.36
315306,215306,4/21/2024,UPI,Paid,4139.28
315307,215307,7/1/2024,Debit Card,Paid,8462.46
315308,215308,2/2/2025,UPI,Paid,20598.63
315309,215309,5/16/2025,Net Banking,Paid,10580.9
315310,215310,10/25/2025,Cash on Delivery,Paid,5273.55
315311,215311,8/16/2025,UPI,Paid,4149.05
315312,215312,12/30/2025,Net Banking,Paid,3508.54
315313,215313,9/5/2025,Cash on Delivery,Paid,2380.35
315314,215314,12/6/2025,UPI,Paid,792.21
315315,215315,10/28/2025,UPI,Paid,5767.13
315316,215316,5/10/2025,Credit Card,Paid,1515.43
315317,215317,11/17/2025,Cash on Delivery,Paid,517.95
315318,215318,3/4/2025,Credit Card,Paid,3585.18
315319,215319,3/16/2025,Cash on Delivery,Paid,4142.92
315320,215320,6/22/2024,Net Banking,Paid,1753.18
315321,215321,11/7/2025,Credit Card,Paid,2991.11
315322,215322,5/30/2023,UPI,Paid,2426.94
315323,215323,9/13/2025,Credit Card,Paid,7049.31
315324,215324,12/21/2024,UPI,Paid,4249.39
315325,215325,4/21/2025,Cash on Delivery,Pending,527.05
315326,215326,9/16/2025,Debit Card,Paid,2119.64
315327,215327,4/14/2024,Debit Card,Paid,2063.17
315328,215328,5/27/2025,Net Banking,Pending,15375.09
315329,215329,1/13/2024,Credit Card,Paid,20311.69
315330,215330,10/24/2024,Debit Card,Paid,6055.5
315331,215331,4/10/2025,Debit Card,Paid,6493.14
315332,215332,12/16/2025,UPI,Paid,3061.68
315333,215333,5/14/2025,Credit Card,Paid,7415.68
315334,215334,2/3/2025,Credit Card,Failed,10796.53
315335,215335,4/19/2025,Credit Card,Paid,28251.33
315336,215336,8/15/2024,Credit Card,Paid,2227.75
315337,215337,5/29/2024,Wallet,Paid,8273.73
315338,215338,7/27/2023,Cash on Delivery,Paid,1948.21
315339,215339,10/28/2024,Credit Card,Paid,4143
315340,215340,3/30/2023,Cash on Delivery,Paid,2410.95
315341,215341,8/19/2025,Cash on Delivery,Paid,1805.41
315342,215342,5/27/2025,UPI,Paid,5595.8
315343,215343,6/14/2023,UPI,Paid,2979.76
315344,215344,11/12/2025,Credit Card,Paid,4959.45
315345,215345,9/13/2025,Debit Card,Paid,7156.8
315346,215346,4/21/2025,Credit Card,Paid,33444.64
315347,215347,9/22/2025,UPI,Paid,758.1
315348,215348,9/22/2023,Credit Card,Paid,2621.55
315349,215349,10/16/2024,UPI,Paid,5785.89
315350,215350,10/18/2023,Cash on Delivery,Pending,3479.3
315351,215351,6/23/2025,Debit Card,Paid,13741.86
315352,215352,11/28/2025,Net Banking,Pending,4343.15
315353,215353,9/27/2025,Debit Card,Paid,2093.5
315354,215354,10/27/2025,UPI,Paid,2723.68
315355,215355,12/22/2025,Debit Card,Paid,4330.68
315356,215356,8/24/2025,Cash on Delivery,Paid,1002.43
315357,215357,5/16/2025,Wallet,Paid,2826.19
315358,215358,11/5/2023,Credit Card,Paid,856.87
315359,215359,7/4/2025,Wallet,Paid,11511.86
315360,215360,11/9/2025,Debit Card,Paid,2345.03
315361,215361,11/19/2025,Credit Card,Paid,2012.69
315362,215362,11/14/2023,Cash on Delivery,Paid,6287.02
315363,215363,10/11/2025,UPI,Pending,1283.72
315364,215364,11/27/2025,Debit Card,Paid,1016.83
315365,215365,1/29/2025,Wallet,Paid,1164.04
315366,215366,4/30/2025,Net Banking,Paid,376.86
315367,215367,7/1/2025,Credit Card,Paid,12255.91
315368,215368,5/31/2025,UPI,Paid,4476.48
315369,215369,5/29/2025,Debit Card,Paid,21546.44
315370,215370,2/28/2024,UPI,Paid,14229.22
315371,215371,1/9/2025,Cash on Delivery,Paid,4590.13
315372,215372,10/9/2024,UPI,Paid,6975.2
315373,215373,3/12/2025,Cash on Delivery,Paid,3747.69
315374,215374,10/20/2023,Credit Card,Paid,13617.64
315375,215375,7/25/2025,UPI,Paid,6634.1
315376,215376,11/10/2025,Debit Card,Paid,277.6
315377,215377,5/29/2025,UPI,Paid,9513.33
315378,215378,12/30/2025,Debit Card,Paid,5671.2
315379,215379,10/27/2025,Debit Card,Paid,21407.62
315380,215380,2/23/2025,Credit Card,Paid,9685.48
315381,215381,3/29/2025,UPI,Paid,4298.45
315382,215382,7/7/2024,Credit Card,Paid,8781.8
315383,215383,1/22/2025,Wallet,Paid,1044.63
315384,215384,10/6/2024,Wallet,Paid,1124.86
315385,215385,6/23/2024,UPI,Paid,3758.19
315386,215386,5/21/2024,Cash on Delivery,Paid,3826.11
315387,215387,11/21/2025,Debit Card,Paid,25242.78
315388,215388,12/12/2023,UPI,Paid,28473.62
315389,215389,11/14/2023,Credit Card,Paid,16177.39
315390,215390,12/6/2025,Credit Card,Paid,2835.29
315391,215391,12/21/2025,UPI,Paid,1312.97
315392,215392,5/9/2025,Cash on Delivery,Paid,7134.28
315393,215393,4/30/2023,Net Banking,Paid,6947.57
315394,215394,12/4/2024,Credit Card,Paid,469.29
315395,215395,5/15/2025,UPI,Paid,6977.22
315396,215396,7/3/2025,Wallet,Paid,1953.25
315397,215397,7/26/2025,Credit Card,Paid,7073.02
315398,215398,9/13/2025,UPI,Paid,749.8
315399,215399,5/14/2025,Wallet,Paid,4394.32
315400,215400,9/20/2024,Credit Card,Paid,927.05
315401,215401,12/7/2025,Wallet,Paid,9820.94
315402,215402,11/17/2025,Wallet,Paid,722.64
315403,215403,5/6/2025,UPI,Paid,5132.97
315404,215404,12/30/2024,Cash on Delivery,Paid,8827.01
315405,215405,9/24/2025,Net Banking,Paid,1574.02
315406,215406,4/16/2025,Net Banking,Paid,872.88
315407,215407,1/12/2025,Debit Card,Paid,4844.16
315408,215408,11/20/2024,Credit Card,Paid,3040.63
315409,215409,3/6/2025,Wallet,Paid,3657.23
315410,215410,6/4/2023,Cash on Delivery,Paid,6002.87
315411,215411,5/16/2025,Credit Card,Paid,8409.29
315412,215412,7/6/2025,UPI,Paid,12404.58
315413,215413,9/18/2025,Debit Card,Paid,617.74
315414,215414,8/30/2025,Credit Card,Paid,9450.29
315415,215415,7/20/2025,UPI,Paid,642.87
315416,215416,7/19/2025,Credit Card,Paid,7030.69
315417,215417,11/29/2025,Cash on Delivery,Failed,5773.04
315418,215418,12/12/2025,UPI,Paid,17030.18
315419,215419,11/5/2024,Credit Card,Paid,7849.55
315420,215420,5/25/2025,UPI,Paid,15235.64
315421,215421,11/25/2023,Credit Card,Paid,3638.16
315422,215422,8/12/2024,Cash on Delivery,Paid,2687.75
315423,215423,3/2/2025,Cash on Delivery,Pending,2406.49
315424,215424,7/11/2024,Credit Card,Paid,1155.07
315425,215425,12/9/2024,Debit Card,Paid,1603.52
315426,215426,12/31/2025,UPI,Paid,4922.64
315427,215427,11/12/2025,UPI,Paid,5868.22
315428,215428,6/5/2025,Credit Card,Paid,3278.47
315429,215429,12/26/2025,Credit Card,Paid,3904.59
315430,215430,11/17/2025,Debit Card,Pending,761.32
315431,215431,11/17/2025,Net Banking,Paid,1760.36
315432,215432,10/19/2025,Net Banking,Paid,5379.14
315433,215433,5/23/2024,Net Banking,Paid,5373.02
315434,215434,3/12/2025,Cash on Delivery,Paid,10096.46
315435,215435,11/2/2025,Debit Card,Paid,8113.47
315436,215436,1/13/2025,UPI,Paid,12985.33
315437,215437,6/5/2025,UPI,Failed,10074.13
315438,215438,12/27/2024,Wallet,Paid,1141.2
315439,215439,9/7/2025,UPI,Paid,2389.36
315440,215440,2/22/2025,Credit Card,Pending,6861.59
315441,215441,12/3/2025,Wallet,Paid,2413.96
315442,215442,11/6/2023,Cash on Delivery,Paid,3267.52
315443,215443,12/6/2024,Wallet,Failed,163.08
315444,215444,10/23/2025,Cash on Delivery,Paid,5360.03
315445,215445,3/22/2025,Debit Card,Paid,19116.15
315446,215446,10/23/2025,Debit Card,Paid,5836.15
315447,215447,4/28/2025,Debit Card,Paid,7745.11
315448,215448,11/9/2023,UPI,Paid,6520.76
315449,215449,4/4/2023,UPI,Paid,3301.08
315450,215450,3/18/2025,Cash on Delivery,Paid,2256.68
315451,215451,12/29/2024,Debit Card,Failed,13231.98
315452,215452,7/12/2023,Net Banking,Paid,3304.16
315453,215453,9/25/2025,Credit Card,Paid,6558.44
315454,215454,2/18/2025,Debit Card,Paid,9319.34
315455,215455,11/2/2025,Credit Card,Paid,923.88
315456,215456,7/19/2025,UPI,Paid,1962.96
315457,215457,5/7/2025,UPI,Paid,3234.76
315458,215458,9/28/2025,Net Banking,Paid,4577.12
315459,215459,5/12/2025,Credit Card,Paid,158.81
315460,215460,10/20/2023,Cash on Delivery,Pending,7923.01
315461,215461,12/31/2025,Net Banking,Paid,15194.04
315462,215462,5/27/2025,Credit Card,Paid,1232.98
315463,215463,7/13/2023,Credit Card,Paid,4828.22
315464,215464,8/18/2025,Net Banking,Paid,18215.84
315465,215465,11/13/2025,Credit Card,Paid,2453.55
315466,215466,12/25/2025,UPI,Paid,3534.84
315467,215467,11/27/2025,UPI,Paid,3299.74
315468,215468,7/25/2025,Credit Card,Paid,3546.11
315469,215469,11/24/2025,UPI,Paid,1051.04
315470,215470,2/17/2025,UPI,Paid,14826.66
315471,215471,8/17/2025,UPI,Paid,6380.51
315472,215472,8/14/2024,Cash on Delivery,Paid,3938.63
315473,215473,5/20/2025,Debit Card,Paid,2915.2
315474,215474,6/14/2025,UPI,Paid,10968.27
315475,215475,5/1/2025,Debit Card,Paid,12391.46
315476,215476,3/29/2025,UPI,Paid,690.91
315477,215477,8/12/2024,UPI,Paid,2242.1
315478,215478,11/26/2024,Credit Card,Paid,152.03
315479,215479,4/18/2024,Credit Card,Paid,8623.16
315480,215480,9/11/2024,Credit Card,Paid,5013.42
315481,215481,7/31/2025,Debit Card,Paid,784.22
315482,215482,9/3/2024,Wallet,Paid,4437.18
315483,215483,3/6/2025,Debit Card,Paid,5188.12
315484,215484,7/4/2024,Debit Card,Paid,7108.65
315485,215485,4/24/2025,Wallet,Paid,10936.08
315486,215486,11/29/2023,UPI,Paid,1653.49
315487,215487,11/17/2025,Cash on Delivery,Paid,1560.12
315488,215488,3/2/2024,Debit Card,Paid,693.01
315489,215489,4/22/2024,Cash on Delivery,Paid,14708.63
315490,215490,11/1/2025,UPI,Paid,412.75
315491,215491,8/20/2025,UPI,Paid,2717.9
315492,215492,5/17/2025,Credit Card,Paid,6039.18
315493,215493,12/29/2024,UPI,Paid,9044.68
315494,215494,10/28/2023,Credit Card,Paid,270.61
315495,215495,6/23/2025,UPI,Paid,3057.58
315496,215496,3/13/2025,UPI,Paid,2183.76
315497,215497,5/18/2025,Debit Card,Paid,12360.5
315498,215498,3/2/2025,Credit Card,Paid,1477.69
315499,215499,9/26/2025,Cash on Delivery,Paid,11704.91
315500,215500,3/22/2025,Wallet,Paid,852.6
315501,215501,12/13/2025,Wallet,Paid,2681.77
315502,215502,12/23/2025,Cash on Delivery,Paid,4721.67
315503,215503,5/7/2024,UPI,Paid,6362.5
315504,215504,8/11/2024,UPI,Paid,11859.42
315505,215505,9/13/2025,Net Banking,Paid,1138.51
315506,215506,11/25/2023,Net Banking,Paid,4221.34
315507,215507,11/23/2025,Credit Card,Paid,4899.54
315508,215508,10/9/2025,Debit Card,Pending,7022.43
315509,215509,9/14/2025,UPI,Paid,2082.11
315510,215510,2/4/2025,Net Banking,Pending,4373.54
315511,215511,7/29/2024,Wallet,Paid,3919.95
315512,215512,3/20/2025,UPI,Pending,26148.93
315513,215513,11/29/2023,Credit Card,Paid,8538.79
315514,215514,11/9/2024,UPI,Failed,2370.36
315515,215515,12/17/2024,Credit Card,Paid,711.39
315516,215516,6/5/2025,Cash on Delivery,Paid,5278.25
315517,215517,9/4/2025,Net Banking,Failed,5747.12
315518,215518,9/20/2025,Credit Card,Paid,1435.99
315519,215519,6/14/2025,UPI,Paid,4950.79
315520,215520,10/11/2025,Cash on Delivery,Paid,7137.55
315521,215521,9/29/2025,Debit Card,Pending,6824.01
315522,215522,2/7/2025,UPI,Paid,1118.57
315523,215523,9/18/2025,Credit Card,Paid,6180.92
315524,215524,10/31/2024,UPI,Paid,3458.04
315525,215525,6/4/2025,Net Banking,Paid,2630.94
315526,215526,11/12/2025,UPI,Paid,7997.5
315527,215527,8/10/2023,UPI,Paid,316.65
315528,215528,12/6/2024,Net Banking,Paid,6546.15
315529,215529,12/13/2025,Credit Card,Paid,5627.4
315530,215530,11/2/2025,Debit Card,Paid,4257.17
315531,215531,11/27/2023,Debit Card,Paid,9434.07
315532,215532,7/26/2024,Cash on Delivery,Paid,6638.57
315533,215533,11/24/2025,UPI,Paid,3731.59
315534,215534,6/7/2025,Credit Card,Paid,125.24
315535,215535,2/6/2025,Cash on Delivery,Paid,537.07
315536,215536,11/3/2025,Credit Card,Paid,12338.38
315537,215537,5/27/2025,Credit Card,Paid,2650.92
315538,215538,10/28/2024,Credit Card,Paid,534
315539,215539,12/28/2024,Credit Card,Paid,4029.51
315540,215540,1/8/2024,Credit Card,Paid,2211.44
315541,215541,7/28/2024,Net Banking,Paid,6561.97
315542,215542,7/3/2023,Debit Card,Paid,2875.3
315543,215543,11/8/2025,UPI,Paid,1179.18
315544,215544,7/11/2025,Wallet,Paid,11763.36
315545,215545,7/12/2025,UPI,Paid,2682.58
315546,215546,4/23/2025,Cash on Delivery,Paid,6149.74
315547,215547,12/24/2025,Net Banking,Paid,2665.69
315548,215548,10/28/2024,Cash on Delivery,Paid,1103.62
315549,215549,11/29/2024,Debit Card,Paid,1390.84
315550,215550,12/28/2024,Debit Card,Paid,8550.66
315551,215551,1/31/2025,Cash on Delivery,Paid,790.17
315552,215552,8/31/2025,Credit Card,Paid,5322.18
315553,215553,5/2/2025,UPI,Paid,16971.21
315554,215554,4/18/2025,UPI,Paid,2577.72
315555,215555,11/28/2023,Net Banking,Paid,12118.37
315556,215556,12/15/2025,UPI,Paid,2568.56
315557,215557,11/11/2025,Wallet,Paid,3845.06
315558,215558,11/4/2025,Cash on Delivery,Paid,1056.68
315559,215559,12/15/2025,UPI,Paid,12836.03
315560,215560,6/26/2023,UPI,Paid,641.64
315561,215561,4/29/2025,UPI,Paid,8721.32
315562,215562,10/10/2025,Cash on Delivery,Paid,6219.82
315563,215563,6/7/2025,Cash on Delivery,Failed,7603.53
315564,215564,4/12/2025,UPI,Paid,8618.5
315565,215565,10/18/2025,Debit Card,Paid,1391.22
315566,215566,12/30/2025,Credit Card,Paid,226.85
315567,215567,10/27/2024,Net Banking,Paid,4548.56
315568,215568,3/23/2025,Credit Card,Paid,17935.25
315569,215569,10/20/2025,Cash on Delivery,Paid,1948.74
315570,215570,7/11/2025,Net Banking,Paid,11649.11
315571,215571,10/12/2024,UPI,Paid,6634.06
315572,215572,8/14/2025,Wallet,Paid,3912.06
315573,215573,11/3/2025,Credit Card,Paid,2803.07
315574,215574,9/25/2025,UPI,Paid,3433.94
315575,215575,12/21/2025,Credit Card,Paid,3955.3
315576,215576,2/17/2024,UPI,Paid,13291.64
315577,215577,9/1/2025,Debit Card,Paid,3602.14
315578,215578,3/31/2025,Wallet,Paid,2741.65
315579,215579,10/30/2025,UPI,Paid,17669.41
315580,215580,8/8/2025,Wallet,Paid,5699.87
315581,215581,8/30/2025,Net Banking,Paid,1871.6
315582,215582,12/16/2025,UPI,Paid,7323.62
315583,215583,11/19/2025,UPI,Paid,9528.06
315584,215584,6/19/2025,Credit Card,Paid,14904.03
315585,215585,7/12/2025,Credit Card,Paid,1372.09
315586,215586,12/10/2025,Credit Card,Paid,2343.1
315587,215587,7/24/2024,UPI,Paid,5895.53
315588,215588,11/27/2025,Net Banking,Paid,6683.87
315589,215589,6/1/2025,Cash on Delivery,Paid,1398.71
315590,215590,2/7/2025,UPI,Paid,3686.19
315591,215591,6/18/2025,Net Banking,Paid,21850.66
315592,215592,10/21/2025,Cash on Delivery,Paid,5013.86
315593,215593,3/2/2024,Debit Card,Paid,3382.52
315594,215594,7/28/2025,UPI,Paid,3859.58
315595,215595,9/21/2025,Net Banking,Paid,14938.24
315596,215596,8/1/2025,Credit Card,Pending,18465.1
315597,215597,10/11/2025,Debit Card,Paid,5099.77
315598,215598,4/23/2025,UPI,Paid,5922.17
315599,215599,12/10/2025,UPI,Paid,7482.38
315600,215600,6/9/2023,Credit Card,Paid,9642.87
315601,215601,12/24/2025,UPI,Paid,2644.8
315602,215602,6/26/2024,Credit Card,Paid,6330.98
315603,215603,7/9/2025,UPI,Paid,1085.62
315604,215604,9/16/2025,UPI,Paid,14949.45
315605,215605,10/25/2024,Cash on Delivery,Paid,8697.63
315606,215606,1/23/2025,UPI,Paid,12512.4
315607,215607,7/2/2025,UPI,Paid,15338.58
315608,215608,7/9/2024,Cash on Delivery,Paid,11181.19
315609,215609,6/25/2025,Debit Card,Paid,8969.44
315610,215610,6/9/2023,Credit Card,Paid,2067.81
315611,215611,12/19/2024,UPI,Paid,13630.17
315612,215612,7/20/2025,UPI,Paid,876.85
315613,215613,10/24/2025,Debit Card,Paid,2297.52
315614,215614,8/31/2024,UPI,Paid,1056.1
315615,215615,4/16/2025,UPI,Paid,9365.35
315616,215616,10/9/2025,UPI,Failed,4431.75
315617,215617,8/31/2025,UPI,Paid,7762.23
315618,215618,12/2/2025,Credit Card,Paid,10352.48
315619,215619,12/28/2025,Credit Card,Paid,16570.07
315620,215620,2/11/2025,UPI,Paid,5205.2
315621,215621,9/25/2024,Credit Card,Paid,796.72
315622,215622,9/11/2025,Debit Card,Paid,10044.07
315623,215623,12/5/2025,UPI,Paid,1431.37
315624,215624,8/27/2024,Cash on Delivery,Paid,9408
315625,215625,8/11/2025,UPI,Paid,29252.86
315626,215626,8/1/2025,UPI,Paid,18003.9
315627,215627,11/11/2024,Credit Card,Paid,3136.42
315628,215628,6/8/2025,Cash on Delivery,Paid,904.84
315629,215629,8/25/2025,Debit Card,Paid,11728.19
315630,215630,8/16/2024,Credit Card,Paid,1889.95
315631,215631,6/29/2024,UPI,Paid,7885.37
315632,215632,8/16/2025,Debit Card,Paid,16101.05
315633,215633,12/30/2025,Debit Card,Paid,6153.36
315634,215634,9/5/2024,UPI,Failed,9452.93
315635,215635,11/12/2025,Net Banking,Paid,16044.28
315636,215636,12/10/2025,Net Banking,Paid,1571.09
315637,215637,12/20/2025,Credit Card,Paid,6638.54
315638,215638,10/8/2024,Credit Card,Paid,4095.51
315639,215639,12/12/2025,Net Banking,Paid,10866.76
315640,215640,12/22/2025,Wallet,Paid,598.26
315641,215641,9/9/2025,Credit Card,Paid,386.16
315642,215642,4/23/2024,UPI,Failed,34526.08
315643,215643,6/6/2024,Credit Card,Paid,173.08
315644,215644,10/28/2025,UPI,Paid,1607.31
315645,215645,2/22/2025,Debit Card,Paid,5781.44
315646,215646,6/17/2025,Debit Card,Paid,5535.61
315647,215647,3/7/2025,UPI,Paid,1903.32
315648,215648,2/26/2025,Wallet,Paid,5493.73
315649,215649,12/1/2025,UPI,Paid,8213.99
315650,215650,12/28/2024,Credit Card,Paid,20213.44
315651,215651,12/15/2025,UPI,Paid,11756.28
315652,215652,2/10/2025,UPI,Pending,1257.38
315653,215653,3/10/2025,Net Banking,Paid,1848.19
315654,215654,10/22/2025,UPI,Paid,9014.43
315655,215655,6/12/2025,Credit Card,Paid,12228.85
315656,215656,7/19/2024,Cash on Delivery,Paid,432.47
315657,215657,5/5/2025,Net Banking,Paid,379.82
315658,215658,1/12/2025,Debit Card,Paid,2333.26
315659,215659,3/5/2024,Credit Card,Paid,936.91
315660,215660,5/23/2024,Cash on Delivery,Paid,21957.16
315661,215661,12/20/2025,Net Banking,Paid,761.61
315662,215662,11/5/2024,Debit Card,Paid,302.47
315663,215663,7/21/2023,UPI,Paid,7087.83
315664,215664,2/28/2025,Debit Card,Paid,5400.32
315665,215665,6/3/2025,UPI,Paid,8526.26
315666,215666,2/19/2025,UPI,Paid,2828.71
315667,215667,7/3/2023,Debit Card,Paid,9230.32
315668,215668,1/25/2025,Debit Card,Paid,5866.54
315669,215669,11/22/2024,Debit Card,Paid,22065.18
315670,215670,8/20/2025,Net Banking,Paid,2606.9
315671,215671,12/11/2025,UPI,Paid,14433.26
315672,215672,4/9/2025,Credit Card,Paid,2719.49
315673,215673,11/6/2025,Net Banking,Paid,8463.89
315674,215674,10/29/2024,Debit Card,Paid,14902.9
315675,215675,11/16/2025,UPI,Paid,1747.67
315676,215676,1/2/2025,UPI,Paid,6809.91
315677,215677,12/15/2024,Credit Card,Paid,3941.93
315678,215678,8/25/2025,UPI,Paid,346.55
315679,215679,10/10/2024,UPI,Paid,3359.22
315680,215680,11/5/2025,Debit Card,Paid,1325.44
315681,215681,8/13/2024,Cash on Delivery,Paid,23413.47
315682,215682,8/6/2025,Wallet,Pending,17341.09
315683,215683,11/14/2025,UPI,Paid,4248.57
315684,215684,7/31/2025,Credit Card,Paid,17945.74
315685,215685,3/24/2025,Cash on Delivery,Paid,3669.17
315686,215686,11/9/2024,UPI,Paid,5058.37
315687,215687,4/24/2024,Cash on Delivery,Paid,3275.52
315688,215688,5/31/2025,UPI,Paid,2984.01
315689,215689,1/13/2024,UPI,Paid,2418.03
315690,215690,10/11/2025,Net Banking,Paid,9502.57
315691,215691,10/6/2025,Cash on Delivery,Paid,781.4
315692,215692,2/9/2024,Debit Card,Paid,2121.49
315693,215693,6/1/2025,Cash on Delivery,Paid,672.84
315694,215694,5/13/2024,Cash on Delivery,Paid,13035.33
315695,215695,2/23/2024,Net Banking,Paid,1071.11
315696,215696,2/28/2025,Wallet,Paid,3546.53
315697,215697,11/23/2023,Wallet,Paid,4418.84
315698,215698,5/26/2024,Debit Card,Paid,3413.37
315699,215699,2/15/2025,Debit Card,Paid,6575.3
315700,215700,11/16/2025,UPI,Paid,6062.96
315701,215701,7/26/2025,Net Banking,Failed,1642.05
315702,215702,11/24/2025,Credit Card,Paid,13340.58
315703,215703,11/4/2024,Credit Card,Paid,2964.15
315704,215704,12/27/2025,Debit Card,Paid,5293.53
315705,215705,12/11/2025,Credit Card,Paid,1451.47
315706,215706,10/1/2023,Wallet,Paid,801.36
315707,215707,10/13/2025,UPI,Paid,5528.24
315708,215708,12/7/2023,Credit Card,Paid,2496.36
315709,215709,6/17/2024,Credit Card,Paid,7140.47
315710,215710,5/27/2025,UPI,Paid,6941.11
315711,215711,8/20/2025,Credit Card,Paid,2669.63
315712,215712,6/12/2025,UPI,Paid,718.88
315713,215713,7/15/2024,Debit Card,Paid,1614.9
315714,215714,12/23/2023,UPI,Paid,2651.65
315715,215715,10/10/2025,Credit Card,Paid,9991.58
315716,215716,10/8/2024,UPI,Failed,1747.6
315717,215717,12/15/2025,UPI,Failed,5036.34
315718,215718,2/23/2025,Wallet,Paid,3141.46
315719,215719,11/15/2024,Cash on Delivery,Paid,3405.79
315720,215720,7/2/2024,UPI,Paid,11239.47
315721,215721,10/30/2024,Credit Card,Paid,1710.67
315722,215722,11/3/2024,Debit Card,Paid,4297.19
315723,215723,11/9/2025,UPI,Paid,7021.83
315724,215724,11/19/2025,Credit Card,Failed,3158.91
315725,215725,12/19/2025,Credit Card,Paid,2649.8
315726,215726,12/19/2025,UPI,Paid,8625.64
315727,215727,2/8/2025,UPI,Paid,8626.26
315728,215728,5/20/2025,Net Banking,Paid,8626.86
315729,215729,11/26/2025,Debit Card,Paid,16507.67
315730,215730,9/30/2025,Debit Card,Paid,11275.61
315731,215731,6/21/2025,Net Banking,Paid,1386.26
315732,215732,8/15/2025,Wallet,Paid,104.82
315733,215733,2/10/2025,Net Banking,Paid,8195.31
315734,215734,12/26/2025,UPI,Paid,899.78
315735,215735,12/11/2025,Cash on Delivery,Paid,24262.54
315736,215736,2/27/2025,Net Banking,Paid,14663.22
315737,215737,4/15/2025,UPI,Paid,7925.45
315738,215738,8/1/2025,Debit Card,Paid,7034.22
315739,215739,4/19/2025,Wallet,Paid,8389.32
315740,215740,7/21/2024,Cash on Delivery,Paid,251.5
315741,215741,12/6/2025,Net Banking,Paid,1653.03
315742,215742,12/1/2024,Credit Card,Paid,160.49
315743,215743,8/28/2025,Credit Card,Paid,590.08
315744,215744,7/11/2025,Net Banking,Paid,2538.43
315745,215745,6/11/2025,Credit Card,Paid,1733.3
315746,215746,8/28/2025,Credit Card,Paid,796.45
315747,215747,6/11/2025,Cash on Delivery,Paid,922.07
315748,215748,5/26/2024,Credit Card,Paid,1578.75
315749,215749,12/7/2025,Debit Card,Paid,4073.72
315750,215750,12/4/2025,UPI,Paid,1582.65
315751,215751,3/29/2025,Credit Card,Paid,2014.69
315752,215752,12/6/2025,UPI,Paid,18651.36
315753,215753,6/4/2025,Net Banking,Paid,2681.1
315754,215754,5/23/2025,Wallet,Paid,2057.72
315755,215755,3/4/2025,Net Banking,Paid,15668.56
315756,215756,11/4/2025,Credit Card,Paid,9740.66
315757,215757,2/4/2025,Credit Card,Paid,2975.49
315758,215758,12/28/2024,UPI,Paid,3834.47
315759,215759,8/5/2024,Debit Card,Paid,1520.73
315760,215760,4/25/2025,Debit Card,Pending,1805.6
315761,215761,12/30/2025,UPI,Pending,10117.47
315762,215762,6/30/2024,Cash on Delivery,Pending,3020.18
315763,215763,7/12/2024,Cash on Delivery,Paid,601.87
315764,215764,9/20/2023,Credit Card,Paid,10316.15
315765,215765,9/8/2025,Debit Card,Paid,8511.99
315766,215766,5/14/2025,Cash on Delivery,Paid,1159.16
315767,215767,6/1/2025,Cash on Delivery,Paid,8083.58
315768,215768,12/2/2023,Cash on Delivery,Paid,2507.71
315769,215769,11/19/2025,Cash on Delivery,Paid,20632.56
315770,215770,12/13/2024,Wallet,Paid,6529.69
315771,215771,8/17/2024,Cash on Delivery,Failed,372.43
315772,215772,12/15/2023,Cash on Delivery,Paid,711.68
315773,215773,7/5/2024,Cash on Delivery,Paid,205.82
315774,215774,12/10/2024,Cash on Delivery,Paid,4894.12
315775,215775,12/12/2025,Debit Card,Paid,7482.3
315776,215776,6/2/2025,Credit Card,Paid,5055.49
315777,215777,11/15/2025,Debit Card,Paid,2915.16
315778,215778,5/17/2025,Net Banking,Paid,11920.93
315779,215779,8/7/2025,UPI,Paid,3444.51
315780,215780,11/1/2023,UPI,Paid,4094.2
315781,215781,12/13/2025,Credit Card,Paid,1989.83
315782,215782,2/19/2025,UPI,Paid,2241.54
315783,215783,9/10/2025,UPI,Paid,1865.73
315784,215784,6/12/2025,Credit Card,Paid,13898.34
315785,215785,6/15/2025,UPI,Paid,1259.38
315786,215786,6/24/2025,UPI,Paid,6648.45
315787,215787,4/8/2025,Credit Card,Paid,2360.51
315788,215788,12/7/2025,Wallet,Paid,2600.97
315789,215789,9/9/2025,Credit Card,Paid,1316.59
315790,215790,12/23/2025,UPI,Paid,16992.71
315791,215791,7/22/2025,UPI,Paid,6632.21
315792,215792,3/3/2025,Cash on Delivery,Paid,7296.29
315793,215793,3/27/2025,Credit Card,Paid,2997.12
315794,215794,12/15/2025,UPI,Paid,5977.04
315795,215795,9/22/2024,Net Banking,Paid,12782.48
315796,215796,3/10/2025,Credit Card,Paid,4749.5
315797,215797,8/10/2025,Cash on Delivery,Paid,8325.44
315798,215798,8/17/2025,Credit Card,Paid,1959.32
315799,215799,3/28/2025,UPI,Paid,1669.96
315800,215800,10/4/2025,Net Banking,Paid,311.63
315801,215801,12/21/2025,UPI,Paid,18848.5
315802,215802,4/29/2024,UPI,Paid,13163.19
315803,215803,2/29/2024,Debit Card,Paid,12301.21
315804,215804,1/26/2025,UPI,Paid,3970.01
315805,215805,1/13/2023,Net Banking,Paid,3966.02
315806,215806,11/14/2025,Cash on Delivery,Paid,1840.15
315807,215807,9/22/2025,Cash on Delivery,Paid,4399.96
315808,215808,12/1/2025,Cash on Delivery,Paid,10085.4
315809,215809,2/19/2025,Wallet,Paid,4618.02
315810,215810,7/4/2025,UPI,Paid,1093.68
315811,215811,7/30/2025,Credit Card,Paid,9592.33
315812,215812,11/21/2025,Wallet,Paid,11646.48
315813,215813,6/7/2025,UPI,Paid,3577.51
315814,215814,7/21/2024,Net Banking,Paid,12025.37
315815,215815,10/13/2024,Wallet,Paid,2412.22
315816,215816,12/18/2024,Wallet,Paid,5300.52
315817,215817,7/13/2024,Debit Card,Failed,1241.77
315818,215818,8/11/2025,UPI,Paid,7529.02
315819,215819,2/3/2024,UPI,Paid,991.4
315820,215820,10/31/2024,Net Banking,Paid,2922.71
315821,215821,6/26/2025,Credit Card,Paid,951.93
315822,215822,5/5/2025,Debit Card,Paid,3622.38
315823,215823,1/11/2025,Credit Card,Paid,32637.61
315824,215824,7/25/2025,Debit Card,Paid,5678.51
315825,215825,7/20/2025,Debit Card,Paid,4437.23
315826,215826,11/10/2025,UPI,Paid,286.95
315827,215827,11/20/2025,UPI,Paid,8587.23
315828,215828,4/11/2025,Wallet,Paid,3697.84
315829,215829,1/7/2025,Debit Card,Paid,4475.87
315830,215830,12/29/2024,Net Banking,Paid,22738.87
315831,215831,8/17/2025,Net Banking,Paid,2972.23
315832,215832,11/16/2025,Debit Card,Paid,916.89
315833,215833,9/25/2024,Credit Card,Paid,9925.94
315834,215834,11/27/2024,Cash on Delivery,Paid,1628.59
315835,215835,6/6/2024,Debit Card,Paid,6190.68
315836,215836,9/18/2025,Wallet,Paid,17024.76
315837,215837,12/28/2024,Net Banking,Paid,12242.68
315838,215838,5/26/2025,Net Banking,Paid,2753.75
315839,215839,2/12/2025,UPI,Paid,6407.83
315840,215840,1/29/2025,Debit Card,Failed,920.02
315841,215841,11/2/2023,Debit Card,Paid,2466.17
315842,215842,11/23/2024,Wallet,Paid,4797.37
315843,215843,11/2/2024,Credit Card,Paid,584.62
315844,215844,11/5/2025,Debit Card,Paid,3435.2
315845,215845,1/9/2024,Wallet,Paid,663.54
315846,215846,11/26/2024,Debit Card,Paid,405.87
315847,215847,2/18/2025,Debit Card,Paid,8059.3
315848,215848,10/8/2023,Debit Card,Paid,2477.25
315849,215849,9/27/2025,Cash on Delivery,Paid,1212.12
315850,215850,11/5/2025,UPI,Paid,4927.22
315851,215851,3/26/2025,UPI,Paid,3900.99
315852,215852,9/14/2025,Debit Card,Paid,8329.67
315853,215853,12/13/2025,Wallet,Paid,2615.23
315854,215854,5/10/2023,Credit Card,Paid,5859.87
315855,215855,12/13/2024,Credit Card,Paid,13483.64
315856,215856,8/18/2025,UPI,Paid,1201.36
315857,215857,10/31/2023,UPI,Paid,215.01
315858,215858,7/6/2025,Credit Card,Paid,13756.06
315859,215859,2/9/2025,Cash on Delivery,Paid,668.88
315860,215860,5/12/2024,Wallet,Paid,26699.7
315861,215861,8/12/2025,Wallet,Paid,26043.92
315862,215862,9/24/2025,UPI,Paid,2723.88
315863,215863,2/2/2025,Credit Card,Paid,4048.23
315864,215864,8/11/2025,Credit Card,Paid,5481.41
315865,215865,2/1/2024,Credit Card,Paid,3220.59
315866,215866,10/23/2025,Wallet,Paid,6545.46
315867,215867,12/12/2024,Wallet,Paid,837.89
315868,215868,9/23/2024,Credit Card,Paid,12298.07
315869,215869,2/28/2025,UPI,Paid,23886.02
315870,215870,7/26/2024,UPI,Paid,4031.98
315871,215871,9/17/2025,UPI,Paid,1102.46
315872,215872,8/3/2023,Debit Card,Failed,6491.26
315873,215873,11/3/2024,Credit Card,Paid,2488.77
315874,215874,8/25/2025,Wallet,Failed,1373.67
315875,215875,7/9/2025,Debit Card,Paid,4961.63
315876,215876,10/13/2025,Credit Card,Paid,2088.16
315877,215877,12/10/2025,Debit Card,Paid,6639.77
315878,215878,9/8/2025,UPI,Paid,7829.24
315879,215879,12/8/2025,Cash on Delivery,Paid,11459.69
315880,215880,6/6/2025,UPI,Pending,10480.18
315881,215881,9/15/2025,UPI,Paid,2481.42
315882,215882,4/26/2025,Debit Card,Paid,1844.58
315883,215883,11/26/2025,Cash on Delivery,Paid,1149.48
315884,215884,12/26/2025,Cash on Delivery,Paid,7257.33
315885,215885,12/14/2025,UPI,Paid,3310.46
315886,215886,11/24/2025,Credit Card,Paid,6880.9
315887,215887,3/7/2025,UPI,Paid,10106.53
315888,215888,11/26/2025,Debit Card,Paid,6402.63
315889,215889,7/6/2025,UPI,Paid,4012.44
315890,215890,5/9/2024,Cash on Delivery,Paid,3190.36
315891,215891,10/29/2024,Wallet,Paid,7393.64
315892,215892,11/30/2024,Wallet,Paid,11219.9
315893,215893,10/13/2025,Debit Card,Paid,18369.11
315894,215894,9/28/2025,UPI,Paid,784.28
315895,215895,10/20/2025,Wallet,Failed,6032.33
315896,215896,12/1/2025,Net Banking,Paid,9038.5
315897,215897,3/14/2025,UPI,Paid,6346.32
315898,215898,3/14/2024,Credit Card,Paid,3794.05
315899,215899,12/20/2025,UPI,Paid,3140.4
315900,215900,5/30/2025,Debit Card,Paid,1954.64
315901,215901,3/29/2025,UPI,Paid,4727.75
315902,215902,6/5/2025,Debit Card,Paid,9000.31
315903,215903,3/4/2025,Credit Card,Paid,2214.39
315904,215904,4/23/2024,Credit Card,Paid,33550.61
315905,215905,3/22/2024,UPI,Paid,3979.32
315906,215906,1/25/2025,Net Banking,Paid,753.95
315907,215907,5/15/2024,Cash on Delivery,Paid,5750.22
315908,215908,1/29/2025,UPI,Paid,2853.88
315909,215909,11/20/2024,UPI,Paid,8322.73
315910,215910,1/12/2025,Debit Card,Paid,16785.15
315911,215911,3/16/2025,UPI,Paid,1990.66
315912,215912,8/17/2025,UPI,Paid,1606.04
315913,215913,1/17/2024,Credit Card,Paid,6298.72
315914,215914,7/1/2025,Debit Card,Paid,16741.5
315915,215915,10/28/2024,UPI,Paid,9516.69
315916,215916,8/11/2023,Credit Card,Paid,9225.63
315917,215917,12/4/2025,Credit Card,Paid,7182.94
315918,215918,3/27/2025,Cash on Delivery,Paid,8513.06
315919,215919,8/28/2025,Debit Card,Paid,5766.42
315920,215920,8/31/2025,Net Banking,Paid,2567.37
315921,215921,9/18/2025,Credit Card,Paid,4692.94
315922,215922,10/7/2025,UPI,Paid,369.51
315923,215923,12/11/2025,Credit Card,Paid,6285.84
315924,215924,9/10/2025,Cash on Delivery,Paid,21781.52
315925,215925,1/13/2024,Credit Card,Paid,3185.67
315926,215926,7/14/2025,UPI,Paid,10135.2
315927,215927,4/27/2025,Cash on Delivery,Paid,342.56
315928,215928,1/1/2025,UPI,Paid,815.07
315929,215929,11/1/2025,Debit Card,Paid,19639.39
315930,215930,10/3/2024,Debit Card,Paid,1622.93
315931,215931,6/16/2025,Cash on Delivery,Paid,6385.06
315932,215932,4/6/2025,Cash on Delivery,Paid,11050.25
315933,215933,3/8/2025,Credit Card,Failed,1406.71
315934,215934,7/5/2024,UPI,Paid,1616.73
315935,215935,9/13/2024,UPI,Paid,1828.14
315936,215936,11/6/2024,UPI,Paid,2495.65
315937,215937,2/19/2024,Net Banking,Paid,6002.48
315938,215938,12/28/2024,Credit Card,Paid,4507.75
315939,215939,8/27/2025,Debit Card,Paid,24633.03
315940,215940,12/11/2024,Credit Card,Paid,998.56
315941,215941,11/20/2023,UPI,Pending,10673.5
315942,215942,5/15/2025,Debit Card,Paid,762.02
315943,215943,8/1/2024,Debit Card,Paid,1556.01
315944,215944,11/23/2025,UPI,Pending,10630.15
315945,215945,10/23/2023,Wallet,Paid,3372.85
315946,215946,11/21/2025,UPI,Paid,12673.14
315947,215947,7/19/2025,Credit Card,Paid,5348.1
315948,215948,9/27/2024,UPI,Paid,1622.84
315949,215949,11/12/2025,UPI,Paid,2430.68
315950,215950,12/26/2025,Net Banking,Paid,23142.7
315951,215951,5/23/2024,Debit Card,Paid,1856.2
315952,215952,1/26/2024,Credit Card,Paid,12948.9
315953,215953,5/17/2025,Credit Card,Paid,1808.67
315954,215954,9/9/2024,Credit Card,Paid,4341.69
315955,215955,9/9/2024,Cash on Delivery,Paid,11670.71
315956,215956,2/13/2025,Cash on Delivery,Paid,687.56
315957,215957,5/27/2025,UPI,Paid,8518.74
315958,215958,9/20/2025,Credit Card,Paid,431.78
315959,215959,8/5/2025,Wallet,Paid,7023.64
315960,215960,7/30/2025,Cash on Delivery,Paid,3717.97
315961,215961,9/9/2025,Debit Card,Paid,5315.54
315962,215962,11/22/2025,Debit Card,Paid,6593.92
315963,215963,10/24/2025,Credit Card,Failed,2031.34
315964,215964,11/29/2024,Credit Card,Paid,6222.11
315965,215965,10/16/2024,UPI,Paid,2152.32
315966,215966,9/2/2025,UPI,Paid,4419.81
315967,215967,9/16/2025,UPI,Paid,7487.01
315968,215968,8/23/2025,UPI,Paid,805.68
315969,215969,11/20/2023,Credit Card,Paid,6753.55
315970,215970,3/27/2025,Debit Card,Paid,5727.04
315971,215971,12/8/2025,Credit Card,Paid,6323.12
315972,215972,2/14/2025,Cash on Delivery,Paid,8680.12
315973,215973,7/20/2025,Debit Card,Paid,4825.72
315974,215974,10/26/2024,Debit Card,Paid,2514.69
315975,215975,9/20/2024,Wallet,Paid,37872.99
315976,215976,10/12/2025,Credit Card,Paid,16426.95
315977,215977,12/28/2025,Debit Card,Paid,2293.65
315978,215978,2/11/2025,Cash on Delivery,Paid,6593.66
315979,215979,11/3/2025,Credit Card,Paid,15653.97
315980,215980,3/14/2024,UPI,Paid,23825.79
315981,215981,10/30/2025,UPI,Paid,7012.74
315982,215982,7/4/2025,Wallet,Pending,15466.16
315983,215983,4/30/2025,UPI,Paid,2064.29
315984,215984,12/16/2024,Wallet,Paid,5848.24
315985,215985,3/26/2025,Credit Card,Paid,807.19
315986,215986,11/8/2024,Credit Card,Paid,1591.87
315987,215987,8/22/2024,Wallet,Paid,479.08
315988,215988,9/26/2023,Credit Card,Paid,2364.29
315989,215989,7/6/2024,UPI,Paid,9705.89
315990,215990,10/28/2025,UPI,Paid,620.97
315991,215991,12/14/2023,Debit Card,Paid,332.46
315992,215992,5/15/2024,Cash on Delivery,Paid,1778.01
315993,215993,10/15/2024,UPI,Paid,1587.94
315994,215994,9/9/2024,Wallet,Paid,7817.2
315995,215995,11/22/2025,Credit Card,Paid,5343.2
315996,215996,9/4/2025,Debit Card,Paid,3506.19
315997,215997,8/8/2025,Net Banking,Paid,399.31
315998,215998,6/18/2025,UPI,Paid,4937.67
315999,215999,6/21/2025,Credit Card,Paid,9175.51
316000,216000,9/15/2025,Wallet,Paid,6330.65
316001,216001,9/28/2025,Credit Card,Paid,1480.71
316002,216002,11/15/2025,UPI,Paid,5728.7
316003,216003,5/31/2025,Credit Card,Failed,2971.17
316004,216004,4/6/2024,UPI,Paid,3093.03
316005,216005,12/14/2025,Cash on Delivery,Paid,2127.36
316006,216006,7/23/2024,Debit Card,Paid,14139.67
316007,216007,6/9/2025,Debit Card,Paid,1974
316008,216008,8/13/2025,Debit Card,Paid,1130.41
316009,216009,12/19/2025,Cash on Delivery,Paid,4169.98
316010,216010,9/22/2024,UPI,Paid,15842.89
316011,216011,2/26/2024,UPI,Paid,11401.37
316012,216012,12/11/2025,Net Banking,Paid,899.24
316013,216013,12/20/2025,Credit Card,Paid,7012.36
316014,216014,7/26/2025,Debit Card,Paid,5899.57
316015,216015,7/6/2025,Credit Card,Paid,5086.79
316016,216016,8/31/2025,UPI,Paid,13894.9
316017,216017,2/4/2025,UPI,Paid,8913.79
316018,216018,9/4/2025,Debit Card,Paid,2820.25
316019,216019,6/28/2024,Credit Card,Paid,6791.94
316020,216020,8/13/2024,Debit Card,Paid,9577.64
316021,216021,6/16/2025,Cash on Delivery,Paid,549.88
316022,216022,12/27/2024,Credit Card,Paid,6225.85
316023,216023,6/12/2025,Net Banking,Paid,2830.11
316024,216024,2/29/2024,UPI,Paid,1176.59
316025,216025,1/23/2025,Credit Card,Paid,2880.3
316026,216026,7/28/2025,Credit Card,Paid,3694.73
316027,216027,1/8/2025,Cash on Delivery,Paid,17977.09
316028,216028,10/4/2024,Cash on Delivery,Failed,6833.65
316029,216029,10/1/2023,Net Banking,Paid,3663.51
316030,216030,8/29/2025,UPI,Paid,3253.19
316031,216031,3/26/2024,Credit Card,Paid,8892.92
316032,216032,8/28/2024,UPI,Paid,7600.01
316033,216033,1/5/2025,UPI,Paid,1714.49
316034,216034,12/7/2024,Net Banking,Paid,5336.03
316035,216035,8/27/2025,UPI,Failed,6120.19
316036,216036,12/10/2025,Cash on Delivery,Paid,16828.85
316037,216037,3/12/2025,Credit Card,Paid,2491.89
316038,216038,12/27/2023,Cash on Delivery,Paid,548.46
316039,216039,7/27/2024,UPI,Paid,10072.86
316040,216040,5/7/2025,Wallet,Paid,1220.43
316041,216041,12/17/2025,Net Banking,Paid,1156.84
316042,216042,5/12/2025,UPI,Paid,13644.06
316043,216043,9/4/2025,Debit Card,Paid,1544.26
316044,216044,5/31/2025,Cash on Delivery,Paid,11262.12
316045,216045,4/17/2024,UPI,Paid,1768.76
316046,216046,1/1/2024,UPI,Paid,727.53
316047,216047,11/19/2023,Wallet,Paid,8942.05
316048,216048,6/6/2024,Debit Card,Paid,3746.14
316049,216049,12/16/2025,UPI,Paid,4503.58
316050,216050,10/13/2025,UPI,Paid,8520.29
316051,216051,4/19/2025,Net Banking,Failed,564.66
316052,216052,5/26/2025,Net Banking,Paid,5471
316053,216053,8/31/2025,Net Banking,Paid,2609.35
316054,216054,2/28/2025,Cash on Delivery,Paid,5600.17
316055,216055,11/22/2025,UPI,Paid,1167.21
316056,216056,11/2/2025,Net Banking,Paid,983.36
316057,216057,7/15/2025,UPI,Paid,7304.11
316058,216058,5/27/2025,Cash on Delivery,Paid,19634.66
316059,216059,6/20/2024,Credit Card,Paid,13090.87
316060,216060,7/18/2024,Wallet,Paid,7023.89
316061,216061,11/20/2025,Wallet,Paid,522.09
316062,216062,9/9/2025,UPI,Paid,245.97
316063,216063,5/25/2025,Credit Card,Paid,11040.94
316064,216064,12/1/2025,UPI,Paid,8049.1
316065,216065,12/3/2024,Cash on Delivery,Paid,29996.54
316066,216066,6/7/2025,Credit Card,Paid,1006.34
316067,216067,9/12/2024,Debit Card,Paid,351.4
316068,216068,12/2/2025,Credit Card,Paid,5296.47
316069,216069,12/24/2025,Credit Card,Paid,1957.7
316070,216070,10/5/2025,UPI,Paid,1619.69
316071,216071,8/7/2025,Cash on Delivery,Paid,10964.22
316072,216072,9/19/2025,Credit Card,Paid,3596.77
316073,216073,8/29/2025,Cash on Delivery,Paid,5535.8
316074,216074,4/7/2025,Credit Card,Paid,998.53
316075,216075,4/18/2025,UPI,Paid,19530.24
316076,216076,6/30/2025,Cash on Delivery,Paid,1864.46
316077,216077,11/5/2025,Cash on Delivery,Paid,290.08
316078,216078,11/20/2024,Credit Card,Paid,1424.96
316079,216079,6/4/2024,Cash on Delivery,Paid,6547.13
316080,216080,12/21/2023,UPI,Paid,11703.7
316081,216081,3/14/2024,Cash on Delivery,Paid,1289.98
316082,216082,6/7/2024,UPI,Paid,4461.36
316083,216083,1/7/2025,Credit Card,Paid,6620.77
316084,216084,7/17/2025,UPI,Paid,7361.73
316085,216085,8/28/2025,Debit Card,Paid,12963.62
316086,216086,5/18/2025,UPI,Paid,1993.18
316087,216087,8/20/2024,UPI,Paid,1294.61
316088,216088,7/19/2025,UPI,Paid,5125.27
316089,216089,10/16/2024,Credit Card,Paid,9527.65
316090,216090,12/25/2025,UPI,Paid,2100.2
316091,216091,12/5/2025,UPI,Paid,14068.09
316092,216092,9/28/2025,Credit Card,Paid,3938.38
316093,216093,9/14/2024,Debit Card,Paid,10282.59
316094,216094,9/10/2024,UPI,Paid,3387.62
316095,216095,11/19/2024,Wallet,Paid,22010.52
316096,216096,10/4/2025,UPI,Paid,2355.96
316097,216097,9/28/2025,Debit Card,Paid,2434.82
316098,216098,1/11/2025,Credit Card,Paid,822.96
316099,216099,1/26/2024,UPI,Paid,661.66
316100,216100,3/10/2024,Credit Card,Paid,42423.91
316101,216101,3/21/2025,Credit Card,Failed,7823.7
316102,216102,9/11/2025,UPI,Paid,4022.25
316103,216103,11/17/2025,Debit Card,Paid,3080.82
316104,216104,10/26/2025,Credit Card,Paid,547
316105,216105,10/22/2025,Net Banking,Paid,3790.22
316106,216106,2/7/2025,Credit Card,Paid,8252.92
316107,216107,9/7/2024,Debit Card,Paid,2705.68
316108,216108,3/14/2023,Credit Card,Paid,31361.93
316109,216109,5/29/2024,Cash on Delivery,Paid,6754.73
316110,216110,6/9/2025,Credit Card,Paid,1616.16
316111,216111,6/12/2025,Debit Card,Paid,7678.69
316112,216112,9/24/2024,Debit Card,Paid,4260.6
316113,216113,3/27/2025,Credit Card,Paid,7838.39
316114,216114,11/22/2025,Debit Card,Paid,5036.74
316115,216115,12/7/2025,Wallet,Paid,10264.59
316116,216116,10/22/2025,UPI,Paid,1048.45
316117,216117,6/26/2025,Debit Card,Paid,3780.72
316118,216118,7/14/2025,Debit Card,Paid,4571.23
316119,216119,11/1/2025,Credit Card,Paid,29148.36
316120,216120,7/4/2025,UPI,Paid,851.57
316121,216121,9/17/2025,Credit Card,Paid,8999.31
316122,216122,11/2/2025,Wallet,Paid,5812.27
316123,216123,10/10/2025,UPI,Paid,5131.33
316124,216124,11/16/2025,Wallet,Paid,6871.26
316125,216125,6/13/2025,UPI,Paid,3219.44
316126,216126,9/9/2024,Credit Card,Failed,3125.57
316127,216127,7/12/2025,Credit Card,Paid,1889.67
316128,216128,10/8/2025,Cash on Delivery,Pending,7203.47
316129,216129,8/8/2024,UPI,Paid,13284.49
316130,216130,10/19/2025,UPI,Paid,5842.61
316131,216131,8/26/2025,Net Banking,Pending,4282.55
316132,216132,4/14/2024,Cash on Delivery,Paid,1600.36
316133,216133,4/16/2025,Cash on Delivery,Paid,3673.81
316134,216134,9/11/2025,Cash on Delivery,Paid,6910.35
316135,216135,9/1/2025,Debit Card,Paid,12145.08
316136,216136,9/29/2025,Wallet,Paid,11197.23
316137,216137,1/12/2024,Credit Card,Paid,4452.89
316138,216138,3/17/2024,Credit Card,Paid,2293.35
316139,216139,3/12/2025,UPI,Paid,8316.53
316140,216140,10/11/2024,Net Banking,Paid,4437.67
316141,216141,12/7/2024,Cash on Delivery,Paid,15571.63
316142,216142,4/21/2025,Debit Card,Paid,6225.97
316143,216143,3/17/2025,Credit Card,Paid,980.08
316144,216144,4/1/2024,UPI,Paid,8151.29
316145,216145,1/23/2025,Cash on Delivery,Paid,20055.8
316146,216146,5/29/2025,Credit Card,Paid,2275.64
316147,216147,12/23/2025,Wallet,Paid,7248.63
316148,216148,4/23/2025,Wallet,Paid,428.02
316149,216149,12/5/2025,Cash on Delivery,Paid,4007.47
316150,216150,6/22/2025,Credit Card,Paid,4571.61
316151,216151,6/25/2025,Credit Card,Paid,12444.43
316152,216152,8/8/2025,UPI,Paid,2906.32
316153,216153,10/12/2024,Wallet,Paid,12861.95
316154,216154,8/1/2023,Wallet,Paid,12501.04
316155,216155,12/28/2023,Net Banking,Paid,5859.03
316156,216156,10/31/2025,Cash on Delivery,Paid,632.39
316157,216157,9/12/2025,UPI,Paid,1653.35
316158,216158,10/6/2025,UPI,Paid,2381.72
316159,216159,9/23/2025,Net Banking,Paid,6448.68
316160,216160,5/20/2025,UPI,Paid,2448.83
316161,216161,12/26/2023,UPI,Paid,24536.01
316162,216162,3/3/2025,UPI,Paid,208.97
316163,216163,11/18/2023,Cash on Delivery,Paid,666.34
316164,216164,6/8/2025,UPI,Paid,1454.46
316165,216165,9/11/2023,Debit Card,Paid,1816.83
316166,216166,8/12/2024,UPI,Failed,3211.73
316167,216167,6/17/2025,Debit Card,Paid,1772.28
316168,216168,7/22/2025,UPI,Paid,11895.55
316169,216169,12/12/2025,Credit Card,Paid,1699.32
316170,216170,3/23/2025,UPI,Failed,17062.35
316171,216171,5/13/2025,Wallet,Paid,2606.7
316172,216172,12/10/2025,Credit Card,Paid,11025.06
316173,216173,4/21/2025,UPI,Paid,523.13
316174,216174,10/25/2023,Cash on Delivery,Paid,1324.54
316175,216175,6/24/2025,Credit Card,Paid,477.44
316176,216176,9/17/2024,Credit Card,Paid,2282.48
316177,216177,5/5/2025,Wallet,Failed,17442.11
316178,216178,12/23/2025,Credit Card,Paid,7121.81
316179,216179,3/9/2025,Credit Card,Paid,13440.42
316180,216180,7/14/2025,Credit Card,Paid,2714.15
316181,216181,9/22/2024,UPI,Paid,3624.75
316182,216182,7/8/2025,Cash on Delivery,Paid,4846.72
316183,216183,6/5/2025,UPI,Paid,8387.36
316184,216184,3/1/2025,Cash on Delivery,Paid,8189.81
316185,216185,1/9/2025,Net Banking,Paid,6509.75
316186,216186,12/11/2025,Debit Card,Paid,9504.03
316187,216187,12/21/2025,UPI,Paid,2205.27
316188,216188,4/12/2025,UPI,Paid,22489.98
316189,216189,6/14/2025,Cash on Delivery,Paid,11621.37
316190,216190,12/15/2025,Net Banking,Paid,8918.25
316191,216191,12/15/2025,Debit Card,Paid,980.69
316192,216192,5/19/2025,Credit Card,Paid,1992.36
316193,216193,2/10/2025,UPI,Paid,4049.07
316194,216194,5/14/2025,UPI,Paid,4758.17
316195,216195,8/9/2025,UPI,Paid,3873.44
316196,216196,4/14/2025,UPI,Paid,6616.89
316197,216197,5/1/2025,Credit Card,Paid,1664.62
316198,216198,12/30/2025,UPI,Paid,1755.2
316199,216199,9/4/2025,UPI,Paid,3701.35
316200,216200,1/9/2025,UPI,Paid,9431.65
316201,216201,4/30/2025,Credit Card,Paid,6314.81
316202,216202,3/22/2025,UPI,Paid,147.51
316203,216203,9/17/2024,Wallet,Paid,4602.68
316204,216204,9/7/2025,Cash on Delivery,Pending,10872.95
316205,216205,1/1/2025,UPI,Paid,4927.05
316206,216206,11/29/2025,Debit Card,Paid,3598.8
316207,216207,8/15/2025,Net Banking,Paid,5536.39
316208,216208,10/1/2025,UPI,Paid,1949.56
316209,216209,1/10/2025,UPI,Paid,7375.55
316210,216210,9/12/2024,Debit Card,Paid,9907.3
316211,216211,1/27/2024,Net Banking,Paid,3677.05
316212,216212,10/31/2024,Cash on Delivery,Paid,1267.55
316213,216213,7/5/2025,UPI,Paid,2540.86
316214,216214,4/23/2025,Debit Card,Paid,5892.24
316215,216215,1/11/2025,Wallet,Paid,1595.87
316216,216216,11/1/2025,Credit Card,Paid,8056.67
316217,216217,4/27/2025,Net Banking,Paid,6644.67
316218,216218,5/12/2025,Debit Card,Paid,6057.26
316219,216219,6/21/2025,UPI,Paid,289.28
316220,216220,12/4/2023,Debit Card,Paid,1425.25
316221,216221,12/21/2023,UPI,Paid,4609.34
316222,216222,3/4/2024,Cash on Delivery,Paid,11678.51
316223,216223,5/21/2025,Debit Card,Paid,2178.77
316224,216224,12/13/2025,UPI,Paid,16402.72
316225,216225,12/23/2025,UPI,Paid,3203.89
316226,216226,4/17/2025,UPI,Paid,3336.08
316227,216227,2/25/2025,UPI,Paid,9522.69
316228,216228,4/4/2024,Debit Card,Paid,16659.25
316229,216229,1/20/2024,UPI,Paid,5680.63
316230,216230,12/16/2025,Credit Card,Paid,4054.1
316231,216231,6/27/2024,Net Banking,Paid,5125.55
316232,216232,10/29/2025,Wallet,Paid,4211.96
316233,216233,11/7/2025,Wallet,Paid,15783.53
316234,216234,10/10/2025,UPI,Paid,3165.46
316235,216235,7/4/2025,Credit Card,Paid,3646.09
316236,216236,9/30/2025,Credit Card,Paid,11429.09
316237,216237,3/26/2025,Cash on Delivery,Paid,5112.73
316238,216238,4/22/2025,Credit Card,Paid,17709.2
316239,216239,3/9/2025,UPI,Paid,5421.01
316240,216240,8/9/2025,Cash on Delivery,Paid,11053.14
316241,216241,10/18/2023,Credit Card,Paid,4365.36
316242,216242,4/17/2025,UPI,Paid,17762.1
316243,216243,3/3/2025,Debit Card,Paid,10929.4
316244,216244,12/23/2025,UPI,Paid,15272.57
316245,216245,11/1/2025,UPI,Paid,7179.52
316246,216246,8/2/2025,Net Banking,Paid,5750.16
316247,216247,3/16/2025,Credit Card,Paid,703.97
316248,216248,7/12/2025,Debit Card,Paid,4529.71
316249,216249,6/30/2025,Wallet,Paid,7458.06
316250,216250,10/29/2025,Debit Card,Paid,11839.41
316251,216251,12/19/2025,Cash on Delivery,Paid,4367.97
316252,216252,10/19/2025,UPI,Paid,4809.47
316253,216253,12/25/2025,UPI,Paid,445.03
316254,216254,11/15/2024,Cash on Delivery,Paid,1333.79
316255,216255,10/10/2025,Credit Card,Paid,1728.35
316256,216256,11/3/2025,Credit Card,Paid,9315.8
316257,216257,1/24/2024,Cash on Delivery,Paid,649.27
316258,216258,2/1/2025,Credit Card,Paid,1659.25
316259,216259,6/5/2025,Credit Card,Paid,1142.03
316260,216260,10/31/2025,Credit Card,Paid,744.72
316261,216261,5/18/2023,Debit Card,Paid,1212.25
316262,216262,5/9/2025,Cash on Delivery,Paid,4183.71
316263,216263,7/5/2025,UPI,Paid,20052.35
316264,216264,6/19/2024,UPI,Paid,2563.99
316265,216265,2/13/2025,UPI,Paid,4790.73
316266,216266,6/22/2024,Credit Card,Failed,2201.38
316267,216267,4/3/2024,Credit Card,Paid,5790.85
316268,216268,7/23/2024,Debit Card,Paid,2084.76
316269,216269,8/21/2025,Wallet,Paid,2628.05
316270,216270,9/6/2025,Credit Card,Paid,12700.89
316271,216271,10/16/2023,Credit Card,Paid,10236.16
316272,216272,12/28/2025,UPI,Paid,1101
316273,216273,11/29/2024,Wallet,Paid,10347.98
316274,216274,12/9/2023,Credit Card,Paid,1071.95
316275,216275,9/5/2024,Credit Card,Paid,2749.42
316276,216276,9/17/2025,Credit Card,Paid,9349.45
316277,216277,10/13/2025,Net Banking,Paid,18232.52
316278,216278,2/18/2024,Net Banking,Paid,3133.71
316279,216279,8/30/2025,Wallet,Paid,1631.65
316280,216280,10/16/2025,Net Banking,Paid,3509.02
316281,216281,11/22/2025,Credit Card,Paid,16283.83
316282,216282,10/19/2024,Wallet,Paid,6827.81
316283,216283,4/15/2025,Credit Card,Paid,8194.24
316284,216284,12/8/2024,Credit Card,Paid,5167.93
316285,216285,6/10/2025,Credit Card,Paid,18168.98
316286,216286,6/16/2025,Debit Card,Paid,1001.71
316287,216287,1/4/2025,UPI,Paid,814.53
316288,216288,7/21/2025,Credit Card,Paid,4156.63
316289,216289,9/20/2025,UPI,Paid,3105.72
316290,216290,5/4/2024,Cash on Delivery,Paid,4797.95
316291,216291,10/9/2025,Credit Card,Paid,3303.06
316292,216292,11/4/2025,Net Banking,Paid,3090.37
316293,216293,1/31/2024,UPI,Paid,3832.77
316294,216294,11/7/2025,Debit Card,Paid,4034.27
316295,216295,12/21/2023,UPI,Paid,9415.37
316296,216296,2/11/2025,UPI,Paid,14409.83
316297,216297,11/4/2025,Credit Card,Paid,333.85
316298,216298,11/7/2024,Cash on Delivery,Pending,19490.74
316299,216299,1/21/2024,UPI,Paid,1492.55
316300,216300,1/13/2025,Credit Card,Paid,1244.17
316301,216301,9/28/2025,Net Banking,Paid,5607
316302,216302,11/25/2025,Credit Card,Paid,2745.98
316303,216303,9/26/2025,UPI,Paid,884.81
316304,216304,10/6/2025,Credit Card,Paid,1546.49
316305,216305,6/29/2025,Cash on Delivery,Paid,3735.73
316306,216306,2/2/2025,Cash on Delivery,Pending,9691.37
316307,216307,10/21/2024,UPI,Paid,457.82
316308,216308,12/6/2025,UPI,Paid,3834.76
316309,216309,12/29/2025,Credit Card,Paid,12339.24
316310,216310,12/22/2025,Cash on Delivery,Paid,4434.96
316311,216311,6/24/2025,Debit Card,Paid,2569.18
316312,216312,3/9/2025,Credit Card,Paid,13568.91
316313,216313,2/21/2025,Cash on Delivery,Paid,12678.85
316314,216314,12/14/2025,Net Banking,Paid,9477.38
316315,216315,11/27/2025,UPI,Paid,18665.02
316316,216316,4/24/2024,Cash on Delivery,Paid,22861.81
316317,216317,6/30/2024,Cash on Delivery,Paid,6322.17
316318,216318,5/18/2025,Cash on Delivery,Paid,947.13
316319,216319,7/5/2025,UPI,Paid,574.27
316320,216320,1/18/2025,Cash on Delivery,Paid,17812.14
316321,216321,7/6/2024,UPI,Paid,11796.95
316322,216322,4/21/2025,UPI,Paid,2959.85
316323,216323,7/7/2025,Debit Card,Paid,11491.18
316324,216324,7/18/2025,Wallet,Paid,9932.95
316325,216325,12/13/2024,Wallet,Failed,1980.75
316326,216326,7/6/2025,Cash on Delivery,Paid,1025.84
316327,216327,6/21/2025,UPI,Paid,6735.61
316328,216328,2/20/2025,UPI,Paid,3807.91
316329,216329,7/20/2024,UPI,Paid,4456.31
316330,216330,7/5/2025,Debit Card,Pending,3893.06
316331,216331,1/4/2025,Credit Card,Paid,2318.68
316332,216332,7/20/2024,UPI,Paid,6568.12
316333,216333,2/16/2025,Credit Card,Pending,11032.03
316334,216334,11/15/2025,Cash on Delivery,Paid,9165.96
316335,216335,9/16/2024,Debit Card,Paid,5044.78
316336,216336,12/11/2025,UPI,Paid,15037.61
316337,216337,11/14/2025,UPI,Paid,12838.21
316338,216338,11/25/2025,Credit Card,Paid,5316.69
316339,216339,6/3/2025,Wallet,Paid,1918.09
316340,216340,4/27/2025,Credit Card,Paid,3984.82
316341,216341,3/8/2025,Cash on Delivery,Paid,10008.54
316342,216342,12/29/2024,Cash on Delivery,Paid,3882.22
316343,216343,9/1/2025,UPI,Paid,3040.58
316344,216344,10/19/2025,UPI,Paid,8225.19
316345,216345,10/12/2025,UPI,Paid,8835.2
316346,216346,10/8/2024,Net Banking,Paid,10642.87
316347,216347,7/27/2023,Credit Card,Paid,2964.52
316348,216348,6/17/2024,UPI,Paid,2549.84
316349,216349,5/22/2025,UPI,Paid,5862.07
316350,216350,11/3/2025,Credit Card,Paid,1751.85
316351,216351,11/20/2025,UPI,Paid,19322.29
316352,216352,1/17/2025,Net Banking,Paid,2615.95
316353,216353,11/9/2025,Net Banking,Paid,762.92
316354,216354,8/28/2025,Cash on Delivery,Paid,6635.71
316355,216355,11/6/2025,Net Banking,Paid,9456.08
316356,216356,1/5/2025,UPI,Paid,3546.58
316357,216357,1/3/2025,UPI,Paid,11941.04
316358,216358,12/26/2025,UPI,Paid,26506.48
316359,216359,3/9/2025,Credit Card,Paid,2898.82
316360,216360,9/9/2025,UPI,Paid,3345.22
316361,216361,5/1/2025,UPI,Paid,9258.32
316362,216362,3/24/2025,Credit Card,Paid,3387.42
316363,216363,5/4/2025,Credit Card,Paid,2461.97
316364,216364,2/3/2025,UPI,Paid,3230.39
316365,216365,10/8/2025,UPI,Paid,5896.83
316366,216366,9/2/2025,UPI,Paid,3184.48
316367,216367,11/29/2023,Credit Card,Paid,6669.82
316368,216368,2/24/2024,Debit Card,Paid,10604.66
316369,216369,8/11/2023,Debit Card,Failed,8488.6
316370,216370,9/1/2025,Net Banking,Paid,4828.89
316371,216371,12/21/2025,Cash on Delivery,Paid,10041.64
316372,216372,5/10/2024,Wallet,Paid,3010.04
316373,216373,11/16/2025,Debit Card,Paid,4370.08
316374,216374,6/27/2024,UPI,Paid,3200.51
316375,216375,10/9/2025,Cash on Delivery,Paid,4187.22
316376,216376,12/13/2024,Debit Card,Paid,6683.33
316377,216377,10/3/2025,Cash on Delivery,Paid,1196.81
316378,216378,6/14/2025,Cash on Delivery,Paid,6946.63
316379,216379,2/18/2025,UPI,Paid,2084.92
316380,216380,12/27/2025,Credit Card,Paid,1064.54
316381,216381,12/15/2025,Net Banking,Paid,3679.02
316382,216382,9/20/2023,UPI,Paid,37082.84
316383,216383,3/28/2024,Credit Card,Paid,2904.14
316384,216384,12/23/2025,Cash on Delivery,Paid,4208.87
316385,216385,10/14/2025,UPI,Paid,12613.27
316386,216386,7/29/2025,UPI,Paid,13093.06
316387,216387,10/11/2024,Wallet,Paid,9381.92
316388,216388,2/4/2025,Wallet,Paid,1083.91
316389,216389,3/14/2025,Debit Card,Paid,11438.82
316390,216390,1/16/2024,Net Banking,Paid,809.16
316391,216391,8/4/2025,Cash on Delivery,Paid,3214.69
316392,216392,7/13/2024,Credit Card,Paid,14289.58
316393,216393,6/1/2025,Debit Card,Paid,14052.32
316394,216394,11/19/2025,UPI,Paid,14280.02
316395,216395,12/19/2025,Credit Card,Failed,6231.76
316396,216396,7/27/2024,Wallet,Paid,1522.24
316397,216397,12/21/2025,Cash on Delivery,Paid,6047.06
316398,216398,4/20/2024,Debit Card,Paid,1450.4
316399,216399,12/23/2025,Wallet,Paid,1038.48
316400,216400,4/16/2025,Debit Card,Paid,7867.2
316401,216401,11/17/2023,Wallet,Paid,2568
316402,216402,4/16/2025,Debit Card,Paid,14025.1
316403,216403,8/29/2025,Debit Card,Paid,3125.91
316404,216404,3/24/2025,Debit Card,Paid,18344.91
316405,216405,12/11/2025,Credit Card,Paid,7057.99
316406,216406,5/17/2025,UPI,Paid,3602.2
316407,216407,9/8/2025,Net Banking,Paid,19955.93
316408,216408,10/21/2025,Wallet,Paid,4474.85
316409,216409,3/14/2025,Net Banking,Paid,4238.04
316410,216410,6/21/2024,Credit Card,Failed,21366.88
316411,216411,3/14/2025,Net Banking,Paid,2841.64
316412,216412,12/1/2025,Debit Card,Paid,3079.75
316413,216413,5/30/2025,Debit Card,Paid,14879.95
316414,216414,7/2/2024,Wallet,Paid,3602.5
316415,216415,2/5/2025,Credit Card,Paid,6351.19
316416,216416,12/12/2025,Cash on Delivery,Paid,8964.12
316417,216417,9/5/2024,Wallet,Paid,3639.29
316418,216418,11/11/2024,Net Banking,Paid,5018.38
316419,216419,11/22/2023,Wallet,Paid,10140.79
316420,216420,7/17/2025,UPI,Paid,4677
316421,216421,4/28/2025,UPI,Paid,5396.39
316422,216422,12/4/2024,UPI,Paid,8112.68
316423,216423,9/23/2024,UPI,Paid,4349.92
316424,216424,12/16/2025,Credit Card,Paid,1074.07
316425,216425,9/24/2025,Credit Card,Paid,590.9
316426,216426,9/23/2025,Debit Card,Paid,11543.83
316427,216427,12/14/2025,Credit Card,Paid,5330
316428,216428,7/1/2025,Wallet,Paid,2305.24
316429,216429,12/14/2025,UPI,Paid,2548.47
316430,216430,11/17/2024,UPI,Paid,9863.74
316431,216431,5/28/2024,Net Banking,Paid,4628.17
316432,216432,12/6/2025,UPI,Paid,5096.5
316433,216433,9/3/2024,UPI,Paid,7639.36
316434,216434,10/29/2025,Net Banking,Failed,4281.48
316435,216435,6/6/2023,UPI,Paid,1718.69
316436,216436,6/21/2025,Credit Card,Paid,4594.83
316437,216437,12/29/2025,Debit Card,Failed,16263.03
316438,216438,5/18/2024,Wallet,Paid,2419.42
316439,216439,12/28/2025,UPI,Paid,8030.38
316440,216440,12/15/2025,Debit Card,Paid,14039.95
316441,216441,12/7/2023,Credit Card,Paid,3773.95
316442,216442,3/23/2025,Debit Card,Paid,6562.7
316443,216443,9/11/2024,Debit Card,Paid,4273.31
316444,216444,11/8/2023,UPI,Paid,756.37
316445,216445,11/20/2025,Credit Card,Paid,1612.36
316446,216446,12/14/2025,Credit Card,Paid,2380.09
316447,216447,12/4/2025,Wallet,Paid,633.34
316448,216448,6/25/2025,UPI,Paid,10359.47
316449,216449,3/23/2023,Credit Card,Paid,23060.02
316450,216450,8/30/2023,Wallet,Paid,2242.81
316451,216451,8/8/2024,UPI,Paid,1176.35
316452,216452,5/29/2025,Wallet,Pending,9751.92
316453,216453,10/2/2023,Debit Card,Paid,4774.72
316454,216454,7/16/2025,Cash on Delivery,Paid,824.23
316455,216455,10/3/2024,Cash on Delivery,Paid,10722.37
316456,216456,10/22/2025,UPI,Paid,1049.2
316457,216457,7/27/2025,UPI,Paid,2517.44
316458,216458,8/6/2025,Credit Card,Paid,1589.32
316459,216459,4/22/2025,Cash on Delivery,Paid,6689.52
316460,216460,12/30/2024,Cash on Delivery,Paid,2547.27
316461,216461,12/19/2025,Debit Card,Paid,1489.37
316462,216462,10/26/2024,Net Banking,Paid,9427.56
316463,216463,11/8/2025,Wallet,Paid,8281.95
316464,216464,12/20/2025,Net Banking,Paid,2799.46
316465,216465,3/24/2025,UPI,Paid,1133.09
316466,216466,7/2/2025,Net Banking,Paid,9370.53
316467,216467,8/16/2025,Debit Card,Paid,16328.06
316468,216468,3/24/2024,Cash on Delivery,Pending,7067.27
316469,216469,3/11/2025,Credit Card,Paid,902.1
316470,216470,10/3/2025,UPI,Paid,7936.87
316471,216471,11/11/2025,Wallet,Paid,13239.37
316472,216472,11/30/2024,Credit Card,Paid,6709.84
316473,216473,12/1/2024,Net Banking,Paid,584.1
316474,216474,11/30/2025,Credit Card,Paid,6096.59
316475,216475,10/21/2025,Credit Card,Paid,2928.95
316476,216476,4/3/2025,UPI,Paid,1896.64
316477,216477,12/18/2025,UPI,Paid,4982.8
316478,216478,10/22/2025,Cash on Delivery,Paid,2842.61
316479,216479,9/21/2025,UPI,Pending,5324.63
316480,216480,4/8/2024,Debit Card,Paid,3540.68
316481,216481,9/18/2025,UPI,Paid,4850.52
316482,216482,12/24/2025,Net Banking,Paid,14552.41
316483,216483,11/19/2025,Cash on Delivery,Paid,2445.21
316484,216484,10/12/2025,Debit Card,Failed,6174.44
316485,216485,11/19/2023,UPI,Paid,4640.43
316486,216486,5/15/2025,UPI,Paid,255.94
316487,216487,11/5/2024,Debit Card,Paid,4914.94
316488,216488,4/4/2025,UPI,Paid,2488.65
316489,216489,3/19/2025,Net Banking,Paid,3884.78
316490,216490,10/21/2025,UPI,Paid,3352.37
316491,216491,12/6/2025,Net Banking,Paid,15578.35
316492,216492,3/20/2025,Credit Card,Paid,570.65
316493,216493,8/13/2025,UPI,Paid,23704.21
316494,216494,12/23/2025,Credit Card,Paid,175.01
316495,216495,5/4/2025,UPI,Paid,649.71
316496,216496,9/20/2024,Credit Card,Paid,16551.32
316497,216497,7/27/2025,Wallet,Paid,2472.94
316498,216498,1/2/2024,UPI,Paid,4980.52
316499,216499,11/6/2025,Debit Card,Paid,310.53
316500,216500,8/5/2024,UPI,Paid,2928.69
316501,216501,2/29/2024,UPI,Paid,2384.91
316502,216502,12/21/2025,Wallet,Paid,5435.88
316503,216503,5/29/2025,Debit Card,Paid,1019.54
316504,216504,3/23/2025,Cash on Delivery,Paid,18533.11
316505,216505,5/26/2024,UPI,Paid,708.43
316506,216506,11/12/2024,Credit Card,Paid,6470.86
316507,216507,10/30/2025,Wallet,Paid,1211.26
316508,216508,8/12/2025,Debit Card,Paid,5097.1
316509,216509,4/10/2025,Credit Card,Paid,4359.8
316510,216510,11/6/2025,Wallet,Paid,11831.2
316511,216511,8/1/2024,Debit Card,Paid,12350.06
316512,216512,4/5/2025,UPI,Paid,8293.42
316513,216513,11/22/2025,Debit Card,Pending,6691.77
316514,216514,6/29/2025,Debit Card,Paid,8148.14
316515,216515,9/14/2025,Debit Card,Paid,3805.46
316516,216516,5/29/2023,Debit Card,Paid,665.65
316517,216517,6/28/2024,Cash on Delivery,Paid,4534.24
316518,216518,8/26/2025,UPI,Paid,23492.28
316519,216519,11/1/2025,Debit Card,Paid,8201.82
316520,216520,9/23/2025,Credit Card,Paid,21392.93
316521,216521,6/20/2023,Debit Card,Paid,30725.03
316522,216522,12/4/2025,Cash on Delivery,Paid,17005.83
316523,216523,10/23/2024,Credit Card,Paid,8495.24
316524,216524,1/2/2025,Debit Card,Paid,10228.33
316525,216525,8/31/2025,Net Banking,Paid,10441.8
316526,216526,9/4/2024,UPI,Paid,24921.3
316527,216527,8/19/2025,Net Banking,Paid,7152.62
316528,216528,11/20/2025,UPI,Paid,3719.71
316529,216529,8/28/2025,UPI,Paid,3705.65
316530,216530,10/20/2025,Debit Card,Paid,9981.68
316531,216531,12/26/2025,Cash on Delivery,Paid,2024.09
316532,216532,10/30/2025,Credit Card,Paid,1824.75
316533,216533,2/28/2025,UPI,Paid,2292.7
316534,216534,4/10/2025,Credit Card,Paid,2594.13
316535,216535,10/13/2025,Credit Card,Paid,6130.07
316536,216536,10/6/2025,Net Banking,Paid,4357.01
316537,216537,9/17/2025,Debit Card,Paid,320.47
316538,216538,10/10/2025,Credit Card,Paid,6229.31
316539,216539,1/4/2025,Debit Card,Paid,3089.7
316540,216540,10/30/2023,Credit Card,Paid,7637.44
316541,216541,8/29/2023,Cash on Delivery,Paid,12643.76
316542,216542,9/18/2025,Credit Card,Pending,3298.66
316543,216543,5/18/2025,Debit Card,Paid,5854.69
316544,216544,11/15/2025,Credit Card,Paid,16458.04
316545,216545,12/17/2025,Debit Card,Paid,5557.7
316546,216546,2/6/2025,Credit Card,Paid,3353.13
316547,216547,12/11/2025,Debit Card,Paid,9564.74
316548,216548,7/16/2025,Credit Card,Paid,51488.05
316549,216549,7/23/2025,Credit Card,Paid,919.74
316550,216550,7/26/2025,Credit Card,Paid,2042.08
316551,216551,12/22/2025,Net Banking,Paid,1423.01
316552,216552,6/20/2025,Cash on Delivery,Paid,675.3
316553,216553,9/17/2025,UPI,Paid,28873.1
316554,216554,3/19/2025,Credit Card,Failed,3653.14
316555,216555,9/29/2025,Cash on Delivery,Paid,3339.12
316556,216556,7/26/2025,Debit Card,Paid,2191.73
316557,216557,3/17/2025,Credit Card,Paid,3413.54
316558,216558,11/14/2025,Credit Card,Paid,1386.9
316559,216559,7/14/2024,Debit Card,Paid,7579.91
316560,216560,4/17/2025,Credit Card,Paid,3814.12
316561,216561,11/2/2024,Wallet,Paid,3282.79
316562,216562,9/22/2025,Debit Card,Paid,1781.69
316563,216563,5/9/2024,Debit Card,Paid,1840.64
316564,216564,11/29/2025,Cash on Delivery,Paid,3532.18
316565,216565,11/24/2025,UPI,Paid,6101.09
316566,216566,12/25/2025,Wallet,Paid,6968.54
316567,216567,9/28/2025,Net Banking,Paid,3078.16
316568,216568,12/3/2025,Cash on Delivery,Paid,2731.2
316569,216569,12/19/2025,UPI,Paid,7857.45
316570,216570,11/19/2025,UPI,Paid,1504.19
316571,216571,12/15/2025,Cash on Delivery,Paid,1813.09
316572,216572,5/2/2025,Credit Card,Paid,2802.83
316573,216573,10/19/2025,Debit Card,Paid,2607.18
316574,216574,9/15/2025,Credit Card,Paid,3394.18
316575,216575,9/5/2024,Credit Card,Paid,492.7
316576,216576,6/20/2025,Cash on Delivery,Paid,5016.28
316577,216577,8/16/2024,UPI,Paid,27423.97
316578,216578,4/4/2024,UPI,Paid,6448.19
316579,216579,7/21/2023,UPI,Paid,1447.78
316580,216580,4/6/2024,Credit Card,Paid,1826.04
316581,216581,8/24/2025,Credit Card,Paid,8448.57
316582,216582,9/25/2024,UPI,Paid,2053.8
316583,216583,2/7/2025,UPI,Paid,15878.6
316584,216584,12/17/2024,Debit Card,Paid,4048.97
316585,216585,12/28/2025,Credit Card,Paid,1474.77
316586,216586,10/9/2025,UPI,Paid,3464.1
316587,216587,9/12/2025,UPI,Paid,5364.23
316588,216588,10/28/2025,Wallet,Pending,12770.4
316589,216589,5/23/2024,Cash on Delivery,Paid,2185.86
316590,216590,12/31/2025,Cash on Delivery,Failed,10301.46
316591,216591,11/10/2025,UPI,Paid,525.89
316592,216592,7/2/2025,Wallet,Paid,819.99
316593,216593,4/13/2025,UPI,Paid,6207.8
316594,216594,12/17/2024,UPI,Paid,944.99
316595,216595,7/18/2025,Cash on Delivery,Paid,3694.09
316596,216596,12/28/2025,UPI,Paid,608.62
316597,216597,3/22/2024,UPI,Paid,146.83
316598,216598,10/4/2025,Wallet,Paid,863.89
316599,216599,12/16/2025,UPI,Paid,2035.52
316600,216600,11/4/2025,Credit Card,Paid,3186.06
316601,216601,10/21/2024,Wallet,Paid,4530.8
316602,216602,1/1/2025,Credit Card,Paid,965.66
316603,216603,12/31/2025,Debit Card,Paid,10680.29
316604,216604,11/28/2024,Credit Card,Paid,8141.66
316605,216605,9/25/2025,Debit Card,Paid,7575.21
316606,216606,2/7/2025,Cash on Delivery,Paid,533.29
316607,216607,6/11/2025,Credit Card,Paid,4710.83
316608,216608,11/29/2025,Credit Card,Paid,11454.72
316609,216609,7/24/2025,UPI,Paid,4879.79
316610,216610,11/18/2025,UPI,Paid,342.65
316611,216611,9/3/2024,Credit Card,Failed,6544.8
316612,216612,2/25/2025,Debit Card,Paid,11214
316613,216613,8/15/2023,Wallet,Paid,4964.75
316614,216614,7/9/2024,Debit Card,Pending,7763.03
316615,216615,9/2/2025,Credit Card,Paid,1279.02
316616,216616,5/18/2025,Credit Card,Paid,11288.91
316617,216617,11/7/2025,UPI,Paid,29971.48
316618,216618,8/10/2025,UPI,Paid,1784.3
316619,216619,9/2/2025,Credit Card,Paid,5616.69
316620,216620,2/12/2025,Cash on Delivery,Paid,9431.49
316621,216621,4/12/2025,Net Banking,Failed,6595.95
316622,216622,9/11/2024,Cash on Delivery,Paid,613.03
316623,216623,3/21/2025,UPI,Paid,578.72
316624,216624,6/13/2024,UPI,Paid,5807.39
316625,216625,7/14/2025,Debit Card,Paid,5097.8
316626,216626,1/16/2025,UPI,Paid,1633.35
316627,216627,9/25/2023,UPI,Paid,5565.69
316628,216628,6/1/2023,UPI,Paid,275.07
316629,216629,11/3/2025,Cash on Delivery,Paid,2931.63
316630,216630,8/12/2024,Debit Card,Paid,9406.81
316631,216631,5/20/2025,Debit Card,Paid,17993.97
316632,216632,6/23/2025,Credit Card,Paid,12228.33
316633,216633,11/23/2024,Debit Card,Paid,697.25
316634,216634,2/5/2024,Debit Card,Paid,1048.77
316635,216635,8/28/2024,UPI,Paid,5871.89
316636,216636,12/27/2025,UPI,Paid,5364.42
316637,216637,12/19/2025,UPI,Paid,2393.84
316638,216638,9/3/2025,UPI,Paid,7504.55
316639,216639,10/6/2025,Debit Card,Paid,13578.83
316640,216640,11/17/2025,Cash on Delivery,Paid,19361.25
316641,216641,12/4/2025,Credit Card,Paid,2995.22
316642,216642,8/18/2025,Net Banking,Paid,11175.65
316643,216643,3/18/2025,Debit Card,Paid,4600.18
316644,216644,2/26/2025,Net Banking,Paid,10717.54
316645,216645,3/19/2025,Credit Card,Paid,17176.02
316646,216646,6/4/2024,Debit Card,Paid,6183.21
316647,216647,11/29/2025,Net Banking,Paid,7273.35
316648,216648,4/26/2025,Wallet,Paid,4001.49
316649,216649,4/8/2025,UPI,Failed,8951.96
316650,216650,10/31/2025,Debit Card,Paid,12766.08
316651,216651,8/4/2024,Credit Card,Paid,726
316652,216652,11/15/2024,Credit Card,Paid,27971.76
316653,216653,11/7/2025,Debit Card,Paid,5880.54
316654,216654,12/20/2025,Cash on Delivery,Paid,596.33
316655,216655,12/11/2025,Cash on Delivery,Pending,6105.27
316656,216656,5/5/2025,Debit Card,Paid,4006.81
316657,216657,11/15/2025,UPI,Paid,2315.24
316658,216658,11/22/2025,Credit Card,Paid,4303.5
316659,216659,8/31/2025,Net Banking,Paid,9635.86
316660,216660,7/2/2025,UPI,Paid,4748.53
316661,216661,11/2/2025,UPI,Paid,926.96
316662,216662,5/10/2025,Debit Card,Paid,3814.14
316663,216663,6/10/2025,Credit Card,Failed,1720.1
316664,216664,11/17/2025,UPI,Paid,12187.03
316665,216665,3/10/2023,Credit Card,Paid,3579.79
316666,216666,11/26/2025,UPI,Paid,5236.5
316667,216667,2/11/2025,UPI,Paid,1668.84
316668,216668,7/28/2025,Net Banking,Paid,13002.03
316669,216669,7/8/2025,Credit Card,Paid,2300.05
316670,216670,3/18/2024,Credit Card,Paid,18203.93
316671,216671,5/5/2025,Credit Card,Paid,99.14
316672,216672,10/16/2025,Wallet,Paid,384.59
316673,216673,5/18/2025,UPI,Paid,13352.15
316674,216674,12/6/2025,UPI,Paid,16167.56
316675,216675,4/25/2024,Credit Card,Paid,835.35
316676,216676,6/24/2025,Credit Card,Paid,15907.58
316677,216677,12/5/2025,Credit Card,Paid,4472.07
316678,216678,12/18/2024,Wallet,Paid,334.86
316679,216679,1/7/2024,Credit Card,Failed,8711.57
316680,216680,3/12/2024,Debit Card,Paid,3432.06
316681,216681,2/7/2024,Cash on Delivery,Paid,1956.16
316682,216682,10/4/2025,UPI,Paid,5805.08
316683,216683,6/13/2025,UPI,Paid,9292.27
316684,216684,1/26/2024,UPI,Paid,4938.53
316685,216685,4/25/2024,Credit Card,Paid,20969.18
316686,216686,10/7/2024,UPI,Paid,3221.92
316687,216687,7/25/2025,Debit Card,Paid,4592.52
316688,216688,9/9/2024,Debit Card,Paid,112.7
316689,216689,12/10/2025,UPI,Paid,2985
316690,216690,3/21/2025,Debit Card,Paid,449.51
316691,216691,9/6/2025,Credit Card,Paid,8077.41
316692,216692,7/16/2025,Credit Card,Paid,1562.89
316693,216693,12/8/2025,Wallet,Paid,7566.63
316694,216694,7/14/2024,UPI,Paid,6387.51
316695,216695,8/22/2025,UPI,Paid,7273.45
316696,216696,7/18/2025,Net Banking,Paid,2959.32
316697,216697,5/31/2025,Debit Card,Paid,6572.44
316698,216698,4/1/2025,Cash on Delivery,Paid,2719.85
316699,216699,10/23/2025,UPI,Paid,1781.89
316700,216700,6/13/2024,Credit Card,Paid,3419.94
316701,216701,11/19/2025,Debit Card,Paid,1010.01
316702,216702,3/2/2025,UPI,Paid,18698.32
316703,216703,11/4/2024,UPI,Paid,6474.49
316704,216704,9/30/2025,Wallet,Pending,2554.06
316705,216705,6/2/2025,Cash on Delivery,Paid,6913.93
316706,216706,12/15/2024,UPI,Paid,5223.37
316707,216707,9/10/2025,UPI,Paid,2238.98
316708,216708,10/23/2025,UPI,Paid,6100.23
316709,216709,5/12/2025,Wallet,Paid,4632.15
316710,216710,8/23/2025,Wallet,Paid,10158.38
316711,216711,5/7/2025,Net Banking,Paid,519.67
316712,216712,9/30/2025,Debit Card,Paid,7123.47
316713,216713,11/18/2024,Wallet,Paid,12519.04
316714,216714,2/19/2025,Credit Card,Paid,8531.39
316715,216715,12/25/2025,UPI,Paid,6611.63
316716,216716,11/4/2025,Net Banking,Pending,1266.76
316717,216717,7/17/2024,Debit Card,Paid,10075.02
316718,216718,10/18/2025,UPI,Paid,977.9
316719,216719,3/27/2025,Credit Card,Paid,17060.92
316720,216720,9/20/2023,UPI,Paid,10586.53
316721,216721,12/4/2025,Debit Card,Paid,375.52
316722,216722,7/18/2025,Cash on Delivery,Paid,2213.13
316723,216723,4/28/2025,UPI,Paid,2612.93
316724,216724,5/31/2025,UPI,Paid,7025.52
316725,216725,10/9/2024,Debit Card,Paid,4084.64
316726,216726,10/21/2025,Net Banking,Paid,913.39
316727,216727,5/11/2024,Cash on Delivery,Paid,3084.06
316728,216728,10/16/2025,UPI,Paid,4177.48
316729,216729,11/24/2025,Credit Card,Paid,13105.31
316730,216730,1/6/2024,Cash on Delivery,Paid,560.3
316731,216731,10/22/2025,UPI,Paid,7775.23
316732,216732,3/16/2025,UPI,Paid,11962.35
316733,216733,7/7/2024,Credit Card,Paid,1007.92
316734,216734,11/7/2025,UPI,Paid,5387.84
316735,216735,8/10/2024,Cash on Delivery,Paid,709.85
316736,216736,7/2/2025,Credit Card,Paid,1917.99
316737,216737,3/15/2025,Credit Card,Paid,7938.22
316738,216738,5/14/2024,UPI,Paid,4413.01
316739,216739,11/19/2025,UPI,Failed,2730.24
316740,216740,11/11/2025,Credit Card,Paid,6228.4
316741,216741,8/29/2025,Debit Card,Paid,3808.99
316742,216742,11/22/2025,Debit Card,Paid,2820.08
316743,216743,1/15/2024,UPI,Paid,2994.56
316744,216744,1/18/2025,UPI,Paid,6882.89
316745,216745,4/24/2024,UPI,Paid,7472.07
316746,216746,10/28/2025,Credit Card,Paid,2662.62
316747,216747,11/8/2025,Credit Card,Paid,4250.46
316748,216748,12/28/2025,UPI,Paid,631.02
316749,216749,10/31/2025,UPI,Paid,18195.53
316750,216750,7/8/2025,UPI,Paid,1170.93
316751,216751,6/30/2024,Debit Card,Paid,1846.18
316752,216752,12/7/2024,Credit Card,Paid,2561.67
316753,216753,11/14/2024,UPI,Paid,12221.23
316754,216754,4/16/2025,UPI,Paid,13938.38
316755,216755,11/22/2024,Cash on Delivery,Paid,1838.68
316756,216756,11/17/2025,Wallet,Paid,2329.56
316757,216757,8/17/2025,Credit Card,Paid,19334.95
316758,216758,12/28/2024,Wallet,Paid,3390.54
316759,216759,6/24/2024,Debit Card,Paid,5508.32
316760,216760,9/13/2024,Debit Card,Paid,3926.65
316761,216761,11/30/2025,Credit Card,Paid,21362.06
316762,216762,9/13/2025,Credit Card,Paid,6596.25
316763,216763,7/31/2025,Net Banking,Paid,3333.65
316764,216764,12/4/2024,Cash on Delivery,Paid,8068.61
316765,216765,9/7/2024,UPI,Paid,3180.62
316766,216766,10/11/2025,Credit Card,Paid,753.89
316767,216767,6/16/2025,Credit Card,Paid,2248.56
316768,216768,3/8/2025,UPI,Paid,3790.18
316769,216769,6/8/2025,Cash on Delivery,Paid,3656.35
316770,216770,11/22/2024,UPI,Paid,6801.33
316771,216771,11/28/2025,Credit Card,Paid,1681.39
316772,216772,3/3/2025,Wallet,Paid,9308.47
316773,216773,7/23/2025,Cash on Delivery,Paid,1927.42
316774,216774,2/8/2024,Cash on Delivery,Paid,732.74
316775,216775,5/8/2025,Credit Card,Paid,3390.75
316776,216776,5/6/2025,UPI,Paid,2987.1
316777,216777,2/2/2024,UPI,Paid,3421.75
316778,216778,12/11/2024,Credit Card,Paid,5349.13
316779,216779,3/9/2025,Credit Card,Paid,4457.69
316780,216780,12/7/2024,Wallet,Paid,4913.26
316781,216781,10/16/2025,UPI,Paid,9728.85
316782,216782,8/13/2025,Credit Card,Paid,10019.81
316783,216783,10/24/2025,Debit Card,Paid,4798.28
316784,216784,6/5/2025,UPI,Pending,3959.52
316785,216785,10/19/2023,UPI,Paid,5044.31
316786,216786,7/27/2025,Net Banking,Paid,3459.24
316787,216787,8/22/2025,Debit Card,Paid,2373.57
316788,216788,1/28/2025,Net Banking,Paid,358.61
316789,216789,12/23/2025,Credit Card,Paid,8750.32
316790,216790,7/2/2025,Debit Card,Paid,13145.53
316791,216791,8/31/2025,Wallet,Paid,921.97
316792,216792,3/31/2025,Credit Card,Paid,20886.57
316793,216793,6/1/2024,Credit Card,Paid,3955.75
316794,216794,7/24/2024,Cash on Delivery,Paid,14748.68
316795,216795,3/24/2025,Cash on Delivery,Paid,24312.98
316796,216796,1/10/2025,Wallet,Paid,384.56
316797,216797,4/14/2025,Credit Card,Paid,5474.87
316798,216798,9/27/2023,UPI,Paid,2849.05
316799,216799,8/2/2025,Credit Card,Paid,2685.44
316800,216800,10/19/2025,UPI,Paid,3243.62
316801,216801,2/13/2025,UPI,Paid,14927.87
316802,216802,9/4/2025,UPI,Paid,879.86
316803,216803,8/27/2025,Credit Card,Paid,578.77
316804,216804,1/18/2024,Credit Card,Paid,27101.34
316805,216805,6/13/2023,Debit Card,Paid,2813.99
316806,216806,8/19/2025,UPI,Paid,2851.81
316807,216807,6/17/2025,UPI,Paid,3285.96
316808,216808,7/17/2025,UPI,Paid,12215.28
316809,216809,6/26/2025,Credit Card,Paid,7771.99
316810,216810,8/31/2024,Net Banking,Paid,989.56
316811,216811,9/16/2024,Debit Card,Paid,4756.44
316812,216812,3/6/2024,Credit Card,Paid,7972.24
316813,216813,4/30/2024,UPI,Paid,1632.53
316814,216814,12/5/2025,Debit Card,Paid,3975.32
316815,216815,10/18/2024,Credit Card,Paid,2640.91
316816,216816,12/10/2025,Debit Card,Paid,5285.74
316817,216817,10/20/2025,Net Banking,Paid,3311.2
316818,216818,8/9/2025,UPI,Paid,10340.79
316819,216819,5/1/2025,Credit Card,Paid,6938.97
316820,216820,9/3/2025,Wallet,Paid,3625.35
316821,216821,12/18/2025,UPI,Paid,8627.45
316822,216822,12/21/2024,Cash on Delivery,Paid,2552.34
316823,216823,11/30/2025,Net Banking,Paid,5552.8
316824,216824,10/21/2023,UPI,Paid,13410.86
316825,216825,3/16/2025,Debit Card,Paid,1953.22
316826,216826,6/22/2025,Debit Card,Paid,6944.04
316827,216827,12/27/2024,Cash on Delivery,Paid,5609.17
316828,216828,4/8/2025,Net Banking,Paid,2956.6
316829,216829,9/25/2024,Credit Card,Paid,575.28
316830,216830,12/6/2024,Wallet,Paid,13038.78
316831,216831,12/8/2024,UPI,Paid,2463.65
316832,216832,10/15/2025,Cash on Delivery,Paid,1010.89
316833,216833,9/22/2025,Cash on Delivery,Paid,18475.09
316834,216834,5/25/2025,Cash on Delivery,Paid,8800.57
316835,216835,11/13/2025,UPI,Paid,4443.78
316836,216836,9/15/2025,Net Banking,Paid,2059.69
316837,216837,11/30/2025,Cash on Delivery,Paid,2882.68
316838,216838,12/16/2025,Debit Card,Paid,6261.03
316839,216839,9/26/2025,Net Banking,Paid,1152.4
316840,216840,5/18/2023,Cash on Delivery,Paid,13713.29
316841,216841,11/8/2025,Credit Card,Paid,7108.02
316842,216842,12/23/2025,UPI,Paid,4510.69
316843,216843,12/30/2025,Debit Card,Paid,7098.92
316844,216844,7/26/2025,Credit Card,Paid,2992
316845,216845,12/29/2025,Debit Card,Paid,20517.41
316846,216846,10/11/2025,Credit Card,Paid,1951.2
316847,216847,8/16/2024,Cash on Delivery,Paid,10349.03
316848,216848,1/1/2025,UPI,Pending,22907.18
316849,216849,9/10/2025,UPI,Paid,9720.6
316850,216850,10/13/2023,Credit Card,Failed,7786.03
316851,216851,6/24/2025,UPI,Paid,2487.88
316852,216852,12/15/2025,Credit Card,Paid,5688.63
316853,216853,12/5/2025,Debit Card,Paid,1018.33
316854,216854,9/20/2025,Credit Card,Paid,8129.67
316855,216855,8/12/2024,Wallet,Paid,6683.04
316856,216856,8/16/2025,Credit Card,Paid,13126.97
316857,216857,3/28/2025,UPI,Paid,1134.21
316858,216858,12/29/2025,UPI,Paid,2003.58
316859,216859,10/26/2025,Net Banking,Paid,5999.83
316860,216860,12/17/2025,Debit Card,Failed,8065.53
316861,216861,7/25/2024,UPI,Paid,5048.89
316862,216862,12/2/2023,Credit Card,Paid,3641.9
316863,216863,12/20/2025,Debit Card,Paid,6007.77
316864,216864,8/10/2024,Credit Card,Paid,8529.77
316865,216865,6/26/2025,Cash on Delivery,Paid,10819.6
316866,216866,9/8/2025,Net Banking,Paid,4571.72
316867,216867,4/21/2024,UPI,Paid,31696.57
316868,216868,10/25/2025,Debit Card,Paid,8914.65
316869,216869,12/9/2025,Debit Card,Paid,318.93
316870,216870,1/6/2025,Credit Card,Paid,6391.09
316871,216871,3/23/2025,Net Banking,Paid,399.75
316872,216872,12/2/2024,UPI,Paid,1111
316873,216873,3/27/2024,Wallet,Paid,5349.99
316874,216874,10/24/2023,UPI,Paid,15398.33
316875,216875,1/29/2025,Wallet,Paid,2869.55
316876,216876,3/18/2023,Credit Card,Paid,1331.59
316877,216877,11/2/2025,Credit Card,Paid,1903.52
316878,216878,8/5/2025,UPI,Paid,14201.92
316879,216879,9/24/2025,Debit Card,Paid,1784.74
316880,216880,8/25/2024,UPI,Paid,6547.14
316881,216881,12/5/2025,Cash on Delivery,Paid,9597.3
316882,216882,4/20/2025,UPI,Pending,8401.12
316883,216883,2/14/2025,Credit Card,Paid,833.11
316884,216884,12/20/2025,Debit Card,Paid,7517.76
316885,216885,11/16/2025,UPI,Paid,1442.67
316886,216886,10/18/2025,Wallet,Paid,2687.08
316887,216887,3/28/2025,Wallet,Pending,5966.85
316888,216888,11/22/2025,Credit Card,Paid,11567.26
316889,216889,11/28/2025,UPI,Paid,782.94
316890,216890,2/21/2024,Credit Card,Paid,3307.1
316891,216891,5/21/2025,Credit Card,Paid,675.5
316892,216892,10/25/2023,Credit Card,Paid,2069.06
316893,216893,12/10/2025,Credit Card,Paid,2023.97
316894,216894,12/7/2025,Credit Card,Paid,4552.76
316895,216895,6/11/2025,Credit Card,Paid,3554.98
316896,216896,7/16/2025,Wallet,Paid,1138.59
316897,216897,8/1/2025,Debit Card,Paid,18766.58
316898,216898,11/10/2025,Net Banking,Paid,3599.11
316899,216899,1/14/2025,Cash on Delivery,Paid,264.86
316900,216900,9/8/2024,Debit Card,Pending,6729.06
316901,216901,8/24/2024,Cash on Delivery,Paid,2584.75
316902,216902,12/2/2025,UPI,Paid,5996.57
316903,216903,1/6/2024,Cash on Delivery,Pending,23939.38
316904,216904,7/19/2023,UPI,Paid,11874.37
316905,216905,6/30/2025,Debit Card,Paid,10483.81
316906,216906,12/29/2025,Credit Card,Paid,1297.42
316907,216907,10/14/2025,Debit Card,Paid,111.3
316908,216908,9/8/2024,UPI,Paid,19483.55
316909,216909,10/14/2025,UPI,Paid,4164.95
316910,216910,8/20/2025,Credit Card,Paid,22536.97
316911,216911,9/27/2023,Credit Card,Paid,20276.73
316912,216912,8/6/2024,Credit Card,Paid,7999.64
316913,216913,11/3/2025,Credit Card,Paid,5447.08
316914,216914,10/29/2024,Debit Card,Paid,6330.33
316915,216915,5/20/2024,Net Banking,Paid,14095.83
316916,216916,5/20/2025,UPI,Paid,2233.56
316917,216917,3/1/2025,Cash on Delivery,Paid,17585.36
316918,216918,6/17/2024,Cash on Delivery,Paid,1015.19
316919,216919,6/23/2025,Net Banking,Paid,6961.03
316920,216920,4/13/2025,UPI,Paid,10317.52
316921,216921,2/28/2025,UPI,Paid,2393.53
316922,216922,3/13/2025,UPI,Paid,3596.23
316923,216923,12/29/2025,Cash on Delivery,Paid,312.62
316924,216924,9/7/2024,Credit Card,Paid,5853.22
316925,216925,4/20/2024,UPI,Paid,7616.91
316926,216926,4/9/2025,Net Banking,Paid,3463.47
316927,216927,9/21/2024,UPI,Paid,2861.92
316928,216928,6/20/2025,Debit Card,Paid,10524.93
316929,216929,11/13/2025,UPI,Paid,6656.63
316930,216930,6/19/2025,UPI,Paid,10206.76
316931,216931,8/6/2024,Credit Card,Paid,1141.67
316932,216932,9/17/2024,Credit Card,Paid,4877.6
316933,216933,12/11/2025,Cash on Delivery,Paid,607.59
316934,216934,6/21/2025,UPI,Paid,1322.48
316935,216935,11/27/2025,UPI,Paid,3911.03
316936,216936,4/21/2025,UPI,Paid,4090.34
316937,216937,10/1/2025,Cash on Delivery,Paid,102.7
316938,216938,8/16/2024,Credit Card,Paid,7100.04
316939,216939,6/13/2025,Wallet,Paid,2308.7
316940,216940,12/20/2025,Wallet,Paid,182.89
316941,216941,9/4/2025,Debit Card,Paid,3497.34
316942,216942,7/18/2025,Wallet,Paid,4139.6
316943,216943,12/6/2025,Debit Card,Paid,9263.48
316944,216944,3/12/2025,Credit Card,Paid,7102.92
316945,216945,2/1/2025,Debit Card,Paid,3528.78
316946,216946,7/14/2024,UPI,Paid,1666.26
316947,216947,8/24/2025,Credit Card,Paid,9111.75
316948,216948,11/13/2024,Credit Card,Paid,3801.62
316949,216949,7/26/2023,UPI,Pending,349.01
316950,216950,10/21/2025,Cash on Delivery,Paid,4158.8
316951,216951,7/8/2025,Credit Card,Paid,17863.25
316952,216952,11/19/2025,UPI,Paid,2180.92
316953,216953,10/24/2025,UPI,Paid,4846.82
316954,216954,6/28/2025,Debit Card,Paid,589.49
316955,216955,6/29/2023,Credit Card,Paid,16122.9
316956,216956,9/28/2025,UPI,Paid,4725.54
316957,216957,4/8/2024,Credit Card,Paid,5364.2
316958,216958,10/24/2025,Debit Card,Paid,11054.89
316959,216959,3/26/2025,Debit Card,Paid,5775.5
316960,216960,11/15/2025,Cash on Delivery,Failed,874.74
316961,216961,12/6/2025,Credit Card,Pending,1940.52
316962,216962,6/6/2024,Credit Card,Paid,7157.22
316963,216963,12/9/2025,Credit Card,Paid,2405.07
316964,216964,4/22/2025,Debit Card,Paid,12796.39
316965,216965,9/4/2024,Credit Card,Paid,6862.53
316966,216966,12/31/2025,Credit Card,Paid,900.96
316967,216967,12/2/2023,Debit Card,Paid,4516.32
316968,216968,7/2/2025,Net Banking,Paid,3481.67
316969,216969,10/2/2024,Net Banking,Paid,3821.96
316970,216970,10/24/2025,Net Banking,Paid,5772.14
316971,216971,1/28/2025,UPI,Paid,2423.62
316972,216972,11/24/2024,Credit Card,Paid,6720
316973,216973,11/27/2025,Debit Card,Paid,8866.91
316974,216974,11/4/2025,Debit Card,Paid,2489.49
316975,216975,11/26/2025,Credit Card,Paid,1735.85
316976,216976,12/12/2025,Credit Card,Paid,5627.8
316977,216977,11/19/2024,Cash on Delivery,Paid,3066.55
316978,216978,5/25/2025,Credit Card,Paid,5637.47
316979,216979,10/5/2024,UPI,Paid,5084.84
316980,216980,12/28/2024,Debit Card,Paid,3277.95
316981,216981,5/5/2025,Net Banking,Paid,5975.37
316982,216982,7/10/2025,UPI,Paid,18462.09
316983,216983,10/15/2025,Credit Card,Failed,15001.49
316984,216984,9/9/2025,UPI,Pending,11554.69
316985,216985,3/11/2024,UPI,Paid,1382.16
316986,216986,4/23/2025,Credit Card,Paid,1738.08
316987,216987,9/30/2025,UPI,Paid,5118.89
316988,216988,6/11/2025,UPI,Paid,49132.13
316989,216989,10/5/2025,UPI,Paid,5824.86
316990,216990,6/26/2024,Credit Card,Paid,5261.07
316991,216991,11/5/2025,Debit Card,Paid,4256.58
316992,216992,1/26/2025,Credit Card,Paid,5087.68
316993,216993,7/4/2025,UPI,Paid,8933.95
316994,216994,7/9/2024,Credit Card,Paid,19215.14
316995,216995,4/15/2024,Credit Card,Paid,2523.13
316996,216996,11/23/2025,Cash on Delivery,Paid,6267.14
316997,216997,5/8/2024,Net Banking,Paid,2458.71
316998,216998,11/2/2025,Credit Card,Paid,1808.82
316999,216999,9/9/2025,UPI,Pending,4385.67
317000,217000,12/30/2023,UPI,Paid,10897.08
317001,217001,10/8/2025,UPI,Paid,7708.92
317002,217002,6/26/2025,UPI,Paid,8559.96
317003,217003,12/8/2025,Net Banking,Failed,2891.45
317004,217004,9/15/2025,Net Banking,Paid,3820.39
317005,217005,4/12/2025,Cash on Delivery,Paid,8765.46
317006,217006,6/1/2025,UPI,Paid,31826.68
317007,217007,8/7/2025,Credit Card,Failed,8223.62
317008,217008,11/19/2025,UPI,Paid,11054.37
317009,217009,3/29/2024,UPI,Paid,2024.94
317010,217010,8/13/2025,Debit Card,Paid,3871.19
317011,217011,10/24/2025,Cash on Delivery,Paid,2279.15
317012,217012,9/1/2025,Credit Card,Paid,4161.58
317013,217013,10/8/2025,Credit Card,Paid,277.69
317014,217014,11/28/2025,UPI,Paid,1920.43
317015,217015,7/22/2025,UPI,Paid,1271.01
317016,217016,8/12/2023,UPI,Paid,4910.7
317017,217017,6/19/2024,UPI,Paid,7825.27
317018,217018,6/19/2025,Cash on Delivery,Paid,1300.05
317019,217019,12/23/2025,Credit Card,Paid,10476.97
317020,217020,11/15/2025,Credit Card,Paid,3688.62
317021,217021,6/9/2025,UPI,Paid,99.08
317022,217022,4/2/2025,Credit Card,Paid,12364.45
317023,217023,11/3/2024,UPI,Paid,6256.76
317024,217024,11/2/2025,Credit Card,Paid,3407.02
317025,217025,12/18/2025,UPI,Paid,3694.53
317026,217026,7/4/2025,Cash on Delivery,Paid,2585.79
317027,217027,11/21/2024,UPI,Paid,6673.55
317028,217028,11/22/2024,UPI,Pending,870.66
317029,217029,12/19/2023,UPI,Paid,9318.02
317030,217030,9/27/2025,UPI,Pending,7688.57
317031,217031,10/26/2025,Net Banking,Paid,4677.13
317032,217032,9/26/2025,Debit Card,Paid,8784.86
317033,217033,11/2/2025,Credit Card,Paid,1694.31
317034,217034,5/15/2023,Credit Card,Paid,10028.15
317035,217035,4/1/2025,Credit Card,Paid,6712.36
317036,217036,12/17/2025,UPI,Paid,6240.55
317037,217037,11/8/2024,Debit Card,Paid,899.16
317038,217038,10/3/2024,Credit Card,Paid,5956.8
317039,217039,6/10/2025,UPI,Paid,2072.92
317040,217040,12/25/2025,Credit Card,Paid,4905.04
317041,217041,4/19/2024,Debit Card,Paid,576.12
317042,217042,9/4/2024,UPI,Paid,2846.96
317043,217043,11/20/2023,Debit Card,Paid,194.28
317044,217044,1/19/2025,Debit Card,Paid,1801.35
317045,217045,5/2/2025,Net Banking,Paid,11798.85
317046,217046,11/23/2025,UPI,Paid,7825
317047,217047,11/3/2024,Net Banking,Paid,1874.25
317048,217048,10/28/2025,Debit Card,Paid,3383.6
317049,217049,11/15/2025,Cash on Delivery,Paid,3239.72
317050,217050,2/28/2025,Net Banking,Paid,7133.77
317051,217051,12/17/2024,Net Banking,Paid,6685.12
317052,217052,4/21/2025,Credit Card,Paid,1282.62
317053,217053,10/27/2025,Net Banking,Paid,1777.28
317054,217054,6/18/2025,Cash on Delivery,Paid,15567.2
317055,217055,11/23/2024,Credit Card,Paid,1993.09
317056,217056,6/24/2024,Cash on Delivery,Paid,5131.73
317057,217057,10/12/2025,Wallet,Paid,8385.17
317058,217058,10/27/2024,Credit Card,Paid,6400.22
317059,217059,3/12/2025,Wallet,Paid,14476.64
317060,217060,10/6/2025,Credit Card,Paid,3853.26
317061,217061,6/24/2024,Credit Card,Paid,728.87
317062,217062,5/11/2024,UPI,Paid,578.28
317063,217063,2/25/2024,Debit Card,Paid,12545.19
317064,217064,9/21/2025,UPI,Paid,4730.53
317065,217065,6/5/2024,Credit Card,Pending,5363.27
317066,217066,4/10/2024,Credit Card,Paid,11623.07
317067,217067,11/20/2025,UPI,Paid,6122.69
317068,217068,11/21/2023,UPI,Paid,9147.55
317069,217069,8/23/2025,Debit Card,Paid,1176.74
317070,217070,11/1/2024,Wallet,Paid,2707.4
317071,217071,9/13/2025,UPI,Paid,27195.64
317072,217072,10/18/2025,Net Banking,Paid,5305.6
317073,217073,10/17/2023,Credit Card,Paid,4329.57
317074,217074,3/10/2025,UPI,Paid,730.75
317075,217075,12/20/2024,UPI,Paid,1652.27
317076,217076,7/1/2025,UPI,Paid,5053.76
317077,217077,6/30/2025,Credit Card,Paid,9282.4
317078,217078,6/12/2025,Credit Card,Paid,5795.87
317079,217079,8/3/2024,Credit Card,Failed,10065.75
317080,217080,10/15/2024,Cash on Delivery,Paid,3473.96
317081,217081,8/6/2025,Credit Card,Paid,2355.77
317082,217082,9/16/2025,UPI,Paid,10715.8
317083,217083,9/5/2025,UPI,Paid,2688.14
317084,217084,5/5/2024,UPI,Paid,14958.96
317085,217085,10/22/2024,Credit Card,Paid,3692.59
317086,217086,5/29/2025,UPI,Paid,9360.32
317087,217087,8/28/2024,Credit Card,Paid,9605.04
317088,217088,12/21/2025,Wallet,Failed,940.26
317089,217089,7/10/2025,Debit Card,Paid,3965.4
317090,217090,4/18/2024,Credit Card,Paid,4387.07
317091,217091,11/17/2025,Net Banking,Paid,6047.92
317092,217092,1/9/2025,UPI,Failed,84.93
317093,217093,11/9/2023,Debit Card,Paid,2884.55
317094,217094,8/19/2025,Cash on Delivery,Paid,5556.34
317095,217095,11/9/2025,UPI,Paid,4308.97
317096,217096,1/9/2025,Net Banking,Paid,1941.37
317097,217097,11/24/2025,Credit Card,Paid,4899.55
317098,217098,5/12/2025,Cash on Delivery,Paid,4390.65
317099,217099,12/14/2024,Cash on Delivery,Paid,5935.91
317100,217100,3/6/2025,Credit Card,Paid,13063.67
317101,217101,11/13/2025,UPI,Paid,3455.23
317102,217102,8/26/2025,UPI,Paid,2848.1
317103,217103,2/17/2025,Credit Card,Paid,892.26
317104,217104,10/10/2025,Debit Card,Paid,4099.7
317105,217105,2/1/2024,Credit Card,Paid,14899.15
317106,217106,12/16/2025,Net Banking,Paid,3283.35
317107,217107,8/25/2025,UPI,Paid,16269.37
317108,217108,4/8/2025,UPI,Paid,26811.89
317109,217109,5/21/2023,UPI,Paid,1393.29
317110,217110,7/28/2024,UPI,Paid,1683.22
317111,217111,3/26/2024,Cash on Delivery,Paid,633.08
317112,217112,11/12/2025,Wallet,Paid,5687.5
317113,217113,7/26/2024,UPI,Paid,25343.07
317114,217114,7/12/2025,Credit Card,Paid,5913.5
317115,217115,3/28/2025,Wallet,Paid,2115.51
317116,217116,1/28/2025,Credit Card,Paid,2988.58
317117,217117,8/12/2025,Credit Card,Paid,6239.18
317118,217118,1/27/2025,Credit Card,Paid,857.05
317119,217119,12/12/2025,Wallet,Paid,4084.21
317120,217120,3/11/2025,Debit Card,Paid,1059.56
317121,217121,4/20/2025,Cash on Delivery,Paid,646.14
317122,217122,4/20/2025,Cash on Delivery,Failed,652.32
317123,217123,6/8/2025,UPI,Pending,2753.11
317124,217124,11/2/2025,UPI,Paid,6240.01
317125,217125,3/23/2025,Credit Card,Paid,2594.08
317126,217126,11/13/2023,Credit Card,Paid,305.93
317127,217127,3/22/2024,UPI,Paid,26642.25
317128,217128,8/24/2025,Wallet,Paid,2715.96
317129,217129,12/15/2025,Cash on Delivery,Paid,6079.85
317130,217130,11/1/2025,Net Banking,Paid,8406.15
317131,217131,11/22/2025,Debit Card,Paid,4292.07
317132,217132,5/22/2024,Wallet,Paid,8143.25
317133,217133,10/25/2024,Debit Card,Paid,11984.99
317134,217134,8/25/2025,UPI,Paid,2586.62
317135,217135,9/13/2025,Debit Card,Paid,4171.83
317136,217136,11/16/2025,Wallet,Paid,23446
317137,217137,5/13/2024,Cash on Delivery,Paid,7868.79
317138,217138,1/22/2025,UPI,Paid,14818.72
317139,217139,9/27/2024,Debit Card,Paid,5667.71
317140,217140,12/9/2025,UPI,Failed,9242.44
317141,217141,8/1/2024,Cash on Delivery,Paid,10425.9
317142,217142,10/28/2025,Cash on Delivery,Paid,899.66
317143,217143,5/17/2025,Credit Card,Paid,10759.43
317144,217144,12/18/2025,UPI,Paid,1979.26
317145,217145,1/20/2024,UPI,Paid,4966.67
317146,217146,10/16/2024,UPI,Paid,13370.67
317147,217147,7/4/2025,UPI,Paid,8486.67
317148,217148,10/13/2023,Net Banking,Paid,384.12
317149,217149,8/12/2025,Debit Card,Paid,10448.6
317150,217150,12/26/2024,UPI,Paid,630.13
317151,217151,10/11/2025,Cash on Delivery,Paid,3490.34
317152,217152,6/8/2025,UPI,Paid,8185.85
317153,217153,7/11/2024,Credit Card,Paid,3326.42
317154,217154,12/13/2024,Credit Card,Failed,12084.01
317155,217155,11/23/2025,UPI,Failed,3579.63
317156,217156,7/3/2024,Credit Card,Paid,4550.13
317157,217157,7/24/2025,Debit Card,Paid,221.17
317158,217158,10/22/2025,Net Banking,Paid,2460.56
317159,217159,12/26/2025,Credit Card,Failed,159.6
317160,217160,6/2/2025,Credit Card,Paid,8101.57
317161,217161,1/30/2024,Cash on Delivery,Paid,6891.08
317162,217162,5/1/2025,Credit Card,Paid,21146.25
317163,217163,10/13/2025,UPI,Paid,680.46
317164,217164,10/8/2023,Credit Card,Paid,11445.01
317165,217165,1/6/2024,Credit Card,Paid,4235.03
317166,217166,10/22/2025,UPI,Paid,900.49
317167,217167,5/7/2025,Wallet,Paid,683.23
317168,217168,12/3/2024,UPI,Paid,1925.94
317169,217169,3/17/2025,Wallet,Paid,12024.11
317170,217170,11/30/2025,UPI,Paid,16337.07
317171,217171,4/8/2025,UPI,Paid,2565.25
317172,217172,11/19/2024,UPI,Paid,167.15
317173,217173,12/29/2023,Credit Card,Paid,5718.21
317174,217174,11/3/2023,UPI,Paid,23058.53
317175,217175,8/5/2025,Wallet,Paid,6259.41
317176,217176,4/30/2025,UPI,Paid,14694.59
317177,217177,2/2/2025,Credit Card,Paid,19691.95
317178,217178,10/14/2024,Cash on Delivery,Paid,8585.41
317179,217179,11/30/2025,Debit Card,Paid,835.8
317180,217180,7/30/2024,UPI,Paid,10735.81
317181,217181,12/16/2025,UPI,Paid,6711.22
317182,217182,7/1/2025,UPI,Paid,1714.47
317183,217183,12/27/2025,Cash on Delivery,Paid,11620.33
317184,217184,9/28/2025,UPI,Paid,5647.18
317185,217185,2/22/2025,UPI,Paid,5101.45
317186,217186,7/19/2024,UPI,Paid,4688.59
317187,217187,3/6/2024,Wallet,Paid,109.36
317188,217188,12/27/2025,Debit Card,Paid,516.86
317189,217189,11/27/2025,Debit Card,Paid,9494.68
317190,217190,9/2/2023,UPI,Paid,3550.72
317191,217191,9/15/2025,Wallet,Paid,1246.97
317192,217192,9/30/2025,Credit Card,Paid,3446.98
317193,217193,9/20/2025,UPI,Paid,15932.75
317194,217194,11/9/2024,UPI,Paid,11120.49
317195,217195,3/3/2025,Cash on Delivery,Paid,3696.46
317196,217196,12/9/2025,Cash on Delivery,Paid,16341.74
317197,217197,11/1/2025,Credit Card,Paid,12953.61
317198,217198,10/31/2025,UPI,Paid,745.01
317199,217199,7/29/2025,UPI,Paid,1935.35
317200,217200,10/18/2025,UPI,Paid,2433.17
317201,217201,8/3/2025,Credit Card,Paid,9370.94
317202,217202,2/11/2025,Cash on Delivery,Paid,9139.81
317203,217203,9/14/2023,Net Banking,Paid,2567.56
317204,217204,11/24/2024,Debit Card,Paid,19477.66
317205,217205,6/28/2025,UPI,Paid,79.25
317206,217206,12/12/2025,UPI,Paid,567.61
317207,217207,12/12/2024,UPI,Paid,13604.89
317208,217208,6/28/2025,UPI,Paid,23697.13
317209,217209,11/13/2025,UPI,Failed,16254.83
317210,217210,9/7/2025,UPI,Paid,4712.74
317211,217211,5/19/2025,Credit Card,Paid,2917.73
317212,217212,9/13/2024,UPI,Paid,12242.76
317213,217213,4/30/2025,Cash on Delivery,Paid,1374.15
317214,217214,11/19/2025,UPI,Paid,890.43
317215,217215,10/23/2023,UPI,Paid,3014.51
317216,217216,5/5/2025,Cash on Delivery,Paid,24588.21
317217,217217,11/16/2025,Credit Card,Paid,725.05
317218,217218,1/18/2025,UPI,Paid,6563.84
317219,217219,3/11/2025,Credit Card,Pending,20704.73
317220,217220,6/6/2025,Net Banking,Paid,2343.33
317221,217221,1/1/2025,Debit Card,Paid,4555.89
317222,217222,7/29/2025,UPI,Paid,14481.88
317223,217223,4/27/2025,Cash on Delivery,Pending,4030.85
317224,217224,2/7/2024,UPI,Paid,12589.71
317225,217225,10/29/2025,UPI,Paid,702.1
317226,217226,7/29/2025,UPI,Paid,4211.51
317227,217227,6/12/2025,UPI,Paid,4069.05
317228,217228,7/11/2025,Credit Card,Paid,10493.57
317229,217229,8/20/2023,Wallet,Paid,1732.96
317230,217230,9/16/2025,UPI,Paid,2693.96
317231,217231,12/7/2025,Debit Card,Paid,2577.35
317232,217232,7/4/2025,Credit Card,Paid,8194.88
317233,217233,11/21/2025,Credit Card,Paid,556.62
317234,217234,11/10/2025,Cash on Delivery,Paid,2837.57
317235,217235,5/29/2025,Credit Card,Paid,9378.4
317236,217236,6/30/2024,UPI,Paid,23833.35
317237,217237,7/29/2025,Debit Card,Paid,3438.76
317238,217238,12/9/2025,UPI,Paid,9512.42
317239,217239,11/19/2025,Credit Card,Paid,4044
317240,217240,7/5/2025,UPI,Paid,3434.38
317241,217241,12/30/2025,UPI,Paid,12280.03
317242,217242,2/11/2025,Cash on Delivery,Paid,248.68
317243,217243,11/12/2025,UPI,Pending,2040.08
317244,217244,12/27/2025,UPI,Paid,980.29
317245,217245,12/9/2024,UPI,Paid,6741.3
317246,217246,2/28/2025,Wallet,Paid,4512.85
317247,217247,5/25/2024,Debit Card,Paid,199.12
317248,217248,1/29/2025,Cash on Delivery,Paid,5763.04
317249,217249,9/26/2024,Credit Card,Paid,6243.64
317250,217250,7/3/2023,Credit Card,Paid,3152.25
317251,217251,2/26/2025,Debit Card,Paid,9976.6
317252,217252,8/9/2024,Credit Card,Paid,3456.43
317253,217253,1/9/2025,UPI,Paid,3889.94
317254,217254,12/20/2025,Credit Card,Paid,1019.42
317255,217255,10/13/2024,Cash on Delivery,Paid,3528.57
317256,217256,10/10/2024,Wallet,Paid,199.99
317257,217257,12/23/2025,Debit Card,Failed,5474.91
317258,217258,9/4/2025,UPI,Paid,10775.32
317259,217259,8/10/2024,Credit Card,Paid,4291.63
317260,217260,10/31/2025,Cash on Delivery,Paid,2388.75
317261,217261,12/19/2025,UPI,Paid,4259.92
317262,217262,8/9/2024,Wallet,Failed,4630.81
317263,217263,6/23/2025,UPI,Paid,5945.7
317264,217264,12/28/2025,Cash on Delivery,Paid,7821.46
317265,217265,6/25/2025,Wallet,Paid,7565.11
317266,217266,7/28/2023,UPI,Paid,1720.27
317267,217267,2/22/2025,Credit Card,Paid,2746.91
317268,217268,10/17/2025,Debit Card,Paid,2111.23
317269,217269,12/16/2025,Debit Card,Paid,10270.53
317270,217270,11/1/2025,Debit Card,Paid,3471.39
317271,217271,12/14/2025,UPI,Paid,1640.93
317272,217272,11/21/2024,UPI,Paid,11369.51
317273,217273,12/19/2025,Debit Card,Paid,1974.04
317274,217274,1/21/2025,Debit Card,Paid,2092.16
317275,217275,10/3/2025,UPI,Paid,8435.85
317276,217276,1/26/2025,Debit Card,Paid,8789.66
317277,217277,12/12/2023,Cash on Delivery,Paid,8578.22
317278,217278,10/23/2024,UPI,Paid,1305.64
317279,217279,12/2/2025,Cash on Delivery,Paid,18110.25
317280,217280,9/21/2023,UPI,Paid,4552.28
317281,217281,3/18/2025,Debit Card,Paid,14436.67
317282,217282,4/25/2025,Credit Card,Paid,5143.82
317283,217283,1/30/2025,Credit Card,Paid,2411.81
317284,217284,12/20/2024,Debit Card,Failed,2113.86
317285,217285,8/6/2025,Net Banking,Paid,16169.11
317286,217286,12/27/2025,Cash on Delivery,Paid,2878.95
317287,217287,6/25/2025,Net Banking,Paid,5946.99
317288,217288,6/28/2025,Cash on Delivery,Paid,8844.56
317289,217289,12/13/2025,Credit Card,Paid,2299.22
317290,217290,12/29/2025,Cash on Delivery,Paid,882.74
317291,217291,6/24/2024,Wallet,Paid,24410.51
317292,217292,8/8/2025,Cash on Delivery,Paid,2709.93
317293,217293,7/10/2024,Debit Card,Paid,10962.29
317294,217294,8/21/2025,UPI,Paid,9960.32
317295,217295,9/12/2025,UPI,Paid,1244.79
317296,217296,9/28/2024,Wallet,Failed,5199.73
317297,217297,11/9/2025,UPI,Paid,6577.2
317298,217298,6/1/2025,Cash on Delivery,Paid,4652.11
317299,217299,12/23/2024,Credit Card,Paid,9642.25
317300,217300,5/18/2025,Debit Card,Paid,8903.11
317301,217301,7/11/2025,Cash on Delivery,Paid,2410.73
317302,217302,3/17/2024,Net Banking,Paid,3722.99
317303,217303,9/9/2024,UPI,Paid,6325.9
317304,217304,11/26/2025,Credit Card,Paid,24454.32
317305,217305,8/12/2025,Cash on Delivery,Paid,6893.42
317306,217306,11/26/2025,Cash on Delivery,Paid,6910.2
317307,217307,12/17/2025,UPI,Paid,5839.26
317308,217308,12/31/2025,Credit Card,Paid,2765.91
317309,217309,7/21/2023,Net Banking,Paid,2782.98
317310,217310,12/19/2025,Credit Card,Failed,10167.79
317311,217311,12/11/2025,Net Banking,Paid,6235.92
317312,217312,12/1/2025,UPI,Paid,5175.2
317313,217313,11/27/2024,Debit Card,Paid,8905.31
317314,217314,6/11/2025,Debit Card,Paid,11609.2
317315,217315,9/15/2025,Debit Card,Paid,927.74
317316,217316,11/24/2024,UPI,Paid,1835.5
317317,217317,12/1/2025,Credit Card,Paid,10935.47
317318,217318,8/27/2025,Net Banking,Paid,18068.54
317319,217319,5/7/2025,UPI,Paid,959.56
317320,217320,6/11/2025,UPI,Failed,4155.87
317321,217321,9/19/2024,Cash on Delivery,Paid,5659.14
317322,217322,8/4/2024,UPI,Paid,5722.81
317323,217323,2/18/2025,Credit Card,Paid,5740.78
317324,217324,11/28/2024,UPI,Paid,5042.96
317325,217325,2/8/2024,Credit Card,Paid,3836.78
317326,217326,10/29/2024,Cash on Delivery,Failed,6610.05
317327,217327,7/22/2025,Credit Card,Paid,2091.77
317328,217328,11/1/2023,Net Banking,Pending,15212.85
317329,217329,7/4/2025,Cash on Delivery,Paid,617.91
317330,217330,4/2/2024,Credit Card,Paid,11887.75
317331,217331,6/4/2025,Debit Card,Paid,3113.72
317332,217332,6/27/2025,Cash on Delivery,Paid,5551.76
317333,217333,12/31/2025,Cash on Delivery,Paid,7865.86
317334,217334,7/20/2025,Debit Card,Paid,2483.21
317335,217335,5/24/2025,Credit Card,Paid,1367.8
317336,217336,9/9/2025,UPI,Pending,3019.73
317337,217337,8/1/2025,Debit Card,Paid,3024.64
317338,217338,6/4/2025,UPI,Paid,2881.46
317339,217339,10/2/2024,Cash on Delivery,Paid,1949
317340,217340,7/7/2025,Credit Card,Paid,2499.64
317341,217341,3/2/2025,UPI,Paid,3197.45
317342,217342,10/18/2023,Credit Card,Paid,4437.05
317343,217343,2/13/2025,Credit Card,Paid,10023.28
317344,217344,3/12/2025,Debit Card,Paid,3229.81
317345,217345,1/16/2024,Debit Card,Paid,4333.87
317346,217346,12/28/2025,Cash on Delivery,Paid,1801.71
317347,217347,9/12/2025,Net Banking,Paid,8594.52
317348,217348,7/10/2025,UPI,Paid,4078.26
317349,217349,11/16/2025,UPI,Paid,10878.79
317350,217350,1/2/2025,UPI,Paid,12994.49
317351,217351,12/2/2025,Net Banking,Paid,7490.4
317352,217352,7/24/2024,UPI,Paid,11980.4
317353,217353,12/9/2025,Credit Card,Paid,8248.66
317354,217354,8/8/2024,Credit Card,Paid,7570.7
317355,217355,7/25/2025,Net Banking,Paid,3338.38
317356,217356,8/26/2025,Wallet,Paid,2063.61
317357,217357,12/12/2025,Credit Card,Paid,7398.18
317358,217358,10/5/2025,Net Banking,Paid,25230.15
317359,217359,10/21/2025,Net Banking,Paid,9969.06
317360,217360,7/16/2025,Cash on Delivery,Paid,16327.19
317361,217361,11/19/2024,UPI,Paid,17269.3
317362,217362,12/28/2025,Net Banking,Paid,21225.51
317363,217363,11/17/2025,UPI,Paid,1036.82
317364,217364,8/9/2025,UPI,Paid,3610.84
317365,217365,11/4/2025,Debit Card,Paid,15138.39
317366,217366,1/24/2025,Credit Card,Paid,8292.78
317367,217367,11/11/2025,UPI,Paid,7912.72
317368,217368,6/3/2025,Credit Card,Failed,3842.88
317369,217369,6/15/2023,UPI,Paid,2488.88
317370,217370,5/20/2025,UPI,Pending,414.21
317371,217371,4/14/2025,Net Banking,Paid,8823.78
317372,217372,7/13/2025,Cash on Delivery,Paid,6416.8
317373,217373,6/26/2025,Net Banking,Paid,4641.69
317374,217374,6/1/2024,UPI,Paid,81.77
317375,217375,5/14/2025,Credit Card,Paid,20334.88
317376,217376,12/3/2024,Credit Card,Paid,2287.98
317377,217377,12/26/2025,Wallet,Paid,2557.11
317378,217378,12/31/2025,UPI,Paid,2770.41
317379,217379,5/23/2025,Credit Card,Paid,608.31
317380,217380,7/10/2025,UPI,Paid,12687.65
317381,217381,12/12/2024,Net Banking,Paid,4038.76
317382,217382,7/18/2025,UPI,Paid,11482.19
317383,217383,10/22/2025,UPI,Paid,1651.12
317384,217384,8/18/2023,UPI,Paid,464.1
317385,217385,8/13/2024,Cash on Delivery,Paid,4553.18
317386,217386,6/11/2025,UPI,Paid,4631.01
317387,217387,11/11/2025,Cash on Delivery,Paid,15372.5
317388,217388,11/19/2025,Debit Card,Paid,16656.84
317389,217389,4/6/2025,Wallet,Paid,6499.13
317390,217390,11/21/2024,UPI,Paid,4573.71
317391,217391,10/5/2025,Credit Card,Paid,307.81
317392,217392,7/23/2025,UPI,Paid,5109.66
317393,217393,5/24/2024,UPI,Paid,5563.34
317394,217394,9/9/2024,Debit Card,Paid,1764.34
317395,217395,11/23/2025,Debit Card,Paid,16735.79
317396,217396,10/3/2025,Net Banking,Paid,4839.15
317397,217397,10/1/2024,UPI,Paid,12990.6
317398,217398,12/22/2025,Wallet,Paid,8939.67
317399,217399,3/21/2024,Cash on Delivery,Paid,2417.89
317400,217400,7/26/2025,Cash on Delivery,Paid,5056.1
317401,217401,7/1/2025,UPI,Paid,6874.69
317402,217402,4/23/2025,Net Banking,Paid,11850.01
317403,217403,2/28/2025,Credit Card,Failed,10190.49
317404,217404,12/25/2025,Credit Card,Paid,16688.55
317405,217405,12/20/2025,Debit Card,Paid,5134.82
317406,217406,12/21/2025,Cash on Delivery,Paid,1243
317407,217407,3/20/2025,UPI,Paid,3138.43
317408,217408,7/20/2024,UPI,Paid,9958.48
317409,217409,11/13/2024,Debit Card,Pending,12626.38
317410,217410,11/20/2025,Credit Card,Paid,3167.79
317411,217411,10/29/2025,UPI,Paid,3073.7
317412,217412,11/17/2025,UPI,Paid,9820.41
317413,217413,7/6/2024,Credit Card,Paid,5217.07
317414,217414,5/8/2025,Cash on Delivery,Paid,269.72
317415,217415,1/10/2024,UPI,Paid,4462.14
317416,217416,3/1/2025,Credit Card,Paid,494.29
317417,217417,11/10/2025,Credit Card,Paid,20525.27
317418,217418,1/15/2024,Credit Card,Paid,5544.53
317419,217419,12/23/2024,UPI,Paid,7898.91
317420,217420,5/7/2024,Debit Card,Paid,8308.84
317421,217421,8/13/2025,Credit Card,Paid,405.77
317422,217422,12/19/2025,UPI,Paid,696.84
317423,217423,10/21/2025,UPI,Failed,16139.21
317424,217424,7/25/2023,UPI,Paid,2724.64
317425,217425,9/4/2025,UPI,Pending,30601.6
317426,217426,12/30/2025,UPI,Paid,1184.06
317427,217427,8/18/2025,UPI,Paid,1554.59
317428,217428,11/13/2025,UPI,Paid,2031.82
317429,217429,10/3/2025,UPI,Paid,17158.33
317430,217430,11/1/2025,UPI,Paid,4936.74
317431,217431,3/28/2025,Credit Card,Paid,7545.42
317432,217432,9/20/2025,Credit Card,Paid,10416.31
317433,217433,12/10/2025,UPI,Paid,6841.26
317434,217434,10/6/2024,UPI,Paid,28249.85
317435,217435,10/19/2025,UPI,Paid,420.24
317436,217436,11/7/2023,Wallet,Paid,4538.71
317437,217437,6/25/2025,UPI,Paid,2053.02
317438,217438,4/15/2025,Net Banking,Paid,1685.1
317439,217439,3/9/2025,UPI,Paid,4610.22
317440,217440,12/3/2025,Wallet,Paid,3125.53
317441,217441,10/29/2025,UPI,Paid,8472.81
317442,217442,10/13/2024,UPI,Paid,2776.47
317443,217443,4/22/2025,Credit Card,Paid,2515.51
317444,217444,5/16/2025,Credit Card,Paid,5809.06
317445,217445,7/7/2024,Net Banking,Paid,2002.49
317446,217446,11/3/2025,UPI,Paid,519.23
317447,217447,10/14/2025,UPI,Paid,8640.6
317448,217448,9/2/2025,UPI,Paid,8014.91
317449,217449,3/13/2025,Net Banking,Paid,3184.97
317450,217450,6/16/2025,Cash on Delivery,Paid,16886.83
317451,217451,12/13/2025,UPI,Paid,14096.19
317452,217452,12/11/2025,Credit Card,Paid,464.76
317453,217453,8/13/2025,UPI,Paid,4050.45
317454,217454,10/23/2024,Cash on Delivery,Paid,1521.01
317455,217455,3/3/2025,Debit Card,Paid,8487.64
317456,217456,9/28/2025,Credit Card,Paid,573.47
317457,217457,12/7/2025,UPI,Paid,8294.52
317458,217458,12/12/2025,Credit Card,Paid,6143.01
317459,217459,12/17/2023,Cash on Delivery,Paid,3015.42
317460,217460,5/3/2025,Credit Card,Pending,2947.67
317461,217461,11/19/2025,Credit Card,Paid,3255.72
317462,217462,12/31/2025,Debit Card,Paid,28187.52
317463,217463,7/18/2024,UPI,Paid,1115.13
317464,217464,10/12/2024,Credit Card,Failed,2967.85
317465,217465,6/4/2024,UPI,Paid,5470.45
317466,217466,6/4/2025,Credit Card,Paid,1044.34
317467,217467,12/29/2025,Credit Card,Paid,14329.05
317468,217468,7/6/2025,UPI,Paid,10588.97
317469,217469,10/10/2025,UPI,Paid,5773.49
317470,217470,12/31/2025,Cash on Delivery,Paid,7901.86
317471,217471,11/4/2025,UPI,Pending,1542.74
317472,217472,8/7/2025,Credit Card,Paid,1129.84
317473,217473,12/30/2023,Wallet,Paid,3974.45
317474,217474,8/22/2024,Wallet,Paid,5402.61
317475,217475,9/6/2025,Wallet,Paid,3865.7
317476,217476,3/2/2025,Debit Card,Paid,3082.07
317477,217477,8/27/2024,Debit Card,Paid,3666.41
317478,217478,11/12/2023,Net Banking,Paid,10664.23
317479,217479,10/22/2023,UPI,Paid,762.25
317480,217480,3/31/2023,UPI,Paid,5137.02
317481,217481,11/30/2025,UPI,Failed,5111.59
317482,217482,1/22/2024,UPI,Paid,7686.74
317483,217483,2/3/2024,UPI,Paid,11604.13
317484,217484,11/11/2024,Debit Card,Paid,7934.69
317485,217485,2/5/2025,UPI,Paid,868.47
317486,217486,1/5/2024,Net Banking,Paid,3486.09
317487,217487,6/19/2025,Credit Card,Paid,1177.12
317488,217488,12/16/2025,Cash on Delivery,Paid,7620.19
317489,217489,9/16/2025,UPI,Paid,5369.1
317490,217490,9/30/2025,UPI,Paid,3417.53
317491,217491,12/12/2025,Wallet,Paid,1354.57
317492,217492,10/4/2025,Debit Card,Failed,2981.38
317493,217493,11/11/2025,Wallet,Paid,8166.41
317494,217494,8/18/2025,Credit Card,Paid,3800.45
317495,217495,5/7/2024,Credit Card,Paid,6875.26
317496,217496,11/10/2024,Debit Card,Paid,24883.65
317497,217497,3/8/2025,Cash on Delivery,Paid,6354.16
317498,217498,10/25/2024,Credit Card,Paid,1723.14
317499,217499,11/26/2024,UPI,Paid,4029.01
317500,217500,4/25/2025,Credit Card,Paid,5405.74
317501,217501,12/21/2025,Debit Card,Paid,1846.78
317502,217502,12/21/2025,Credit Card,Paid,8635.29
317503,217503,7/19/2024,UPI,Paid,9185.79
317504,217504,9/24/2024,UPI,Paid,2321.66
317505,217505,3/14/2025,Wallet,Paid,12321.32
317506,217506,4/7/2024,Net Banking,Paid,1011.91
317507,217507,11/27/2023,UPI,Paid,2388.66
317508,217508,6/11/2025,Credit Card,Paid,15073.92
317509,217509,11/8/2023,Net Banking,Paid,1863.17
317510,217510,8/19/2025,Credit Card,Paid,14077.97
317511,217511,7/16/2023,Wallet,Paid,8147.7
317512,217512,3/28/2025,Credit Card,Paid,5999.75
317513,217513,12/4/2024,Wallet,Paid,316.83
317514,217514,10/23/2023,Cash on Delivery,Paid,9238.54
317515,217515,2/28/2025,UPI,Paid,5826.6
317516,217516,12/7/2025,Credit Card,Paid,4132.41
317517,217517,6/2/2024,Credit Card,Paid,9843.93
317518,217518,11/18/2025,Credit Card,Paid,7256.5
317519,217519,10/7/2025,Cash on Delivery,Paid,6608.31
317520,217520,7/14/2024,Cash on Delivery,Paid,19373.22
317521,217521,8/4/2025,Net Banking,Paid,2556.18
317522,217522,9/20/2025,Net Banking,Paid,4560.06
317523,217523,6/22/2025,UPI,Paid,3601.18
317524,217524,2/3/2025,Credit Card,Paid,1141.01
317525,217525,3/5/2024,Credit Card,Paid,399.29
317526,217526,6/21/2025,Wallet,Paid,11955.04
317527,217527,6/24/2025,Debit Card,Paid,7716.83
317528,217528,11/29/2025,UPI,Paid,6149.4
317529,217529,10/28/2025,Debit Card,Paid,8892.15
317530,217530,9/30/2025,UPI,Paid,3654.09
317531,217531,7/13/2025,UPI,Paid,12557.94
317532,217532,4/10/2025,Credit Card,Paid,319.42
317533,217533,10/28/2025,UPI,Paid,10190.4
317534,217534,6/1/2025,Credit Card,Paid,1994.61
317535,217535,8/15/2023,UPI,Paid,5299.23
317536,217536,12/5/2025,Debit Card,Paid,1202.23
317537,217537,3/30/2025,Debit Card,Paid,2372.14
317538,217538,8/8/2025,UPI,Paid,1639.97
317539,217539,3/5/2025,Debit Card,Paid,4920.32
317540,217540,8/3/2025,UPI,Paid,5209.67
317541,217541,7/26/2025,UPI,Paid,5334.12
317542,217542,12/2/2025,Cash on Delivery,Paid,1549.62
317543,217543,7/3/2025,Debit Card,Paid,4803.28
317544,217544,8/29/2024,Cash on Delivery,Paid,4041.59
317545,217545,5/9/2025,UPI,Paid,4667.32
317546,217546,11/8/2024,Credit Card,Paid,4539.8
317547,217547,11/21/2025,Credit Card,Paid,8191.03
317548,217548,6/9/2025,UPI,Paid,4903.34
317549,217549,12/14/2024,Net Banking,Paid,2532.14
317550,217550,9/23/2025,Net Banking,Paid,2176.09
317551,217551,6/19/2025,Cash on Delivery,Paid,2267.59
317552,217552,4/20/2025,Net Banking,Paid,5363.91
317553,217553,12/15/2025,Wallet,Pending,733.99
317554,217554,10/5/2025,Debit Card,Paid,4233.4
317555,217555,11/17/2025,Credit Card,Paid,6386.69
317556,217556,12/29/2024,Credit Card,Paid,7257.93
317557,217557,11/20/2025,Credit Card,Paid,4689.26
317558,217558,11/15/2025,UPI,Paid,9636.08
317559,217559,10/19/2025,Wallet,Paid,465.35
317560,217560,4/20/2023,Credit Card,Paid,929.43
317561,217561,1/26/2025,Wallet,Paid,3403.18
317562,217562,8/15/2025,Cash on Delivery,Pending,1783.63
317563,217563,10/8/2025,UPI,Paid,3279.75
317564,217564,12/31/2025,Credit Card,Paid,5899.59
317565,217565,3/24/2025,Credit Card,Paid,4360.8
317566,217566,5/29/2025,UPI,Paid,3895.55
317567,217567,5/14/2025,Credit Card,Paid,6716.81
317568,217568,2/13/2024,Debit Card,Paid,2838.14
317569,217569,8/22/2025,Debit Card,Paid,2238.71
317570,217570,5/31/2023,UPI,Paid,4518.09
317571,217571,12/16/2025,Cash on Delivery,Paid,1947.63
317572,217572,2/9/2025,Credit Card,Paid,19353.63
317573,217573,7/7/2025,Credit Card,Paid,3902.6
317574,217574,8/15/2025,UPI,Paid,17316.48
317575,217575,3/8/2025,Net Banking,Paid,457.29
317576,217576,6/8/2025,Debit Card,Paid,3723.63
317577,217577,2/8/2025,UPI,Paid,18432.19
317578,217578,7/8/2025,Credit Card,Paid,1165.12
317579,217579,7/26/2023,Net Banking,Paid,5015.86
317580,217580,4/5/2024,Cash on Delivery,Paid,2635.63
317581,217581,2/1/2025,Net Banking,Paid,2863.91
317582,217582,7/28/2024,Credit Card,Paid,2232.16
317583,217583,12/24/2025,Credit Card,Paid,12311.98
317584,217584,12/27/2024,Credit Card,Failed,2907.4
317585,217585,9/22/2025,Wallet,Paid,348.17
317586,217586,9/7/2024,Cash on Delivery,Paid,10916.8
317587,217587,8/18/2025,UPI,Paid,1186.71
317588,217588,10/7/2024,Cash on Delivery,Paid,3569.75
317589,217589,4/4/2025,UPI,Paid,4243.01
317590,217590,12/11/2025,UPI,Paid,4566.05
317591,217591,11/18/2025,Debit Card,Paid,5919.52
317592,217592,11/28/2024,UPI,Paid,6862.1
317593,217593,12/3/2025,UPI,Paid,1355.33
317594,217594,5/16/2025,Debit Card,Paid,4563.77
317595,217595,10/27/2025,UPI,Paid,34005.36
317596,217596,4/30/2025,Debit Card,Failed,26569.17
317597,217597,4/2/2024,Credit Card,Paid,13791.52
317598,217598,7/21/2025,Credit Card,Paid,7076.11
317599,217599,12/5/2024,Debit Card,Paid,16967.04
317600,217600,10/23/2025,Debit Card,Paid,2950.35
317601,217601,8/19/2024,UPI,Paid,1213.54
317602,217602,12/30/2024,Cash on Delivery,Paid,959.56
317603,217603,7/8/2024,Cash on Delivery,Paid,2813.67
317604,217604,1/24/2025,UPI,Paid,1985.43
317605,217605,9/16/2025,UPI,Paid,6678.61
317606,217606,8/24/2025,Cash on Delivery,Paid,324.44
317607,217607,7/22/2025,UPI,Paid,6547.83
317608,217608,5/14/2025,UPI,Paid,10466.7
317609,217609,12/3/2025,Cash on Delivery,Paid,2181.68
317610,217610,12/15/2025,UPI,Paid,3818.11
317611,217611,6/8/2025,Credit Card,Pending,4432.38
317612,217612,4/22/2025,UPI,Paid,17012.16
317613,217613,12/9/2025,UPI,Paid,23588.65
317614,217614,10/15/2025,Net Banking,Paid,5020.79
317615,217615,12/22/2023,Debit Card,Paid,8845.21
317616,217616,8/2/2023,UPI,Paid,716.41
317617,217617,11/14/2025,Net Banking,Paid,983.3
317618,217618,9/25/2025,UPI,Paid,364.39
317619,217619,12/28/2025,Debit Card,Paid,6453.68
317620,217620,10/23/2025,UPI,Paid,1519.46
317621,217621,10/3/2023,Cash on Delivery,Paid,14536.54
317622,217622,11/25/2025,Cash on Delivery,Paid,9262.82
317623,217623,12/14/2024,Wallet,Paid,4789.37
317624,217624,7/22/2023,Credit Card,Paid,639.94
317625,217625,3/3/2025,Net Banking,Paid,13770.37
317626,217626,2/27/2025,UPI,Paid,27311.41
317627,217627,2/24/2025,UPI,Paid,3218.54
317628,217628,9/10/2025,Debit Card,Paid,703.39
317629,217629,2/1/2025,Wallet,Paid,853
317630,217630,9/13/2024,Debit Card,Paid,4580.42
317631,217631,3/29/2024,Net Banking,Paid,3031.07
317632,217632,3/14/2025,Cash on Delivery,Paid,10729.53
317633,217633,8/26/2025,UPI,Paid,9293.56
317634,217634,6/2/2025,Cash on Delivery,Paid,4762.68
317635,217635,5/18/2025,Credit Card,Paid,4508.75
317636,217636,7/29/2025,Cash on Delivery,Paid,1886.67
317637,217637,1/15/2025,Debit Card,Paid,1705.92
317638,217638,9/15/2024,Credit Card,Paid,17990.53
317639,217639,3/13/2024,UPI,Paid,3784.94
317640,217640,10/9/2025,Debit Card,Paid,2279.62
317641,217641,10/27/2025,UPI,Paid,4412.21
317642,217642,8/17/2025,UPI,Paid,3390.5
317643,217643,7/12/2025,UPI,Paid,7849.03
317644,217644,11/7/2024,Debit Card,Paid,1123.16
317645,217645,1/16/2025,UPI,Paid,1958.67
317646,217646,6/2/2025,UPI,Paid,6632.47
317647,217647,1/4/2025,Net Banking,Paid,2663.9
317648,217648,10/3/2024,Credit Card,Paid,1160.28
317649,217649,3/10/2025,Credit Card,Paid,10630.81
317650,217650,12/8/2025,UPI,Paid,2262.65
317651,217651,8/27/2025,UPI,Paid,9274.94
317652,217652,11/6/2025,Wallet,Paid,3898.87
317653,217653,10/4/2025,Credit Card,Paid,1610.8
317654,217654,10/17/2025,UPI,Paid,1943.69
317655,217655,2/21/2025,UPI,Paid,6819.45
317656,217656,9/4/2025,Credit Card,Paid,7329.1
317657,217657,3/17/2025,Cash on Delivery,Paid,5182.98
317658,217658,4/13/2024,UPI,Paid,12483.22
317659,217659,4/1/2025,Debit Card,Paid,23523.67
317660,217660,5/19/2025,UPI,Paid,4478.56
317661,217661,11/23/2025,Credit Card,Paid,23641.79
317662,217662,4/2/2025,Wallet,Paid,8847.66
317663,217663,3/24/2025,Debit Card,Paid,2124.22
317664,217664,5/14/2025,Debit Card,Paid,5420.18
317665,217665,5/10/2025,Credit Card,Paid,1522.24
317666,217666,12/27/2025,UPI,Paid,2668.57
317667,217667,5/15/2023,Credit Card,Paid,7317.28
317668,217668,11/8/2023,Wallet,Paid,9607.79
317669,217669,11/4/2025,Wallet,Paid,1740.79
317670,217670,11/26/2025,Credit Card,Paid,1929.27
317671,217671,12/28/2025,Net Banking,Paid,972.12
317672,217672,6/27/2024,Credit Card,Paid,2682.52
317673,217673,2/4/2025,Wallet,Paid,3721.77
317674,217674,11/1/2025,Credit Card,Paid,7110.12
317675,217675,6/3/2024,Credit Card,Paid,14320.52
317676,217676,10/17/2025,Debit Card,Paid,3095.49
317677,217677,8/10/2023,Credit Card,Paid,446.68
317678,217678,10/1/2024,Debit Card,Paid,4947.5
317679,217679,5/20/2025,Credit Card,Pending,3150.7
317680,217680,12/12/2025,UPI,Paid,6021.24
317681,217681,8/29/2024,Wallet,Paid,1661.28
317682,217682,11/23/2024,UPI,Paid,2267.65
317683,217683,12/4/2025,Credit Card,Paid,5033.49
317684,217684,10/14/2025,Cash on Delivery,Paid,186.77
317685,217685,8/22/2024,UPI,Paid,5751.38
317686,217686,10/8/2025,Credit Card,Paid,2256.26
317687,217687,10/24/2024,Credit Card,Failed,10414.06
317688,217688,3/24/2025,Debit Card,Paid,19387.79
317689,217689,6/10/2025,Debit Card,Paid,2658.65
317690,217690,10/31/2024,Net Banking,Paid,24103.71
317691,217691,8/4/2025,Cash on Delivery,Paid,3429.1
317692,217692,1/15/2023,UPI,Paid,2256.68
317693,217693,12/21/2025,UPI,Paid,3026.26
317694,217694,8/17/2025,UPI,Paid,10780.18
317695,217695,12/7/2024,UPI,Paid,2152.56
317696,217696,12/9/2025,Wallet,Pending,737.82
317697,217697,10/17/2025,Cash on Delivery,Paid,4368.26
317698,217698,9/24/2025,Credit Card,Paid,3910.97
317699,217699,7/1/2025,Net Banking,Paid,4507.4
317700,217700,11/17/2025,Debit Card,Paid,1980.5
317701,217701,12/16/2025,Credit Card,Paid,7971.34
317702,217702,12/24/2025,Debit Card,Paid,8339.24
317703,217703,9/22/2025,Debit Card,Paid,498.01
317704,217704,11/15/2025,Debit Card,Paid,5944.35
317705,217705,3/12/2024,Net Banking,Paid,825.24
317706,217706,2/5/2025,Net Banking,Paid,6736.49
317707,217707,9/23/2025,Debit Card,Paid,4518.13
317708,217708,9/6/2025,Net Banking,Paid,3093.95
317709,217709,8/23/2025,UPI,Paid,2459.73
317710,217710,12/16/2025,UPI,Paid,314.64
317711,217711,8/15/2025,UPI,Paid,14922.32
317712,217712,4/20/2025,UPI,Paid,5721.57
317713,217713,9/15/2025,Credit Card,Paid,8387.64
317714,217714,11/6/2025,Wallet,Pending,274.28
317715,217715,5/1/2025,UPI,Paid,15634.86
317716,217716,12/9/2025,UPI,Paid,9781.19
317717,217717,2/20/2025,UPI,Paid,3984.12
317718,217718,10/13/2024,Credit Card,Paid,6048.06
317719,217719,8/3/2025,Wallet,Paid,3968.58
317720,217720,7/26/2024,Credit Card,Paid,13712.26
317721,217721,6/6/2025,UPI,Pending,15085.21
317722,217722,12/6/2025,Credit Card,Pending,8051.47
317723,217723,11/12/2025,UPI,Paid,4929.8
317724,217724,6/3/2024,UPI,Paid,2131.8
317725,217725,10/30/2025,UPI,Paid,9559.46
317726,217726,10/26/2025,UPI,Paid,3647.2
317727,217727,12/21/2023,Debit Card,Paid,3530.24
317728,217728,6/18/2025,UPI,Paid,2427.93
317729,217729,10/12/2025,Credit Card,Paid,11772.94
317730,217730,5/22/2025,UPI,Paid,14198.6
317731,217731,9/11/2025,Cash on Delivery,Paid,8951.04
317732,217732,12/17/2025,Cash on Delivery,Paid,11021.79
317733,217733,7/8/2024,Debit Card,Paid,8884.95
317734,217734,2/26/2025,Cash on Delivery,Paid,22255.81
317735,217735,7/16/2025,Cash on Delivery,Paid,13295.98
317736,217736,9/6/2025,UPI,Paid,582.29
317737,217737,3/26/2025,Credit Card,Paid,23019.42
317738,217738,11/30/2024,UPI,Paid,2129.41
317739,217739,11/5/2025,Debit Card,Paid,9842.6
317740,217740,10/24/2024,UPI,Paid,5029.71
317741,217741,7/28/2025,Credit Card,Paid,1298.76
317742,217742,11/3/2025,UPI,Paid,5022.1
317743,217743,4/26/2025,UPI,Paid,1107.45
317744,217744,1/4/2025,Credit Card,Paid,6047.06
317745,217745,8/10/2024,Wallet,Paid,1300.07
317746,217746,1/1/2025,UPI,Failed,5135.89
317747,217747,1/2/2025,UPI,Paid,2414.6
317748,217748,11/25/2025,Cash on Delivery,Paid,1490.61
317749,217749,6/27/2025,Debit Card,Paid,4279.57
317750,217750,8/22/2025,UPI,Paid,4807.58
317751,217751,12/4/2025,UPI,Paid,1884.31
317752,217752,3/23/2025,Debit Card,Paid,14258.43
317753,217753,9/9/2025,Net Banking,Paid,6394.05
317754,217754,11/1/2025,Debit Card,Paid,5318.34
317755,217755,3/20/2025,Wallet,Paid,1258.54
317756,217756,11/16/2024,UPI,Paid,1167.71
317757,217757,6/15/2024,Wallet,Paid,3306.05
317758,217758,7/28/2023,UPI,Paid,5011.25
317759,217759,7/28/2025,UPI,Paid,1558.98
317760,217760,10/11/2024,Wallet,Paid,5463.96
317761,217761,8/28/2025,UPI,Paid,1591.89
317762,217762,8/6/2025,UPI,Paid,565.55
317763,217763,11/11/2025,Credit Card,Paid,5536.26
317764,217764,7/14/2025,UPI,Paid,8018.76
317765,217765,7/15/2024,Net Banking,Paid,4571.07
317766,217766,4/5/2024,Cash on Delivery,Paid,2015.61
317767,217767,10/31/2025,Credit Card,Paid,753.52
317768,217768,10/29/2025,UPI,Paid,3716.22
317769,217769,8/10/2025,Net Banking,Paid,2257.47
317770,217770,9/30/2025,Credit Card,Pending,6617.81
317771,217771,9/25/2025,Credit Card,Paid,854.95
317772,217772,7/11/2023,Wallet,Paid,3497.26
317773,217773,7/3/2025,Credit Card,Paid,1531.63
317774,217774,4/29/2024,Net Banking,Paid,1056.93
317775,217775,12/27/2025,Credit Card,Paid,22513.76
317776,217776,9/19/2024,Cash on Delivery,Paid,4096.86
317777,217777,7/25/2025,UPI,Paid,1811.65
317778,217778,10/22/2025,UPI,Paid,2636.75
317779,217779,3/9/2024,Cash on Delivery,Paid,2309.38
317780,217780,9/3/2025,UPI,Paid,9922.98
317781,217781,3/13/2024,UPI,Paid,2295.72
317782,217782,12/15/2025,Credit Card,Paid,2195.43
317783,217783,10/11/2024,Credit Card,Paid,2556.56
317784,217784,12/4/2025,Debit Card,Paid,613.39
317785,217785,10/25/2023,UPI,Paid,16842.55
317786,217786,10/18/2025,Debit Card,Paid,1121.8
317787,217787,5/1/2023,Net Banking,Pending,4855.4
317788,217788,4/19/2025,Credit Card,Paid,2121.18
317789,217789,5/30/2023,Credit Card,Paid,3331.77
317790,217790,10/4/2025,Credit Card,Paid,17815.57
317791,217791,9/3/2025,UPI,Paid,1291.65
317792,217792,10/7/2025,Credit Card,Paid,4434.86
317793,217793,9/23/2025,Credit Card,Paid,4831
317794,217794,11/27/2025,Net Banking,Paid,1113.13
317795,217795,12/25/2025,UPI,Paid,1089.86
317796,217796,7/14/2025,Net Banking,Paid,1771.3
317797,217797,9/30/2025,Wallet,Paid,11863.77
317798,217798,3/25/2025,Cash on Delivery,Paid,5318.56
317799,217799,12/1/2025,Debit Card,Paid,1678.41
317800,217800,11/7/2023,Cash on Delivery,Paid,1146.43
317801,217801,11/19/2025,UPI,Paid,1676.25
317802,217802,8/27/2024,UPI,Paid,3764.11
317803,217803,12/20/2025,Net Banking,Paid,1264.09
317804,217804,9/2/2025,UPI,Paid,1611.3
317805,217805,7/1/2025,Credit Card,Paid,1409.49
317806,217806,8/2/2025,Wallet,Paid,1309.56
317807,217807,12/21/2025,Credit Card,Paid,3161.9
317808,217808,6/1/2025,Credit Card,Paid,5363.43
317809,217809,6/28/2024,UPI,Paid,4303.59
317810,217810,3/29/2024,Cash on Delivery,Paid,2317.25
317811,217811,11/20/2025,Wallet,Paid,15426.76
317812,217812,4/28/2025,Credit Card,Paid,2137.46
317813,217813,8/2/2025,Cash on Delivery,Paid,2922.16
317814,217814,1/10/2025,Cash on Delivery,Paid,1241.09
317815,217815,9/22/2024,UPI,Paid,28069.56
317816,217816,9/12/2025,Credit Card,Paid,9454.93
317817,217817,12/19/2025,UPI,Pending,10559.4
317818,217818,6/2/2024,UPI,Paid,45210
317819,217819,3/29/2024,Cash on Delivery,Paid,6761.42
317820,217820,9/26/2025,UPI,Paid,6940.41
317821,217821,12/16/2025,UPI,Paid,1454.41
317822,217822,12/30/2025,UPI,Paid,5822.06
317823,217823,2/18/2025,Cash on Delivery,Paid,8432.58
317824,217824,6/27/2023,Debit Card,Paid,4022.07
317825,217825,5/10/2025,UPI,Paid,10490.29
317826,217826,5/13/2025,Debit Card,Paid,1255.99
317827,217827,11/30/2025,Net Banking,Paid,7785.49
317828,217828,12/27/2025,UPI,Paid,1579.81
317829,217829,7/7/2025,Net Banking,Paid,13344.49
317830,217830,4/26/2025,Credit Card,Paid,2390.46
317831,217831,4/8/2025,Credit Card,Paid,1598.87
317832,217832,4/20/2025,Net Banking,Paid,2590.8
317833,217833,1/27/2025,UPI,Paid,1581.9
317834,217834,3/22/2024,Credit Card,Paid,806.8
317835,217835,7/8/2025,Cash on Delivery,Paid,2348.59
317836,217836,7/19/2025,Cash on Delivery,Paid,3343.78
317837,217837,9/24/2025,Wallet,Paid,4533.96
317838,217838,11/23/2025,UPI,Paid,4300.27
317839,217839,9/5/2025,Credit Card,Paid,4185.83
317840,217840,8/18/2024,Credit Card,Paid,377.46
317841,217841,12/21/2025,UPI,Paid,1220.66
317842,217842,10/21/2025,Credit Card,Paid,4109.65
317843,217843,10/25/2025,Credit Card,Paid,1557.1
317844,217844,8/28/2023,Debit Card,Paid,14601.36
317845,217845,10/21/2025,Credit Card,Failed,7504.2
317846,217846,10/23/2025,Wallet,Paid,16481
317847,217847,11/29/2025,UPI,Paid,3448.9
317848,217848,12/22/2025,Cash on Delivery,Paid,11782.92
317849,217849,6/14/2025,UPI,Paid,3451.2
317850,217850,12/5/2025,UPI,Paid,4358.01
317851,217851,4/2/2025,Debit Card,Paid,9159.62
317852,217852,9/13/2024,Credit Card,Paid,9074.04
317853,217853,4/7/2025,Cash on Delivery,Paid,18005.45
317854,217854,5/7/2025,Credit Card,Paid,2578.47
317855,217855,12/13/2024,UPI,Paid,12050.87
317856,217856,8/21/2024,Debit Card,Paid,5798.96
317857,217857,10/23/2023,Credit Card,Pending,1850.62
317858,217858,7/25/2023,UPI,Paid,519.58
317859,217859,1/1/2024,Debit Card,Paid,834.52
317860,217860,8/2/2023,Net Banking,Paid,11913.85
317861,217861,6/23/2024,Credit Card,Paid,273.57
317862,217862,7/1/2025,Debit Card,Paid,2046.94
317863,217863,4/15/2025,Wallet,Paid,5625.06
317864,217864,11/14/2024,UPI,Paid,13028.81
317865,217865,4/10/2025,Debit Card,Paid,7330.44
317866,217866,12/10/2025,Credit Card,Paid,6182.2
317867,217867,3/3/2025,Debit Card,Paid,4479.65
317868,217868,5/8/2025,UPI,Paid,7546.36
317869,217869,9/3/2025,Credit Card,Paid,28036.72
317870,217870,1/4/2025,UPI,Paid,5671.96
317871,217871,7/1/2024,Credit Card,Paid,8921.28
317872,217872,5/4/2024,Credit Card,Paid,8325.38
317873,217873,11/29/2024,Cash on Delivery,Paid,255.8
317874,217874,12/12/2024,Debit Card,Paid,351.09
317875,217875,3/11/2024,Debit Card,Paid,3378.36
317876,217876,5/30/2024,Debit Card,Paid,6946.58
317877,217877,4/18/2025,Credit Card,Paid,6628.03
317878,217878,8/23/2025,UPI,Paid,3458.15
317879,217879,12/4/2025,Net Banking,Paid,4158.1
317880,217880,12/17/2025,Cash on Delivery,Paid,1644.57
317881,217881,7/1/2025,UPI,Paid,7738.36
317882,217882,2/7/2024,Net Banking,Paid,5398.08
317883,217883,8/15/2025,UPI,Paid,4883.13
317884,217884,7/4/2025,UPI,Paid,4622.2
317885,217885,6/14/2025,Debit Card,Paid,18521.12
317886,217886,8/3/2025,UPI,Paid,3845.15
317887,217887,11/24/2024,UPI,Pending,3801.52
317888,217888,9/22/2024,Wallet,Paid,6825.31
317889,217889,12/14/2025,Debit Card,Paid,9884.3
317890,217890,7/31/2024,Debit Card,Paid,9073.37
317891,217891,4/23/2024,Credit Card,Paid,601.52
317892,217892,12/6/2025,UPI,Paid,9818.23
317893,217893,8/28/2025,Debit Card,Paid,8861.17
317894,217894,4/5/2025,Cash on Delivery,Failed,2253.52
317895,217895,10/12/2025,Wallet,Paid,15736.92
317896,217896,5/27/2024,Credit Card,Paid,4883.93
317897,217897,3/4/2025,UPI,Paid,2695.34
317898,217898,10/1/2025,Cash on Delivery,Paid,1480.68
317899,217899,2/15/2025,UPI,Paid,617.95
317900,217900,7/29/2023,UPI,Paid,1557.91
317901,217901,5/19/2025,Net Banking,Paid,8125.15
317902,217902,12/12/2025,Credit Card,Paid,5033.45
317903,217903,9/30/2025,Credit Card,Paid,732.44
317904,217904,8/18/2025,Cash on Delivery,Paid,2861.51
317905,217905,10/12/2025,UPI,Paid,2599.37
317906,217906,8/30/2025,Credit Card,Paid,1506.97
317907,217907,11/28/2025,UPI,Failed,11366
317908,217908,7/27/2024,Net Banking,Paid,4182.89
317909,217909,12/7/2025,UPI,Paid,1173.08
317910,217910,12/10/2025,UPI,Paid,14541.58
317911,217911,2/28/2025,Credit Card,Paid,4822.89
317912,217912,4/3/2025,Credit Card,Paid,583.87
317913,217913,6/9/2024,UPI,Pending,2415.7
317914,217914,9/9/2025,UPI,Failed,2003.91
317915,217915,9/28/2025,Credit Card,Paid,409.46
317916,217916,7/17/2025,Credit Card,Paid,610.67
317917,217917,10/31/2023,UPI,Paid,2348.21
317918,217918,9/3/2023,Wallet,Paid,16113.51
317919,217919,12/9/2025,UPI,Paid,7260.98
317920,217920,4/23/2025,Net Banking,Paid,9438.44
317921,217921,12/28/2025,Wallet,Paid,3395.29
317922,217922,6/22/2023,Cash on Delivery,Paid,4392.32
317923,217923,4/12/2024,Credit Card,Paid,6986
317924,217924,11/4/2025,UPI,Paid,6459.07
317925,217925,10/26/2025,Cash on Delivery,Paid,1693.7
317926,217926,10/27/2025,Net Banking,Paid,4069.21
317927,217927,8/24/2024,Credit Card,Paid,367.31
317928,217928,12/1/2025,UPI,Paid,18716.23
317929,217929,6/2/2024,UPI,Paid,1357.06
317930,217930,6/8/2024,Debit Card,Paid,6589.75
317931,217931,8/20/2025,Debit Card,Paid,4185.76
317932,217932,5/9/2024,UPI,Paid,5019.13
317933,217933,11/24/2025,Credit Card,Paid,2380.01
317934,217934,2/20/2025,UPI,Paid,994.68
317935,217935,8/25/2025,Debit Card,Paid,4998.15
317936,217936,12/16/2025,UPI,Paid,7365.88
317937,217937,3/22/2025,Wallet,Paid,7871.04
317938,217938,9/13/2023,Wallet,Paid,4109.05
317939,217939,1/6/2025,Credit Card,Paid,6511.01
317940,217940,11/8/2025,Debit Card,Paid,24450.7
317941,217941,11/13/2025,Debit Card,Paid,6226.2
317942,217942,12/26/2025,Credit Card,Paid,2288.68
317943,217943,8/27/2024,Cash on Delivery,Paid,7645.93
317944,217944,9/3/2025,UPI,Paid,4132.41
317945,217945,8/15/2025,Credit Card,Paid,4712.79
317946,217946,9/12/2025,Debit Card,Paid,902.82
317947,217947,12/10/2025,UPI,Paid,2125.16
317948,217948,6/2/2025,UPI,Paid,2099.86
317949,217949,1/23/2025,Credit Card,Paid,16074.69
317950,217950,11/24/2025,Cash on Delivery,Paid,297.08
317951,217951,8/3/2025,Net Banking,Paid,958.52
317952,217952,12/31/2024,Wallet,Paid,6024.26
317953,217953,8/8/2025,Cash on Delivery,Paid,4790.78
317954,217954,7/20/2024,UPI,Paid,4224.4
317955,217955,7/27/2025,Credit Card,Paid,9213.98
317956,217956,7/6/2024,UPI,Failed,5703.28
317957,217957,4/26/2025,UPI,Paid,11283.72
317958,217958,10/25/2024,UPI,Paid,11860.76
317959,217959,12/27/2025,Credit Card,Paid,6503.03
317960,217960,1/1/2025,Debit Card,Paid,11471.46
317961,217961,11/10/2025,UPI,Pending,7427.68
317962,217962,7/5/2025,UPI,Paid,3687.9
317963,217963,11/19/2025,UPI,Paid,16369.76
317964,217964,5/24/2025,Credit Card,Paid,23837.8
317965,217965,12/25/2023,UPI,Paid,13757.31
317966,217966,2/13/2025,Net Banking,Paid,21679.92
317967,217967,7/29/2025,UPI,Paid,1899.74
317968,217968,12/6/2025,Debit Card,Paid,13147.83
317969,217969,11/2/2025,Cash on Delivery,Paid,10540.65
317970,217970,11/12/2025,UPI,Paid,843.76
317971,217971,11/20/2024,Debit Card,Paid,1036.3
317972,217972,5/14/2025,UPI,Paid,7557.21
317973,217973,10/27/2023,Debit Card,Paid,1863.91
317974,217974,9/20/2025,Credit Card,Paid,11184.94
317975,217975,12/20/2025,UPI,Paid,1290.25
317976,217976,10/21/2025,Net Banking,Paid,3100.16
317977,217977,4/1/2025,UPI,Paid,8457.94
317978,217978,3/28/2024,UPI,Paid,15115.59
317979,217979,11/7/2025,Credit Card,Failed,3861.78
317980,217980,3/14/2025,Credit Card,Paid,3792.58
317981,217981,6/13/2025,Cash on Delivery,Failed,3030.42
317982,217982,3/25/2025,UPI,Paid,215.69
317983,217983,3/20/2025,Cash on Delivery,Paid,3482.7
317984,217984,9/5/2025,UPI,Paid,5889.37
317985,217985,10/2/2024,Credit Card,Paid,5882
317986,217986,4/23/2024,UPI,Paid,721.27
317987,217987,1/29/2024,UPI,Paid,5770.2
317988,217988,3/18/2025,Credit Card,Paid,6085.84
317989,217989,8/5/2025,Cash on Delivery,Pending,6436.05
317990,217990,6/20/2023,Cash on Delivery,Paid,5725.37
317991,217991,10/28/2025,Cash on Delivery,Paid,9536.57
317992,217992,12/21/2024,Net Banking,Paid,9958.09
317993,217993,12/27/2025,UPI,Paid,11952.97
317994,217994,7/20/2025,Credit Card,Paid,14993.91
317995,217995,2/5/2024,Cash on Delivery,Paid,13208.31
317996,217996,12/19/2025,Credit Card,Failed,9216.44
317997,217997,1/31/2025,Credit Card,Paid,6452.39
317998,217998,7/28/2025,Wallet,Paid,26947.72
317999,217999,8/8/2025,Cash on Delivery,Paid,2369.34
318000,218000,7/10/2024,Debit Card,Paid,3825.92
318001,218001,6/19/2023,Debit Card,Paid,7097.58
318002,218002,6/24/2024,Wallet,Paid,489.02
318003,218003,5/14/2025,UPI,Paid,2241.23
318004,218004,9/7/2025,Credit Card,Failed,5505.38
318005,218005,8/26/2024,UPI,Paid,3992.73
318006,218006,12/28/2025,UPI,Paid,119.82
318007,218007,9/14/2025,Credit Card,Paid,825.97
318008,218008,1/22/2025,Cash on Delivery,Paid,14258.71
318009,218009,9/19/2025,Credit Card,Paid,1748.91
318010,218010,12/25/2025,Credit Card,Paid,7722.16
318011,218011,6/11/2023,Debit Card,Paid,9390.2
318012,218012,1/18/2025,UPI,Paid,7118.69
318013,218013,12/9/2023,Credit Card,Paid,11813.99
318014,218014,12/1/2025,Debit Card,Failed,2689.04
318015,218015,12/9/2025,UPI,Paid,10542.89
318016,218016,1/23/2025,Net Banking,Paid,7910.57
318017,218017,2/2/2025,Wallet,Paid,3678.09
318018,218018,7/13/2025,Credit Card,Paid,7671.22
318019,218019,12/10/2025,Cash on Delivery,Paid,830.18
318020,218020,12/26/2025,UPI,Paid,6264.98
318021,218021,12/20/2025,Credit Card,Paid,1570.58
318022,218022,5/23/2025,UPI,Paid,11256.96
318023,218023,1/2/2025,Credit Card,Paid,722.92
318024,218024,6/4/2025,UPI,Paid,10295.13
318025,218025,9/8/2024,UPI,Paid,3000.66
318026,218026,11/15/2025,Credit Card,Paid,13999.17
318027,218027,6/11/2024,Credit Card,Paid,966.47
318028,218028,5/1/2025,Wallet,Paid,5779.78
318029,218029,6/19/2025,UPI,Paid,1872.79
318030,218030,7/1/2025,UPI,Paid,8144.14
318031,218031,5/9/2025,Credit Card,Paid,8456.83
318032,218032,9/30/2024,Debit Card,Paid,4443.26
318033,218033,10/15/2025,UPI,Paid,19584.54
318034,218034,12/5/2025,Credit Card,Paid,20554.19
318035,218035,7/24/2025,Credit Card,Paid,1981.44
318036,218036,7/14/2025,UPI,Paid,6458.08
318037,218037,1/1/2025,UPI,Paid,3964.49
318038,218038,2/1/2025,Debit Card,Paid,5023.27
318039,218039,12/17/2025,Net Banking,Paid,3823.76
318040,218040,8/4/2025,UPI,Paid,13580.99
318041,218041,7/16/2025,Cash on Delivery,Paid,7398.98
318042,218042,10/14/2025,Cash on Delivery,Paid,5774.82
318043,218043,4/8/2024,UPI,Paid,2284.49
318044,218044,11/27/2025,Wallet,Paid,4399.42
318045,218045,11/1/2024,Wallet,Paid,32703.78
318046,218046,7/5/2025,UPI,Paid,978.63
318047,218047,12/27/2025,Net Banking,Paid,2322.8
318048,218048,2/18/2025,UPI,Paid,12061.55
318049,218049,1/21/2025,UPI,Paid,4341.9
318050,218050,12/23/2025,Credit Card,Paid,3745.77
318051,218051,8/29/2025,UPI,Paid,4680.36
318052,218052,8/21/2025,Cash on Delivery,Paid,3991.73
318053,218053,2/13/2025,UPI,Paid,3315.49
318054,218054,8/27/2024,UPI,Paid,7139.67
318055,218055,12/31/2024,Credit Card,Paid,5180.16
318056,218056,12/2/2023,Debit Card,Paid,20980.78
318057,218057,5/13/2025,UPI,Pending,298.18
318058,218058,6/9/2025,Debit Card,Paid,10513.15
318059,218059,4/4/2024,Debit Card,Paid,4144.75
318060,218060,4/8/2025,Cash on Delivery,Paid,5700.29
318061,218061,8/24/2025,Credit Card,Paid,433.89
318062,218062,5/16/2025,Cash on Delivery,Paid,4336.06
318063,218063,5/29/2025,Credit Card,Paid,3867.31
318064,218064,9/25/2025,Credit Card,Paid,695.75
318065,218065,5/3/2025,UPI,Paid,16100.54
318066,218066,7/26/2025,Debit Card,Paid,3177.97
318067,218067,8/6/2025,UPI,Paid,6238.72
318068,218068,4/15/2025,Credit Card,Failed,7174.09
318069,218069,12/10/2025,UPI,Paid,114.22
318070,218070,11/27/2025,Credit Card,Paid,2242.8
318071,218071,1/19/2025,UPI,Paid,1666.98
318072,218072,11/15/2024,Credit Card,Failed,8575.08
318073,218073,11/23/2024,UPI,Paid,1309.4
318074,218074,4/12/2024,Cash on Delivery,Paid,13649.07
318075,218075,9/13/2025,Debit Card,Paid,17966.32
318076,218076,5/21/2024,Net Banking,Paid,11776.79
318077,218077,12/17/2025,Debit Card,Paid,1063.99
318078,218078,12/24/2025,Wallet,Paid,35251.34
318079,218079,7/2/2025,Net Banking,Paid,8908.65
318080,218080,10/12/2025,UPI,Paid,2706.51
318081,218081,3/18/2025,Net Banking,Paid,75.75
318082,218082,10/16/2024,Debit Card,Paid,8498.57
318083,218083,12/24/2025,Net Banking,Paid,3165.65
318084,218084,9/12/2023,Debit Card,Paid,881.2
318085,218085,10/11/2025,Debit Card,Pending,1887.72
318086,218086,2/26/2025,UPI,Paid,9959.42
318087,218087,9/22/2025,UPI,Paid,17932.7
318088,218088,2/2/2025,UPI,Paid,5041.87
318089,218089,6/25/2025,Debit Card,Paid,6514.79
318090,218090,12/17/2024,Net Banking,Paid,2444.19
318091,218091,10/3/2025,Credit Card,Paid,1355.9
318092,218092,12/28/2025,Credit Card,Paid,4029.16
318093,218093,10/7/2023,Credit Card,Paid,14644.16
318094,218094,1/15/2024,Debit Card,Paid,103.97
318095,218095,12/21/2024,Wallet,Paid,10125.25
318096,218096,5/2/2024,UPI,Paid,221.16
318097,218097,12/22/2025,Net Banking,Paid,8382.9
318098,218098,2/27/2023,Credit Card,Paid,1825.73
318099,218099,4/7/2025,Wallet,Paid,12697.53
318100,218100,10/24/2023,Cash on Delivery,Paid,2931.96
318101,218101,9/17/2025,Credit Card,Paid,6434.72
318102,218102,5/26/2024,UPI,Paid,5580.25
318103,218103,11/2/2025,UPI,Paid,1287.64
318104,218104,1/28/2025,Debit Card,Paid,3819.66
318105,218105,12/26/2025,Debit Card,Paid,813.83
318106,218106,10/28/2025,Credit Card,Failed,6773.97
318107,218107,3/23/2025,Debit Card,Paid,26047.66
318108,218108,4/6/2025,Credit Card,Paid,1902.87
318109,218109,12/2/2025,Net Banking,Paid,3984.77
318110,218110,10/11/2024,Net Banking,Paid,5635.09
318111,218111,10/20/2025,UPI,Paid,1492.04
318112,218112,12/16/2023,Debit Card,Paid,2666.61
318113,218113,9/20/2024,Credit Card,Paid,1478.6
318114,218114,2/10/2024,Debit Card,Paid,8435.05
318115,218115,11/12/2025,UPI,Paid,4593.81
318116,218116,4/15/2024,Debit Card,Paid,9794.65
318117,218117,12/29/2025,Wallet,Paid,937.24
318118,218118,12/15/2024,UPI,Paid,167.5
318119,218119,12/23/2025,Wallet,Paid,12768.85
318120,218120,9/29/2023,Cash on Delivery,Paid,1897.28
318121,218121,6/16/2025,Credit Card,Paid,809.64
318122,218122,6/9/2023,Wallet,Paid,42507.54
318123,218123,7/8/2025,UPI,Failed,7420.05
318124,218124,12/6/2025,Wallet,Paid,10727.41
318125,218125,10/24/2025,UPI,Paid,2681.32
318126,218126,1/1/2025,Credit Card,Paid,400.57
318127,218127,11/4/2025,UPI,Paid,4460.47
318128,218128,12/21/2025,Credit Card,Paid,439.83
318129,218129,4/29/2025,Debit Card,Paid,4332.36
318130,218130,3/21/2025,UPI,Paid,11941.77
318131,218131,5/4/2025,Net Banking,Paid,9979.32
318132,218132,12/14/2024,Credit Card,Paid,758.05
318133,218133,2/12/2025,UPI,Paid,3713.41
318134,218134,7/12/2025,Debit Card,Paid,9680.32
318135,218135,8/3/2025,UPI,Paid,5493.12
318136,218136,10/17/2024,Net Banking,Paid,14254.85
318137,218137,6/6/2025,Credit Card,Paid,3081.42
318138,218138,4/9/2025,UPI,Paid,4137.41
318139,218139,8/23/2024,Credit Card,Failed,16649.23
318140,218140,4/19/2025,UPI,Paid,5607.1
318141,218141,11/19/2025,Net Banking,Paid,3387.86
318142,218142,12/29/2025,Credit Card,Paid,1555.49
318143,218143,4/26/2025,Cash on Delivery,Paid,435.79
318144,218144,4/12/2025,UPI,Paid,10098.91
318145,218145,9/16/2024,Wallet,Paid,7473.16
318146,218146,1/28/2025,Wallet,Paid,247.52
318147,218147,2/21/2024,Debit Card,Paid,1713.86
318148,218148,6/14/2025,UPI,Paid,1668.51
318149,218149,11/18/2024,Credit Card,Paid,5869.99
318150,218150,12/23/2025,UPI,Paid,2411.57
318151,218151,11/22/2025,UPI,Pending,653.46
318152,218152,10/1/2025,Cash on Delivery,Paid,4403.31
318153,218153,10/15/2025,Cash on Delivery,Paid,7988.59
318154,218154,8/16/2024,Debit Card,Paid,5480.74
318155,218155,4/12/2025,Credit Card,Paid,36360.69
318156,218156,8/13/2025,UPI,Paid,4091.15
318157,218157,12/11/2025,UPI,Paid,1457.78
318158,218158,12/24/2025,Cash on Delivery,Paid,3076.07
318159,218159,12/30/2025,Debit Card,Failed,9632.52
318160,218160,11/25/2025,Wallet,Paid,6133.69
318161,218161,6/5/2023,Net Banking,Paid,10662.99
318162,218162,6/3/2025,UPI,Paid,3415.85
318163,218163,10/5/2025,Debit Card,Paid,20895.06
318164,218164,5/25/2025,Debit Card,Paid,12930.51
318165,218165,7/12/2025,UPI,Paid,1544.41
318166,218166,4/24/2025,Net Banking,Paid,3936.62
318167,218167,5/15/2024,UPI,Paid,5493.49
318168,218168,11/18/2024,Cash on Delivery,Paid,5487.3
318169,218169,9/11/2025,Debit Card,Paid,5511.74
318170,218170,12/26/2025,Debit Card,Paid,918.85
318171,218171,9/15/2025,Credit Card,Paid,8339.28
318172,218172,11/30/2024,UPI,Failed,1740.46
318173,218173,10/14/2025,Cash on Delivery,Paid,14833.92
318174,218174,4/17/2025,Debit Card,Paid,5002.01
318175,218175,12/5/2025,Credit Card,Paid,977.4
318176,218176,6/22/2025,UPI,Paid,1665.44
318177,218177,3/29/2025,Debit Card,Paid,8491.58
318178,218178,8/4/2024,Debit Card,Paid,13237.8
318179,218179,6/6/2024,Debit Card,Paid,28462.14
318180,218180,11/7/2025,Credit Card,Paid,5047.78
318181,218181,10/22/2024,UPI,Paid,2663.14
318182,218182,9/2/2025,UPI,Paid,1882.13
318183,218183,5/21/2025,Debit Card,Paid,7583.27
318184,218184,3/15/2024,UPI,Paid,920.9
318185,218185,4/27/2024,Debit Card,Paid,25656.83
318186,218186,1/22/2025,Credit Card,Paid,2987.68
318187,218187,11/18/2025,Credit Card,Failed,1740.31
318188,218188,8/17/2025,Debit Card,Paid,6298.07
318189,218189,3/22/2025,UPI,Paid,14156.52
318190,218190,12/21/2024,Debit Card,Paid,3521.83
318191,218191,8/14/2025,UPI,Pending,3419.67
318192,218192,12/11/2025,Credit Card,Paid,2225.56
318193,218193,1/5/2025,Debit Card,Paid,8156.25
318194,218194,10/30/2025,UPI,Paid,13725.6
318195,218195,8/4/2025,Wallet,Paid,10218.19
318196,218196,7/27/2025,Wallet,Paid,6267.93
318197,218197,11/19/2023,UPI,Paid,2843.85
318198,218198,5/4/2025,Credit Card,Paid,746.81
318199,218199,12/17/2024,UPI,Paid,12016.57
318200,218200,1/29/2024,Credit Card,Paid,996.53
318201,218201,9/25/2025,Credit Card,Paid,345.9
318202,218202,11/3/2024,Net Banking,Paid,10593.42
318203,218203,10/26/2024,UPI,Paid,2774.71
318204,218204,6/25/2025,UPI,Paid,1912.01
318205,218205,12/2/2025,UPI,Paid,8098.7
318206,218206,10/29/2025,Cash on Delivery,Paid,10103.66
318207,218207,4/22/2025,UPI,Paid,258.31
318208,218208,9/19/2025,UPI,Paid,2205.17
318209,218209,12/1/2024,UPI,Paid,1679.33
318210,218210,4/27/2025,Cash on Delivery,Paid,14926.26
318211,218211,3/21/2023,Credit Card,Paid,3157.64
318212,218212,7/25/2023,Wallet,Paid,13200.84
318213,218213,7/8/2024,Credit Card,Paid,1884.98
318214,218214,8/11/2025,Credit Card,Paid,8529.52
318215,218215,7/25/2025,UPI,Paid,3383.96
318216,218216,11/23/2025,UPI,Paid,4060.1
318217,218217,9/6/2025,Cash on Delivery,Paid,6270.44
318218,218218,11/30/2025,UPI,Paid,3714.65
318219,218219,7/14/2024,UPI,Paid,5361.6
318220,218220,11/3/2025,Cash on Delivery,Paid,3585.02
318221,218221,4/24/2025,Credit Card,Paid,12914.13
318222,218222,3/11/2024,Cash on Delivery,Paid,4676.9
318223,218223,12/8/2024,UPI,Paid,11772.79
318224,218224,11/6/2023,UPI,Paid,13036.62
318225,218225,3/12/2024,Cash on Delivery,Paid,405.81
318226,218226,10/11/2024,UPI,Paid,6829.57
318227,218227,11/13/2024,UPI,Paid,2664.89
318228,218228,8/2/2023,UPI,Paid,4237.54
318229,218229,10/30/2025,Debit Card,Paid,1796.17
318230,218230,5/26/2024,Debit Card,Paid,10379.86
318231,218231,11/24/2025,Net Banking,Paid,820.82
318232,218232,6/30/2025,UPI,Paid,1688.37
318233,218233,5/31/2024,Wallet,Paid,3721.65
318234,218234,11/17/2024,Net Banking,Paid,7555.49
318235,218235,9/16/2024,UPI,Paid,17152.05
318236,218236,8/17/2024,Cash on Delivery,Paid,9483.38
318237,218237,9/20/2025,Credit Card,Paid,6109.73
318238,218238,11/8/2025,Debit Card,Paid,7784.2
318239,218239,10/1/2025,UPI,Paid,10428.82
318240,218240,12/12/2025,Credit Card,Paid,396.66
318241,218241,12/23/2024,UPI,Paid,269.76
318242,218242,6/24/2025,Net Banking,Paid,1302.97
318243,218243,10/20/2025,Debit Card,Paid,6159.62
318244,218244,5/17/2025,Credit Card,Paid,5783.64
318245,218245,11/13/2025,Credit Card,Paid,2711.55
318246,218246,9/24/2025,Debit Card,Paid,1701.32
318247,218247,7/26/2023,Credit Card,Paid,6037.05
318248,218248,6/8/2024,Debit Card,Paid,4474.92
318249,218249,9/29/2025,Debit Card,Paid,3998.81
318250,218250,11/17/2025,Credit Card,Paid,6576.63
318251,218251,12/16/2025,UPI,Paid,670.03
318252,218252,3/23/2025,Wallet,Paid,9110.83
318253,218253,10/22/2025,UPI,Paid,1545.49
318254,218254,7/26/2025,UPI,Paid,3629.41
318255,218255,10/14/2025,Net Banking,Paid,3100.3
318256,218256,8/22/2025,UPI,Paid,3874.64
318257,218257,12/30/2025,Cash on Delivery,Paid,12206.08
318258,218258,5/17/2024,Net Banking,Paid,14210.78
318259,218259,9/1/2023,UPI,Paid,1372
318260,218260,6/30/2025,Debit Card,Paid,2506.43
318261,218261,6/3/2025,Wallet,Paid,7103.99
318262,218262,12/26/2025,UPI,Paid,1082.77
318263,218263,10/26/2025,Cash on Delivery,Paid,5909.63
318264,218264,11/8/2025,Cash on Delivery,Paid,1827.92
318265,218265,9/11/2025,Debit Card,Paid,17766.8
318266,218266,3/31/2025,Cash on Delivery,Paid,8016.32
318267,218267,7/4/2024,Credit Card,Paid,5578.8
318268,218268,11/15/2025,Cash on Delivery,Paid,7596.92
318269,218269,9/5/2025,Credit Card,Paid,2377.92
318270,218270,9/12/2025,UPI,Paid,880.56
318271,218271,6/15/2025,UPI,Paid,421.86
318272,218272,4/10/2024,Net Banking,Paid,1721.99
318273,218273,7/19/2025,UPI,Paid,2733.46
318274,218274,1/29/2025,Credit Card,Paid,269.97
318275,218275,2/18/2024,UPI,Paid,4249.68
318276,218276,12/25/2025,UPI,Paid,33496.1
318277,218277,4/25/2024,Credit Card,Failed,101.43
318278,218278,1/5/2025,Cash on Delivery,Failed,13751.65
318279,218279,12/18/2025,Cash on Delivery,Paid,3267.96
318280,218280,10/5/2025,Credit Card,Paid,10885.06
318281,218281,11/10/2025,Credit Card,Paid,6077.84
318282,218282,8/27/2025,Credit Card,Paid,2997.94
318283,218283,8/30/2025,UPI,Paid,14744.34
318284,218284,9/6/2025,Cash on Delivery,Paid,966.82
318285,218285,6/29/2025,Credit Card,Paid,836.98
318286,218286,11/26/2024,UPI,Paid,13737.91
318287,218287,7/8/2025,UPI,Paid,6110.21
318288,218288,8/27/2025,UPI,Paid,7620.58
318289,218289,9/15/2023,Credit Card,Paid,1174.11
318290,218290,5/28/2025,UPI,Paid,2109.98
318291,218291,9/20/2025,UPI,Failed,10856.16
318292,218292,1/20/2025,Debit Card,Paid,5453.29
318293,218293,10/3/2025,Credit Card,Paid,443.34
318294,218294,7/20/2024,Wallet,Paid,12315.92
318295,218295,7/29/2025,Credit Card,Paid,1474.28
318296,218296,12/14/2024,UPI,Paid,6434.87
318297,218297,1/14/2024,Net Banking,Paid,6770.95
318298,218298,9/15/2025,Credit Card,Paid,2918.34
318299,218299,7/9/2025,Net Banking,Paid,5132.19
318300,218300,9/10/2025,UPI,Paid,3303.52
318301,218301,7/6/2025,UPI,Paid,4331.31
318302,218302,5/13/2025,Debit Card,Paid,10331.92
318303,218303,4/18/2025,Net Banking,Paid,423.06
318304,218304,12/7/2025,Credit Card,Paid,5500.53
318305,218305,9/28/2025,UPI,Failed,5252.73
318306,218306,11/6/2025,Debit Card,Pending,5932.53
318307,218307,6/29/2025,UPI,Paid,628.51
318308,218308,1/17/2024,Credit Card,Paid,4985.63
318309,218309,9/23/2025,UPI,Paid,10534.56
318310,218310,5/28/2025,Debit Card,Paid,12196.16
318311,218311,9/5/2024,Debit Card,Paid,2264.03
318312,218312,6/22/2024,Cash on Delivery,Pending,9665.98
318313,218313,5/30/2024,Credit Card,Paid,1612.42
318314,218314,8/27/2025,Credit Card,Paid,1170.9
318315,218315,6/13/2025,UPI,Paid,1486.07
318316,218316,2/13/2025,UPI,Paid,3028.64
318317,218317,11/29/2024,Wallet,Paid,24599.63
318318,218318,2/17/2024,UPI,Failed,13106.29
318319,218319,11/17/2024,UPI,Paid,2280.49
318320,218320,4/13/2025,Cash on Delivery,Paid,3369.63
318321,218321,6/16/2025,UPI,Paid,318.77
318322,218322,7/16/2024,Debit Card,Paid,3651.28
318323,218323,10/25/2025,UPI,Paid,5501
318324,218324,12/24/2024,Credit Card,Paid,3733.15
318325,218325,11/19/2024,Debit Card,Paid,1739.91
318326,218326,8/2/2025,Credit Card,Paid,3382.25
318327,218327,9/17/2025,UPI,Paid,8732.14
318328,218328,6/15/2025,Cash on Delivery,Paid,5725.09
318329,218329,7/18/2025,Cash on Delivery,Paid,3594.01
318330,218330,12/3/2025,Credit Card,Paid,8377.3
318331,218331,7/31/2025,UPI,Paid,5400.01
318332,218332,12/29/2024,UPI,Paid,4535.56
318333,218333,8/15/2025,Debit Card,Paid,17626.95
318334,218334,10/29/2024,Credit Card,Paid,16314.77
318335,218335,9/21/2024,Wallet,Paid,1039.56
318336,218336,11/10/2025,Net Banking,Paid,8790.1
318337,218337,9/17/2023,Cash on Delivery,Paid,3281.15
318338,218338,12/4/2025,Debit Card,Paid,7170.46
318339,218339,4/16/2025,Cash on Delivery,Failed,646.21
318340,218340,7/23/2025,UPI,Paid,20670.65
318341,218341,11/24/2025,Debit Card,Paid,2038.24
318342,218342,9/29/2025,Cash on Delivery,Paid,1517.47
318343,218343,11/26/2023,Debit Card,Paid,7636.42
318344,218344,11/25/2024,Net Banking,Paid,1795.23
318345,218345,9/25/2023,Debit Card,Paid,5473.47
318346,218346,7/25/2024,Debit Card,Paid,7125.66
318347,218347,6/17/2023,Credit Card,Paid,1228.97
318348,218348,11/18/2025,Net Banking,Paid,5498.25
318349,218349,7/4/2025,Debit Card,Paid,4878.25
318350,218350,9/17/2024,Debit Card,Paid,11796.26
318351,218351,11/12/2025,Debit Card,Paid,3697.23
318352,218352,10/30/2025,Credit Card,Paid,4075.4
318353,218353,11/28/2024,UPI,Paid,1038.77
318354,218354,12/16/2023,UPI,Paid,5199.46
318355,218355,11/26/2025,Credit Card,Paid,6142.1
318356,218356,5/26/2025,Credit Card,Paid,13221.72
318357,218357,3/9/2024,UPI,Paid,13536.85
318358,218358,7/13/2025,Cash on Delivery,Paid,4236.35
318359,218359,10/23/2025,UPI,Paid,4716.6
318360,218360,10/13/2023,Cash on Delivery,Paid,360.13
318361,218361,2/21/2025,Credit Card,Paid,4287.18
318362,218362,1/9/2025,UPI,Paid,977.18
318363,218363,11/18/2023,UPI,Paid,7176.18
318364,218364,4/30/2025,Cash on Delivery,Paid,3538.25
318365,218365,1/20/2025,Credit Card,Pending,1039.85
318366,218366,4/16/2025,UPI,Paid,11003.58
318367,218367,12/13/2024,Cash on Delivery,Paid,2997.23
318368,218368,4/4/2025,Debit Card,Failed,3506.43
318369,218369,1/24/2025,Net Banking,Paid,1971.57
318370,218370,11/13/2025,Credit Card,Paid,20677
318371,218371,5/1/2025,UPI,Paid,1542.84
318372,218372,9/22/2024,UPI,Pending,4329.85
318373,218373,7/9/2024,UPI,Paid,1854.65
318374,218374,4/4/2023,UPI,Paid,1323.4
318375,218375,2/4/2025,UPI,Paid,17817.71
318376,218376,5/11/2024,Debit Card,Paid,4771.54
318377,218377,6/30/2025,Debit Card,Pending,12112.24
318378,218378,2/10/2024,UPI,Paid,7934.22
318379,218379,8/4/2025,Credit Card,Paid,2064.4
318380,218380,8/7/2025,UPI,Paid,8228.18
318381,218381,9/6/2025,UPI,Paid,2842.08
318382,218382,5/9/2025,Net Banking,Paid,3037.72
318383,218383,10/1/2025,Credit Card,Paid,41916.38
318384,218384,11/9/2025,UPI,Paid,1214.12
318385,218385,1/29/2024,Debit Card,Paid,5022.46
318386,218386,5/8/2023,Cash on Delivery,Paid,2200.08
318387,218387,11/26/2025,Credit Card,Pending,2939.06
318388,218388,12/11/2025,Credit Card,Paid,7762.52
318389,218389,11/11/2025,Cash on Delivery,Paid,3875.82
318390,218390,12/5/2024,Credit Card,Paid,1456.59
318391,218391,11/26/2025,UPI,Paid,8244.48
318392,218392,4/5/2025,Cash on Delivery,Paid,1133.92
318393,218393,5/24/2025,Debit Card,Paid,25259.32
318394,218394,2/4/2024,UPI,Paid,7130.17
318395,218395,11/14/2025,Cash on Delivery,Paid,8025.21
318396,218396,7/20/2025,Net Banking,Paid,14332.75
318397,218397,11/25/2024,UPI,Paid,9524.44
318398,218398,8/4/2025,Credit Card,Paid,1065.61
318399,218399,5/22/2025,Net Banking,Paid,5133.44
318400,218400,7/31/2025,Net Banking,Paid,6170.87
318401,218401,10/20/2024,UPI,Paid,5280.24
318402,218402,10/30/2025,UPI,Paid,4516.57
318403,218403,1/3/2023,Credit Card,Paid,5609.69
318404,218404,10/25/2025,UPI,Paid,3045.45
318405,218405,6/27/2025,UPI,Paid,5001.16
318406,218406,4/10/2023,UPI,Paid,6693.49
318407,218407,6/1/2025,Cash on Delivery,Failed,35909.53
318408,218408,9/18/2024,UPI,Paid,36875.82
318409,218409,8/23/2025,Cash on Delivery,Paid,4563.08
318410,218410,3/2/2025,UPI,Paid,279.39
318411,218411,10/4/2025,UPI,Paid,4360.12
318412,218412,12/6/2024,UPI,Paid,5681.19
318413,218413,10/18/2025,Credit Card,Paid,3989.85
318414,218414,3/12/2024,UPI,Paid,22300.31
318415,218415,9/15/2025,Net Banking,Paid,3604.7
318416,218416,9/12/2025,Cash on Delivery,Paid,10984.03
318417,218417,7/27/2025,Debit Card,Paid,6940.12
318418,218418,5/8/2025,Credit Card,Paid,3392.15
318419,218419,10/22/2024,UPI,Paid,6312.43
318420,218420,11/2/2025,Cash on Delivery,Paid,10555.6
318421,218421,4/21/2023,Wallet,Paid,4807.78
318422,218422,7/16/2024,Cash on Delivery,Paid,4314.5
318423,218423,7/11/2025,UPI,Paid,3535.63
318424,218424,9/28/2025,Debit Card,Paid,11435.47
318425,218425,5/26/2025,Debit Card,Paid,17887.1
318426,218426,10/14/2024,Debit Card,Paid,599.28
318427,218427,7/5/2025,UPI,Paid,7789.34
318428,218428,8/4/2025,Cash on Delivery,Paid,2135.11
318429,218429,3/24/2025,Credit Card,Paid,4559.71
318430,218430,9/15/2025,UPI,Paid,19848.95
318431,218431,8/25/2025,Debit Card,Paid,4707.49
318432,218432,5/21/2025,Debit Card,Paid,11188.46
318433,218433,4/14/2023,Debit Card,Paid,1449.22
318434,218434,2/21/2025,UPI,Paid,1388.73
318435,218435,11/16/2025,UPI,Failed,6095.37
318436,218436,11/24/2024,Wallet,Paid,9839.52
318437,218437,4/3/2025,UPI,Paid,8855.53
318438,218438,3/2/2025,Credit Card,Paid,1556.1
318439,218439,6/20/2024,Cash on Delivery,Paid,2254.5
318440,218440,4/7/2024,Debit Card,Paid,9873.55
318441,218441,12/8/2024,Debit Card,Paid,7184.99
318442,218442,3/26/2025,Cash on Delivery,Paid,14926.39
318443,218443,1/7/2025,UPI,Paid,8924.57
318444,218444,6/4/2024,Credit Card,Paid,14174.57
318445,218445,7/5/2025,Wallet,Paid,5730.1
318446,218446,7/19/2025,Credit Card,Paid,1884.25
318447,218447,11/10/2025,Credit Card,Paid,2242
318448,218448,8/4/2025,UPI,Paid,11948.13
318449,218449,11/30/2025,Cash on Delivery,Paid,12220.18
318450,218450,1/12/2025,Net Banking,Paid,34494.22
318451,218451,9/28/2024,UPI,Paid,1079.98
318452,218452,9/17/2024,Credit Card,Paid,10795.28
318453,218453,12/31/2025,UPI,Paid,12518.66
318454,218454,8/24/2025,Net Banking,Paid,4077.79
318455,218455,10/6/2024,Cash on Delivery,Paid,3445.59
318456,218456,10/22/2025,Credit Card,Paid,1325.44
318457,218457,5/3/2024,UPI,Paid,9051.74
318458,218458,4/25/2025,Cash on Delivery,Paid,1202.33
318459,218459,8/8/2024,UPI,Paid,929.32
318460,218460,2/9/2025,Debit Card,Paid,1302.93
318461,218461,7/23/2024,Credit Card,Paid,6811.21
318462,218462,11/8/2025,Debit Card,Paid,3859.85
318463,218463,6/4/2025,UPI,Paid,3508.2
318464,218464,10/10/2025,Net Banking,Paid,1895.06
318465,218465,8/21/2025,UPI,Paid,7671.08
318466,218466,11/14/2024,UPI,Paid,1762.37
318467,218467,10/1/2025,Debit Card,Paid,632.61
318468,218468,11/23/2024,Credit Card,Paid,6680.63
318469,218469,6/25/2025,UPI,Paid,1343.61
318470,218470,2/6/2025,UPI,Paid,12766.8
318471,218471,11/2/2025,Cash on Delivery,Pending,3584.05
318472,218472,12/27/2025,Credit Card,Paid,737.67
318473,218473,5/22/2025,Credit Card,Paid,10561.29
318474,218474,7/24/2024,UPI,Paid,8226.57
318475,218475,7/30/2024,Credit Card,Paid,7352.57
318476,218476,5/18/2025,UPI,Paid,1673.38
318477,218477,4/20/2025,Wallet,Paid,2581.86
318478,218478,12/30/2025,Cash on Delivery,Paid,1997.76
318479,218479,12/15/2025,UPI,Paid,1112.11
318480,218480,12/12/2025,Cash on Delivery,Paid,7202.43
318481,218481,11/27/2025,UPI,Paid,7684.08
318482,218482,7/2/2025,UPI,Paid,357.46
318483,218483,11/28/2025,UPI,Paid,8756.03
318484,218484,9/4/2025,UPI,Paid,4323.96
318485,218485,5/5/2024,UPI,Paid,12311.06
318486,218486,3/27/2025,Cash on Delivery,Paid,356.09
318487,218487,9/4/2025,UPI,Paid,15269.94
318488,218488,7/15/2025,Net Banking,Paid,4961.18
318489,218489,8/19/2025,Credit Card,Paid,12062.43
318490,218490,9/9/2025,Cash on Delivery,Paid,23962.33
318491,218491,8/6/2025,UPI,Paid,2488.2
318492,218492,8/23/2025,Wallet,Paid,1642.32
318493,218493,12/21/2025,Credit Card,Paid,6125.93
318494,218494,5/15/2025,Credit Card,Paid,3005.36
318495,218495,6/18/2025,Net Banking,Paid,2337.49
318496,218496,11/9/2025,Credit Card,Paid,7512.03
318497,218497,12/11/2024,Credit Card,Pending,10809.12
318498,218498,10/16/2025,Cash on Delivery,Paid,4229.11
318499,218499,9/7/2025,Credit Card,Paid,6481.32
318500,218500,12/15/2025,Debit Card,Paid,2046.24
318501,218501,8/6/2024,Credit Card,Paid,694.33
318502,218502,7/10/2025,Cash on Delivery,Paid,26855.57
318503,218503,11/16/2025,Debit Card,Paid,5858.05
318504,218504,12/8/2025,Credit Card,Paid,2131.38
318505,218505,1/1/2024,UPI,Paid,15057.41
318506,218506,11/28/2025,UPI,Paid,23458.08
318507,218507,9/13/2025,Cash on Delivery,Paid,1948.07
318508,218508,5/11/2025,Net Banking,Paid,1385.32
318509,218509,7/8/2025,Net Banking,Paid,2150.37
318510,218510,3/25/2025,UPI,Paid,1210.39
318511,218511,11/17/2025,Debit Card,Paid,8276.16
318512,218512,12/18/2025,Net Banking,Paid,3875.33
318513,218513,12/14/2024,Credit Card,Paid,4052.98
318514,218514,1/24/2024,Net Banking,Paid,3216.48
318515,218515,4/10/2025,Credit Card,Paid,1082.09
318516,218516,11/5/2025,Cash on Delivery,Paid,3010.96
318517,218517,7/25/2025,Credit Card,Paid,32652.61
318518,218518,9/26/2024,Credit Card,Paid,15927.18
318519,218519,12/29/2025,Cash on Delivery,Paid,6974.39
318520,218520,3/5/2025,Credit Card,Paid,5950.42
318521,218521,11/4/2024,UPI,Paid,534.21
318522,218522,5/8/2024,Debit Card,Paid,5723.08
318523,218523,10/5/2024,Debit Card,Paid,13402.86
318524,218524,7/14/2025,Cash on Delivery,Paid,1514.87
318525,218525,5/1/2023,Credit Card,Paid,2564.08
318526,218526,3/27/2025,Cash on Delivery,Paid,2951.6
318527,218527,11/16/2023,Debit Card,Paid,19911.46
318528,218528,4/2/2025,Debit Card,Paid,2719.2
318529,218529,4/12/2024,UPI,Paid,1256.57
318530,218530,8/22/2024,Credit Card,Paid,5216.86
318531,218531,4/2/2024,UPI,Failed,7479.22
318532,218532,6/18/2025,Net Banking,Paid,1919.42
318533,218533,5/14/2024,UPI,Paid,2996.5
318534,218534,9/7/2025,Credit Card,Paid,2927.51
318535,218535,4/16/2025,UPI,Paid,857.87
318536,218536,2/17/2025,Credit Card,Paid,6555.9
318537,218537,12/7/2025,Debit Card,Paid,9340.98
318538,218538,4/10/2025,UPI,Paid,5500.67
318539,218539,7/23/2025,Cash on Delivery,Paid,2728.73
318540,218540,7/14/2025,Net Banking,Paid,15453.72
318541,218541,8/28/2025,Credit Card,Paid,7975.39
318542,218542,2/13/2024,Cash on Delivery,Paid,3830.49
318543,218543,5/25/2025,Credit Card,Paid,1447.59
318544,218544,7/6/2024,UPI,Pending,713.92
318545,218545,12/29/2025,Cash on Delivery,Paid,2457.21
318546,218546,10/3/2024,Credit Card,Paid,11267.71
318547,218547,10/31/2025,UPI,Paid,6102.06
318548,218548,12/19/2025,Net Banking,Paid,9983.23
318549,218549,12/29/2025,Cash on Delivery,Paid,1371.42
318550,218550,2/1/2025,Credit Card,Paid,15858.48
318551,218551,5/18/2025,UPI,Paid,7395.84
318552,218552,3/25/2025,UPI,Paid,528.86
318553,218553,9/12/2023,Cash on Delivery,Paid,32909.29
318554,218554,10/8/2025,UPI,Paid,3943.86
318555,218555,9/17/2024,Credit Card,Paid,228.61
318556,218556,8/12/2025,Net Banking,Paid,13582.77
318557,218557,6/19/2024,Net Banking,Paid,3489.14
318558,218558,9/22/2025,Credit Card,Paid,1170.86
318559,218559,9/12/2025,UPI,Paid,4086.95
318560,218560,11/26/2023,UPI,Paid,6697.52
318561,218561,10/4/2025,UPI,Paid,1398.23
318562,218562,11/22/2025,UPI,Paid,2196.23
318563,218563,4/6/2024,UPI,Paid,1284.27
318564,218564,5/27/2025,Cash on Delivery,Paid,340.71
318565,218565,8/25/2024,UPI,Paid,4307.38
318566,218566,2/9/2025,Credit Card,Paid,13117.92
318567,218567,9/6/2025,UPI,Paid,5083.17
318568,218568,12/27/2025,UPI,Pending,7136.74
318569,218569,10/6/2025,Debit Card,Paid,5756.68
318570,218570,3/1/2024,Net Banking,Paid,1233.45
318571,218571,6/21/2024,Net Banking,Paid,10468.33
318572,218572,5/29/2025,Net Banking,Paid,5098.06
318573,218573,5/28/2025,Credit Card,Paid,929.77
318574,218574,4/9/2025,Debit Card,Paid,27991.3
318575,218575,3/5/2024,Wallet,Paid,10293.51
318576,218576,7/30/2025,UPI,Paid,7207.92
318577,218577,8/16/2025,UPI,Paid,5005.6
318578,218578,5/4/2024,UPI,Paid,1146.77
318579,218579,12/23/2025,Debit Card,Paid,4434.6
318580,218580,11/26/2023,UPI,Paid,2981.84
318581,218581,5/12/2024,Cash on Delivery,Paid,571.04
318582,218582,11/8/2025,Debit Card,Paid,7618.07
318583,218583,8/7/2024,Credit Card,Paid,8282.57
318584,218584,4/2/2025,UPI,Paid,4547.29
318585,218585,9/14/2025,UPI,Paid,22281.62
318586,218586,5/11/2025,Credit Card,Paid,1239.75
318587,218587,11/2/2025,Wallet,Paid,4506.31
318588,218588,9/18/2025,Debit Card,Paid,1253.81
318589,218589,4/20/2025,UPI,Paid,7866.35
318590,218590,8/14/2025,Wallet,Paid,9695.01
318591,218591,12/16/2025,Debit Card,Paid,871.61
318592,218592,10/27/2025,Cash on Delivery,Paid,12714.25
318593,218593,3/2/2024,UPI,Paid,9255.84
318594,218594,10/23/2025,Credit Card,Paid,2687.89
318595,218595,12/11/2025,UPI,Paid,545.28
318596,218596,9/1/2024,Cash on Delivery,Paid,8543.26
318597,218597,6/12/2025,Credit Card,Paid,6040
318598,218598,10/21/2025,Net Banking,Paid,10189.82
318599,218599,9/14/2025,Debit Card,Paid,985.39
318600,218600,5/23/2025,Credit Card,Paid,4336.84
318601,218601,4/13/2025,Net Banking,Paid,9752.4
318602,218602,5/28/2024,Credit Card,Paid,2183.47
318603,218603,9/18/2025,UPI,Paid,5526.51
318604,218604,8/15/2025,Credit Card,Paid,4478.53
318605,218605,3/10/2024,Wallet,Paid,8500.27
318606,218606,3/13/2025,Credit Card,Paid,7501.07
318607,218607,6/4/2023,Credit Card,Paid,6844.29
318608,218608,2/2/2023,Debit Card,Paid,496.89
318609,218609,10/16/2025,UPI,Paid,1759.66
318610,218610,11/17/2025,UPI,Paid,6123.79
318611,218611,1/3/2025,Debit Card,Paid,3283.23
318612,218612,1/12/2025,Credit Card,Paid,4311.44
318613,218613,9/21/2025,Credit Card,Failed,20323.13
318614,218614,6/2/2024,Credit Card,Paid,8749.84
318615,218615,4/27/2025,Debit Card,Paid,6766.78
318616,218616,4/6/2025,Debit Card,Paid,9514.34
318617,218617,4/24/2025,UPI,Paid,2716.15
318618,218618,4/5/2025,Cash on Delivery,Paid,451.75
318619,218619,9/23/2024,UPI,Paid,13520.57
318620,218620,6/6/2025,Credit Card,Failed,3393.54
318621,218621,12/17/2025,Credit Card,Paid,2182.52
318622,218622,8/24/2025,Credit Card,Paid,1165.9
318623,218623,11/23/2025,Cash on Delivery,Paid,7996.61
318624,218624,12/28/2024,UPI,Paid,9745.22
318625,218625,10/16/2025,Net Banking,Paid,7851.01
318626,218626,4/27/2025,Credit Card,Paid,5640.23
318627,218627,9/25/2025,UPI,Paid,9500.67
318628,218628,6/30/2024,Wallet,Paid,12727.98
318629,218629,11/24/2025,Credit Card,Paid,3022.91
318630,218630,4/28/2024,Net Banking,Paid,3776.26
318631,218631,2/16/2025,Net Banking,Paid,9164.06
318632,218632,4/28/2025,Debit Card,Paid,6808.26
318633,218633,4/10/2025,Cash on Delivery,Paid,1256.21
318634,218634,6/27/2024,Net Banking,Paid,13741.32
318635,218635,10/19/2025,UPI,Paid,489.03
318636,218636,2/9/2025,UPI,Paid,543.78
318637,218637,11/18/2025,Net Banking,Paid,4870.41
318638,218638,5/14/2023,UPI,Paid,1794.07
318639,218639,1/22/2024,Debit Card,Paid,4339.16
318640,218640,4/11/2025,Debit Card,Paid,3829.5
318641,218641,3/28/2025,UPI,Paid,283.39
318642,218642,10/8/2024,Debit Card,Paid,1531.14
318643,218643,8/2/2024,Debit Card,Paid,214.81
318644,218644,3/4/2024,Debit Card,Paid,1545.51
318645,218645,7/10/2025,Cash on Delivery,Paid,6546.35
318646,218646,12/3/2024,UPI,Paid,3517
318647,218647,12/27/2025,Cash on Delivery,Paid,7183.87
318648,218648,12/8/2025,UPI,Pending,8508
318649,218649,9/12/2025,Cash on Delivery,Paid,9118.86
318650,218650,11/15/2025,Net Banking,Paid,954.21
318651,218651,8/4/2024,Cash on Delivery,Paid,3513.3
318652,218652,2/8/2025,Cash on Delivery,Paid,3569.56
318653,218653,8/26/2024,Cash on Delivery,Paid,4155.97
318654,218654,10/29/2024,Credit Card,Paid,340.53
318655,218655,2/22/2025,UPI,Paid,9580.72
318656,218656,1/31/2025,UPI,Paid,2641.37
318657,218657,12/27/2025,Credit Card,Paid,7171.25
318658,218658,12/10/2025,Debit Card,Paid,5965.81
318659,218659,12/31/2025,Debit Card,Paid,6839.67
318660,218660,12/27/2025,Credit Card,Paid,1379.97
318661,218661,9/14/2024,UPI,Paid,4308.47
318662,218662,4/22/2024,UPI,Paid,12553.82
318663,218663,10/9/2024,Debit Card,Paid,4118.29
318664,218664,11/28/2025,Wallet,Paid,8000.92
318665,218665,6/12/2025,Credit Card,Paid,4140.06
318666,218666,11/26/2024,UPI,Paid,4931.19
318667,218667,3/5/2025,Credit Card,Paid,1191.02
318668,218668,10/23/2025,UPI,Paid,11009.56
318669,218669,11/1/2025,Cash on Delivery,Paid,11974
318670,218670,9/22/2023,Credit Card,Paid,2146.07
318671,218671,2/28/2025,Cash on Delivery,Paid,3544.82
318672,218672,12/2/2025,Wallet,Paid,2498.76
318673,218673,2/14/2025,Wallet,Paid,588.44
318674,218674,7/20/2025,UPI,Paid,3602.41
318675,218675,5/17/2025,UPI,Paid,5596.58
318676,218676,6/5/2025,UPI,Paid,1076.95
318677,218677,12/9/2025,Debit Card,Paid,15757.97
318678,218678,9/23/2025,UPI,Paid,437.43
318679,218679,10/4/2023,UPI,Paid,168.1
318680,218680,12/26/2025,UPI,Paid,11790.39
318681,218681,11/27/2025,UPI,Paid,640.64
318682,218682,11/30/2023,Net Banking,Paid,4094.63
318683,218683,5/8/2025,Cash on Delivery,Pending,2481.46
318684,218684,12/26/2025,UPI,Paid,16063.08
318685,218685,4/27/2023,Cash on Delivery,Paid,3694.97
318686,218686,3/4/2025,UPI,Paid,291.97
318687,218687,3/31/2025,Credit Card,Paid,1780.71
318688,218688,12/19/2025,Debit Card,Paid,6753.98
318689,218689,9/27/2023,Wallet,Paid,5834.45
318690,218690,12/7/2024,Credit Card,Paid,4665.95
318691,218691,8/19/2024,Credit Card,Paid,5525.93
318692,218692,6/26/2025,Credit Card,Paid,1431.7
318693,218693,1/5/2025,UPI,Paid,3941.67
318694,218694,7/2/2024,UPI,Paid,197.05
318695,218695,5/17/2024,UPI,Paid,11501.66
318696,218696,8/28/2024,Wallet,Paid,1734.54
318697,218697,8/22/2024,Wallet,Paid,3995.8
318698,218698,3/12/2024,Wallet,Paid,4049.46
318699,218699,3/15/2025,UPI,Paid,5951.38
318700,218700,1/26/2025,UPI,Paid,6274.29
318701,218701,11/16/2025,Cash on Delivery,Paid,3170.84
318702,218702,5/24/2025,Cash on Delivery,Paid,1196.65
318703,218703,2/3/2024,UPI,Paid,11502.04
318704,218704,12/28/2025,Net Banking,Paid,3677.9
318705,218705,12/6/2024,UPI,Paid,6195.09
318706,218706,6/24/2025,UPI,Paid,5094.55
318707,218707,12/11/2025,Cash on Delivery,Pending,4999.65
318708,218708,10/3/2025,Cash on Delivery,Paid,9320.55
318709,218709,12/22/2024,UPI,Failed,2454.92
318710,218710,7/19/2025,Cash on Delivery,Paid,1487.37
318711,218711,8/9/2024,UPI,Paid,725.05
318712,218712,6/4/2025,UPI,Paid,5676.94
318713,218713,10/29/2025,Cash on Delivery,Paid,570.32
318714,218714,1/24/2025,Credit Card,Paid,2073.41
318715,218715,10/9/2023,Credit Card,Paid,1283.95
318716,218716,12/21/2025,UPI,Paid,1323.41
318717,218717,11/25/2025,Debit Card,Paid,20969.57
318718,218718,11/26/2025,Cash on Delivery,Paid,11123.55
318719,218719,10/14/2025,UPI,Paid,8067.01
318720,218720,11/25/2025,UPI,Paid,17019.89
318721,218721,12/31/2024,Net Banking,Paid,1859.7
318722,218722,9/28/2025,Credit Card,Failed,3075.57
318723,218723,12/25/2024,UPI,Paid,282.23
318724,218724,11/10/2025,Debit Card,Paid,14915.86
318725,218725,10/28/2023,Net Banking,Paid,4972.42
318726,218726,6/28/2025,UPI,Paid,7849.85
318727,218727,5/16/2024,Cash on Delivery,Paid,5821.51
318728,218728,12/3/2025,Cash on Delivery,Paid,22637.1
318729,218729,11/14/2024,Wallet,Paid,4808.12
318730,218730,11/27/2024,Credit Card,Paid,15142.57
318731,218731,4/19/2025,Credit Card,Paid,634.9
318732,218732,6/17/2025,Cash on Delivery,Paid,2078
318733,218733,12/11/2025,Net Banking,Paid,592.17
318734,218734,11/22/2025,Credit Card,Paid,9726.89
318735,218735,10/19/2025,Cash on Delivery,Paid,2708.38
318736,218736,1/18/2025,Credit Card,Paid,1814.51
318737,218737,8/21/2024,Cash on Delivery,Paid,11717.98
318738,218738,12/28/2024,Debit Card,Paid,560.64
318739,218739,6/27/2025,Net Banking,Paid,4698.29
318740,218740,4/18/2025,UPI,Paid,2156.17
318741,218741,11/3/2025,Cash on Delivery,Paid,4354.66
318742,218742,9/19/2025,UPI,Paid,7599.37
318743,218743,10/20/2025,UPI,Paid,7774.62
318744,218744,6/1/2025,Debit Card,Failed,522.54
318745,218745,9/25/2025,Credit Card,Paid,6337.93
318746,218746,9/15/2025,UPI,Paid,9190.49
318747,218747,6/14/2025,Net Banking,Paid,8193.47
318748,218748,8/23/2025,UPI,Paid,9838.38
318749,218749,10/4/2025,Debit Card,Paid,38864.95
318750,218750,10/8/2025,Credit Card,Paid,2711.78
318751,218751,1/27/2025,Debit Card,Paid,7528.22
318752,218752,12/13/2024,Debit Card,Paid,2007.33
318753,218753,9/20/2024,UPI,Paid,1668.52
318754,218754,8/3/2025,UPI,Paid,9169.64
318755,218755,9/8/2024,UPI,Failed,1653.16
318756,218756,4/28/2025,UPI,Paid,2100.51
318757,218757,11/23/2025,UPI,Paid,7832.58
318758,218758,12/11/2024,Debit Card,Paid,5185.98
318759,218759,6/27/2025,UPI,Paid,2539.74
318760,218760,12/30/2025,Credit Card,Paid,2714.9
318761,218761,5/12/2025,Credit Card,Paid,2525.71
318762,218762,8/9/2025,Net Banking,Paid,18205.81
318763,218763,11/4/2025,Net Banking,Paid,7149.5
318764,218764,6/8/2023,Credit Card,Failed,1564.28
318765,218765,8/12/2024,UPI,Paid,5059.41
318766,218766,11/29/2025,UPI,Paid,1206.13
318767,218767,8/13/2025,Cash on Delivery,Paid,8070.65
318768,218768,12/7/2023,Debit Card,Paid,4813.62
318769,218769,10/2/2025,UPI,Paid,8155.14
318770,218770,10/22/2025,UPI,Paid,5696.48
318771,218771,6/22/2025,Debit Card,Paid,4954.66
318772,218772,8/30/2025,Cash on Delivery,Paid,2841.31
318773,218773,12/29/2025,UPI,Paid,4024.29
318774,218774,9/4/2025,UPI,Paid,4155.42
318775,218775,9/21/2025,UPI,Paid,2064.7
318776,218776,9/20/2023,Credit Card,Paid,37684.51
318777,218777,12/20/2025,Wallet,Paid,8728.65
318778,218778,10/31/2025,Cash on Delivery,Paid,2672.85
318779,218779,10/11/2025,Credit Card,Paid,1321.99
318780,218780,9/27/2025,UPI,Paid,8347.06
318781,218781,6/28/2025,Debit Card,Paid,648.61
318782,218782,9/15/2024,UPI,Failed,527.23
318783,218783,7/8/2025,Credit Card,Paid,14990.15
318784,218784,7/29/2025,Cash on Delivery,Paid,4991.62
318785,218785,11/22/2023,UPI,Paid,5084.13
318786,218786,9/8/2025,Debit Card,Pending,903.74
318787,218787,3/9/2025,Cash on Delivery,Paid,3235.9
318788,218788,11/26/2025,Credit Card,Paid,426.74
318789,218789,3/18/2025,UPI,Paid,4605.53
318790,218790,12/7/2025,Cash on Delivery,Paid,1578.34
318791,218791,8/23/2024,Net Banking,Paid,1009.6
318792,218792,11/5/2025,UPI,Paid,1306.84
318793,218793,12/27/2025,Cash on Delivery,Paid,1776.28
318794,218794,3/23/2024,Debit Card,Paid,4141.6
318795,218795,8/24/2025,UPI,Paid,14667.36
318796,218796,3/27/2025,Debit Card,Paid,1657.92
318797,218797,9/27/2025,Debit Card,Paid,8105
318798,218798,9/22/2025,Wallet,Paid,12415.94
318799,218799,4/24/2025,Debit Card,Paid,1110.73
318800,218800,8/26/2025,Credit Card,Paid,5825.56
318801,218801,12/26/2025,UPI,Paid,11846.44
318802,218802,7/5/2025,Debit Card,Paid,1960.7
318803,218803,11/6/2025,UPI,Paid,16606.29
318804,218804,3/30/2025,UPI,Paid,7460.81
318805,218805,12/16/2025,UPI,Paid,14459.26
318806,218806,10/5/2025,Credit Card,Paid,1970.84
318807,218807,12/3/2025,Credit Card,Paid,4115.45
318808,218808,12/23/2023,Credit Card,Paid,9744.17
318809,218809,10/10/2025,Cash on Delivery,Paid,587.72
318810,218810,1/1/2024,UPI,Failed,1114.87
318811,218811,1/17/2025,Net Banking,Paid,2518.61
318812,218812,11/24/2025,Wallet,Paid,2440.21
318813,218813,7/8/2025,Credit Card,Paid,13329.08
318814,218814,12/1/2025,Wallet,Paid,880.02
318815,218815,6/24/2024,Credit Card,Paid,115.9
318816,218816,2/26/2025,Debit Card,Paid,4024.98
318817,218817,12/26/2023,UPI,Paid,11290.4
318818,218818,7/18/2025,Net Banking,Paid,18164.61
318819,218819,8/10/2024,UPI,Paid,20754.47
318820,218820,9/15/2025,Credit Card,Paid,7583.87
318821,218821,12/16/2024,UPI,Paid,13118.75
318822,218822,12/25/2025,UPI,Paid,1281.04
318823,218823,4/16/2025,UPI,Paid,2085.05
318824,218824,8/8/2025,UPI,Paid,23870.25
318825,218825,10/22/2025,UPI,Paid,26532.09
318826,218826,7/16/2025,UPI,Failed,7044.99
318827,218827,8/30/2024,Credit Card,Paid,3235.49
318828,218828,5/27/2025,UPI,Paid,2822.79
318829,218829,12/22/2025,UPI,Paid,1801.09
318830,218830,10/6/2023,Net Banking,Paid,5066.39
318831,218831,9/27/2024,Wallet,Paid,39760.78
318832,218832,11/19/2025,Net Banking,Paid,12531.91
318833,218833,10/15/2024,Credit Card,Paid,12465.39
318834,218834,12/20/2024,UPI,Paid,8229.11
318835,218835,8/29/2025,Wallet,Paid,6536.77
318836,218836,12/28/2025,Debit Card,Paid,2177.91
318837,218837,4/28/2024,Credit Card,Paid,4704.27
318838,218838,6/20/2025,UPI,Failed,7897.92
318839,218839,10/27/2025,Debit Card,Paid,4198.98
318840,218840,8/28/2025,UPI,Paid,20581.73
318841,218841,6/29/2025,UPI,Paid,10515.43
318842,218842,6/30/2025,UPI,Paid,19287.58
318843,218843,10/17/2025,Credit Card,Paid,10581.8
318844,218844,10/12/2025,UPI,Paid,4165.9
318845,218845,11/18/2025,UPI,Paid,1404.92
318846,218846,6/18/2025,Credit Card,Paid,5149.73
318847,218847,7/10/2024,Credit Card,Paid,10769.23
318848,218848,4/22/2024,Debit Card,Paid,6259.45
318849,218849,10/12/2025,Credit Card,Paid,3809.08
318850,218850,2/21/2025,Cash on Delivery,Pending,818.84
318851,218851,8/23/2025,Credit Card,Paid,1726.51
318852,218852,10/8/2023,UPI,Paid,965.09
318853,218853,9/22/2025,UPI,Paid,6248.86
318854,218854,11/20/2025,Credit Card,Paid,272.43
318855,218855,4/11/2024,Net Banking,Paid,3874.72
318856,218856,10/18/2025,Credit Card,Paid,7594.83
318857,218857,4/28/2024,Credit Card,Paid,19222.8
318858,218858,5/29/2025,Credit Card,Paid,8488.11
318859,218859,12/31/2025,UPI,Paid,19385.28
318860,218860,11/12/2025,Credit Card,Paid,1334.12
318861,218861,10/23/2025,UPI,Paid,7721.95
318862,218862,6/9/2025,Debit Card,Paid,9289.69
318863,218863,12/6/2025,Net Banking,Paid,12240.34
318864,218864,3/30/2025,Credit Card,Paid,10897.55
318865,218865,10/20/2025,Net Banking,Paid,10600.57
318866,218866,7/13/2025,Cash on Delivery,Paid,689.42
318867,218867,5/19/2025,UPI,Paid,2853.36
318868,218868,1/28/2024,Debit Card,Paid,5603.32
318869,218869,12/11/2025,Credit Card,Paid,7251.72
318870,218870,2/11/2025,UPI,Paid,6939.11
318871,218871,11/14/2025,Wallet,Paid,4286.91
318872,218872,4/17/2025,Credit Card,Paid,2210.89
318873,218873,8/11/2025,Wallet,Paid,2607.01
318874,218874,3/12/2024,Cash on Delivery,Paid,3336.06
318875,218875,9/9/2025,UPI,Paid,3357.08
318876,218876,7/7/2024,UPI,Paid,1963.21
318877,218877,11/30/2025,Net Banking,Paid,9238.82
318878,218878,10/24/2025,UPI,Paid,72.77
318879,218879,12/1/2025,Debit Card,Paid,5737.78
318880,218880,5/1/2025,Credit Card,Pending,2299.25
318881,218881,7/19/2025,UPI,Paid,14528.47
318882,218882,5/2/2025,Credit Card,Paid,15304.97
318883,218883,10/19/2025,Cash on Delivery,Paid,2809.6
318884,218884,12/9/2025,Cash on Delivery,Paid,6704.39
318885,218885,10/19/2025,Net Banking,Paid,1822.51
318886,218886,12/15/2025,Debit Card,Paid,11105.73
318887,218887,9/18/2025,UPI,Paid,6057.95
318888,218888,6/21/2025,UPI,Paid,15732.6
318889,218889,7/14/2025,Wallet,Paid,5034.59
318890,218890,5/18/2024,Cash on Delivery,Paid,3773.14
318891,218891,12/16/2025,Credit Card,Paid,2187.72
318892,218892,6/22/2024,Credit Card,Paid,739.71
318893,218893,10/13/2025,Net Banking,Paid,9408.62
318894,218894,10/17/2025,Debit Card,Paid,3220.62
318895,218895,12/23/2025,Debit Card,Paid,1886.41
318896,218896,4/15/2025,Credit Card,Paid,20771.57
318897,218897,3/21/2025,UPI,Paid,297.39
318898,218898,11/4/2025,Credit Card,Failed,12948.32
318899,218899,10/20/2025,Cash on Delivery,Paid,5031.88
318900,218900,5/26/2024,Credit Card,Paid,8962.61
318901,218901,4/14/2025,Credit Card,Paid,807.71
318902,218902,10/16/2024,Credit Card,Paid,3475.7
318903,218903,12/19/2025,Debit Card,Paid,5278.2
318904,218904,1/4/2025,Credit Card,Paid,2730.44
318905,218905,10/24/2025,Cash on Delivery,Paid,6976.89
318906,218906,9/9/2024,Net Banking,Paid,4829.25
318907,218907,5/25/2024,Debit Card,Paid,12331.56
318908,218908,7/21/2025,Credit Card,Paid,4522.92
318909,218909,12/17/2025,Cash on Delivery,Paid,1739.84
318910,218910,12/12/2024,UPI,Paid,1522.87
318911,218911,7/18/2024,Wallet,Paid,7709.9
318912,218912,7/12/2025,Net Banking,Paid,527.1
318913,218913,7/1/2025,Cash on Delivery,Paid,20508.28
318914,218914,1/1/2025,UPI,Paid,1942.16
318915,218915,1/4/2025,Credit Card,Failed,3429.93
318916,218916,11/18/2025,Wallet,Paid,2355.95
318917,218917,3/11/2025,Net Banking,Paid,7878.86
318918,218918,10/29/2025,UPI,Paid,9091.95
318919,218919,2/1/2025,Cash on Delivery,Paid,11786.15
318920,218920,1/3/2024,UPI,Paid,7394.19
318921,218921,1/25/2025,UPI,Paid,2876.05
318922,218922,11/2/2025,Debit Card,Paid,9431.51
318923,218923,9/22/2025,Credit Card,Paid,6400.79
318924,218924,10/10/2025,UPI,Paid,13081
318925,218925,3/25/2025,Credit Card,Paid,8160.69
318926,218926,11/2/2024,Debit Card,Pending,4081.48
318927,218927,12/30/2025,Credit Card,Paid,2790.07
318928,218928,4/16/2023,Debit Card,Paid,12525.44
318929,218929,7/23/2025,Credit Card,Paid,7089.41
318930,218930,12/18/2024,UPI,Pending,2597.48
318931,218931,7/8/2025,Credit Card,Paid,4208.46
318932,218932,3/18/2025,Cash on Delivery,Pending,15709.06
318933,218933,1/27/2025,Cash on Delivery,Paid,1581.49
318934,218934,12/13/2025,Credit Card,Paid,4587.67
318935,218935,6/15/2024,Debit Card,Paid,5014.31
318936,218936,2/9/2025,Net Banking,Paid,11627.42
318937,218937,8/27/2024,UPI,Paid,933.15
318938,218938,10/8/2023,UPI,Paid,11767.44
318939,218939,9/20/2024,UPI,Paid,584.31
318940,218940,5/23/2025,Debit Card,Paid,6491.41
318941,218941,12/15/2025,UPI,Paid,3932.87
318942,218942,5/10/2023,UPI,Paid,681.95
318943,218943,3/19/2025,Net Banking,Paid,2544.11
318944,218944,12/21/2025,UPI,Paid,9502.4
318945,218945,7/17/2025,Debit Card,Failed,2664.93
318946,218946,12/13/2025,Net Banking,Pending,2991.35
318947,218947,6/19/2025,Wallet,Paid,379.02
318948,218948,10/9/2024,Credit Card,Paid,4922.15
318949,218949,2/15/2024,Debit Card,Paid,4381.09
318950,218950,4/11/2025,Credit Card,Paid,9498.83
318951,218951,5/30/2025,UPI,Paid,984.29
318952,218952,4/23/2023,Cash on Delivery,Paid,3351.93
318953,218953,11/27/2025,Cash on Delivery,Paid,5036.42
318954,218954,6/17/2025,UPI,Paid,4576.17
318955,218955,10/19/2025,UPI,Paid,18121.41
318956,218956,11/4/2025,Credit Card,Paid,12769.87
318957,218957,11/30/2023,Credit Card,Paid,3655
318958,218958,10/11/2024,UPI,Paid,1341.65
318959,218959,12/2/2023,UPI,Pending,8598.46
318960,218960,5/20/2025,Cash on Delivery,Paid,14479.56
318961,218961,5/13/2025,UPI,Paid,4525.18
318962,218962,11/28/2025,Net Banking,Paid,8614.53
318963,218963,3/10/2025,Credit Card,Paid,5845.34
318964,218964,4/29/2025,UPI,Paid,3740.38
318965,218965,8/5/2024,Debit Card,Paid,1464.38
318966,218966,6/29/2025,Cash on Delivery,Failed,2269.28
318967,218967,2/17/2025,Cash on Delivery,Failed,3493.64
318968,218968,6/4/2024,Debit Card,Failed,6521.92
318969,218969,9/29/2025,Credit Card,Paid,1126.2
318970,218970,9/23/2025,UPI,Paid,12448.61
318971,218971,12/14/2023,Credit Card,Paid,2409.34
318972,218972,10/24/2025,Credit Card,Paid,1173.6
318973,218973,7/27/2025,Net Banking,Paid,479.37
318974,218974,1/1/2025,Credit Card,Paid,361.54
318975,218975,6/13/2025,Cash on Delivery,Failed,3206.73
318976,218976,12/12/2025,Cash on Delivery,Paid,16414.39
318977,218977,1/15/2025,Credit Card,Failed,20702.16
318978,218978,7/29/2025,Credit Card,Paid,4104.17
318979,218979,11/3/2025,Net Banking,Failed,15204.68
318980,218980,3/7/2024,UPI,Paid,19451.34
318981,218981,7/30/2023,Debit Card,Paid,2138.44
318982,218982,12/13/2025,Net Banking,Paid,19947.25
318983,218983,6/16/2025,Credit Card,Paid,2423.11
318984,218984,12/23/2025,Debit Card,Paid,16729.88
318985,218985,12/6/2025,UPI,Paid,1780.58
318986,218986,10/4/2025,UPI,Paid,6140.13
318987,218987,12/3/2025,Cash on Delivery,Paid,4022.06
318988,218988,6/1/2025,Credit Card,Paid,2793.55
318989,218989,9/3/2023,Cash on Delivery,Paid,1646.29
318990,218990,5/7/2025,UPI,Paid,2410.96
318991,218991,9/10/2025,Wallet,Paid,328.14
318992,218992,8/2/2024,Credit Card,Paid,7205.02
318993,218993,8/12/2025,Credit Card,Paid,11574.34
318994,218994,8/13/2024,UPI,Paid,7414.44
318995,218995,7/2/2025,UPI,Paid,10108.22
318996,218996,11/21/2024,Wallet,Paid,2766.47
318997,218997,2/27/2025,Net Banking,Paid,7929.83
318998,218998,1/15/2025,Credit Card,Paid,6058.96
318999,218999,10/18/2025,Wallet,Paid,9527.18
319000,219000,5/27/2025,Credit Card,Paid,15061.49
319001,219001,10/27/2024,Credit Card,Paid,16191.81
319002,219002,9/18/2025,UPI,Paid,6962.06
319003,219003,7/20/2025,Debit Card,Paid,2488.51
319004,219004,7/25/2025,Cash on Delivery,Paid,4052.21
319005,219005,8/18/2025,Cash on Delivery,Paid,343.77
319006,219006,12/23/2025,Cash on Delivery,Paid,3962.94
319007,219007,9/7/2025,Net Banking,Paid,10626.43
319008,219008,7/6/2025,Credit Card,Paid,9764.72
319009,219009,4/22/2025,UPI,Paid,673.99
319010,219010,12/26/2025,UPI,Paid,4034.16
319011,219011,9/26/2025,UPI,Paid,1980.39
319012,219012,3/20/2024,Cash on Delivery,Paid,518.12
319013,219013,1/17/2024,Debit Card,Paid,1798.49
319014,219014,11/10/2025,Credit Card,Paid,7216.71
319015,219015,12/24/2025,Cash on Delivery,Paid,2456.12
319016,219016,6/22/2025,UPI,Paid,7161.2
319017,219017,9/5/2025,Credit Card,Paid,567.39
319018,219018,8/13/2025,UPI,Paid,11601.39
319019,219019,3/3/2025,Debit Card,Paid,528.94
319020,219020,12/20/2025,Net Banking,Paid,6304.07
319021,219021,2/4/2025,Debit Card,Paid,7827.13
319022,219022,6/21/2023,Credit Card,Failed,2990.17
319023,219023,10/28/2024,UPI,Failed,1220.38
319024,219024,4/13/2023,UPI,Paid,3376.54
319025,219025,12/2/2025,Net Banking,Paid,310.36
319026,219026,3/10/2024,Credit Card,Paid,23890.66
319027,219027,1/30/2025,Cash on Delivery,Paid,2148.31
319028,219028,1/21/2025,Cash on Delivery,Paid,4147.6
319029,219029,9/14/2025,Cash on Delivery,Paid,4586.8
319030,219030,8/31/2025,Cash on Delivery,Paid,2342.94
319031,219031,10/28/2025,UPI,Paid,3275.14
319032,219032,8/29/2024,UPI,Paid,4449.16
319033,219033,4/24/2025,UPI,Paid,1367.52
319034,219034,3/28/2025,UPI,Paid,7751.37
319035,219035,7/22/2024,Credit Card,Paid,8248.81
319036,219036,3/29/2024,Debit Card,Paid,2772.71
319037,219037,11/25/2025,Debit Card,Paid,7088.73
319038,219038,12/3/2025,UPI,Paid,529.14
319039,219039,12/29/2024,Wallet,Paid,15654.79
319040,219040,7/15/2024,Debit Card,Paid,11431.85
319041,219041,12/16/2025,UPI,Paid,1608.76
319042,219042,10/11/2025,Debit Card,Paid,11547.53
319043,219043,8/2/2024,Credit Card,Paid,331.95
319044,219044,12/19/2025,Cash on Delivery,Failed,6813.67
319045,219045,6/28/2025,Credit Card,Paid,4666.32
319046,219046,10/13/2024,Wallet,Paid,4711.48
319047,219047,12/6/2024,Net Banking,Paid,8568.27
319048,219048,5/30/2024,Credit Card,Paid,1898.98
319049,219049,7/4/2025,Credit Card,Paid,4621.73
319050,219050,11/28/2025,UPI,Paid,5890.53
319051,219051,9/20/2025,UPI,Paid,3233.77
319052,219052,12/16/2024,UPI,Paid,649.73
319053,219053,9/22/2025,UPI,Paid,2907.77
319054,219054,7/27/2025,Net Banking,Paid,2311.68
319055,219055,7/5/2025,Debit Card,Paid,930.98
319056,219056,10/20/2024,Credit Card,Paid,2009.73
319057,219057,9/16/2025,UPI,Paid,6911.34
319058,219058,12/11/2025,Net Banking,Paid,3644.63
319059,219059,11/26/2025,Credit Card,Paid,3983.05
319060,219060,1/29/2025,UPI,Paid,10010.64
319061,219061,8/18/2025,UPI,Paid,549.42
319062,219062,8/9/2024,Cash on Delivery,Paid,13119.73
319063,219063,8/7/2025,Cash on Delivery,Paid,3096.59
319064,219064,12/13/2025,UPI,Paid,3450.78
319065,219065,10/24/2025,Cash on Delivery,Paid,2684.09
319066,219066,12/31/2025,Net Banking,Paid,5386.67
319067,219067,2/29/2024,UPI,Paid,245.77
319068,219068,12/20/2025,UPI,Paid,3846.81
319069,219069,11/8/2023,UPI,Paid,23990.88
319070,219070,5/20/2025,UPI,Paid,23681.67
319071,219071,10/25/2025,Credit Card,Failed,8841.54
319072,219072,12/29/2024,Debit Card,Paid,4827.47
319073,219073,5/30/2025,UPI,Paid,2725.57
319074,219074,2/16/2025,Net Banking,Paid,2948.27
319075,219075,6/19/2025,Cash on Delivery,Paid,891.72
319076,219076,9/14/2025,Net Banking,Paid,8754.77
319077,219077,4/19/2025,Cash on Delivery,Paid,4833.36
319078,219078,8/19/2025,Cash on Delivery,Paid,6206.41
319079,219079,1/19/2025,Credit Card,Paid,946
319080,219080,12/18/2025,Credit Card,Paid,6240.45
319081,219081,7/12/2024,UPI,Paid,3112.63
319082,219082,5/6/2024,Credit Card,Paid,13107.22
319083,219083,8/31/2025,UPI,Paid,27986.99
319084,219084,4/10/2025,Debit Card,Paid,1762.58
319085,219085,8/8/2025,UPI,Paid,17163.53
319086,219086,2/20/2025,UPI,Paid,11148.6
319087,219087,10/15/2024,Credit Card,Paid,1109.16
319088,219088,12/22/2025,UPI,Paid,1911.61
319089,219089,5/26/2025,UPI,Paid,9236.33
319090,219090,2/27/2025,Credit Card,Paid,698.3
319091,219091,1/3/2025,Credit Card,Paid,29747.12
319092,219092,10/6/2025,Credit Card,Paid,136.38
319093,219093,2/8/2023,Credit Card,Paid,1092.06
319094,219094,12/24/2025,Wallet,Paid,3611.57
319095,219095,3/15/2025,Credit Card,Paid,3128.45
319096,219096,11/21/2024,Cash on Delivery,Paid,10751.43
319097,219097,12/13/2024,Debit Card,Paid,14188.57
319098,219098,6/29/2025,Cash on Delivery,Paid,18126.03
319099,219099,11/30/2024,Net Banking,Paid,22066.6
319100,219100,12/20/2025,UPI,Paid,15083.8
319101,219101,1/4/2025,Wallet,Paid,3708.45
319102,219102,9/25/2025,UPI,Paid,7502.67
319103,219103,11/22/2023,Cash on Delivery,Paid,618.14
319104,219104,4/4/2025,UPI,Paid,531.31
319105,219105,6/24/2025,Credit Card,Paid,6375.65
319106,219106,5/8/2024,Debit Card,Paid,4058.66
319107,219107,8/4/2025,Credit Card,Paid,5861.32
319108,219108,4/2/2025,Net Banking,Paid,1232.48
319109,219109,3/7/2024,Debit Card,Pending,3866.6
319110,219110,10/2/2023,Debit Card,Paid,1485.25
319111,219111,1/3/2025,Debit Card,Paid,14631.85
319112,219112,12/29/2025,Debit Card,Paid,3554.76
319113,219113,2/24/2025,Credit Card,Paid,14310.95
319114,219114,3/8/2024,Wallet,Paid,7186.74
319115,219115,11/24/2025,Debit Card,Paid,9771.56
319116,219116,11/2/2024,Cash on Delivery,Paid,334.72
319117,219117,11/9/2025,Debit Card,Paid,34421.4
319118,219118,8/18/2025,Credit Card,Paid,1850.81
319119,219119,12/15/2023,Credit Card,Paid,1023.76
319120,219120,12/28/2025,UPI,Paid,530.3
319121,219121,1/7/2025,UPI,Paid,10993.81
319122,219122,12/25/2024,UPI,Paid,4078.85
319123,219123,8/10/2025,Wallet,Paid,1985.68
319124,219124,11/28/2023,Cash on Delivery,Paid,999.2
319125,219125,2/1/2024,Debit Card,Paid,787.49
319126,219126,10/24/2025,UPI,Paid,5107.69
319127,219127,11/26/2025,Debit Card,Paid,9643.02
319128,219128,10/11/2023,UPI,Paid,5683.61
319129,219129,12/3/2025,Debit Card,Paid,2955.43
319130,219130,11/20/2024,UPI,Paid,16934.84
319131,219131,4/30/2025,UPI,Paid,1717.61
319132,219132,5/25/2025,Cash on Delivery,Paid,6688.89
319133,219133,12/21/2025,UPI,Paid,13780.73
319134,219134,10/22/2024,UPI,Paid,3363.44
319135,219135,2/25/2025,Credit Card,Paid,5025.11
319136,219136,2/15/2025,Wallet,Paid,13038.81
319137,219137,2/17/2025,Net Banking,Paid,1286.47
319138,219138,11/16/2024,Credit Card,Paid,1611.51
319139,219139,6/5/2025,UPI,Paid,14733.3
319140,219140,8/30/2025,Net Banking,Pending,826.79
319141,219141,11/27/2025,Net Banking,Paid,5188.07
319142,219142,2/23/2024,Credit Card,Paid,6930.56
319143,219143,11/25/2025,Credit Card,Paid,2799.13
319144,219144,9/29/2025,Cash on Delivery,Paid,9545.87
319145,219145,8/15/2025,UPI,Paid,11393.55
319146,219146,10/16/2025,UPI,Paid,853.43
319147,219147,8/23/2025,Wallet,Paid,1611.26
319148,219148,1/2/2025,Debit Card,Paid,7621.14
319149,219149,11/28/2024,Net Banking,Paid,327.42
319150,219150,7/28/2025,Net Banking,Paid,8066.9
319151,219151,9/5/2025,Credit Card,Paid,12306.21
319152,219152,12/30/2024,UPI,Paid,4494.5
319153,219153,10/1/2024,Credit Card,Paid,431.81
319154,219154,11/22/2025,Cash on Delivery,Paid,2686.5
319155,219155,4/6/2024,Credit Card,Paid,4272.44
319156,219156,9/28/2025,UPI,Paid,6763.09
319157,219157,2/6/2025,Cash on Delivery,Paid,484.77
319158,219158,5/1/2025,Net Banking,Paid,4196.97
319159,219159,11/30/2025,UPI,Paid,11492.67
319160,219160,7/26/2025,UPI,Paid,6010.34
319161,219161,7/27/2025,Credit Card,Paid,3266.71
319162,219162,9/9/2025,Debit Card,Paid,2687.48
319163,219163,8/4/2025,UPI,Paid,3349.8
319164,219164,12/10/2025,Credit Card,Paid,2631
319165,219165,12/29/2024,Debit Card,Paid,5339.56
319166,219166,4/24/2025,UPI,Paid,14797.22
319167,219167,6/3/2024,Credit Card,Paid,1561.84
319168,219168,4/22/2025,Wallet,Paid,782.91
319169,219169,12/2/2024,Net Banking,Paid,1489.75
319170,219170,5/16/2025,Debit Card,Paid,2292.09
319171,219171,11/27/2025,UPI,Paid,12124.68
319172,219172,5/8/2024,UPI,Paid,5655.65
319173,219173,9/4/2025,Credit Card,Paid,939.75
319174,219174,8/15/2023,Debit Card,Paid,681.79
319175,219175,4/26/2024,Credit Card,Paid,586.52
319176,219176,12/25/2024,UPI,Paid,3859.72
319177,219177,3/1/2025,Cash on Delivery,Paid,12834.56
319178,219178,9/10/2025,Credit Card,Paid,696.16
319179,219179,1/18/2024,Credit Card,Paid,32766.3
319180,219180,10/5/2025,Debit Card,Paid,9233.53
319181,219181,7/10/2025,Cash on Delivery,Paid,18237.44
319182,219182,1/22/2025,Net Banking,Paid,3085.73
319183,219183,8/13/2025,UPI,Paid,12276.62
319184,219184,8/2/2024,Debit Card,Paid,12771.87
319185,219185,9/19/2024,UPI,Paid,2158.73
319186,219186,4/6/2025,Net Banking,Paid,5876.14
319187,219187,1/25/2024,UPI,Paid,3368.18
319188,219188,2/25/2025,Debit Card,Paid,28809.77
319189,219189,10/12/2025,Debit Card,Paid,22600.25
319190,219190,10/23/2025,Net Banking,Paid,625.98
319191,219191,11/12/2025,UPI,Paid,6410.21
319192,219192,2/12/2025,Cash on Delivery,Paid,4768.98
319193,219193,1/11/2025,Cash on Delivery,Paid,5784.26
319194,219194,10/27/2024,Cash on Delivery,Paid,3051.8
319195,219195,9/16/2025,Debit Card,Paid,8801.59
319196,219196,2/1/2025,Credit Card,Paid,7331
319197,219197,12/24/2025,UPI,Paid,3653.89
319198,219198,5/11/2025,Debit Card,Paid,1710.2
319199,219199,11/26/2025,Cash on Delivery,Paid,9061.09
319200,219200,12/28/2025,Cash on Delivery,Paid,1575.11
319201,219201,10/12/2025,UPI,Paid,1648.45
319202,219202,12/30/2024,Wallet,Paid,6578.46
319203,219203,7/1/2025,UPI,Paid,75.23
319204,219204,5/16/2025,Cash on Delivery,Paid,9008.65
319205,219205,8/22/2025,Cash on Delivery,Paid,8193.84
319206,219206,7/28/2024,Wallet,Paid,8850.22
319207,219207,5/12/2023,Debit Card,Paid,3216.25
319208,219208,5/18/2024,Cash on Delivery,Paid,2786.47
319209,219209,10/14/2024,Credit Card,Paid,5081.11
319210,219210,5/30/2025,Credit Card,Paid,14271.61
319211,219211,10/28/2024,Credit Card,Paid,7880.6
319212,219212,12/14/2025,Wallet,Paid,2146.01
319213,219213,4/26/2025,UPI,Paid,2065.51
319214,219214,9/11/2024,UPI,Paid,926.17
319215,219215,5/21/2025,Cash on Delivery,Paid,20747.35
319216,219216,12/17/2024,UPI,Paid,10678.07
319217,219217,6/14/2024,Debit Card,Paid,20587.64
319218,219218,3/14/2023,UPI,Paid,1685.93
319219,219219,5/29/2025,Credit Card,Paid,533.16
319220,219220,7/21/2025,Credit Card,Paid,4944.78
319221,219221,12/15/2024,Cash on Delivery,Paid,4538.05
319222,219222,7/24/2025,Net Banking,Paid,5673.23
319223,219223,11/10/2025,UPI,Paid,1955.66
319224,219224,12/10/2025,Cash on Delivery,Paid,8086.47
319225,219225,12/16/2025,Credit Card,Paid,2072
319226,219226,12/31/2024,Net Banking,Paid,5635.69
319227,219227,10/27/2025,Credit Card,Paid,14717.25
319228,219228,11/4/2025,Debit Card,Paid,2299.91
319229,219229,10/6/2025,Credit Card,Paid,8274.54
319230,219230,6/22/2023,Wallet,Paid,4307.79
319231,219231,11/27/2024,Credit Card,Paid,1977.78
319232,219232,10/29/2025,Wallet,Paid,333.74
319233,219233,9/19/2024,Credit Card,Paid,786.94
319234,219234,8/10/2025,Net Banking,Paid,5697.03
319235,219235,12/26/2025,Credit Card,Paid,13126.73
319236,219236,9/7/2024,Credit Card,Paid,6462.58
319237,219237,8/26/2025,Net Banking,Paid,2655.33
319238,219238,7/24/2025,UPI,Paid,6516.23
319239,219239,7/7/2025,Cash on Delivery,Paid,14840.82
319240,219240,8/11/2024,Cash on Delivery,Paid,12171.39
319241,219241,5/15/2024,Debit Card,Paid,10134.48
319242,219242,7/16/2025,Debit Card,Paid,2458.49
319243,219243,12/31/2024,Cash on Delivery,Paid,4835.91
319244,219244,6/30/2024,UPI,Paid,4746.65
319245,219245,4/4/2025,UPI,Paid,868.51
319246,219246,5/22/2025,Debit Card,Paid,15410.1
319247,219247,9/22/2025,Cash on Delivery,Paid,11745.31
319248,219248,8/29/2025,Debit Card,Pending,4849.15
319249,219249,6/6/2025,Cash on Delivery,Paid,1003.66
319250,219250,3/19/2024,Cash on Delivery,Paid,3425.59
319251,219251,2/17/2025,UPI,Paid,1102.24
319252,219252,11/25/2025,UPI,Paid,4001.48
319253,219253,6/23/2025,UPI,Paid,1064.23
319254,219254,7/27/2025,Credit Card,Paid,10481.3
319255,219255,6/16/2023,Credit Card,Pending,1169.06
319256,219256,10/17/2023,Credit Card,Paid,7436.68
319257,219257,6/22/2023,Credit Card,Paid,7735.86
319258,219258,11/26/2025,Credit Card,Paid,807.83
319259,219259,4/12/2024,UPI,Paid,2632.12
319260,219260,8/8/2025,UPI,Paid,8719.45
319261,219261,10/26/2025,Cash on Delivery,Pending,2027.87
319262,219262,8/4/2024,UPI,Paid,2134
319263,219263,5/6/2025,Net Banking,Paid,19931.13
319264,219264,9/11/2023,Net Banking,Paid,49428.53
319265,219265,7/9/2023,UPI,Paid,454.47
319266,219266,11/6/2025,Debit Card,Paid,5891.78
319267,219267,6/19/2025,UPI,Paid,3084.74
319268,219268,12/14/2025,Credit Card,Paid,3865.07
319269,219269,6/4/2025,Credit Card,Paid,25250.52
319270,219270,10/29/2024,Debit Card,Paid,9258.36
319271,219271,8/2/2025,Credit Card,Paid,2024.91
319272,219272,12/21/2023,Cash on Delivery,Paid,6229.68
319273,219273,2/19/2025,Credit Card,Paid,4498.51
319274,219274,9/29/2025,Wallet,Paid,1565.72
319275,219275,2/27/2025,Debit Card,Paid,15230.89
319276,219276,7/12/2024,Cash on Delivery,Paid,9328.53
319277,219277,11/25/2025,UPI,Paid,5803.36
319278,219278,6/17/2024,UPI,Paid,1495.06
319279,219279,10/16/2025,Debit Card,Paid,36146.59
319280,219280,11/22/2024,UPI,Paid,1437.33
319281,219281,12/30/2025,Debit Card,Paid,10163.1
319282,219282,6/1/2025,UPI,Pending,4292.24
319283,219283,1/20/2025,UPI,Paid,6011.72
319284,219284,12/4/2025,Credit Card,Paid,3509.72
319285,219285,9/5/2024,Debit Card,Paid,2817.31
319286,219286,4/28/2025,UPI,Paid,2819.27
319287,219287,12/6/2025,Cash on Delivery,Paid,7431.66
319288,219288,9/2/2025,Debit Card,Paid,314.68
319289,219289,11/12/2025,UPI,Paid,5377.99
319290,219290,11/11/2025,Debit Card,Pending,3877.12
319291,219291,11/28/2024,Credit Card,Paid,1663.06
319292,219292,2/25/2025,Cash on Delivery,Paid,25624.6
319293,219293,10/18/2024,Credit Card,Failed,8708.26
319294,219294,11/25/2024,Cash on Delivery,Paid,6424.43
319295,219295,1/16/2024,Credit Card,Pending,20489.81
319296,219296,12/9/2025,Debit Card,Paid,318.79
319297,219297,3/20/2024,Wallet,Paid,5231.94
319298,219298,10/30/2024,Credit Card,Paid,7069.27
319299,219299,9/9/2025,Debit Card,Paid,654.02
319300,219300,7/10/2023,UPI,Paid,22164.97
319301,219301,11/13/2025,UPI,Paid,446.72
319302,219302,12/9/2025,UPI,Paid,8853.63
319303,219303,6/26/2024,Debit Card,Paid,25798.34
319304,219304,11/10/2024,UPI,Paid,25132.82
319305,219305,8/31/2025,UPI,Paid,4051.23
319306,219306,11/6/2025,Cash on Delivery,Paid,2918.29
319307,219307,3/19/2025,UPI,Paid,6679.34
319308,219308,4/17/2025,UPI,Paid,1258.4
319309,219309,9/27/2025,Credit Card,Paid,3117.85
319310,219310,1/12/2025,UPI,Failed,3478.56
319311,219311,6/3/2025,UPI,Paid,13941.85
319312,219312,5/11/2024,UPI,Paid,5256.36
319313,219313,12/3/2025,Debit Card,Paid,4032.73
319314,219314,12/22/2024,Debit Card,Paid,3638.79
319315,219315,5/12/2025,Wallet,Paid,1903.74
319316,219316,8/3/2024,Debit Card,Pending,1016.08
319317,219317,7/5/2024,Wallet,Paid,3079.48
319318,219318,4/28/2025,Wallet,Paid,2361.89
319319,219319,5/6/2025,Net Banking,Paid,5747.42
319320,219320,5/9/2024,Cash on Delivery,Pending,744.98
319321,219321,5/19/2025,Debit Card,Paid,7302.94
319322,219322,5/12/2025,Debit Card,Paid,471.65
319323,219323,6/9/2025,UPI,Paid,2709.39
319324,219324,10/31/2025,Net Banking,Paid,1894.8
319325,219325,1/31/2023,UPI,Paid,1874.43
319326,219326,5/27/2024,UPI,Failed,1364.62
319327,219327,10/2/2025,Credit Card,Paid,6190.47
319328,219328,12/8/2025,UPI,Paid,11281.11
319329,219329,2/7/2025,UPI,Paid,19551.18
319330,219330,10/30/2025,Wallet,Paid,8286.35
319331,219331,11/23/2025,UPI,Paid,10923.38
319332,219332,5/17/2024,Credit Card,Paid,33653.07
319333,219333,7/21/2025,Credit Card,Paid,5005.74
319334,219334,12/29/2025,Cash on Delivery,Paid,1602.23
319335,219335,12/28/2025,Debit Card,Paid,3125.47
319336,219336,8/10/2025,UPI,Paid,3076.68
319337,219337,11/8/2024,Wallet,Paid,2185.26
319338,219338,12/26/2025,Credit Card,Paid,3808.9
319339,219339,2/4/2024,Net Banking,Paid,6863.53
319340,219340,6/20/2024,UPI,Paid,500.41
319341,219341,12/7/2024,Net Banking,Paid,1433.06
319342,219342,11/13/2025,UPI,Paid,6029.91
319343,219343,2/22/2024,Wallet,Paid,1253.94
319344,219344,7/3/2025,Cash on Delivery,Paid,3163.34
319345,219345,2/28/2025,Credit Card,Failed,7918.91
319346,219346,10/4/2025,Credit Card,Paid,11177.92
319347,219347,3/13/2023,Credit Card,Paid,2081.28
319348,219348,10/20/2024,Credit Card,Paid,2442.76
319349,219349,8/17/2025,Credit Card,Paid,383.29
319350,219350,1/13/2024,UPI,Paid,355.55
319351,219351,9/11/2025,Cash on Delivery,Paid,29291.65
319352,219352,5/27/2025,UPI,Paid,11633.11
319353,219353,6/15/2023,UPI,Paid,1066.09
319354,219354,11/17/2025,Debit Card,Paid,5315.77
319355,219355,9/12/2025,Net Banking,Paid,10576.58
319356,219356,5/6/2024,Wallet,Paid,7139.48
319357,219357,9/22/2024,Credit Card,Paid,1402.59
319358,219358,7/29/2025,UPI,Paid,1055.32
319359,219359,2/19/2025,Net Banking,Paid,8654.71
319360,219360,6/27/2025,UPI,Paid,14278.62
319361,219361,12/27/2025,Credit Card,Paid,5421.47
319362,219362,10/5/2023,Net Banking,Pending,21010.6
319363,219363,8/24/2025,UPI,Paid,15022.07
319364,219364,10/12/2025,Debit Card,Paid,4573.77
319365,219365,11/28/2023,Debit Card,Paid,8053.79
319366,219366,10/5/2023,Debit Card,Paid,2307.52
319367,219367,10/30/2025,UPI,Paid,6336.12
319368,219368,7/1/2025,Credit Card,Paid,3075.99
319369,219369,6/1/2025,Net Banking,Paid,4698.15
319370,219370,7/23/2025,UPI,Paid,370.55
319371,219371,10/8/2025,UPI,Paid,8026.34
319372,219372,11/18/2025,Credit Card,Paid,2200.01
319373,219373,5/4/2025,Debit Card,Paid,5573.93
319374,219374,9/17/2025,Credit Card,Failed,737.05
319375,219375,5/17/2025,Debit Card,Paid,4066.01
319376,219376,5/28/2025,Net Banking,Paid,2970.22
319377,219377,3/9/2025,UPI,Paid,5222.26
319378,219378,1/31/2025,UPI,Pending,12782.86
319379,219379,11/14/2023,Net Banking,Paid,8894.74
319380,219380,3/21/2025,Credit Card,Paid,4026.06
319381,219381,6/12/2025,Net Banking,Paid,2750.97
319382,219382,6/8/2025,Wallet,Paid,6679.89
319383,219383,12/17/2025,Net Banking,Paid,6464.65
319384,219384,3/6/2025,Debit Card,Paid,4387.49
319385,219385,3/30/2025,Credit Card,Paid,4203.32
319386,219386,12/17/2025,Credit Card,Paid,5442.75
319387,219387,7/16/2023,UPI,Failed,8394.33
319388,219388,4/29/2024,Credit Card,Paid,8064.47
319389,219389,6/8/2025,Credit Card,Paid,10322.86
319390,219390,9/12/2023,UPI,Paid,3095.33
319391,219391,3/29/2024,Cash on Delivery,Paid,6402.55
319392,219392,10/21/2025,Credit Card,Paid,1909.49
319393,219393,11/20/2025,Net Banking,Paid,1419.74
319394,219394,6/2/2025,Credit Card,Paid,7913.93
319395,219395,1/16/2024,Cash on Delivery,Paid,259.23
319396,219396,11/3/2025,Credit Card,Paid,1141.27
319397,219397,8/25/2025,Cash on Delivery,Pending,9850.06
319398,219398,4/8/2025,UPI,Paid,4652.7
319399,219399,11/6/2023,UPI,Paid,10696.13
319400,219400,8/19/2025,Net Banking,Paid,2040.51
319401,219401,12/24/2025,Cash on Delivery,Paid,733.66
319402,219402,12/17/2025,Wallet,Paid,2371.43
319403,219403,9/26/2025,Credit Card,Paid,13526.47
319404,219404,10/31/2024,UPI,Failed,5463.32
319405,219405,11/3/2025,Debit Card,Paid,5734.86
319406,219406,11/11/2025,Net Banking,Paid,3049.35
319407,219407,8/31/2025,Debit Card,Paid,16323
319408,219408,10/17/2025,Credit Card,Paid,6509.85
319409,219409,11/22/2025,Credit Card,Paid,1836.17
319410,219410,11/24/2023,UPI,Paid,5174.52
319411,219411,2/14/2024,Debit Card,Paid,4256.4
319412,219412,10/4/2025,Credit Card,Paid,5085.78
319413,219413,7/31/2025,Debit Card,Paid,18691.14
319414,219414,11/26/2025,Cash on Delivery,Paid,2491.06
319415,219415,9/13/2025,Debit Card,Paid,29758.15
319416,219416,6/3/2025,Credit Card,Paid,3080.56
319417,219417,9/1/2023,Wallet,Paid,7486.87
319418,219418,12/11/2025,Credit Card,Paid,3707.69
319419,219419,3/13/2025,Cash on Delivery,Paid,4611.53
319420,219420,12/27/2025,Net Banking,Paid,4919.1
319421,219421,1/8/2025,UPI,Paid,6219.48
319422,219422,4/27/2023,Debit Card,Paid,152.77
319423,219423,7/31/2025,Cash on Delivery,Paid,530.43
319424,219424,6/7/2025,UPI,Paid,7431.65
319425,219425,12/8/2025,UPI,Failed,5726.81
319426,219426,11/8/2023,Debit Card,Paid,6656.9
319427,219427,12/27/2025,Net Banking,Paid,2805.38
319428,219428,3/23/2025,Debit Card,Paid,1099.17
319429,219429,2/24/2024,Wallet,Paid,1915.31
319430,219430,10/23/2024,UPI,Paid,17655.41
319431,219431,12/2/2023,UPI,Paid,26441.99
319432,219432,12/27/2024,Credit Card,Paid,7065.87
319433,219433,4/15/2025,UPI,Paid,3730.63
319434,219434,12/26/2023,Debit Card,Paid,5585.58
319435,219435,12/14/2025,Debit Card,Paid,13732.79
319436,219436,11/23/2025,UPI,Paid,1167.39
319437,219437,10/29/2025,Cash on Delivery,Paid,8230.89
319438,219438,7/24/2025,Credit Card,Paid,2704.4
319439,219439,6/8/2023,Credit Card,Paid,2916.33
319440,219440,7/2/2025,UPI,Paid,2572.75
319441,219441,9/5/2025,Credit Card,Paid,1711.12
319442,219442,2/9/2025,Debit Card,Paid,8311.22
319443,219443,8/7/2025,Debit Card,Paid,2781.27
319444,219444,1/18/2025,Wallet,Paid,5230.74
319445,219445,11/23/2025,UPI,Paid,3629.29
319446,219446,9/13/2025,Credit Card,Paid,4827.26
319447,219447,12/19/2024,Debit Card,Paid,3317.05
319448,219448,5/18/2025,Wallet,Paid,3134.2
319449,219449,8/31/2025,Cash on Delivery,Paid,2811.17
319450,219450,11/17/2025,Debit Card,Paid,8320.99
319451,219451,4/14/2025,Debit Card,Paid,4566.02
319452,219452,8/12/2024,Cash on Delivery,Paid,9406.25
319453,219453,6/20/2025,Debit Card,Paid,476.51
319454,219454,7/20/2025,Net Banking,Paid,8607.65
319455,219455,8/8/2025,UPI,Paid,9460.05
319456,219456,11/27/2025,UPI,Paid,3780.7
319457,219457,11/15/2025,UPI,Paid,23238.82
319458,219458,5/31/2024,Credit Card,Paid,5112.68
319459,219459,4/15/2025,Credit Card,Paid,6634.6
319460,219460,3/30/2025,Cash on Delivery,Paid,2571.52
319461,219461,5/17/2025,Credit Card,Paid,1367
319462,219462,10/16/2025,Cash on Delivery,Paid,2059.76
319463,219463,12/16/2025,UPI,Paid,3117.76
319464,219464,12/8/2025,Cash on Delivery,Paid,6981.28
319465,219465,12/9/2025,UPI,Paid,2029.13
319466,219466,8/28/2025,Credit Card,Paid,2786.89
319467,219467,8/14/2024,Credit Card,Paid,1861.45
319468,219468,7/15/2025,UPI,Paid,4815.25
319469,219469,5/22/2024,UPI,Paid,13470.97
319470,219470,12/7/2025,Credit Card,Paid,4451.47
319471,219471,2/17/2025,Credit Card,Paid,450.07
319472,219472,7/19/2024,Credit Card,Paid,6109.73
319473,219473,8/5/2025,Credit Card,Paid,4015.01
319474,219474,11/10/2025,UPI,Paid,1959.6
319475,219475,5/10/2025,UPI,Paid,18131.44
319476,219476,11/7/2025,Credit Card,Paid,14349.5
319477,219477,11/21/2025,UPI,Paid,5092.8
319478,219478,2/9/2025,Cash on Delivery,Paid,1368.95
319479,219479,10/19/2025,Credit Card,Paid,17392.57
319480,219480,1/6/2025,UPI,Paid,6943.36
319481,219481,11/11/2025,UPI,Pending,5590.85
319482,219482,11/13/2025,Credit Card,Paid,8148.57
319483,219483,11/7/2025,UPI,Paid,1863.33
319484,219484,12/22/2023,Cash on Delivery,Paid,5276.18
319485,219485,6/17/2025,Debit Card,Paid,2337.55
319486,219486,3/6/2025,UPI,Paid,7279.76
319487,219487,9/22/2025,Cash on Delivery,Paid,1341.41
319488,219488,7/21/2023,Net Banking,Paid,2250.84
319489,219489,11/29/2025,Debit Card,Paid,30680.52
319490,219490,12/2/2024,UPI,Paid,2099.14
319491,219491,3/10/2025,Credit Card,Paid,3142.17
319492,219492,10/10/2025,Credit Card,Paid,2084.48
319493,219493,7/30/2025,Wallet,Paid,17402.16
319494,219494,2/24/2025,Net Banking,Paid,9043.31
319495,219495,9/17/2024,UPI,Paid,1199.3
319496,219496,7/17/2025,Credit Card,Paid,484.65
319497,219497,11/14/2025,UPI,Paid,17354.04
319498,219498,3/31/2024,Debit Card,Paid,9952.68
319499,219499,4/5/2025,Wallet,Paid,21529.32
319500,219500,11/18/2023,Credit Card,Paid,7167.05
319501,219501,12/21/2025,Debit Card,Paid,8699.41
319502,219502,1/14/2025,Debit Card,Paid,2161.47
319503,219503,12/16/2025,Debit Card,Paid,3074.72
319504,219504,3/1/2025,Debit Card,Paid,16358.56
319505,219505,11/9/2025,UPI,Paid,3747.19
319506,219506,10/3/2025,UPI,Paid,10057.98
319507,219507,10/18/2023,Net Banking,Paid,10644.37
319508,219508,8/31/2024,Net Banking,Paid,758.72
319509,219509,12/31/2025,UPI,Paid,1975.2
319510,219510,7/20/2025,Debit Card,Paid,8538.83
319511,219511,3/23/2024,Credit Card,Paid,6919.29
319512,219512,7/6/2025,Wallet,Paid,4664.96
319513,219513,2/5/2024,Wallet,Paid,7983.16
319514,219514,7/29/2025,Credit Card,Paid,421.56
319515,219515,12/27/2024,Cash on Delivery,Paid,10289.01
319516,219516,2/11/2025,Wallet,Paid,1302.68
319517,219517,3/12/2024,Cash on Delivery,Paid,16704.98
319518,219518,12/9/2025,Net Banking,Paid,3073.74
319519,219519,4/20/2025,Cash on Delivery,Paid,1525.13
319520,219520,1/14/2025,UPI,Paid,6152.76
319521,219521,3/24/2024,Credit Card,Paid,4762.21
319522,219522,6/10/2025,Debit Card,Paid,414.95
319523,219523,10/7/2024,UPI,Paid,3199.22
319524,219524,1/27/2025,Net Banking,Paid,4479.27
319525,219525,10/6/2024,Debit Card,Failed,1847.21
319526,219526,3/20/2025,Credit Card,Paid,10866.68
319527,219527,12/21/2025,UPI,Paid,2320.05
319528,219528,3/10/2025,Credit Card,Paid,10255.55
319529,219529,10/11/2025,Credit Card,Paid,9927.67
319530,219530,4/16/2024,Cash on Delivery,Paid,1912.69
319531,219531,3/23/2025,Credit Card,Paid,7378.2
319532,219532,12/31/2025,Credit Card,Paid,2975.29
319533,219533,7/13/2025,Cash on Delivery,Paid,4012.32
319534,219534,11/25/2025,Cash on Delivery,Paid,2742.56
319535,219535,4/20/2025,UPI,Paid,1629.2
319536,219536,8/25/2025,UPI,Paid,3156.82
319537,219537,11/17/2024,Wallet,Paid,6777.68
319538,219538,9/4/2025,Debit Card,Paid,2182.27
319539,219539,9/26/2025,Debit Card,Paid,3193.72
319540,219540,12/26/2025,UPI,Failed,1760.38
319541,219541,8/20/2024,UPI,Paid,6133.54
319542,219542,4/29/2025,UPI,Paid,9764.78
319543,219543,12/28/2024,UPI,Paid,4945.93
319544,219544,11/22/2024,Credit Card,Paid,7575.2
319545,219545,4/13/2025,Wallet,Paid,9113.96
319546,219546,7/27/2025,UPI,Paid,3075.41
319547,219547,8/12/2025,Credit Card,Pending,5121.8
319548,219548,11/25/2025,Debit Card,Paid,30837.38
319549,219549,10/16/2025,UPI,Paid,4591.85
319550,219550,8/17/2025,UPI,Paid,12486.29
319551,219551,1/11/2024,Cash on Delivery,Paid,4438.33
319552,219552,5/6/2025,Cash on Delivery,Paid,4201.76
319553,219553,11/29/2025,UPI,Paid,6004.63
319554,219554,10/29/2024,Wallet,Paid,1555.61
319555,219555,12/10/2025,Debit Card,Paid,4483.24
319556,219556,6/7/2025,Credit Card,Paid,12555.97
319557,219557,11/26/2025,Cash on Delivery,Paid,11654.98
319558,219558,9/3/2025,Cash on Delivery,Paid,2962.68
319559,219559,7/21/2025,UPI,Paid,2094.98
319560,219560,9/4/2025,Debit Card,Paid,4947.54
319561,219561,5/8/2024,Debit Card,Paid,15408.69
319562,219562,7/14/2024,Net Banking,Paid,1020.06
319563,219563,11/3/2024,Net Banking,Paid,8248.12
319564,219564,9/7/2024,Cash on Delivery,Paid,3157.29
319565,219565,3/27/2024,Net Banking,Paid,675.63
319566,219566,10/29/2023,Credit Card,Paid,3104.29
319567,219567,5/10/2025,Credit Card,Paid,6928.63
319568,219568,1/21/2024,UPI,Paid,1196.62
319569,219569,10/6/2025,Net Banking,Pending,2890.8
319570,219570,7/7/2024,Credit Card,Paid,2829.8
319571,219571,1/24/2024,Credit Card,Paid,598.51
319572,219572,1/25/2024,UPI,Paid,9113.71
319573,219573,5/24/2025,UPI,Paid,6190.37
319574,219574,9/6/2025,Cash on Delivery,Paid,7053.07
319575,219575,11/8/2025,UPI,Paid,1522.39
319576,219576,11/20/2025,Cash on Delivery,Paid,15865.03
319577,219577,10/9/2025,Cash on Delivery,Paid,5189.64
319578,219578,6/4/2025,Credit Card,Paid,6327.19
319579,219579,9/10/2023,Credit Card,Paid,9565.94
319580,219580,8/21/2025,Debit Card,Failed,13759.08
319581,219581,8/22/2024,UPI,Paid,7760.1
319582,219582,3/10/2025,Credit Card,Paid,18582.35
319583,219583,7/23/2023,Debit Card,Paid,11504.72
319584,219584,11/29/2025,UPI,Paid,5006.03
319585,219585,8/1/2025,Cash on Delivery,Paid,5995.68
319586,219586,6/10/2025,UPI,Paid,19045.78
319587,219587,9/6/2025,Credit Card,Paid,3876.06
319588,219588,11/27/2023,Debit Card,Paid,14021.25
319589,219589,10/21/2025,Debit Card,Paid,6014.6
319590,219590,7/23/2025,Debit Card,Paid,164.24
319591,219591,2/22/2024,Cash on Delivery,Paid,3698.14
319592,219592,12/12/2025,UPI,Paid,6257.1
319593,219593,6/22/2024,UPI,Paid,1794.8
319594,219594,12/27/2025,UPI,Paid,1426.06
319595,219595,9/22/2025,UPI,Paid,388
319596,219596,9/2/2025,Cash on Delivery,Paid,6522.68
319597,219597,12/6/2025,Debit Card,Paid,8032.85
319598,219598,10/14/2025,Debit Card,Paid,2280.91
319599,219599,3/27/2025,UPI,Failed,1888.44
319600,219600,4/24/2025,Cash on Delivery,Paid,8018.06
319601,219601,2/15/2025,Credit Card,Paid,5672.55
319602,219602,9/8/2025,Debit Card,Paid,21359.3
319603,219603,6/19/2025,Cash on Delivery,Paid,988.13
319604,219604,7/15/2025,Credit Card,Failed,17247.7
319605,219605,5/8/2024,Credit Card,Paid,897.92
319606,219606,7/18/2024,UPI,Pending,2747.01
319607,219607,12/27/2025,Net Banking,Paid,5434.51
319608,219608,7/22/2024,Cash on Delivery,Paid,3181.55
319609,219609,12/8/2025,UPI,Paid,1212.61
319610,219610,11/14/2024,Wallet,Paid,5358.62
319611,219611,8/3/2025,Debit Card,Paid,1383.51
319612,219612,2/11/2024,UPI,Paid,544.72
319613,219613,6/28/2024,UPI,Paid,1574.1
319614,219614,12/18/2025,UPI,Pending,880.61
319615,219615,5/14/2025,Credit Card,Paid,3610.62
319616,219616,12/22/2025,Debit Card,Pending,2325.54
319617,219617,10/12/2024,UPI,Paid,1893.35
319618,219618,10/29/2025,UPI,Paid,10972.01
319619,219619,9/9/2025,UPI,Paid,5454.11
319620,219620,1/31/2024,UPI,Paid,4210.8
319621,219621,9/7/2025,Credit Card,Paid,4541.15
319622,219622,11/17/2025,Credit Card,Paid,5422.91
319623,219623,12/19/2025,Debit Card,Paid,4688.73
319624,219624,9/22/2025,UPI,Paid,117.15
319625,219625,12/10/2025,UPI,Paid,2614.32
319626,219626,6/9/2025,Credit Card,Paid,8414.6
319627,219627,4/11/2025,Debit Card,Paid,2217.92
319628,219628,2/4/2024,Credit Card,Paid,1059.46
319629,219629,12/26/2025,Credit Card,Paid,3175.24
319630,219630,10/5/2025,Wallet,Paid,3430.54
319631,219631,10/22/2025,Debit Card,Paid,3327.94
319632,219632,7/21/2025,Net Banking,Paid,6143.45
319633,219633,8/9/2025,Net Banking,Paid,1182.1
319634,219634,3/11/2025,UPI,Paid,7515.21
319635,219635,9/18/2025,UPI,Paid,10200.7
319636,219636,1/20/2025,UPI,Paid,5791.61
319637,219637,4/26/2025,Wallet,Paid,5758.9
319638,219638,11/6/2025,Credit Card,Paid,2167.98
319639,219639,11/30/2024,Credit Card,Paid,9328.62
319640,219640,11/28/2025,Credit Card,Paid,4903.03
319641,219641,3/14/2024,Credit Card,Paid,12055.08
319642,219642,11/4/2025,Cash on Delivery,Paid,2401.35
319643,219643,3/26/2025,Debit Card,Paid,4253.6
319644,219644,12/29/2025,UPI,Paid,3905.49
319645,219645,9/15/2025,Net Banking,Paid,3572.76
319646,219646,7/29/2025,Credit Card,Paid,6980.87
319647,219647,12/2/2025,Credit Card,Paid,1113.96
319648,219648,11/15/2023,Debit Card,Paid,5236.7
319649,219649,9/30/2024,Cash on Delivery,Paid,8973.91
319650,219650,9/3/2025,Debit Card,Paid,6128.41
319651,219651,12/15/2025,Cash on Delivery,Paid,10724.44
319652,219652,4/3/2024,Cash on Delivery,Paid,1477.22
319653,219653,10/28/2024,UPI,Paid,3167.94
319654,219654,12/1/2025,Credit Card,Paid,1558.12
319655,219655,3/10/2024,Net Banking,Paid,220.92
319656,219656,12/20/2025,UPI,Paid,2471.46
319657,219657,12/20/2023,Credit Card,Paid,3000.96
319658,219658,9/19/2023,Credit Card,Paid,7754.31
319659,219659,12/7/2023,UPI,Paid,2243.55
319660,219660,10/7/2025,UPI,Paid,2521.22
319661,219661,2/7/2025,Net Banking,Paid,2400.43
319662,219662,12/18/2024,Cash on Delivery,Paid,1045.08
319663,219663,8/10/2025,Cash on Delivery,Paid,1878.38
319664,219664,8/29/2025,UPI,Paid,4180.39
319665,219665,11/19/2024,Debit Card,Paid,4962.37
319666,219666,11/26/2025,Credit Card,Paid,4513.24
319667,219667,1/7/2025,UPI,Paid,667.85
319668,219668,3/17/2024,Debit Card,Paid,345.38
319669,219669,5/19/2025,Cash on Delivery,Paid,15812.94
319670,219670,10/8/2024,Debit Card,Paid,1943.55
319671,219671,8/16/2025,UPI,Paid,3391.91
319672,219672,4/14/2025,UPI,Paid,8235.03
319673,219673,6/20/2024,Debit Card,Paid,2337.65
319674,219674,2/19/2025,UPI,Paid,5498.01
319675,219675,6/1/2025,UPI,Paid,4375.11
319676,219676,6/23/2025,Debit Card,Pending,11997.44
319677,219677,11/19/2024,Cash on Delivery,Paid,871.42
319678,219678,8/3/2025,Debit Card,Paid,2360.14
319679,219679,12/16/2025,UPI,Paid,7213.29
319680,219680,5/28/2024,Debit Card,Paid,17831.4
319681,219681,3/18/2025,Debit Card,Paid,5223.33
319682,219682,10/2/2025,Cash on Delivery,Paid,37701.99
319683,219683,7/17/2025,Debit Card,Paid,13551.34
319684,219684,8/4/2025,Wallet,Paid,2078.27
319685,219685,2/28/2025,Credit Card,Paid,1190.33
319686,219686,10/22/2024,Cash on Delivery,Paid,6430.97
319687,219687,5/29/2025,Debit Card,Paid,9342.98
319688,219688,10/8/2025,Wallet,Paid,7193.11
319689,219689,5/30/2024,Wallet,Paid,3337.16
319690,219690,7/16/2024,Cash on Delivery,Paid,6395.16
319691,219691,3/11/2023,Credit Card,Paid,16189.65
319692,219692,7/7/2023,UPI,Paid,14593.27
319693,219693,6/22/2024,Debit Card,Paid,4180.22
319694,219694,12/24/2025,UPI,Paid,7177.34
319695,219695,1/22/2025,UPI,Paid,2496.05
319696,219696,11/13/2025,UPI,Paid,3836.38
319697,219697,11/14/2025,Debit Card,Paid,12119.82
319698,219698,2/24/2024,Credit Card,Paid,737.26
319699,219699,10/28/2025,Cash on Delivery,Pending,5818.08
319700,219700,11/10/2024,Debit Card,Paid,280.85
319701,219701,11/17/2025,UPI,Paid,4863.02
319702,219702,6/11/2025,UPI,Paid,3699.49
319703,219703,8/14/2025,Credit Card,Paid,19159.26
319704,219704,9/30/2025,Credit Card,Paid,1218.67
319705,219705,9/7/2024,Net Banking,Paid,7330.27
319706,219706,1/30/2024,UPI,Paid,8725.51
319707,219707,10/29/2025,UPI,Failed,977.07
319708,219708,10/15/2025,Net Banking,Paid,2034.13
319709,219709,9/2/2024,Credit Card,Paid,1765.6
319710,219710,5/3/2025,Debit Card,Paid,6084.25
319711,219711,10/7/2025,Credit Card,Paid,2123.52
319712,219712,8/17/2025,UPI,Paid,215.16
319713,219713,6/25/2023,UPI,Paid,1370.93
319714,219714,3/12/2025,Net Banking,Paid,7535.15
319715,219715,9/30/2025,UPI,Paid,1517.92
319716,219716,10/30/2024,UPI,Paid,1418.07
319717,219717,6/25/2023,UPI,Paid,3178.2
319718,219718,5/5/2025,UPI,Paid,5204.02
319719,219719,12/27/2025,Debit Card,Paid,1342.23
319720,219720,12/20/2024,UPI,Paid,1990.7
319721,219721,5/24/2025,Credit Card,Paid,15087.51
319722,219722,5/16/2025,Credit Card,Pending,3486.88
319723,219723,2/18/2025,Credit Card,Paid,12687.7
319724,219724,10/16/2025,Cash on Delivery,Paid,24913.3
319725,219725,7/6/2025,UPI,Paid,1393.06
319726,219726,4/28/2025,Debit Card,Paid,16387.53
319727,219727,7/3/2024,Credit Card,Paid,3296.53
319728,219728,9/22/2024,Debit Card,Paid,4276.6
319729,219729,1/12/2025,Cash on Delivery,Paid,8249.85
319730,219730,11/15/2024,Cash on Delivery,Paid,8734.7
319731,219731,12/6/2025,UPI,Paid,13366.2
319732,219732,7/16/2024,Net Banking,Paid,1355.35
319733,219733,6/28/2025,Cash on Delivery,Paid,6814.64
319734,219734,10/16/2024,Credit Card,Paid,714.29
319735,219735,4/30/2025,Credit Card,Paid,7121.9
319736,219736,4/1/2025,Credit Card,Paid,1686.61
319737,219737,8/3/2025,Wallet,Paid,8113.26
319738,219738,7/30/2024,Credit Card,Paid,21471.19
319739,219739,4/13/2025,UPI,Paid,3034.92
319740,219740,6/28/2025,UPI,Paid,4912.15
319741,219741,9/22/2025,Cash on Delivery,Paid,1273.07
319742,219742,5/18/2024,UPI,Paid,2869.6
319743,219743,9/11/2023,Debit Card,Paid,6347.15
319744,219744,5/6/2024,UPI,Paid,2213.36
319745,219745,5/30/2025,Cash on Delivery,Paid,2243.9
319746,219746,6/12/2024,UPI,Paid,5626.83
319747,219747,3/11/2025,Debit Card,Paid,7039.27
319748,219748,3/14/2024,UPI,Paid,11940.96
319749,219749,2/3/2025,Credit Card,Paid,465.65
319750,219750,8/6/2025,UPI,Paid,952.74
319751,219751,7/17/2025,Debit Card,Paid,32662.08
319752,219752,10/3/2025,Credit Card,Paid,1346.68
319753,219753,10/29/2024,Wallet,Paid,10483.61
319754,219754,3/12/2024,Cash on Delivery,Paid,13106.19
319755,219755,11/8/2025,Debit Card,Paid,2985.31
319756,219756,8/24/2024,Debit Card,Paid,1183.59
319757,219757,7/23/2024,Credit Card,Paid,4402.29
319758,219758,7/21/2024,Cash on Delivery,Paid,8521.15
319759,219759,6/19/2024,Credit Card,Paid,2571.8
319760,219760,11/21/2025,Debit Card,Paid,16155.64
319761,219761,7/11/2023,Net Banking,Paid,680.93
319762,219762,8/28/2025,Cash on Delivery,Paid,39480.01
319763,219763,12/6/2024,Debit Card,Paid,2945.46
319764,219764,12/28/2025,Credit Card,Paid,1367.63
319765,219765,9/7/2025,UPI,Paid,8500.28
319766,219766,10/9/2024,UPI,Paid,339.67
319767,219767,10/28/2025,Cash on Delivery,Paid,6354.51
319768,219768,12/30/2025,Credit Card,Paid,13982.46
319769,219769,3/22/2024,UPI,Paid,5437.64
319770,219770,1/10/2024,Wallet,Paid,2304.47
319771,219771,8/22/2025,Debit Card,Paid,902.17
319772,219772,12/19/2025,Wallet,Paid,6254.68
319773,219773,6/1/2024,Debit Card,Paid,1820.24
319774,219774,10/26/2025,Cash on Delivery,Paid,14600.9
319775,219775,2/12/2024,UPI,Paid,20222.31
319776,219776,10/23/2025,UPI,Paid,776.71
319777,219777,11/29/2025,Net Banking,Pending,7355.11
319778,219778,12/27/2025,Credit Card,Paid,13347.75
319779,219779,10/2/2025,UPI,Paid,7131.65
319780,219780,10/29/2024,Credit Card,Paid,5567.71
319781,219781,11/13/2024,UPI,Paid,1676.31
319782,219782,6/13/2024,Wallet,Paid,1583.19
319783,219783,12/14/2025,Credit Card,Paid,5026
319784,219784,4/5/2024,Credit Card,Paid,365.19
319785,219785,12/5/2025,Credit Card,Paid,5394.25
319786,219786,8/24/2025,Wallet,Paid,2116.48
319787,219787,8/30/2025,UPI,Pending,2807
319788,219788,4/1/2025,UPI,Paid,6081.38
319789,219789,6/8/2024,Debit Card,Paid,5003.44
319790,219790,3/14/2025,Cash on Delivery,Paid,100.7
319791,219791,5/31/2025,Debit Card,Paid,5040.64
319792,219792,4/5/2025,Cash on Delivery,Paid,2054.15
319793,219793,1/6/2025,Net Banking,Paid,2036.49
319794,219794,8/14/2025,Debit Card,Paid,20106.96
319795,219795,1/3/2024,UPI,Paid,3056.52
319796,219796,6/27/2025,UPI,Paid,733.59
319797,219797,10/21/2024,Credit Card,Paid,3010.25
319798,219798,11/17/2025,Credit Card,Paid,3915.82
319799,219799,11/18/2025,Debit Card,Paid,7628.38
319800,219800,11/12/2023,Cash on Delivery,Paid,8591.65
319801,219801,6/24/2024,Debit Card,Paid,2053.18
319802,219802,11/25/2025,Credit Card,Paid,14641.61
319803,219803,9/27/2025,Net Banking,Paid,4168.25
319804,219804,1/1/2025,UPI,Paid,1655.65
319805,219805,8/15/2024,UPI,Paid,3555.79
319806,219806,10/5/2025,UPI,Paid,5322.53
319807,219807,5/11/2024,UPI,Failed,4821.94
319808,219808,6/10/2025,Credit Card,Paid,7339.49
319809,219809,5/17/2025,UPI,Paid,4804.75
319810,219810,12/6/2025,Credit Card,Pending,1460.09
319811,219811,12/18/2025,Cash on Delivery,Paid,11246.37
319812,219812,4/18/2025,Net Banking,Paid,8511.85
319813,219813,9/20/2025,Debit Card,Paid,5371.97
319814,219814,3/4/2025,UPI,Paid,2034.38
319815,219815,5/10/2025,UPI,Paid,6244.44
319816,219816,12/13/2025,UPI,Paid,8698.98
319817,219817,10/19/2025,UPI,Paid,613.55
319818,219818,11/8/2025,UPI,Paid,6358.13
319819,219819,11/27/2024,Wallet,Paid,3165.15
319820,219820,8/12/2024,Cash on Delivery,Paid,4445.59
319821,219821,4/24/2024,UPI,Paid,7214.87
319822,219822,1/25/2025,Debit Card,Paid,3922.3
319823,219823,4/13/2024,Debit Card,Paid,10490.86
319824,219824,12/19/2023,Cash on Delivery,Paid,7611.44
319825,219825,10/13/2024,Credit Card,Paid,3577.56
319826,219826,12/16/2025,Cash on Delivery,Paid,3061.17
319827,219827,1/5/2024,UPI,Paid,14403.11
319828,219828,7/9/2024,Cash on Delivery,Paid,13839.1
319829,219829,10/7/2025,Cash on Delivery,Paid,6138.59
319830,219830,11/30/2025,UPI,Paid,7871.98
319831,219831,8/30/2025,UPI,Paid,5656.5
319832,219832,6/14/2024,UPI,Paid,16515.16
319833,219833,6/20/2024,Credit Card,Paid,1675.99
319834,219834,5/14/2025,UPI,Paid,2027.93
319835,219835,11/27/2025,UPI,Paid,5653.08
319836,219836,9/20/2024,Debit Card,Paid,8641.3
319837,219837,8/11/2025,Cash on Delivery,Paid,9947.96
319838,219838,10/17/2024,Cash on Delivery,Paid,6247.06
319839,219839,3/22/2024,Net Banking,Paid,3222.68
319840,219840,2/18/2025,UPI,Pending,275.31
319841,219841,1/23/2025,Cash on Delivery,Paid,6377.58
319842,219842,6/5/2025,UPI,Paid,12572.5
319843,219843,7/31/2025,Debit Card,Paid,3919.51
319844,219844,6/18/2025,Debit Card,Paid,608.57
319845,219845,11/23/2025,UPI,Paid,2960.33
319846,219846,2/28/2025,Credit Card,Paid,24181.17
319847,219847,2/26/2025,Cash on Delivery,Paid,9310.14
319848,219848,1/1/2024,Debit Card,Paid,13286.67
319849,219849,11/15/2023,Debit Card,Paid,264.81
319850,219850,6/15/2025,Wallet,Paid,4975.26
319851,219851,11/25/2025,Wallet,Paid,9386.3
319852,219852,10/26/2024,UPI,Paid,752.85
319853,219853,1/26/2025,Wallet,Paid,9855.46
319854,219854,6/10/2025,UPI,Paid,2089.81
319855,219855,12/31/2025,Credit Card,Paid,4318.97
319856,219856,10/29/2023,Debit Card,Paid,14734.41
319857,219857,6/18/2025,Net Banking,Paid,13954.99
319858,219858,5/26/2025,UPI,Pending,2034.9
319859,219859,9/22/2025,Cash on Delivery,Paid,3098.97
319860,219860,11/6/2024,Credit Card,Paid,7021
319861,219861,8/17/2025,Wallet,Paid,2389.21
319862,219862,11/26/2024,Credit Card,Pending,4548.32
319863,219863,11/17/2025,Debit Card,Paid,3196.8
319864,219864,6/7/2025,UPI,Paid,497.11
319865,219865,6/10/2025,UPI,Paid,7071.01
319866,219866,8/30/2025,Net Banking,Paid,7355.92
319867,219867,12/26/2025,UPI,Paid,4945.5
319868,219868,10/16/2024,UPI,Paid,4264.83
319869,219869,11/22/2025,Debit Card,Paid,3342.67
319870,219870,10/19/2024,Wallet,Paid,5704.27
319871,219871,3/10/2024,Credit Card,Pending,2177.7
319872,219872,8/9/2025,UPI,Paid,3146.62
319873,219873,7/7/2025,Net Banking,Paid,6129.91
319874,219874,9/30/2025,Credit Card,Paid,8757.9
319875,219875,11/10/2025,Credit Card,Paid,10708.4
319876,219876,11/25/2025,Credit Card,Paid,3530.88
319877,219877,12/27/2025,UPI,Paid,30274.94
319878,219878,12/25/2025,Credit Card,Paid,14517.44
319879,219879,2/15/2023,UPI,Paid,2421.91
319880,219880,11/28/2024,Credit Card,Paid,349.58
319881,219881,10/18/2025,UPI,Paid,3711.07
319882,219882,6/1/2025,Wallet,Paid,3083.96
319883,219883,12/18/2024,Debit Card,Paid,2812.77
319884,219884,5/3/2025,Credit Card,Paid,1870.49
319885,219885,9/15/2023,Credit Card,Paid,24087.49
319886,219886,12/29/2025,UPI,Paid,11356.19
319887,219887,7/25/2025,Debit Card,Paid,13720.97
319888,219888,9/24/2025,UPI,Paid,4523.11
319889,219889,1/26/2025,Net Banking,Failed,6629.49
319890,219890,3/16/2025,Credit Card,Paid,7364.27
319891,219891,12/18/2025,Net Banking,Paid,11779.97
319892,219892,7/29/2025,Net Banking,Paid,5361.14
319893,219893,6/13/2025,UPI,Paid,8915.35
319894,219894,11/16/2025,Debit Card,Paid,4363.94
319895,219895,10/7/2025,Debit Card,Paid,2358.71
319896,219896,6/25/2024,UPI,Paid,2271.09
319897,219897,7/29/2025,Net Banking,Paid,8655.69
319898,219898,10/31/2025,Net Banking,Failed,5842.84
319899,219899,3/21/2025,Credit Card,Paid,5660.99
319900,219900,7/20/2025,Credit Card,Paid,12722.98
319901,219901,3/1/2025,Debit Card,Paid,4361.44
319902,219902,7/2/2024,Debit Card,Paid,8290.48
319903,219903,6/22/2025,Credit Card,Paid,984.32
319904,219904,7/21/2025,UPI,Paid,11041.79
319905,219905,3/13/2025,Debit Card,Pending,9610.52
319906,219906,5/12/2025,UPI,Paid,5702.21
319907,219907,3/25/2025,UPI,Failed,772.85
319908,219908,11/27/2024,Cash on Delivery,Paid,575.85
319909,219909,6/22/2025,UPI,Paid,10021.43
319910,219910,6/2/2025,Cash on Delivery,Paid,7548.96
319911,219911,6/26/2025,Cash on Delivery,Paid,1187.57
319912,219912,7/3/2024,Credit Card,Paid,5839.21
319913,219913,5/22/2025,Debit Card,Paid,9984.1
319914,219914,7/2/2025,Cash on Delivery,Paid,7363.28
319915,219915,1/3/2025,UPI,Paid,7211.31
319916,219916,12/12/2024,Cash on Delivery,Paid,4087.55
319917,219917,7/26/2025,Debit Card,Paid,149.86
319918,219918,12/15/2025,Credit Card,Paid,3761.2
319919,219919,6/16/2023,Credit Card,Paid,3149.55
319920,219920,7/17/2025,Credit Card,Paid,6368.88
319921,219921,5/17/2025,Credit Card,Paid,2335.28
319922,219922,12/21/2025,Credit Card,Paid,7506.76
319923,219923,12/13/2025,UPI,Paid,586.82
319924,219924,11/24/2024,Wallet,Paid,3785.71
319925,219925,4/5/2025,Cash on Delivery,Paid,7498.55
319926,219926,3/25/2025,UPI,Paid,3129.6
319927,219927,9/26/2023,UPI,Failed,4376.84
319928,219928,11/30/2025,Credit Card,Failed,15230.81
319929,219929,12/16/2025,Net Banking,Paid,8295.71
319930,219930,1/16/2024,UPI,Paid,11112.12
319931,219931,10/11/2023,Debit Card,Paid,1666.9
319932,219932,6/26/2025,UPI,Paid,2805.1
319933,219933,3/31/2024,Cash on Delivery,Paid,23148
319934,219934,10/23/2025,UPI,Failed,4616.82
319935,219935,5/6/2025,UPI,Paid,934.65
319936,219936,11/25/2025,Cash on Delivery,Paid,4468.05
319937,219937,10/1/2025,UPI,Failed,8892.15
319938,219938,12/9/2025,Wallet,Paid,21043.05
319939,219939,4/15/2025,UPI,Paid,4776.54
319940,219940,1/9/2024,UPI,Paid,3284.91
319941,219941,6/11/2025,Debit Card,Paid,8799.09
319942,219942,4/18/2025,Credit Card,Paid,7124.68
319943,219943,1/25/2024,Debit Card,Paid,5798.8
319944,219944,4/12/2025,Credit Card,Paid,17428.82
319945,219945,11/3/2024,Cash on Delivery,Paid,1545.08
319946,219946,3/7/2025,Credit Card,Paid,6901.08
319947,219947,1/1/2025,Debit Card,Failed,10920.89
319948,219948,7/10/2024,Credit Card,Paid,9971.69
319949,219949,12/9/2025,UPI,Paid,3780.22
319950,219950,10/16/2025,Wallet,Paid,16787.63
319951,219951,5/30/2025,Wallet,Paid,11661.79
319952,219952,4/12/2024,Credit Card,Paid,12591.86
319953,219953,9/12/2025,Credit Card,Paid,5097.93
319954,219954,2/28/2025,Net Banking,Paid,649.69
319955,219955,4/25/2025,Cash on Delivery,Paid,5699.24
319956,219956,4/30/2025,UPI,Paid,9525.64
319957,219957,10/11/2025,UPI,Paid,5730.15
319958,219958,6/7/2023,Debit Card,Paid,6151.8
319959,219959,4/11/2024,Cash on Delivery,Paid,6010.16
319960,219960,8/21/2023,Cash on Delivery,Paid,1208.86
319961,219961,12/17/2025,Credit Card,Paid,4072.13
319962,219962,3/21/2024,UPI,Paid,901.33
319963,219963,10/19/2024,Debit Card,Paid,1230.22
319964,219964,11/10/2025,Debit Card,Paid,15423.33
319965,219965,8/20/2024,UPI,Paid,3367.92
319966,219966,5/25/2025,Debit Card,Failed,1341.3
319967,219967,10/3/2025,Cash on Delivery,Paid,1972.9
319968,219968,6/8/2025,Credit Card,Paid,8077.9
319969,219969,12/19/2024,Credit Card,Paid,4047.82
319970,219970,8/27/2025,Wallet,Paid,20780.6
319971,219971,11/24/2025,Wallet,Paid,8854.11
319972,219972,9/12/2025,Credit Card,Paid,36062.12
319973,219973,11/30/2025,UPI,Paid,9238.18
319974,219974,4/5/2025,Wallet,Paid,2486.62
319975,219975,5/27/2025,Net Banking,Paid,644.2
319976,219976,7/10/2023,Credit Card,Paid,3685.02
319977,219977,12/23/2024,Credit Card,Paid,3785.17
319978,219978,10/12/2025,UPI,Paid,386.57
319979,219979,7/21/2024,Wallet,Paid,99.14
319980,219980,2/13/2024,UPI,Paid,6420.48
319981,219981,3/11/2024,Net Banking,Paid,270.33
319982,219982,8/5/2025,Cash on Delivery,Paid,186.85
319983,219983,5/14/2025,Credit Card,Paid,1631.79
319984,219984,12/24/2025,Credit Card,Paid,8433.44
319985,219985,11/24/2025,Cash on Delivery,Paid,7726.51
319986,219986,6/12/2025,Credit Card,Paid,13012.53
319987,219987,1/17/2025,Credit Card,Paid,2113.99
319988,219988,12/25/2025,UPI,Paid,18817.54
319989,219989,7/25/2025,Debit Card,Paid,4929.44
319990,219990,5/26/2025,Debit Card,Paid,1873.75
319991,219991,6/28/2024,UPI,Paid,3439.43
319992,219992,12/11/2025,Credit Card,Paid,16054.61
319993,219993,10/2/2024,Net Banking,Paid,14931.16
319994,219994,6/4/2025,Credit Card,Failed,1944.26
319995,219995,3/3/2025,Wallet,Paid,2379.84
319996,219996,4/20/2025,Debit Card,Paid,2481.77
319997,219997,12/16/2025,Credit Card,Paid,3291.61
319998,219998,9/5/2025,Debit Card,Paid,2860.53
319999,219999,12/2/2025,Net Banking,Paid,16417.38
320000,220000,9/14/2025,Wallet,Paid,17884.12
