return_id,order_id,product_id,return_date,return_reason,refund_amount,return_status
1,215666,5211,3/8/2025,Late Delivery,2828.71,Approved
2,216559,5171,8/11/2024,Not as Expected,1212.27,Processed
3,211041,5167,6/23/2025,Poor Quality,2148.53,Processed
4,218569,5815,10/18/2025,Wrong Product,1120.47,Approved
5,206805,5038,7/5/2024,Wrong Product,1010.47,Rejected
6,218311,5387,9/19/2024,Poor Quality,2264.03,Rejected
7,216067,5874,9/16/2024,Not as Expected,351.4,Approved
8,217834,5891,3/28/2024,Damaged Product,806.8,Approved
9,219816,5689,1/3/2026,Not as Expected,335.47,Approved
10,200488,5066,9/2/2025,Changed Mind,406.94,Approved
11,200790,5702,12/23/2024,Not as Expected,732.72,Approved
12,215910,5298,2/7/2025,Not as Expected,9304.17,Approved
13,207585,5478,9/24/2025,Changed Mind,493.51,Processed
14,206246,5962,3/3/2025,Changed Mind,250.18,Processed
15,211034,5711,9/13/2025,Not as Expected,1008.75,Approved
16,218629,5035,11/29/2025,Changed Mind,454.54,Processed
17,203364,5514,11/5/2025,Not as Expected,8064.88,Processed
18,201498,5054,9/15/2025,Late Delivery,894.27,Approved
19,211761,5959,1/15/2026,Size Issue,989.22,Processed
20,202688,5397,12/15/2024,Size Issue,2832.12,Approved
21,209326,5424,1/6/2026,Not as Expected,6967.74,Approved
22,207084,5332,6/10/2024,Changed Mind,1375.72,Processed
23,213415,5013,7/4/2025,Size Issue,486.71,Approved
24,204013,5733,7/13/2025,Late Delivery,14965.34,Approved
25,201766,5793,7/25/2023,Size Issue,720.45,Approved
26,203254,5061,10/14/2025,Poor Quality,1719.5,Processed
27,212688,5679,2/19/2025,Size Issue,736.96,Approved
28,209634,5093,7/24/2025,Not as Expected,2966.27,Approved
29,215986,5702,11/13/2024,Not as Expected,1591.87,Approved
30,206317,5897,12/18/2025,Not as Expected,726.45,Approved
31,200457,5190,11/15/2025,Changed Mind,392.18,Approved
32,215779,5797,9/1/2025,Poor Quality,195.08,Approved
33,212027,5917,5/24/2023,Wrong Product,5182.78,Approved
34,215205,5394,1/16/2026,Not as Expected,523.09,Approved
35,217670,5091,12/14/2025,Not as Expected,1845.58,Approved
36,216336,5902,12/24/2025,Poor Quality,15037.61,Approved
37,207588,5916,10/23/2024,Changed Mind,3333.93,Rejected
38,207007,5164,11/23/2025,Damaged Product,443.56,Approved
39,209581,5880,10/30/2025,Size Issue,4128.86,Approved
40,213553,5655,11/16/2024,Poor Quality,934,Approved
41,206719,5002,9/12/2025,Poor Quality,2330.71,Approved
42,214825,5331,11/10/2024,Not as Expected,1022.99,Approved
43,209547,5272,10/6/2024,Poor Quality,1233.14,Rejected
44,214266,5253,8/22/2024,Not as Expected,415.51,Approved
45,218484,5683,9/8/2025,Not as Expected,764.05,Approved
46,210068,5032,7/20/2024,Not as Expected,1618.7,Processed
47,209402,5847,1/13/2026,Not as Expected,589.56,Approved
48,205968,5547,7/19/2025,Wrong Product,3007.9,Approved
49,210377,5769,12/25/2024,Changed Mind,1128.85,Approved
50,210035,5590,11/8/2025,Not as Expected,838.07,Approved
51,201218,5853,7/22/2023,Not as Expected,590.57,Approved
52,208296,5155,11/26/2025,Damaged Product,2142.63,Processed
53,216651,5669,9/2/2024,Size Issue,726,Approved
54,206393,5052,5/30/2025,Changed Mind,1590.1,Approved
55,218856,5995,10/26/2025,Not as Expected,3768.3,Approved
56,215510,5156,3/4/2025,Damaged Product,201.23,Approved
57,205802,5193,3/17/2024,Changed Mind,1093.77,Approved
58,209256,5335,2/7/2024,Not as Expected,7868.64,Approved
59,203355,5499,1/3/2025,Poor Quality,424.47,Approved
60,210471,5885,4/12/2025,Poor Quality,6719.91,Approved
61,209670,5904,4/22/2023,Size Issue,566.42,Processed
62,219536,5465,9/16/2025,Poor Quality,407.52,Approved
63,208422,5640,8/22/2025,Size Issue,934.53,Approved
64,206712,5234,1/6/2026,Size Issue,2101.13,Processed
65,208387,5130,9/15/2023,Not as Expected,568.97,Approved
66,217061,5269,7/16/2024,Damaged Product,728.87,Approved
67,204653,5994,11/29/2025,Not as Expected,20308.67,Approved
68,208636,5376,12/16/2025,Not as Expected,6043.7,Approved
69,204141,5960,9/14/2025,Not as Expected,2680.3,Approved
70,200896,5891,9/2/2025,Size Issue,813.16,Approved
71,204820,5996,5/4/2024,Size Issue,487.72,Approved
72,206760,5013,11/2/2025,Wrong Product,117.17,Approved
73,209699,5231,12/15/2023,Poor Quality,737.26,Approved
74,218713,5398,11/26/2025,Not as Expected,570.32,Approved
75,213801,5907,10/13/2023,Wrong Product,577.16,Approved
76,209360,5610,12/15/2025,Size Issue,1998.05,Approved
77,200313,5828,6/12/2024,Wrong Product,5445.43,Approved
78,203422,5148,9/21/2025,Changed Mind,715.68,Approved
79,200398,5977,6/8/2025,Not as Expected,3236.47,Approved
80,200945,5437,3/15/2025,Not as Expected,5390.2,Approved
81,203358,5610,5/5/2025,Changed Mind,965.36,Rejected
82,200627,5791,3/29/2025,Changed Mind,761.32,Processed
83,213932,5606,12/1/2025,Changed Mind,1807.61,Processed
84,204423,5563,7/5/2025,Wrong Product,4653.91,Processed
85,205561,5924,10/4/2024,Late Delivery,693.31,Processed
86,216882,5044,5/19/2025,Not as Expected,8401.12,Approved
87,207763,5272,11/25/2025,Not as Expected,5092.62,Approved
88,209964,5237,11/16/2025,Not as Expected,362.28,Approved
89,218473,5943,5/29/2025,Poor Quality,7032.48,Processed
90,203087,5689,4/6/2024,Poor Quality,378.32,Processed
91,204525,5292,1/7/2026,Not as Expected,850.17,Approved
92,204337,5764,9/24/2025,Late Delivery,1566.65,Approved
93,210932,5516,4/18/2025,Not as Expected,570.02,Approved
94,208115,5885,9/24/2025,Not as Expected,3309.52,Approved
95,202254,5797,8/6/2025,Poor Quality,273.37,Approved
96,209143,5727,6/17/2024,Not as Expected,304.23,Approved
97,201198,5829,2/15/2025,Wrong Product,443.09,Approved
98,207742,5369,8/11/2025,Wrong Product,422.06,Approved
99,217233,5847,11/29/2025,Changed Mind,556.62,Processed
100,213233,5664,12/30/2025,Size Issue,4471.75,Approved
101,217338,5656,6/16/2025,Poor Quality,2881.46,Approved
102,201393,5252,11/25/2025,Changed Mind,5557.31,Processed
103,209786,5316,5/29/2025,Damaged Product,719.06,Approved
104,216339,5753,6/19/2025,Late Delivery,1018.22,Approved
105,212850,5444,9/9/2025,Not as Expected,12889.51,Approved
106,215447,5773,5/19/2025,Not as Expected,5227.09,Approved
107,218434,5925,3/15/2025,Poor Quality,482.38,Approved
108,211609,5408,1/13/2026,Not as Expected,579.19,Approved
109,203431,5592,11/30/2024,Late Delivery,583.68,Approved
110,215250,5694,12/21/2024,Late Delivery,220.75,Approved
111,206931,5915,12/15/2025,Poor Quality,386.87,Processed
112,204619,5084,8/25/2025,Wrong Product,927.12,Approved
113,213380,5750,10/27/2025,Wrong Product,227.16,Approved
114,204571,5566,1/2/2026,Not as Expected,7947.01,Approved
115,209421,5762,3/22/2024,Not as Expected,365.44,Approved
116,208040,5354,8/26/2025,Poor Quality,7765.05,Approved
117,210983,5843,4/12/2025,Changed Mind,10098.18,Approved
118,212692,5797,4/17/2025,Size Issue,100.21,Processed
119,217612,5459,4/28/2025,Not as Expected,582.26,Approved
120,207445,5188,6/8/2024,Late Delivery,4736.77,Processed
121,207418,5355,10/8/2025,Not as Expected,2173.84,Approved
122,211026,5599,10/30/2025,Not as Expected,23277.8,Approved
123,215773,5855,7/21/2024,Changed Mind,205.82,Rejected
124,216664,5121,12/10/2025,Not as Expected,2050.74,Approved
125,216160,5102,6/15/2025,Not as Expected,361.87,Approved
126,201474,5660,12/23/2025,Late Delivery,3953.4,Approved
127,215767,5832,6/14/2025,Wrong Product,885.99,Approved
128,218320,5160,5/3/2025,Wrong Product,2973.59,Approved
129,206999,5335,10/3/2025,Not as Expected,3809.52,Approved
130,210723,5518,6/10/2025,Wrong Product,2336.15,Approved
131,209900,5954,8/25/2024,Not as Expected,1494.8,Approved
132,204186,5103,10/21/2025,Late Delivery,6162.4,Processed
133,203250,5710,2/28/2025,Late Delivery,250.23,Approved
134,217322,5882,8/10/2024,Size Issue,2361.49,Processed
135,206158,5671,12/24/2025,Damaged Product,1953.31,Processed
136,219201,5091,10/25/2025,Not as Expected,1648.45,Processed
137,208547,5885,6/14/2025,Not as Expected,1547.4,Approved
138,214923,5237,5/11/2025,Not as Expected,343.12,Processed
139,201334,5774,11/28/2024,Size Issue,961.44,Processed
140,208354,5438,2/1/2025,Not as Expected,633.95,Approved
141,217490,5821,10/7/2025,Not as Expected,397.46,Approved
142,213075,5915,1/18/2026,Size Issue,399.98,Approved
143,214938,5041,1/9/2026,Not as Expected,16810.26,Processed
144,216548,5910,7/31/2025,Changed Mind,285.05,Approved
145,218427,5878,7/23/2025,Wrong Product,1635.55,Approved
146,208007,5399,3/4/2025,Damaged Product,370.34,Processed
147,214898,5913,7/11/2025,Changed Mind,253.53,Rejected
148,214679,5924,9/25/2024,Not as Expected,640.53,Approved
149,205783,5630,10/12/2023,Not as Expected,759.19,Approved
150,212979,5181,5/24/2025,Damaged Product,1347.2,Approved
151,210323,5004,6/28/2025,Changed Mind,7085.2,Approved
152,202912,5671,12/10/2025,Not as Expected,5809.93,Approved
153,206761,5590,4/2/2025,Not as Expected,877.54,Approved
154,200420,5149,11/29/2025,Size Issue,1338.34,Processed
155,205210,5814,1/8/2026,Poor Quality,837.72,Approved
156,217105,5681,2/26/2024,Size Issue,2059.18,Approved
157,218129,5376,5/26/2025,Size Issue,2100.61,Approved
158,208875,5885,9/1/2025,Poor Quality,1643.18,Processed
159,204258,5519,12/22/2023,Wrong Product,101.82,Processed
160,216862,5174,12/21/2023,Size Issue,921.29,Approved
161,208504,5662,8/23/2024,Damaged Product,2378.53,Rejected
162,203428,5658,8/11/2025,Not as Expected,2282.42,Approved
163,200702,5672,1/17/2026,Late Delivery,4034.59,Processed
164,216848,5456,1/8/2025,Late Delivery,22792.26,Rejected
165,212184,5998,10/22/2025,Damaged Product,20601.54,Approved
166,218443,5843,1/29/2025,Size Issue,8924.57,Approved
167,207460,5599,11/15/2025,Poor Quality,4827.37,Approved
168,213702,5206,7/29/2025,Not as Expected,8811.48,Approved
169,205527,5857,5/29/2025,Poor Quality,11613.07,Rejected
170,217302,5895,4/11/2024,Late Delivery,458.72,Approved
171,203378,5567,11/3/2025,Changed Mind,535.15,Processed
172,218408,5011,9/29/2024,Size Issue,4577.8,Approved
173,203892,5083,11/30/2024,Not as Expected,1495.49,Approved
174,214087,5088,10/16/2023,Changed Mind,3470.07,Approved
175,218348,5824,11/30/2025,Changed Mind,3837.25,Approved
176,217101,5722,12/12/2025,Not as Expected,279.07,Approved
177,202331,5176,12/31/2024,Poor Quality,786.67,Approved
178,218887,5350,10/11/2025,Poor Quality,6057.95,Approved
179,217627,5568,3/11/2025,Not as Expected,1709.14,Approved
180,214278,5264,4/13/2025,Not as Expected,481.11,Approved
181,215103,5917,4/13/2025,Late Delivery,2520.57,Processed
182,218539,5832,8/2/2025,Size Issue,2728.73,Approved
183,209208,5739,10/22/2025,Poor Quality,283.85,Processed
184,212859,5910,7/12/2024,Not as Expected,786.94,Approved
185,206560,5494,7/19/2025,Size Issue,1833.44,Approved
186,204093,5908,1/4/2026,Size Issue,472.24,Approved
187,212629,5711,12/29/2025,Late Delivery,1992.78,Processed
188,205246,5840,12/24/2025,Damaged Product,1756.57,Approved
189,201057,5874,8/28/2024,Wrong Product,167.14,Processed
190,216294,5831,11/20/2025,Poor Quality,299.43,Approved
191,203377,5979,9/26/2025,Not as Expected,1053.18,Approved
192,215419,5268,11/24/2024,Not as Expected,3502.61,Processed
193,206394,5693,1/18/2025,Not as Expected,456.68,Approved
194,201838,5743,2/6/2025,Not as Expected,481.85,Approved
195,210766,5398,5/4/2025,Poor Quality,587.17,Approved
196,218594,5509,11/6/2025,Wrong Product,565.91,Processed
197,218333,5002,8/28/2025,Not as Expected,2511.73,Approved
198,201151,5200,8/24/2025,Not as Expected,1075.05,Approved
199,204017,5720,12/4/2025,Not as Expected,254.5,Approved
200,209734,5063,1/26/2024,Changed Mind,942.15,Approved
201,215370,5865,3/23/2024,Not as Expected,676.32,Approved
202,215516,5937,6/22/2025,Not as Expected,2334.08,Approved
203,212251,5686,7/28/2024,Not as Expected,2338.4,Processed
204,208439,5664,7/3/2024,Changed Mind,8774.37,Processed
205,218246,5054,10/14/2025,Not as Expected,1701.32,Approved
206,215580,5652,8/29/2025,Late Delivery,1251.78,Approved
207,217237,5683,8/23/2025,Not as Expected,731.39,Approved
208,215860,5579,5/26/2024,Changed Mind,540.36,Processed
209,211074,5662,10/25/2025,Damaged Product,5950.76,Processed
210,205378,5574,5/24/2024,Poor Quality,198.01,Approved
211,210220,5392,1/4/2026,Not as Expected,8508.76,Approved
212,210301,5548,4/21/2025,Damaged Product,11476.77,Approved
213,213430,5270,5/23/2025,Changed Mind,3345.75,Approved
214,200991,5112,6/28/2025,Changed Mind,1545.01,Rejected
215,200290,5463,3/8/2025,Poor Quality,1060.15,Approved
216,218965,5313,8/12/2024,Wrong Product,365.08,Processed
217,214360,5049,5/23/2025,Size Issue,2019.03,Approved
218,205886,5423,5/5/2025,Damaged Product,3166.66,Processed
219,207132,5695,10/8/2025,Not as Expected,3790.65,Approved
220,218391,5741,12/12/2025,Changed Mind,6773.61,Approved
221,219754,5603,3/28/2024,Wrong Product,861.95,Approved
222,208471,5392,1/19/2024,Size Issue,2146.74,Approved
223,213457,5823,11/10/2025,Changed Mind,8579.25,Approved
224,208717,5559,1/5/2026,Not as Expected,1100.53,Approved
225,206226,5017,7/2/2025,Damaged Product,1781.42,Approved
226,214169,5425,7/18/2025,Size Issue,1644.12,Approved
227,201761,5904,1/19/2024,Size Issue,567.65,Approved
228,201943,5548,1/27/2025,Not as Expected,3525.87,Approved
229,215587,5815,8/14/2024,Poor Quality,586.67,Approved
230,208102,5132,3/12/2025,Changed Mind,464.11,Processed
231,204627,5793,3/22/2024,Wrong Product,451.85,Approved
232,217430,5149,11/22/2025,Late Delivery,1282.84,Approved
233,202469,5486,8/14/2025,Changed Mind,738.73,Approved
234,201155,5717,4/18/2025,Size Issue,997.82,Approved
235,204816,5685,4/28/2025,Poor Quality,781.07,Processed
236,218732,5889,7/17/2025,Late Delivery,649.15,Approved
237,203375,5578,11/14/2024,Not as Expected,1835.13,Processed
238,208228,5080,6/6/2025,Changed Mind,15428.7,Approved
239,202898,5863,12/24/2025,Not as Expected,158.21,Approved
240,210174,5505,12/19/2025,Size Issue,1684.11,Approved
241,204974,5662,9/26/2023,Late Delivery,1174.87,Approved
242,215070,5064,9/3/2025,Size Issue,1048.83,Approved
243,215354,5501,11/23/2025,Changed Mind,1049.39,Processed
244,219584,5629,12/23/2025,Poor Quality,734.21,Approved
245,202448,5400,6/13/2025,Changed Mind,571.5,Approved
246,204626,5077,12/3/2024,Late Delivery,5866.61,Approved
247,203596,5010,5/24/2025,Not as Expected,2294.63,Rejected
248,207579,5174,9/17/2024,Not as Expected,896.4,Approved
249,211049,5846,1/12/2026,Late Delivery,7412.09,Approved
250,217817,5553,1/16/2026,Damaged Product,7343.79,Approved
251,211179,5865,7/25/2025,Not as Expected,924.31,Approved
252,210524,5187,1/14/2026,Not as Expected,2187.08,Approved
253,213596,5260,5/23/2025,Not as Expected,498.71,Processed
254,205763,5186,8/25/2025,Not as Expected,6229.71,Approved
255,204780,5182,11/7/2025,Size Issue,991.88,Processed
256,218244,5907,5/27/2025,Changed Mind,579.03,Approved
257,206073,5514,10/12/2024,Not as Expected,14286.38,Processed
258,206592,5989,3/4/2025,Not as Expected,3857.44,Approved
259,211742,5516,4/3/2025,Damaged Product,309.28,Approved
260,207027,5023,12/11/2025,Wrong Product,7365.01,Rejected
261,200362,5730,10/19/2025,Changed Mind,167.63,Approved
262,210594,5753,7/11/2025,Poor Quality,3935.55,Processed
263,206638,5857,12/27/2024,Damaged Product,3568.87,Approved
264,200437,5660,2/17/2025,Not as Expected,1782.28,Processed
265,203956,5724,5/26/2025,Late Delivery,465.26,Approved
266,202752,5913,12/15/2025,Damaged Product,499.77,Approved
267,204632,5562,7/28/2025,Size Issue,744.16,Approved
268,204121,5702,11/1/2024,Changed Mind,760.61,Approved
269,205807,5153,1/4/2025,Not as Expected,752.43,Approved
270,210803,5045,1/10/2026,Damaged Product,1248.99,Approved
271,216406,5340,6/11/2025,Not as Expected,2809.09,Approved
272,201617,5588,3/1/2024,Not as Expected,7412.33,Approved
273,209540,5562,12/17/2025,Late Delivery,658.32,Approved
274,215586,5272,12/21/2025,Not as Expected,2343.1,Approved
275,202061,5303,4/3/2025,Not as Expected,467.86,Approved
276,212432,5523,5/7/2024,Not as Expected,374.24,Processed
277,209772,5792,1/30/2025,Size Issue,925.6,Approved
278,204367,5846,12/27/2025,Size Issue,7404.85,Approved
279,213751,5797,5/30/2024,Size Issue,88.35,Processed
280,202322,5988,8/1/2025,Not as Expected,1267.75,Approved
281,206784,5200,3/18/2023,Not as Expected,1074.75,Approved
282,217038,5401,10/20/2024,Not as Expected,1824.41,Approved
283,214093,5599,10/2/2025,Wrong Product,4569.08,Approved
284,216974,5937,11/14/2025,Late Delivery,2489.49,Approved
285,208438,5911,4/13/2023,Changed Mind,3145.08,Approved
286,213506,5625,11/22/2025,Not as Expected,555.52,Approved
287,218846,5711,7/15/2025,Late Delivery,5149.73,Processed
288,218554,5699,10/22/2025,Not as Expected,1754.58,Approved
289,212899,5981,10/21/2025,Damaged Product,3668.69,Processed
290,208538,5069,5/12/2025,Changed Mind,3806.41,Approved
291,206180,5245,11/6/2025,Late Delivery,7815.89,Processed
292,207918,5768,10/11/2025,Poor Quality,641.48,Approved
293,211204,5387,9/29/2025,Size Issue,632.76,Processed
294,200844,5628,6/9/2024,Changed Mind,8865.19,Approved
295,219409,5022,12/22/2025,Not as Expected,540.77,Approved
296,213249,5078,4/22/2024,Wrong Product,578.66,Approved
297,208033,5266,1/22/2026,Not as Expected,2312.17,Approved
298,206740,5070,11/29/2025,Size Issue,23973.97,Processed
299,211428,5668,4/29/2024,Wrong Product,1442.01,Processed
300,200570,5556,11/10/2025,Not as Expected,4331.9,Rejected
301,206305,5990,7/27/2025,Size Issue,2420.89,Approved
302,211435,5082,7/27/2024,Size Issue,316.48,Approved
303,218771,5056,7/9/2025,Size Issue,333.75,Approved
304,202286,5500,11/17/2025,Not as Expected,4014.89,Approved
305,206775,5672,10/29/2025,Poor Quality,4014.73,Rejected
306,201598,5450,11/2/2024,Poor Quality,1319.02,Approved
307,214440,5900,12/2/2025,Size Issue,12589.2,Approved
308,212824,5991,1/16/2026,Late Delivery,948.72,Approved
309,203340,5711,12/22/2025,Wrong Product,3557.82,Approved
310,219290,5650,11/15/2025,Changed Mind,3877.12,Approved
311,217271,5630,12/30/2025,Not as Expected,723.63,Approved
312,203106,5720,7/19/2023,Size Issue,800.67,Processed
313,209264,5795,12/6/2025,Wrong Product,734.15,Approved
314,218000,5558,7/28/2024,Not as Expected,659.9,Processed
315,216183,5216,6/18/2025,Poor Quality,341.36,Approved
316,219378,5088,2/22/2025,Poor Quality,9600.85,Approved
317,211879,5652,10/2/2024,Size Issue,2778.41,Approved
318,210630,5673,4/8/2024,Late Delivery,936.26,Approved
319,215200,5804,6/8/2024,Not as Expected,1584.22,Approved
320,206997,5693,3/1/2024,Changed Mind,399.79,Processed
321,205253,5686,11/15/2023,Late Delivery,2023.93,Approved
322,200917,5187,12/18/2025,Late Delivery,1847.95,Approved
323,206844,5190,8/27/2025,Not as Expected,420.43,Approved
324,201987,5291,11/5/2025,Size Issue,455.88,Rejected
325,219987,5585,1/21/2025,Changed Mind,1114.67,Processed
326,211983,5430,9/16/2025,Not as Expected,805.88,Processed
327,205483,5752,8/6/2025,Late Delivery,1102.84,Approved
328,202126,5569,7/13/2025,Poor Quality,6562.45,Rejected
329,201851,5738,1/6/2025,Not as Expected,458.13,Approved
330,213036,5796,10/24/2024,Wrong Product,1714.34,Processed
331,218997,5800,3/3/2025,Not as Expected,3734.02,Approved
332,201894,5817,11/19/2025,Late Delivery,3448.94,Approved
333,217181,5780,12/30/2025,Poor Quality,1991.06,Approved
334,200751,5993,4/27/2025,Poor Quality,180.33,Approved
335,208902,5983,9/16/2025,Poor Quality,1772.59,Approved
336,218126,5646,1/6/2025,Not as Expected,400.57,Approved
337,213046,5502,3/18/2025,Poor Quality,1032.54,Approved
338,213520,5286,2/13/2025,Size Issue,380.3,Approved
339,217869,5229,9/24/2025,Damaged Product,703.16,Processed
340,208248,5850,8/27/2024,Not as Expected,2167.74,Approved
341,208506,5582,5/28/2023,Late Delivery,990.52,Processed
342,216322,5706,5/18/2025,Wrong Product,505.64,Approved
343,206772,5804,1/11/2024,Damaged Product,1457.51,Processed
344,215389,5321,12/7/2023,Not as Expected,5983.25,Approved
345,205585,5996,8/5/2025,Late Delivery,1319.44,Processed
346,205908,5575,3/17/2023,Size Issue,2357.91,Approved
347,213382,5906,9/23/2025,Late Delivery,281.58,Approved
348,219119,5384,12/22/2023,Wrong Product,557.65,Approved
349,212921,5450,6/5/2025,Late Delivery,420.22,Processed
350,212681,5786,1/13/2026,Late Delivery,353.7,Processed
351,202653,5108,11/7/2024,Not as Expected,171.89,Processed
352,203563,5282,12/27/2024,Poor Quality,468.16,Rejected
353,203368,5372,7/15/2024,Not as Expected,7586.27,Approved
354,207236,5289,8/30/2025,Damaged Product,3119.5,Rejected
355,203838,5914,4/21/2025,Damaged Product,8058.98,Approved
356,214631,5193,11/5/2025,Late Delivery,398.81,Processed
357,210905,5658,3/13/2025,Changed Mind,2269.33,Approved
358,210948,5269,9/16/2024,Not as Expected,682.85,Processed
359,214913,5987,8/23/2025,Not as Expected,274.54,Approved
360,205035,5820,1/12/2026,Not as Expected,2267.85,Approved
361,202551,5357,11/16/2025,Late Delivery,1671.38,Approved
362,219016,5569,7/5/2025,Poor Quality,7161.2,Approved
363,202931,5677,12/14/2025,Not as Expected,6224.93,Approved
364,211180,5667,5/5/2025,Poor Quality,871.91,Approved
365,209372,5306,3/18/2025,Wrong Product,2367.1,Approved
366,204560,5645,10/7/2025,Not as Expected,86.3,Approved
367,202476,5943,11/27/2025,Not as Expected,1765.79,Approved
368,217633,5850,9/2/2025,Late Delivery,549.02,Approved
369,208755,5808,10/1/2025,Size Issue,1156.86,Approved
370,208936,5726,1/14/2026,Not as Expected,355.53,Approved
371,204146,5243,2/28/2025,Changed Mind,5624.79,Processed
372,207914,5511,8/15/2025,Wrong Product,195.19,Approved
373,211083,5172,10/17/2025,Late Delivery,2421.92,Approved
374,216206,5763,12/2/2025,Not as Expected,3333.81,Approved
375,211662,5480,1/19/2024,Late Delivery,1075.77,Approved
376,211851,5516,10/25/2025,Late Delivery,304.72,Approved
377,202413,5435,2/5/2025,Poor Quality,550.06,Approved
378,217010,5981,9/6/2025,Damaged Product,3871.19,Approved
379,208869,5002,8/16/2025,Poor Quality,2292.43,Rejected
380,216121,5665,9/29/2025,Not as Expected,815.39,Approved
381,206121,5968,9/14/2024,Late Delivery,2548.87,Approved
382,204635,5923,12/17/2024,Not as Expected,631.47,Approved
383,211243,5676,1/8/2026,Changed Mind,127.34,Approved
384,200853,5882,9/28/2025,Size Issue,4863.67,Processed
385,212382,5129,9/20/2025,Wrong Product,4793.33,Approved
386,211492,5386,7/27/2025,Changed Mind,1478.62,Processed
387,200016,5135,1/14/2025,Late Delivery,1122.85,Approved
388,210255,5918,10/31/2024,Not as Expected,2414.85,Approved
389,202986,5253,2/8/2024,Size Issue,237.9,Approved
390,219507,5258,11/13/2023,Changed Mind,2155.62,Approved
391,202054,5013,11/6/2025,Changed Mind,125.32,Approved
392,202636,5265,9/1/2025,Changed Mind,1412.27,Approved
393,213947,5186,2/9/2024,Not as Expected,6367.76,Approved
394,201564,5011,11/16/2025,Late Delivery,4527.12,Approved
395,219983,5572,5/17/2025,Wrong Product,1328.63,Approved
396,211842,5057,6/17/2025,Size Issue,963.8,Approved
397,216680,5882,4/2/2024,Late Delivery,2581.81,Processed
398,208452,5864,11/6/2024,Changed Mind,1235.57,Approved
399,210866,5507,1/2/2026,Not as Expected,3018.24,Approved
400,210543,5631,12/6/2025,Late Delivery,4688.17,Approved
401,219474,5065,11/28/2025,Wrong Product,1557.4,Approved
402,209997,5648,1/22/2026,Late Delivery,551.58,Approved
403,206437,5750,11/16/2025,Damaged Product,482.79,Approved
404,212779,5311,4/30/2025,Wrong Product,642.32,Approved
405,214350,5117,6/4/2024,Poor Quality,3653.04,Approved
406,217269,5881,1/10/2026,Damaged Product,609.19,Approved
407,210789,5052,8/1/2025,Late Delivery,4970.92,Approved
408,217619,5350,1/19/2026,Not as Expected,6070.45,Approved
409,206897,5246,4/20/2024,Not as Expected,1192.08,Approved
410,216238,5778,4/25/2025,Not as Expected,718.72,Approved
411,202627,5467,12/3/2025,Wrong Product,2890.06,Approved
412,208840,5435,3/31/2023,Late Delivery,1629.98,Approved
413,215267,5638,7/18/2024,Not as Expected,7859.76,Approved
414,219100,5917,1/4/2026,Not as Expected,2583.02,Approved
415,217344,5066,4/8/2025,Not as Expected,431.14,Approved
416,210350,5261,11/18/2025,Wrong Product,916.07,Approved
417,208858,5386,1/10/2025,Wrong Product,520.83,Approved
418,206572,5596,11/21/2024,Wrong Product,313,Approved
419,214569,5699,4/14/2024,Not as Expected,951.27,Approved
420,213975,5401,1/3/2026,Poor Quality,4205.78,Approved
421,203009,5727,10/29/2025,Not as Expected,303.36,Approved
422,214985,5510,9/17/2025,Poor Quality,821.19,Approved
423,219164,5217,12/14/2025,Not as Expected,2062.87,Processed
424,202715,5878,2/13/2025,Late Delivery,520.67,Processed
425,214122,5985,11/15/2025,Not as Expected,5866.3,Approved
426,205074,5518,5/4/2024,Not as Expected,1100.45,Approved
427,208160,5663,6/18/2024,Not as Expected,1585.32,Approved
428,207036,5114,7/23/2025,Poor Quality,357.53,Processed
429,216827,5168,1/10/2025,Not as Expected,2181.67,Approved
430,218100,5410,11/23/2023,Wrong Product,1600.38,Approved
431,218816,5811,3/8/2025,Not as Expected,3199.03,Approved
432,200305,5789,9/24/2025,Changed Mind,1555.1,Processed
433,215640,5430,12/30/2025,Size Issue,289.39,Approved
434,214108,5851,12/28/2025,Not as Expected,306.49,Approved
435,216245,5779,11/7/2025,Late Delivery,1861.99,Approved
436,204787,5390,11/22/2025,Not as Expected,1940.25,Processed
437,213009,5689,4/26/2025,Late Delivery,343.1,Approved
438,214157,5454,1/3/2024,Not as Expected,6626.42,Rejected
439,213077,5002,12/1/2025,Damaged Product,2330.38,Processed
440,219764,5844,1/5/2026,Not as Expected,1062.13,Approved
441,200486,5010,5/15/2025,Poor Quality,817.87,Rejected
442,216765,5052,10/5/2024,Late Delivery,3180.62,Approved
443,208510,5177,11/29/2025,Not as Expected,79.98,Rejected
444,209408,5346,9/16/2025,Not as Expected,4637.4,Approved
445,210876,5250,6/6/2025,Not as Expected,2340.46,Processed
446,215170,5660,12/28/2025,Not as Expected,3925.4,Approved
447,217081,5768,8/27/2025,Not as Expected,597.23,Approved
448,207488,5388,9/29/2025,Not as Expected,602.36,Approved
449,215604,5981,10/15/2025,Size Issue,3579.02,Approved
450,208872,5333,4/1/2024,Late Delivery,1466.9,Approved
451,211823,5859,1/8/2026,Changed Mind,820.13,Approved
452,216112,5764,10/20/2024,Late Delivery,4260.6,Rejected
453,205666,5839,12/9/2025,Poor Quality,933.29,Approved
454,212350,5601,2/15/2025,Changed Mind,660.05,Approved
455,204654,5558,9/13/2025,Size Issue,1331.75,Approved
456,216966,5516,1/11/2026,Damaged Product,556.01,Approved
457,219240,5298,8/22/2024,Not as Expected,8692.99,Rejected
458,212610,5379,12/11/2025,Changed Mind,2620.27,Approved
459,215506,5114,12/20/2023,Changed Mind,362.63,Approved
460,219307,5091,4/17/2025,Changed Mind,3556.65,Approved
461,203410,5301,8/20/2025,Late Delivery,1894.19,Approved
462,214950,5544,8/22/2024,Changed Mind,5284.98,Approved
463,214411,5866,11/1/2025,Damaged Product,1670.36,Approved
464,202425,5479,2/19/2025,Poor Quality,1960.02,Approved
465,210101,5764,7/31/2025,Size Issue,1635.96,Approved
466,211638,5333,8/19/2024,Not as Expected,715.94,Approved
467,217955,5647,8/8/2025,Not as Expected,8575.94,Processed
468,215810,5662,7/29/2025,Late Delivery,1093.68,Approved
469,211534,5298,9/5/2025,Damaged Product,4133.98,Processed
470,208478,5576,5/28/2025,Not as Expected,4927.47,Approved
471,216229,5435,2/13/2024,Poor Quality,1133.37,Processed
472,201329,5719,11/30/2024,Not as Expected,1332.62,Approved
473,217047,5495,11/25/2024,Late Delivery,1483.04,Approved
474,205437,5165,12/18/2023,Not as Expected,975.07,Processed
475,200268,5763,2/28/2025,Not as Expected,3255.83,Approved
476,209655,5248,5/10/2025,Wrong Product,329.31,Processed
477,208522,5620,12/22/2025,Damaged Product,8117.56,Approved
478,215414,5980,9/25/2025,Not as Expected,631.16,Approved
479,204521,5061,10/1/2025,Damaged Product,2668.47,Approved
480,217040,5944,1/4/2026,Not as Expected,259.64,Approved
481,211508,5866,9/20/2024,Not as Expected,5161.74,Approved
482,217416,5282,3/14/2025,Poor Quality,494.29,Approved
483,201313,5201,12/10/2025,Changed Mind,1132.44,Approved
484,207423,5011,7/6/2025,Late Delivery,4506.52,Processed
485,217136,5044,12/14/2025,Not as Expected,9184.44,Approved
486,210953,5251,6/18/2025,Not as Expected,794.69,Approved
487,206233,5587,2/20/2025,Size Issue,1483.21,Approved
488,208461,5876,1/22/2025,Poor Quality,1066.04,Approved
489,219077,5432,4/30/2025,Changed Mind,708.88,Approved
490,207320,5764,11/3/2025,Changed Mind,3143.22,Approved
491,200668,5539,7/5/2023,Not as Expected,505.18,Approved
492,203218,5307,1/6/2025,Late Delivery,148.04,Approved
493,200432,5756,9/17/2024,Size Issue,1042.68,Approved
494,217347,5176,9/19/2025,Changed Mind,824.24,Processed
495,203232,5145,1/22/2025,Late Delivery,19887.41,Approved
496,218743,5357,11/11/2025,Not as Expected,880.36,Approved
497,206829,5426,2/15/2025,Size Issue,4236.95,Approved
498,205337,5087,1/26/2025,Not as Expected,2428.8,Approved
499,208374,5283,12/13/2025,Poor Quality,3337.2,Approved
500,204994,5074,2/2/2025,Damaged Product,2327.72,Processed
501,200331,5537,3/27/2024,Not as Expected,662.02,Processed
502,216089,5222,10/25/2024,Not as Expected,5159.98,Rejected
503,217723,5391,11/21/2025,Size Issue,2528.85,Approved
504,207029,5198,3/5/2025,Damaged Product,2552.86,Processed
505,204057,5594,8/24/2025,Wrong Product,104.26,Approved
506,206044,5685,12/9/2024,Not as Expected,394.6,Approved
507,204703,5850,4/2/2025,Poor Quality,581.72,Approved
508,217859,5084,1/5/2024,Late Delivery,834.52,Approved
509,203404,5675,10/13/2025,Not as Expected,7908.12,Approved
510,219640,5017,12/28/2025,Poor Quality,4545.55,Processed
511,211654,5732,4/3/2025,Late Delivery,506.59,Approved
512,208380,5123,9/29/2023,Not as Expected,316.64,Processed
513,218377,5130,7/30/2025,Not as Expected,567.77,Processed
514,208821,5061,10/13/2025,Not as Expected,834.63,Approved
515,209404,5306,11/2/2025,Damaged Product,4417.04,Processed
516,207799,5083,12/14/2025,Wrong Product,780.52,Approved
517,200238,5671,11/2/2025,Size Issue,3634.04,Approved
518,201550,5729,12/11/2025,Damaged Product,931.13,Processed
519,216613,5201,9/11/2023,Size Issue,1165.58,Rejected
520,213206,5385,8/13/2024,Not as Expected,7903.97,Rejected
521,200687,5056,11/18/2025,Poor Quality,1047.42,Approved
522,207774,5750,11/22/2025,Poor Quality,478.5,Approved
523,216995,5865,5/11/2024,Poor Quality,652.66,Approved
524,210343,5099,7/31/2025,Poor Quality,1243.94,Approved
525,214009,5507,10/12/2025,Late Delivery,12396.6,Approved
526,212675,5582,11/23/2025,Not as Expected,1116.95,Approved
527,215534,5906,6/23/2025,Not as Expected,125.24,Approved
528,216786,5133,8/8/2025,Wrong Product,481.1,Approved
529,200100,5671,1/5/2026,Changed Mind,1776.58,Processed
530,210640,5122,12/24/2025,Not as Expected,8794.09,Approved
531,204821,5035,11/14/2025,Not as Expected,2327.91,Processed
532,205464,5270,5/25/2025,Late Delivery,2130.1,Approved
533,203655,5064,2/22/2025,Size Issue,2112.27,Approved
534,210651,5477,1/6/2024,Size Issue,1446.67,Approved
535,213025,5876,2/17/2024,Damaged Product,1050.18,Approved
536,205864,5726,11/30/2025,Poor Quality,181.99,Approved
537,206474,5845,3/3/2025,Changed Mind,1114.27,Approved
538,202330,5577,1/4/2025,Size Issue,4398.03,Approved
539,216537,5950,10/16/2025,Not as Expected,320.47,Approved
540,207403,5021,8/4/2025,Damaged Product,1777.4,Approved
541,207374,5308,11/26/2025,Not as Expected,3104.16,Approved
542,207680,5718,7/2/2024,Not as Expected,461.31,Approved
543,200571,5919,12/12/2025,Size Issue,1993.59,Processed
544,206060,5499,10/31/2025,Damaged Product,391.7,Approved
545,209161,5570,12/27/2025,Wrong Product,3132.16,Processed
546,214121,5478,11/13/2025,Wrong Product,1750.95,Approved
547,210622,5109,7/11/2024,Damaged Product,647.99,Rejected
548,210037,5475,7/18/2024,Damaged Product,7507.02,Approved
549,209150,5183,11/1/2025,Late Delivery,655.04,Approved
550,212877,5608,11/9/2025,Size Issue,2291,Processed
551,219299,5399,9/26/2025,Late Delivery,342.83,Rejected
552,216991,5859,12/3/2025,Wrong Product,834.82,Approved
553,203903,5777,11/5/2023,Size Issue,4786.12,Approved
554,213081,5499,11/14/2024,Changed Mind,413.37,Approved
555,206933,5750,10/14/2025,Not as Expected,259.29,Approved
556,204215,5902,9/4/2025,Poor Quality,8549.38,Approved
557,206992,5390,1/1/2026,Changed Mind,449.63,Approved
558,203716,5165,9/2/2025,Size Issue,1930.47,Approved
559,216532,5697,11/24/2025,Changed Mind,1824.75,Approved
560,203524,5356,11/25/2025,Changed Mind,1392.91,Approved
561,213499,5599,4/11/2025,Changed Mind,8763.56,Approved
562,216545,5121,1/10/2026,Poor Quality,1981.21,Approved
563,206145,5312,11/27/2025,Late Delivery,4805.6,Approved
564,213092,5122,12/23/2024,Wrong Product,8751,Processed
565,209252,5027,12/11/2025,Not as Expected,7272.74,Approved
566,207929,5764,8/7/2024,Poor Quality,3153.41,Approved
567,200670,5975,12/6/2025,Not as Expected,3612.16,Approved
568,217546,5794,11/16/2024,Poor Quality,254.82,Processed
569,216481,5002,9/30/2025,Not as Expected,4850.52,Approved
570,207707,5053,12/8/2024,Wrong Product,772.13,Approved
571,219756,5255,8/28/2024,Not as Expected,510.32,Approved
572,200988,5220,2/6/2025,Not as Expected,3868.86,Approved
573,206135,5512,3/15/2025,Changed Mind,3310.47,Approved
574,215461,5883,1/19/2026,Late Delivery,15194.04,Processed
575,212264,5121,12/7/2025,Size Issue,1827.2,Processed
576,204136,5643,6/26/2025,Changed Mind,11261.96,Approved
577,218693,5183,2/3/2025,Poor Quality,730.92,Approved
578,212365,5911,11/5/2023,Late Delivery,10098.34,Approved
579,203715,5806,1/31/2025,Not as Expected,4319.17,Rejected
580,218017,5985,2/8/2025,Size Issue,3678.09,Approved
581,214618,5711,3/25/2025,Poor Quality,1174.9,Approved
582,201248,5112,7/17/2025,Not as Expected,1459.54,Approved
583,217992,5548,1/5/2025,Not as Expected,3675.28,Approved
584,215930,5623,10/10/2024,Late Delivery,1214.6,Approved
585,217009,5315,4/18/2024,Not as Expected,936.03,Approved
586,209113,5796,8/11/2024,Not as Expected,1633.93,Processed
587,217291,5816,7/23/2024,Not as Expected,23118.52,Approved
588,201311,5693,7/19/2025,Not as Expected,461.79,Approved
589,212968,5194,1/17/2026,Damaged Product,1082.19,Approved
590,206982,5193,8/16/2024,Size Issue,364.87,Approved
591,205300,5056,7/24/2024,Changed Mind,1722.4,Approved
592,210639,5028,6/29/2025,Changed Mind,2208.73,Approved
593,211347,5992,7/26/2025,Not as Expected,2638.23,Approved
594,208825,5305,1/24/2025,Size Issue,293.9,Processed
595,211718,5118,1/10/2026,Poor Quality,946.09,Approved
596,210840,5645,1/22/2026,Not as Expected,176.92,Approved
597,218678,5668,10/7/2025,Damaged Product,437.43,Approved
598,204679,5492,12/17/2025,Changed Mind,1769.4,Approved
599,208086,5463,5/20/2024,Not as Expected,2145.36,Approved
600,205059,5970,6/8/2025,Late Delivery,2638.15,Approved
601,209904,5640,11/24/2025,Changed Mind,293.66,Processed
602,210346,5668,10/27/2025,Late Delivery,443.07,Approved
603,205177,5763,10/23/2025,Not as Expected,3241.48,Approved
604,202863,5089,11/15/2024,Not as Expected,2898.45,Approved
605,211558,5774,1/29/2026,Not as Expected,549.49,Processed
606,211079,5930,5/12/2025,Poor Quality,150.09,Approved
607,219789,5227,6/23/2024,Not as Expected,3209.66,Processed
608,214268,5877,7/13/2024,Poor Quality,829.14,Approved
609,209829,5754,1/6/2026,Not as Expected,1178.41,Approved
610,211895,5116,4/16/2023,Not as Expected,305.52,Approved
611,219701,5493,12/9/2025,Not as Expected,340.53,Approved
612,213173,5426,9/28/2024,Size Issue,4947.75,Approved
613,214839,5601,2/22/2024,Wrong Product,655.76,Approved
614,202727,5952,12/9/2025,Damaged Product,1944.85,Approved
615,219704,5519,10/10/2025,Not as Expected,401.7,Approved
616,209494,5938,10/22/2024,Late Delivery,955.7,Approved
617,208972,5675,6/20/2025,Not as Expected,4114.36,Approved
618,215680,5189,11/20/2025,Not as Expected,1325.44,Approved
619,206530,5453,3/18/2025,Not as Expected,797.87,Processed
620,206119,5854,8/21/2025,Size Issue,226.69,Approved
621,214721,5358,8/22/2025,Changed Mind,16212.67,Approved
622,204979,5457,2/25/2025,Not as Expected,255.45,Approved
623,216408,5654,10/28/2025,Not as Expected,4474.85,Approved
624,210070,5275,10/4/2025,Size Issue,20880.36,Approved
625,215165,5420,3/11/2025,Not as Expected,2609.25,Rejected
626,208533,5331,1/10/2026,Late Delivery,1064.06,Processed
627,201587,5694,11/24/2025,Changed Mind,215.94,Approved
628,214136,5786,6/22/2025,Late Delivery,389.92,Approved
629,216723,5151,5/4/2025,Not as Expected,2471.31,Rejected
630,207882,5640,7/25/2025,Poor Quality,926.11,Approved
631,202270,5863,12/29/2024,Not as Expected,147.31,Approved
632,200519,5258,12/9/2024,Size Issue,2493.01,Approved
633,217855,5759,12/31/2024,Size Issue,942.14,Approved
634,211886,5902,11/1/2025,Late Delivery,7432.13,Approved
635,209133,5163,4/15/2024,Size Issue,3425.33,Processed
636,206733,5902,11/25/2025,Poor Quality,8233.13,Approved
637,218815,5905,7/3/2024,Changed Mind,115.9,Approved
638,216063,5435,6/5/2025,Late Delivery,1023.71,Processed
639,202813,5733,6/8/2025,Not as Expected,15949.05,Rejected
640,218239,5177,10/13/2025,Changed Mind,74.35,Rejected
641,209757,5470,5/27/2025,Poor Quality,456.42,Processed
642,212884,5191,1/9/2026,Damaged Product,255.81,Approved
643,213229,5563,8/4/2024,Not as Expected,7563.31,Processed
644,205389,5693,11/29/2024,Late Delivery,445.16,Approved
645,213389,5852,10/22/2025,Wrong Product,2917.79,Approved
646,217765,5588,8/9/2024,Wrong Product,4571.07,Processed
647,209826,5497,1/3/2026,Size Issue,2060.56,Rejected
648,205112,5611,1/29/2025,Size Issue,138.72,Processed
649,202512,5495,12/31/2025,Changed Mind,2911.76,Approved
650,214795,5419,12/14/2023,Size Issue,262.98,Approved
651,205148,5736,11/24/2023,Changed Mind,378.96,Approved
652,202888,5323,12/31/2025,Size Issue,823.07,Processed
653,203411,5845,1/29/2025,Late Delivery,1188.35,Approved
654,207131,5959,4/10/2024,Changed Mind,1010.56,Approved
655,200469,5514,4/23/2025,Not as Expected,11991.65,Approved
656,200657,5711,11/5/2025,Size Issue,2336.66,Approved
657,207934,5971,12/8/2024,Size Issue,1436.61,Approved
658,208772,5964,10/23/2025,Not as Expected,511.31,Approved
659,213911,5622,5/6/2025,Changed Mind,274.66,Processed
660,203621,5885,8/20/2025,Not as Expected,1594.37,Processed
661,214139,5430,1/11/2024,Wrong Product,292.31,Approved
662,202291,5762,7/18/2025,Not as Expected,380.7,Processed
663,219334,5549,1/2/2026,Wrong Product,339.44,Approved
664,214752,5906,12/28/2025,Size Issue,139.23,Approved
665,208523,5337,7/15/2025,Not as Expected,816.06,Approved
666,214024,5755,10/25/2025,Not as Expected,538.49,Approved
667,216999,5828,10/7/2025,Changed Mind,2722.82,Processed
668,205042,5435,5/24/2023,Damaged Product,603.03,Approved
669,213386,5585,5/28/2025,Not as Expected,1089.93,Approved
670,200053,5740,3/19/2025,Size Issue,2268.05,Approved
671,213545,5686,10/4/2025,Changed Mind,1065.42,Approved
672,215632,5989,8/26/2025,Damaged Product,8952.29,Processed
673,210643,5080,9/20/2025,Not as Expected,7272.61,Approved
674,216071,5897,9/1/2025,Not as Expected,1731.91,Approved
675,210751,5905,6/3/2025,Damaged Product,116.64,Approved
676,207928,5674,4/2/2024,Poor Quality,616.77,Processed
677,200353,5032,9/29/2024,Size Issue,1802.7,Approved
678,217847,5091,12/18/2025,Not as Expected,1871.93,Approved
679,203318,5337,12/9/2024,Changed Mind,890.37,Approved
680,211809,5242,1/24/2026,Not as Expected,2982.16,Approved
681,219781,5945,11/18/2024,Not as Expected,1676.31,Processed
682,210860,5763,10/31/2025,Size Issue,3161.93,Approved
683,219783,5594,1/9/2026,Not as Expected,110.93,Processed
684,217497,5312,3/15/2025,Poor Quality,4821.37,Approved
685,202514,5297,12/13/2025,Size Issue,877.74,Rejected
686,208992,5696,12/14/2024,Changed Mind,2025.41,Rejected
687,212776,5828,9/12/2025,Wrong Product,2574.93,Approved
688,200189,5756,1/19/2024,Not as Expected,1028.03,Approved
689,215900,5559,6/15/2025,Not as Expected,1954.64,Approved
690,210484,5337,4/19/2025,Wrong Product,2481.7,Approved
691,215125,5104,6/9/2025,Poor Quality,1252.79,Processed
692,216881,5714,12/8/2025,Changed Mind,974.84,Processed
693,218226,5392,11/9/2024,Late Delivery,4682.03,Processed
694,208725,5865,4/7/2024,Changed Mind,327.35,Approved
695,208866,5552,6/30/2024,Not as Expected,1361.41,Processed
696,204568,5550,11/2/2025,Not as Expected,930.9,Approved
697,213102,5945,6/8/2025,Late Delivery,1565.51,Approved
698,209697,5659,10/4/2025,Wrong Product,372.54,Approved
699,206147,5460,9/13/2025,Late Delivery,365.23,Processed
700,211738,5696,5/18/2025,Poor Quality,2034.82,Approved
701,213070,5812,5/14/2025,Late Delivery,418.76,Approved
702,219689,5149,6/12/2024,Size Issue,893.74,Approved
703,211955,5382,9/26/2024,Changed Mind,383.4,Approved
704,217971,5653,11/29/2024,Late Delivery,1036.3,Approved
705,218978,5094,8/11/2025,Not as Expected,2806.92,Approved
706,211108,5202,4/12/2023,Wrong Product,2204.1,Approved
707,209991,5035,1/21/2025,Poor Quality,511.98,Approved
708,201648,5094,9/17/2024,Wrong Product,11348.27,Approved
709,203035,5124,12/2/2025,Not as Expected,1068.4,Approved
710,217784,5867,12/31/2025,Not as Expected,613.39,Processed
711,208753,5202,1/4/2024,Late Delivery,1434.3,Approved
712,207102,5222,4/4/2025,Changed Mind,10397.92,Approved
713,215244,5765,3/22/2024,Not as Expected,6312.27,Approved
714,205774,5743,9/25/2025,Late Delivery,472.7,Approved
715,215727,5675,2/15/2025,Wrong Product,7924.99,Approved
716,210234,5608,11/11/2025,Not as Expected,1221.48,Approved
717,219836,5852,10/5/2024,Not as Expected,1580.98,Approved
718,219641,5923,4/12/2024,Poor Quality,389.16,Approved
719,201641,5671,8/17/2024,Changed Mind,2010.34,Approved
720,213612,5205,2/6/2024,Changed Mind,1577.33,Approved
721,206910,5976,2/3/2025,Late Delivery,688.98,Rejected
722,207097,5640,12/23/2025,Late Delivery,286.84,Processed
723,207634,5145,12/20/2025,Not as Expected,14206.66,Processed
724,211519,5703,9/14/2023,Not as Expected,1758.55,Approved
725,204361,5118,1/7/2025,Changed Mind,1839.53,Approved
726,203754,5656,5/17/2025,Not as Expected,5835.24,Processed
727,212739,5931,8/27/2025,Damaged Product,3628.03,Approved
728,215209,5558,6/8/2025,Changed Mind,661.19,Approved
729,211044,5046,12/29/2024,Late Delivery,5644.37,Processed
730,217529,5901,11/11/2025,Not as Expected,141.12,Processed
731,205020,5091,11/21/2024,Wrong Product,1829.95,Approved
732,200987,5152,11/11/2023,Not as Expected,1654.22,Approved
733,204150,5030,3/24/2025,Not as Expected,198.1,Approved
734,209392,5115,3/20/2025,Damaged Product,4318.62,Processed
735,203171,5768,9/8/2025,Not as Expected,1294.36,Approved
736,200761,5659,12/12/2025,Not as Expected,1129.81,Approved
737,217393,5590,6/10/2024,Poor Quality,840.36,Approved
738,209033,5645,11/22/2024,Poor Quality,360.34,Approved
739,211610,5322,8/14/2024,Late Delivery,549.83,Approved
740,201631,5313,7/10/2025,Not as Expected,340.52,Processed
741,203884,5885,12/8/2025,Late Delivery,8635.62,Approved
742,217157,5259,8/14/2025,Changed Mind,221.17,Approved
743,211907,5416,2/15/2025,Poor Quality,936.18,Approved
744,203491,5140,11/14/2024,Changed Mind,1990.59,Approved
745,209458,5648,6/27/2025,Not as Expected,1389.32,Approved
746,212962,5263,4/3/2025,Not as Expected,641.78,Approved
747,202285,5276,10/11/2025,Not as Expected,251.17,Approved
748,219975,5128,5/30/2025,Late Delivery,70.99,Processed
749,205326,5035,12/15/2025,Not as Expected,923.69,Processed
750,217408,5534,8/13/2024,Not as Expected,209.99,Approved
751,204535,5381,10/5/2025,Not as Expected,1825.12,Approved
752,213725,5534,3/17/2025,Damaged Product,422.05,Approved
753,215947,5309,8/18/2025,Size Issue,3568.96,Processed
754,207700,5831,6/29/2025,Size Issue,305.34,Approved
755,209571,5942,8/31/2025,Size Issue,1085.36,Approved
756,210016,5518,10/22/2024,Not as Expected,2018.62,Processed
757,216704,5965,10/9/2025,Not as Expected,2048.2,Approved
758,217208,5336,7/22/2025,Late Delivery,464.83,Approved
759,202297,5086,12/29/2025,Not as Expected,10714.47,Approved
760,212726,5237,2/25/2025,Size Issue,351.91,Approved
761,214728,5786,7/23/2025,Not as Expected,356.58,Processed
762,211525,5624,1/2/2026,Not as Expected,3963.1,Processed
763,210453,5991,3/5/2025,Changed Mind,861.58,Processed
764,207969,5265,8/3/2025,Late Delivery,438.62,Processed
765,219428,5435,4/1/2025,Changed Mind,1099.17,Approved
766,217611,5553,6/30/2025,Poor Quality,3609.52,Approved
767,208769,5838,8/20/2025,Wrong Product,580.9,Approved
768,208965,5135,10/1/2024,Wrong Product,1172.76,Approved
769,211848,5635,12/17/2023,Not as Expected,1104.73,Approved
770,210404,5491,7/16/2024,Size Issue,8836.86,Processed
771,208045,5738,2/24/2024,Poor Quality,891.85,Approved
772,212831,5503,11/29/2024,Poor Quality,692.46,Rejected
773,205004,5608,11/3/2025,Changed Mind,2262.93,Approved
774,208610,5655,8/7/2025,Size Issue,341.23,Processed
775,219177,5707,3/24/2025,Changed Mind,9949.7,Processed
776,219711,5938,10/17/2025,Size Issue,1800.02,Approved
777,209713,5533,11/14/2024,Not as Expected,84.47,Rejected
778,211148,5315,8/3/2025,Not as Expected,424.02,Approved
779,208843,5819,5/4/2025,Damaged Product,1132.98,Approved
780,205821,5880,5/26/2025,Poor Quality,7927.57,Approved
781,214329,5406,6/3/2025,Not as Expected,144.63,Approved
782,200138,5168,4/13/2025,Changed Mind,473.24,Approved
783,200454,5534,11/26/2024,Changed Mind,211.39,Processed
784,210770,5537,1/13/2024,Changed Mind,1455.88,Approved
785,200592,5291,3/9/2025,Not as Expected,435.9,Rejected
786,206938,5970,10/3/2025,Not as Expected,3000.23,Approved
787,201149,5907,10/26/2025,Damaged Product,584.51,Approved
788,209258,5004,10/18/2025,Not as Expected,7757,Approved
789,204485,5074,10/18/2023,Not as Expected,4447.82,Approved
790,217753,5266,10/1/2025,Late Delivery,2299.47,Approved
791,208714,5052,7/20/2024,Changed Mind,1570.14,Approved
792,211796,5441,10/7/2025,Changed Mind,321.26,Approved
793,213178,5347,9/12/2025,Size Issue,1811.8,Processed
794,211714,5188,5/2/2025,Size Issue,21452.03,Processed
795,215362,5241,11/17/2023,Wrong Product,563.68,Processed
796,208999,5192,7/23/2025,Not as Expected,1197.94,Processed
797,204492,5838,2/21/2024,Late Delivery,141.8,Processed
798,208328,5558,8/7/2025,Not as Expected,3522.38,Approved
799,210238,5840,11/30/2023,Not as Expected,1721.55,Rejected
800,217740,5048,11/16/2024,Wrong Product,506.01,Approved
801,208733,5801,9/11/2025,Damaged Product,1163.18,Approved
802,209712,5572,10/13/2025,Not as Expected,2406.72,Approved
803,209876,5041,9/5/2025,Not as Expected,6247.52,Approved
804,210365,5591,6/23/2025,Late Delivery,1324.06,Processed
805,203002,5964,7/18/2024,Wrong Product,1383.75,Approved
806,201636,5194,9/3/2024,Size Issue,2365.12,Processed
807,216215,5859,1/24/2025,Size Issue,1595.87,Approved
808,215603,5279,7/21/2025,Size Issue,371.72,Approved
809,214053,5971,12/29/2025,Size Issue,1425.78,Approved
810,213030,5510,10/31/2023,Damaged Product,827.21,Approved
811,203581,5991,5/21/2025,Wrong Product,877.78,Approved
812,217615,5837,1/12/2024,Not as Expected,7796.58,Approved
813,212902,5232,12/18/2025,Not as Expected,175.77,Approved
814,204363,5679,6/29/2024,Poor Quality,749.88,Approved
815,215259,5978,4/26/2025,Not as Expected,1071.79,Approved
816,219322,5035,6/5/2025,Changed Mind,471.65,Processed
817,217911,5918,3/10/2025,Not as Expected,4822.89,Approved
818,216567,5922,10/20/2025,Wrong Product,1487.47,Rejected
819,213128,5016,2/12/2025,Size Issue,379.34,Approved
820,217071,5643,10/13/2025,Changed Mind,16880.08,Rejected
821,200720,5463,10/12/2025,Size Issue,971.46,Processed
822,200052,5424,5/4/2025,Size Issue,26380.82,Approved
823,204566,5956,1/6/2025,Wrong Product,8175.02,Approved
824,213518,5780,2/27/2025,Changed Mind,4622.68,Approved
825,218858,5951,6/15/2025,Poor Quality,2043.79,Processed
826,201116,5761,12/16/2024,Changed Mind,2534.17,Approved
827,202592,5334,11/1/2025,Not as Expected,584.94,Approved
828,206862,5603,12/26/2025,Poor Quality,916.18,Processed
829,202599,5532,8/22/2025,Late Delivery,1262.06,Processed
830,217488,5494,1/7/2026,Changed Mind,3456.57,Approved
831,214967,5577,5/7/2025,Poor Quality,1445,Approved
832,214319,5646,10/18/2025,Not as Expected,386.89,Approved
833,211996,5430,12/3/2024,Late Delivery,287.32,Approved
834,205162,5302,12/11/2025,Size Issue,1013.37,Approved
835,210004,5077,11/6/2024,Not as Expected,30601.12,Approved
836,217013,5116,10/13/2025,Late Delivery,277.69,Approved
837,201178,5692,6/10/2025,Damaged Product,7153.13,Approved
838,219165,5879,1/25/2025,Changed Mind,1933.82,Approved
839,212532,5976,8/15/2025,Damaged Product,617.12,Approved
840,218690,5799,12/26/2024,Size Issue,2847.08,Approved
841,209438,5080,12/16/2024,Size Issue,22260.05,Rejected
842,205349,5754,9/26/2025,Poor Quality,2153.95,Processed
843,207303,5153,9/30/2024,Not as Expected,764.26,Processed
844,204762,5213,2/20/2024,Poor Quality,6204.04,Approved
845,200692,5959,5/28/2024,Not as Expected,1751.48,Processed
846,210533,5122,12/17/2025,Size Issue,13319.82,Approved
847,216083,5671,1/31/2025,Changed Mind,6018.01,Approved
848,202354,5435,7/12/2025,Size Issue,606.69,Approved
849,215932,5111,4/21/2025,Poor Quality,512.37,Processed
850,210278,5924,3/12/2025,Late Delivery,1921.2,Approved
851,215891,5559,11/20/2024,Not as Expected,1022.96,Processed
852,212984,5994,10/27/2023,Changed Mind,8533.46,Approved
853,212394,5782,3/29/2025,Not as Expected,3752.86,Approved
854,212387,5797,10/22/2024,Late Delivery,96.96,Approved
855,209266,5254,1/27/2025,Poor Quality,618.88,Approved
856,207451,5577,6/24/2024,Size Issue,3154.38,Processed
857,204410,5146,11/23/2025,Poor Quality,10159.94,Approved
858,217768,5943,11/21/2025,Changed Mind,3716.22,Approved
859,219899,5876,3/28/2025,Late Delivery,3211.3,Approved
860,219650,5888,9/21/2025,Not as Expected,2095.53,Approved
861,213766,5950,11/15/2025,Not as Expected,215.58,Approved
862,211299,5796,4/26/2025,Damaged Product,1855.26,Processed
863,206629,5450,1/5/2026,Not as Expected,411.36,Approved
864,207945,5929,7/22/2025,Not as Expected,848.88,Processed
865,207820,5381,5/28/2025,Not as Expected,3647.13,Approved
866,201630,5298,11/9/2025,Size Issue,13356.06,Approved
867,213123,5306,6/27/2024,Damaged Product,2373.82,Approved
868,208930,5891,9/9/2024,Poor Quality,1639.94,Processed
869,204646,5165,10/19/2025,Poor Quality,1000.46,Processed
870,203747,5858,9/27/2023,Damaged Product,1113.82,Approved
871,216710,5333,9/3/2025,Damaged Product,2076.16,Processed
872,214574,5079,10/17/2025,Wrong Product,1901.95,Processed
873,218984,5217,1/5/2026,Poor Quality,1947.72,Processed
874,219313,5919,12/11/2025,Not as Expected,4032.73,Approved
875,208122,5323,8/3/2025,Changed Mind,2349.51,Rejected
876,208659,5386,1/17/2024,Size Issue,924.46,Approved
877,207981,5735,6/24/2025,Wrong Product,1466.52,Approved
878,205305,5413,12/28/2025,Not as Expected,225.75,Processed
879,215014,5584,5/26/2025,Size Issue,953.94,Approved
880,214957,5718,9/4/2025,Not as Expected,862.94,Processed
881,214515,5307,11/19/2025,Not as Expected,155.48,Approved
882,214960,5133,10/3/2025,Late Delivery,253.6,Approved
883,200786,5950,2/24/2025,Poor Quality,543.65,Approved
884,201277,5704,6/22/2024,Not as Expected,6538.04,Approved
885,203000,5385,6/22/2025,Not as Expected,3677.88,Rejected
886,202267,5778,12/31/2025,Late Delivery,349.2,Approved
887,212710,5744,5/15/2024,Not as Expected,7523.1,Approved
888,204853,5017,6/15/2025,Size Issue,1745.35,Approved
889,219090,5560,3/4/2025,Not as Expected,254.62,Approved
890,215016,5421,11/8/2024,Changed Mind,10280,Approved
891,213255,5679,1/2/2026,Poor Quality,832.13,Processed
892,202340,5919,10/27/2025,Not as Expected,2199.37,Approved
893,217698,5915,9/29/2025,Changed Mind,371.64,Processed
894,206543,5515,3/26/2024,Not as Expected,871.16,Processed
895,211007,5667,11/3/2025,Wrong Product,951.46,Approved
896,215442,5663,11/22/2023,Not as Expected,3193.68,Processed
897,214943,5534,7/22/2025,Not as Expected,215.88,Processed
898,208415,5756,12/19/2025,Changed Mind,940.33,Approved
899,216605,5355,10/14/2025,Wrong Product,4262.3,Processed
900,208070,5378,3/17/2025,Not as Expected,3441.5,Processed
901,200099,5599,7/18/2025,Not as Expected,9525.82,Approved
902,213279,5182,5/14/2025,Damaged Product,999.89,Processed
903,207777,5994,11/12/2025,Not as Expected,12417.06,Rejected
904,201912,5807,5/30/2025,Changed Mind,3579.9,Approved
905,209948,5149,5/25/2025,Size Issue,2250.26,Approved
906,214082,5704,11/15/2025,Poor Quality,7356.55,Processed
907,202473,5228,9/25/2025,Not as Expected,244.75,Approved
908,205402,5891,6/2/2025,Changed Mind,1588.44,Processed
909,206759,5346,12/16/2025,Wrong Product,4823.71,Approved
910,210922,5533,6/30/2023,Late Delivery,247.98,Processed
911,205956,5198,8/6/2023,Size Issue,2643.35,Approved
912,211278,5994,7/24/2025,Size Issue,7720.33,Approved
913,208744,5351,3/29/2024,Wrong Product,348.28,Processed
914,201969,5237,8/10/2025,Not as Expected,677.65,Approved
915,210056,5222,12/31/2025,Not as Expected,5142.36,Approved
916,200963,5153,6/24/2025,Damaged Product,750.25,Approved
917,213126,5239,7/18/2024,Changed Mind,192.29,Processed
918,202573,5124,5/10/2024,Not as Expected,511.35,Processed
919,204648,5081,1/5/2026,Damaged Product,761.83,Approved
920,200919,5271,1/12/2025,Poor Quality,7158.45,Approved
921,209075,5186,8/4/2025,Not as Expected,6257.06,Processed
922,215807,5686,10/9/2025,Poor Quality,2211.04,Approved
923,216585,5539,1/15/2026,Not as Expected,1028.55,Processed
924,212341,5727,4/20/2025,Damaged Product,934.9,Processed
925,206116,5203,5/14/2025,Late Delivery,12928.38,Approved
926,216142,5136,5/1/2025,Poor Quality,4680.84,Rejected
927,215010,5487,10/23/2024,Changed Mind,2134.34,Processed
928,208213,5333,1/29/2025,Poor Quality,1425.7,Approved
929,210793,5297,8/15/2025,Late Delivery,798.93,Approved
930,218180,5324,11/14/2025,Changed Mind,2379.09,Rejected
931,214788,5534,12/21/2024,Not as Expected,452.63,Processed
932,211050,5202,8/30/2025,Size Issue,709.48,Approved
933,206510,5145,8/4/2023,Not as Expected,12944.96,Processed
934,200696,5257,8/12/2025,Not as Expected,7014.48,Approved
935,211752,5735,11/2/2025,Wrong Product,1441.59,Approved
936,204006,5106,9/2/2025,Changed Mind,3944.41,Approved
937,216930,5250,6/30/2025,Not as Expected,2338.1,Approved
938,208184,5694,2/17/2024,Not as Expected,200.28,Approved
939,209771,5286,1/21/2024,Wrong Product,192.26,Approved
940,217244,5959,1/4/2026,Not as Expected,980.29,Approved
941,206924,5876,11/28/2024,Not as Expected,1020.12,Approved
942,209600,5658,8/11/2025,Late Delivery,2381.72,Approved
943,204819,5708,10/12/2023,Not as Expected,1135.08,Approved
944,211412,5594,7/12/2025,Size Issue,114.21,Processed
945,215952,5281,2/9/2024,Not as Expected,11509.05,Processed
946,216524,5237,1/9/2025,Size Issue,1062.94,Approved
947,207635,5792,11/29/2024,Size Issue,4538.44,Processed
948,217272,5660,12/7/2024,Not as Expected,3924.35,Rejected
949,202642,5184,11/25/2024,Not as Expected,4034.81,Approved
950,207315,5629,7/23/2025,Not as Expected,756.3,Approved
951,214622,5955,9/13/2025,Not as Expected,598.39,Approved
952,213548,5356,12/29/2025,Changed Mind,1346.33,Approved
953,217429,5675,10/27/2025,Late Delivery,15350.75,Approved
954,215505,5662,10/11/2025,Changed Mind,1138.51,Approved
955,201035,5088,12/20/2024,Poor Quality,3349.95,Approved
956,202552,5675,9/13/2024,Not as Expected,18675.88,Approved
957,211926,5786,6/17/2025,Wrong Product,1090.46,Approved
958,200436,5882,9/29/2025,Size Issue,7643.4,Approved
959,208031,5424,1/8/2024,Not as Expected,6747.86,Approved
960,200447,5101,3/24/2024,Wrong Product,82.96,Approved
961,210811,5786,10/21/2025,Changed Mind,751.91,Approved
962,209268,5468,2/15/2025,Size Issue,660.67,Processed
963,217471,5565,11/12/2025,Not as Expected,544.88,Approved
964,205025,5386,9/30/2024,Late Delivery,1432.75,Approved
965,209929,5064,2/12/2025,Size Issue,4378.09,Approved
966,219160,5155,8/3/2025,Not as Expected,1069.22,Approved
967,211219,5885,3/21/2024,Not as Expected,8105.33,Approved
968,200643,5503,12/5/2025,Size Issue,657.32,Approved
969,217690,5848,11/20/2024,Damaged Product,23637.36,Approved
970,215363,5913,10/29/2025,Not as Expected,263.17,Approved
971,218964,5242,5/21/2025,Changed Mind,743.98,Approved
972,214904,5662,4/10/2024,Late Delivery,1084.09,Rejected
973,217547,5085,12/5/2025,Size Issue,1229.16,Processed
974,206547,5171,5/29/2025,Late Delivery,1201.54,Approved
975,202353,5437,4/6/2024,Late Delivery,3709.01,Approved
976,217628,5056,9/18/2025,Late Delivery,703.39,Processed
977,219003,5814,8/17/2025,Changed Mind,843.02,Approved
978,209216,5557,9/3/2025,Not as Expected,704.81,Rejected
979,216159,5831,10/22/2025,Not as Expected,327.52,Approved
980,211127,5227,12/3/2025,Not as Expected,2800.52,Processed
981,216902,5379,12/10/2025,Damaged Product,2500.03,Approved
982,218605,5831,4/5/2024,Late Delivery,648.32,Approved
983,219255,5519,7/1/2023,Wrong Product,305.36,Approved
984,212546,5130,8/26/2024,Changed Mind,545.74,Approved
985,202708,5714,12/21/2025,Late Delivery,999.35,Approved
986,215080,5640,7/5/2024,Poor Quality,306.14,Approved
987,203010,5650,12/2/2025,Changed Mind,1296.45,Approved
988,201481,5390,5/14/2025,Poor Quality,425.77,Approved
989,211097,5392,4/11/2025,Late Delivery,2399.49,Approved
990,215213,5673,5/31/2025,Size Issue,985.43,Approved
991,219627,5619,4/20/2025,Wrong Product,919.75,Approved
992,203174,5141,9/21/2025,Late Delivery,779.58,Approved
993,218719,5773,11/8/2025,Changed Mind,7432.24,Approved
994,202736,5369,8/2/2025,Poor Quality,449.24,Approved
995,203453,5306,12/15/2024,Size Issue,4924.21,Approved
996,210412,5331,8/18/2025,Poor Quality,2086.99,Approved
997,201344,5223,3/6/2025,Poor Quality,992.9,Rejected
998,216088,5453,7/23/2025,Damaged Product,2606.25,Approved
999,205946,5991,12/5/2025,Not as Expected,927.8,Approved
1000,212925,5906,6/17/2025,Not as Expected,138.06,Approved
1001,208661,5687,7/19/2023,Size Issue,3429.57,Approved
1002,217449,5974,3/23/2025,Poor Quality,3184.97,Approved
1003,202178,5923,12/26/2025,Wrong Product,201.11,Approved
1004,213059,5339,7/29/2024,Not as Expected,1186.77,Processed
1005,217033,5287,11/29/2025,Not as Expected,1557.27,Processed
1006,207520,5186,7/3/2024,Not as Expected,5973.17,Processed
1007,210166,5682,1/20/2026,Damaged Product,508.93,Approved
1008,206490,5167,3/23/2025,Changed Mind,1913.43,Approved
1009,211196,5664,4/27/2025,Not as Expected,4633.74,Approved
1010,216167,5382,6/24/2025,Poor Quality,780.21,Processed
1011,201415,5367,11/22/2025,Changed Mind,2818.41,Approved
1012,219784,5915,4/19/2024,Size Issue,365.19,Rejected
1013,218772,5368,9/28/2025,Late Delivery,1436.4,Approved
1014,204370,5673,4/5/2025,Not as Expected,2048.36,Approved
1015,210423,5237,8/7/2025,Late Delivery,1113.52,Approved
1016,202899,5477,6/24/2023,Wrong Product,1452.34,Approved
1017,201949,5063,12/7/2025,Poor Quality,1702.4,Approved
1018,215430,5669,11/23/2025,Wrong Product,761.32,Processed
1019,207868,5876,12/14/2025,Wrong Product,1073.39,Processed
1020,204135,5900,4/5/2025,Late Delivery,13452.75,Processed
1021,214320,5279,12/21/2025,Late Delivery,419.74,Approved
1022,216251,5686,1/13/2026,Changed Mind,2227.02,Approved
1023,211442,5682,3/18/2024,Changed Mind,535.53,Approved
1024,219949,5799,12/31/2025,Late Delivery,3056.69,Approved
1025,218774,5568,9/18/2025,Size Issue,947.68,Processed
1026,205557,5885,12/2/2024,Damaged Product,1551.75,Approved
1027,203176,5367,7/15/2025,Not as Expected,6315.47,Processed
1028,201910,5766,6/1/2025,Not as Expected,353.78,Approved
1029,202828,5342,1/6/2026,Not as Expected,736.47,Approved
1030,208355,5297,11/15/2025,Size Issue,798.01,Approved
1031,204555,5147,12/28/2025,Changed Mind,1499.03,Approved
1032,209924,5715,9/12/2025,Changed Mind,3071.39,Approved
1033,219831,5822,9/10/2025,Damaged Product,1056.14,Rejected
1034,202893,5986,12/1/2025,Not as Expected,876.08,Approved
1035,206717,5220,12/6/2025,Poor Quality,3874.49,Processed
1036,216614,5004,7/16/2024,Late Delivery,6962.4,Approved
1037,206839,5711,12/2/2025,Damaged Product,1034.8,Processed
1038,211400,5118,5/10/2025,Late Delivery,974.86,Approved
1039,202288,5583,4/19/2025,Damaged Product,185.06,Approved
1040,213044,5453,11/13/2023,Not as Expected,888.4,Approved
1041,200801,5260,2/10/2024,Not as Expected,288.89,Approved
1042,200338,5251,7/29/2025,Not as Expected,2508.77,Approved
1043,211235,5493,10/28/2025,Late Delivery,319.8,Approved
1044,212325,5850,7/6/2025,Wrong Product,566.11,Approved
1045,209905,5013,1/3/2026,Wrong Product,125.68,Processed
1046,212888,5380,5/6/2025,Not as Expected,6749.71,Approved
1047,217769,5648,8/14/2025,Late Delivery,269.38,Approved
1048,209572,5658,8/27/2025,Wrong Product,2345.04,Processed
1049,202593,5274,11/13/2024,Not as Expected,303.32,Approved
1050,208338,5876,7/21/2024,Size Issue,3032.6,Approved
1051,204189,5844,11/6/2024,Wrong Product,1055.31,Approved
1052,219997,5532,12/27/2025,Damaged Product,1145.62,Approved
1053,210331,5049,11/20/2025,Late Delivery,1951.1,Approved
1054,218808,5667,1/17/2024,Poor Quality,899.94,Processed
1055,202084,5824,4/7/2025,Changed Mind,3637.72,Approved
1056,213708,5193,6/24/2025,Wrong Product,705.91,Approved
1057,208565,5070,10/17/2025,Not as Expected,5853.7,Approved
1058,200909,5534,12/8/2023,Changed Mind,215.22,Approved
1059,204565,5792,8/18/2024,Size Issue,940.74,Processed
1060,214323,5413,1/24/2025,Not as Expected,252.2,Approved
1061,210122,5841,6/22/2025,Late Delivery,497.68,Approved
1062,202032,5893,8/5/2025,Changed Mind,2037.62,Approved
1063,210161,5952,12/7/2025,Not as Expected,2017.82,Processed
1064,204519,5076,2/20/2025,Size Issue,1601.57,Approved
1065,205737,5306,1/27/2025,Late Delivery,4767.89,Processed
1066,206597,5498,5/17/2025,Changed Mind,6991.39,Approved
1067,213472,5505,11/25/2024,Size Issue,1782.27,Approved
1068,216900,5360,9/25/2024,Wrong Product,5822.91,Approved
1069,201041,5802,5/19/2025,Changed Mind,713.05,Processed
1070,200505,5035,4/13/2025,Not as Expected,510.61,Approved
1071,201950,5206,2/3/2024,Not as Expected,4458.16,Approved
1072,202122,5924,8/3/2024,Poor Quality,677.8,Approved
1073,207444,5885,4/17/2024,Wrong Product,5236.39,Processed
1074,219634,5829,4/1/2025,Late Delivery,499.27,Approved
1075,201944,5500,12/9/2025,Size Issue,2030.93,Processed
1076,202130,5004,5/20/2025,Not as Expected,7177.7,Processed
1077,201157,5333,2/21/2025,Not as Expected,1338.86,Approved
1078,211724,5853,1/1/2026,Not as Expected,186.36,Approved
1079,207307,5038,12/26/2025,Late Delivery,881.94,Approved
1080,214661,5085,7/29/2025,Not as Expected,1275.25,Approved
1081,217926,5234,11/26/2025,Size Issue,1134.31,Approved
1082,213443,5696,10/14/2023,Wrong Product,943.6,Approved
1083,217174,5188,11/18/2023,Not as Expected,4844.27,Processed
1084,203416,5266,5/2/2024,Damaged Product,2086.19,Approved
1085,210340,5480,9/20/2023,Not as Expected,569.21,Approved
1086,208366,5996,10/1/2025,Not as Expected,459.52,Approved
1087,206534,5063,12/13/2024,Damaged Product,863.56,Approved
1088,218469,5035,7/4/2025,Late Delivery,458.04,Processed
1089,218170,5267,1/17/2026,Poor Quality,918.85,Approved
1090,200849,5684,3/21/2025,Not as Expected,1357.98,Processed
1091,208417,5302,12/4/2025,Damaged Product,1159.12,Approved
1092,217678,5938,10/30/2024,Size Issue,3598.42,Processed
1093,213354,5869,11/12/2025,Damaged Product,3094.73,Processed
1094,200091,5733,9/28/2023,Late Delivery,24172.88,Approved
1095,207693,5619,10/19/2024,Changed Mind,3697.83,Approved
1096,214200,5223,12/25/2025,Not as Expected,1042.47,Approved
1097,215526,5469,12/7/2025,Late Delivery,7997.5,Approved
1098,211155,5217,8/7/2025,Changed Mind,2139.83,Approved
1099,210829,5469,9/10/2025,Changed Mind,2161.03,Approved
1100,213889,5976,12/5/2023,Wrong Product,1222.21,Approved
1101,214906,5118,9/29/2025,Changed Mind,492.4,Approved
1102,200370,5196,5/25/2024,Size Issue,2928.57,Processed
1103,202587,5266,10/8/2024,Late Delivery,9149.33,Approved
1104,207456,5103,1/12/2026,Not as Expected,5737.8,Approved
1105,202915,5988,9/7/2023,Damaged Product,406.22,Approved
1106,211250,5381,1/26/2026,Not as Expected,1694.52,Processed
1107,212695,5894,8/5/2025,Damaged Product,258.07,Approved
1108,218083,5092,1/21/2026,Poor Quality,1479.08,Approved
1109,206737,5439,1/27/2024,Not as Expected,6736.3,Approved
1110,215813,5750,6/29/2025,Damaged Product,933.86,Processed
1111,200085,5039,5/29/2025,Size Issue,1347.68,Approved
1112,215958,5693,10/19/2025,Poor Quality,431.78,Processed
1113,203602,5649,12/3/2025,Poor Quality,485.76,Processed
1114,214877,5358,7/6/2023,Size Issue,12296.34,Approved
1115,201072,5950,11/15/2025,Not as Expected,110.96,Approved
1116,215764,5803,10/10/2023,Changed Mind,439.89,Approved
1117,216510,5964,11/26/2025,Not as Expected,477.59,Approved
1118,203713,5885,5/1/2025,Not as Expected,1603.85,Processed
1119,204357,5989,1/3/2026,Changed Mind,6881.39,Rejected
1120,212436,5171,11/13/2024,Poor Quality,3742.3,Approved
1121,213306,5531,8/13/2025,Size Issue,1766.47,Approved
1122,203421,5988,10/26/2024,Not as Expected,804.21,Approved
1123,204030,5964,6/27/2025,Damaged Product,477.96,Approved
1124,218859,5566,1/25/2026,Changed Mind,14153.62,Approved
1125,208164,5153,10/10/2025,Wrong Product,1422.98,Approved
1126,213904,5495,1/12/2026,Not as Expected,1422.65,Approved
1127,202077,5539,10/13/2025,Damaged Product,492.17,Processed
1128,212758,5666,11/6/2025,Poor Quality,8139.43,Approved
1129,215546,5393,5/15/2025,Poor Quality,6149.74,Processed
1130,218632,5422,5/16/2025,Not as Expected,3270.34,Rejected
1131,206896,5969,11/8/2025,Not as Expected,778.62,Approved
1132,213739,5850,7/6/2025,Not as Expected,1161.3,Approved
1133,213546,5323,9/28/2025,Late Delivery,870.01,Processed
1134,210468,5495,2/15/2025,Not as Expected,1579.27,Approved
1135,217620,5659,11/6/2025,Not as Expected,354.66,Approved
1136,209483,5102,7/26/2025,Not as Expected,370.09,Approved
1137,208146,5847,4/1/2024,Poor Quality,569.53,Processed
1138,200884,5319,9/13/2024,Not as Expected,868.17,Approved
1139,204658,5239,1/28/2025,Not as Expected,202.11,Processed
1140,200986,5904,5/22/2023,Poor Quality,1064.58,Approved
1141,213142,5118,10/11/2024,Not as Expected,474.5,Processed
1142,206959,5153,4/1/2025,Size Issue,760.41,Approved
1143,204132,5717,10/10/2025,Size Issue,1013.25,Processed
1144,206311,5348,11/12/2025,Not as Expected,2242.34,Approved
1145,216283,5758,4/26/2025,Changed Mind,1414.19,Approved
1146,206332,5728,10/3/2025,Changed Mind,309.22,Processed
1147,210738,5837,12/22/2025,Late Delivery,8373.08,Approved
1148,203859,5043,12/25/2025,Size Issue,1026.89,Processed
1149,217358,5220,10/16/2025,Size Issue,8810.44,Approved
1150,207160,5507,12/16/2025,Wrong Product,3419.21,Rejected
1151,213567,5640,2/21/2023,Wrong Product,286.28,Approved
1152,210660,5242,10/26/2025,Changed Mind,791.82,Approved
1153,201244,5757,4/10/2025,Not as Expected,2985.95,Approved
1154,214778,5071,4/27/2024,Not as Expected,415.91,Approved
1155,215152,5878,1/1/2026,Not as Expected,498.2,Approved
1156,201449,5246,8/28/2024,Changed Mind,1771.07,Approved
1157,212068,5514,9/1/2025,Not as Expected,4101.41,Processed
1158,205619,5507,11/10/2024,Poor Quality,10075.86,Approved
1159,217720,5866,8/17/2024,Wrong Product,1668.62,Approved
1160,215018,5386,2/5/2025,Not as Expected,487.01,Approved
1161,211968,5819,9/14/2025,Not as Expected,1042.16,Approved
1162,207666,5231,5/17/2025,Size Issue,327.14,Approved
1163,215188,5125,9/2/2025,Not as Expected,3002.03,Processed
1164,216204,5865,9/24/2025,Size Issue,650.32,Approved
1165,204684,5909,9/18/2024,Late Delivery,650.36,Processed
1166,200758,5230,2/13/2024,Not as Expected,1826.77,Approved
1167,205175,5911,11/23/2024,Damaged Product,3203.31,Approved
1168,219965,5050,9/7/2024,Size Issue,971.1,Approved
1169,219466,5935,9/11/2025,Late Delivery,1480.29,Approved
1170,201826,5816,1/3/2025,Not as Expected,12764.21,Approved
1171,203392,5637,7/12/2025,Changed Mind,2949.38,Approved
1172,206256,5471,12/4/2024,Size Issue,922.69,Approved
1173,217084,5638,5/21/2024,Not as Expected,12751.84,Processed
1174,210179,5356,2/9/2025,Poor Quality,1325.84,Approved
1175,206895,5303,10/21/2024,Wrong Product,478.53,Approved
1176,214131,5532,1/11/2026,Not as Expected,1251.8,Processed
1177,203261,5781,2/13/2024,Not as Expected,1902.59,Approved
1178,208358,5842,12/21/2024,Changed Mind,178.22,Processed
1179,215854,5509,6/5/2023,Poor Quality,582.42,Approved
1180,219808,5296,6/20/2025,Changed Mind,161.62,Approved
1181,215706,5859,10/27/2023,Changed Mind,801.36,Processed
1182,217949,5389,2/14/2025,Poor Quality,1672.9,Approved
1183,205316,5403,12/23/2025,Late Delivery,11011.64,Approved
1184,212006,5814,10/2/2025,Not as Expected,1516.27,Processed
1185,216107,5201,9/21/2024,Not as Expected,1108.21,Approved
1186,208237,5024,11/3/2025,Late Delivery,7780.89,Approved
1187,215568,5482,4/15/2025,Late Delivery,362.99,Processed
1188,209943,5724,12/26/2025,Size Issue,465.54,Approved
1189,207185,5299,8/25/2025,Not as Expected,2668.69,Approved
1190,216940,5148,12/25/2025,Changed Mind,182.89,Processed
1191,205791,5417,4/20/2025,Poor Quality,4912.35,Processed
1192,209612,5154,7/11/2025,Changed Mind,2507.19,Approved
1193,211480,5123,7/21/2025,Wrong Product,302.15,Processed
1194,210221,5935,7/27/2024,Damaged Product,772.32,Approved
1195,214794,5511,10/20/2024,Not as Expected,399.57,Approved
1196,207568,5221,12/7/2024,Not as Expected,589.09,Approved
1197,214229,5686,11/5/2025,Not as Expected,2037.59,Approved
1198,219435,5106,1/4/2026,Poor Quality,11856.02,Approved
1199,210285,5656,12/27/2023,Changed Mind,2728.92,Processed
1200,206308,5693,11/9/2024,Late Delivery,410.68,Rejected
1201,212053,5937,11/11/2025,Not as Expected,2214.89,Approved
1202,218963,5167,3/26/2025,Not as Expected,3970.52,Approved
1203,208353,5333,10/30/2024,Not as Expected,731.97,Approved
1204,213240,5979,11/25/2024,Not as Expected,776.43,Approved
1205,202359,5744,5/16/2025,Damaged Product,7716.03,Approved
1206,204054,5034,1/27/2025,Wrong Product,663.12,Approved
1207,201833,5566,8/11/2025,Poor Quality,7174.08,Approved
1208,209399,5729,12/30/2025,Poor Quality,2965.67,Approved
1209,219743,5622,9/18/2023,Wrong Product,843.52,Approved
1210,217220,5878,6/9/2025,Late Delivery,495.99,Approved
1211,215445,5184,4/11/2025,Size Issue,7259.73,Processed
1212,209127,5358,8/28/2024,Not as Expected,5898.42,Processed
1213,212261,5106,1/17/2025,Poor Quality,17790.14,Approved
1214,213014,5176,11/30/2024,Poor Quality,934.01,Approved
1215,204775,5689,12/3/2023,Not as Expected,335.55,Rejected
1216,202004,5782,12/19/2025,Wrong Product,5620.59,Rejected
1217,217719,5083,8/29/2025,Changed Mind,691.32,Approved
1218,201864,5882,7/4/2024,Changed Mind,4752.18,Approved
1219,201774,5316,4/28/2024,Poor Quality,807.87,Approved
1220,206356,5763,9/25/2025,Not as Expected,3359.15,Approved
1221,218487,5049,10/2/2025,Poor Quality,1791.16,Approved
1222,213902,5387,6/12/2024,Poor Quality,644.03,Approved
1223,211364,5508,9/10/2025,Poor Quality,4516.75,Approved
1224,214206,5932,12/3/2025,Not as Expected,458.85,Processed
1225,219551,5757,1/15/2024,Poor Quality,2659.7,Approved
1226,211527,5213,8/10/2025,Late Delivery,8905.87,Processed
1227,213180,5648,4/17/2025,Poor Quality,262.77,Approved
1228,205838,5820,8/8/2025,Changed Mind,2325.7,Approved
1229,206019,5283,2/10/2025,Poor Quality,3053.55,Approved
1230,208266,5647,12/17/2025,Not as Expected,2076.15,Approved
1231,214035,5599,10/4/2025,Late Delivery,23197.6,Approved
1232,201682,5588,6/27/2025,Poor Quality,2430.66,Approved
1233,202816,5722,12/25/2023,Size Issue,295.5,Processed
1234,207876,5885,5/24/2024,Not as Expected,1630.67,Processed
1235,218141,5518,11/22/2025,Poor Quality,3387.86,Approved
1236,207344,5889,7/25/2024,Not as Expected,2121.19,Approved
1237,209564,5489,9/9/2024,Size Issue,319.08,Approved
1238,212467,5907,8/1/2025,Not as Expected,599.7,Approved
1239,202598,5518,2/18/2025,Late Delivery,1047.88,Approved
1240,205836,5973,8/19/2025,Changed Mind,2854.31,Approved
1241,216727,5124,5/19/2024,Poor Quality,1536.11,Approved
1242,216225,5974,1/9/2026,Not as Expected,2926.42,Approved
1243,210435,5857,6/18/2023,Not as Expected,7135.68,Processed
1244,216564,5333,12/17/2025,Late Delivery,1404.86,Approved
1245,209849,5883,11/14/2025,Wrong Product,16421.52,Approved
1246,205150,5390,8/7/2025,Late Delivery,1377.07,Processed
1247,206055,5635,7/13/2025,Not as Expected,1043.72,Approved
1248,200714,5475,4/14/2025,Size Issue,1989.65,Approved
1249,216718,5035,11/15/2025,Changed Mind,977.9,Approved
1250,215382,5145,8/6/2024,Size Issue,7193.03,Approved
1251,204060,5203,6/6/2025,Late Delivery,33094.58,Approved
1252,205873,5589,7/1/2025,Size Issue,967.17,Approved
1253,202467,5916,11/7/2025,Size Issue,6987.71,Approved
1254,216052,5831,6/10/2025,Wrong Product,323.58,Approved
1255,211585,5213,10/22/2025,Not as Expected,2995.32,Approved
1256,212928,5059,8/1/2025,Size Issue,1285.65,Approved
1257,218583,5313,9/6/2024,Wrong Product,363.89,Approved
1258,208684,5155,12/6/2023,Late Delivery,1044.33,Approved
1259,211567,5945,5/1/2025,Size Issue,3228.51,Approved
1260,205418,5542,5/11/2023,Late Delivery,1029.97,Rejected
1261,212000,5855,12/25/2025,Changed Mind,209.45,Approved
1262,203385,5429,8/4/2025,Not as Expected,522.94,Processed
1263,206110,5033,4/15/2025,Changed Mind,1390.07,Processed
1264,217451,5107,1/5/2026,Wrong Product,2326.51,Processed
1265,213488,5333,8/30/2025,Changed Mind,1389.23,Approved
1266,214875,5061,1/4/2026,Late Delivery,789.71,Approved
1267,217034,5418,5/25/2023,Poor Quality,2341.49,Rejected
1268,200035,5732,4/6/2025,Changed Mind,1012.71,Approved
1269,207661,5859,7/25/2025,Changed Mind,4098.97,Approved
1270,200046,5104,5/29/2025,Late Delivery,2488.32,Processed
1271,216950,5648,10/24/2025,Not as Expected,278.68,Approved
1272,211518,5974,2/13/2025,Not as Expected,5890.93,Approved
1273,207516,5688,10/4/2025,Damaged Product,4900.3,Approved
1274,219018,5702,9/2/2025,Damaged Product,1506.81,Processed
1275,209073,5318,4/16/2025,Changed Mind,919.86,Approved
1276,205999,5029,4/11/2025,Poor Quality,1737.98,Approved
1277,205813,5513,1/8/2026,Late Delivery,1805.98,Rejected
1278,219878,5857,1/15/2026,Size Issue,7245.64,Approved
1279,209936,5633,12/23/2024,Size Issue,1758.86,Processed
1280,217066,5165,4/23/2024,Changed Mind,3005.24,Approved
1281,207713,5579,11/1/2025,Late Delivery,537.45,Approved
1282,203724,5052,6/6/2025,Size Issue,7022.73,Approved
1283,202618,5611,8/6/2025,Changed Mind,138.3,Approved
1284,206848,5765,3/15/2024,Not as Expected,6142.31,Approved
1285,210742,5635,11/6/2024,Changed Mind,1052.26,Approved
1286,213927,5564,3/19/2025,Poor Quality,863.06,Approved
1287,216551,5182,1/16/2026,Not as Expected,890.08,Approved
1288,207514,5004,8/9/2025,Not as Expected,22214.71,Approved
1289,200438,5660,4/30/2024,Late Delivery,7503.08,Approved
1290,206596,5166,6/14/2025,Damaged Product,499.21,Approved
1291,207322,5578,8/6/2025,Size Issue,1878.48,Approved
1292,201990,5533,11/2/2024,Changed Mind,151.49,Approved
1293,212587,5114,3/30/2025,Changed Mind,341.41,Approved
1294,209139,5931,11/9/2024,Changed Mind,1932.98,Approved
1295,207741,5167,11/15/2025,Changed Mind,2203.22,Rejected
1296,216660,5361,7/23/2025,Size Issue,4748.53,Approved
1297,213008,5129,12/2/2025,Changed Mind,4191.46,Approved
1298,214869,5556,10/25/2024,Damaged Product,2085.85,Approved
1299,218663,5624,10/31/2024,Changed Mind,4118.29,Approved
1300,205863,5714,3/4/2025,Not as Expected,2157.81,Approved
1301,202505,5875,9/25/2025,Not as Expected,1295.24,Approved
1302,211436,5924,1/22/2025,Changed Mind,1384.67,Approved
1303,204023,5594,9/25/2025,Poor Quality,111.39,Rejected
1304,200989,5678,2/26/2025,Not as Expected,1120.01,Approved
1305,217037,5722,12/4/2024,Wrong Product,899.16,Processed
1306,204863,5116,9/9/2025,Damaged Product,937.81,Approved
1307,200368,5462,7/31/2024,Size Issue,1712.8,Processed
1308,218130,5921,4/5/2025,Late Delivery,5864.51,Approved
1309,204662,5320,2/16/2024,Damaged Product,3295.7,Approved
1310,212494,5441,8/22/2024,Not as Expected,686.17,Approved
1311,209775,5974,11/27/2023,Late Delivery,2951.93,Processed
1312,211346,5118,1/1/2025,Not as Expected,454.49,Approved
1313,212321,5678,8/14/2025,Not as Expected,1207.78,Processed
1314,216431,5306,6/26/2024,Size Issue,4628.17,Approved
1315,204638,5552,4/27/2025,Size Issue,619.8,Approved
1316,204980,5079,8/3/2023,Damaged Product,1945.94,Approved
1317,200555,5559,1/12/2025,Not as Expected,1032.25,Processed
1318,207795,5960,12/26/2023,Damaged Product,1319.6,Approved
1319,201727,5898,2/21/2025,Not as Expected,13448.82,Approved
1320,204891,5415,1/21/2025,Poor Quality,672.48,Processed
1321,218185,5165,5/13/2024,Not as Expected,947.41,Approved
1322,210558,5514,9/10/2024,Size Issue,3640.49,Approved
1323,206132,5454,11/16/2025,Wrong Product,2305.06,Approved
1324,200936,5630,12/23/2024,Poor Quality,384.71,Approved
1325,212153,5051,9/28/2025,Changed Mind,9507.83,Approved
1326,209465,5127,12/4/2023,Wrong Product,8113.36,Processed
1327,201715,5922,6/13/2025,Size Issue,1567,Approved
1328,207028,5722,12/27/2025,Not as Expected,610.9,Approved
1329,211094,5010,12/8/2025,Wrong Product,761.96,Approved
1330,205731,5724,9/28/2025,Changed Mind,1315.94,Approved
1331,210482,5550,7/25/2025,Not as Expected,2690.89,Approved
1332,205369,5422,4/19/2024,Late Delivery,4596.41,Approved
1333,209673,5989,12/25/2025,Wrong Product,4011.32,Approved
1334,216259,5398,6/18/2025,Changed Mind,1142.03,Approved
1335,211004,5814,10/14/2024,Not as Expected,777.97,Approved
1336,208098,5306,3/16/2024,Wrong Product,9674.6,Rejected
1337,207898,5786,5/8/2025,Size Issue,367.69,Approved
1338,216596,5855,1/26/2026,Wrong Product,608.62,Approved
1339,207548,5850,10/20/2025,Not as Expected,541.99,Processed
1340,209166,5743,9/9/2025,Not as Expected,490.49,Approved
1341,211481,5144,10/8/2024,Poor Quality,2434.45,Rejected
1342,216116,5743,11/7/2025,Late Delivery,1048.45,Approved
1343,206661,5846,1/8/2026,Wrong Product,7853.3,Approved
1344,217281,5879,4/1/2025,Not as Expected,1775.22,Approved
1345,210721,5671,10/6/2025,Late Delivery,1720.32,Approved
1346,209461,5416,3/10/2024,Size Issue,453.27,Processed
1347,215518,5231,10/20/2025,Late Delivery,337.57,Approved
1348,208172,5959,12/7/2025,Changed Mind,963.96,Approved
1349,204633,5704,6/2/2025,Damaged Product,14063.71,Approved
1350,219207,5820,6/6/2023,Not as Expected,2306.31,Approved
1351,203111,5354,6/26/2025,Wrong Product,3642.32,Approved
1352,201983,5267,12/4/2025,Wrong Product,859.22,Approved
1353,219373,5673,5/21/2025,Wrong Product,3677.16,Approved
1354,200024,5769,7/20/2025,Size Issue,1020.93,Approved
1355,212305,5603,1/5/2026,Late Delivery,1715.24,Approved
1356,218112,5116,12/30/2023,Not as Expected,298.2,Approved
1357,214939,5787,2/21/2024,Wrong Product,740.18,Approved
1358,206831,5295,3/15/2025,Changed Mind,1744.07,Approved
1359,211696,5467,1/4/2026,Wrong Product,2717.15,Processed
1360,203308,5988,1/16/2026,Poor Quality,386.4,Processed
1361,201381,5116,12/4/2025,Poor Quality,301.36,Approved
1362,206976,5866,6/16/2025,Wrong Product,1841.04,Approved
1363,218134,5453,7/21/2025,Not as Expected,803.22,Approved
1364,201219,5107,11/21/2025,Damaged Product,3607.87,Approved
1365,200518,5364,8/22/2025,Damaged Product,1038.16,Approved
1366,216715,5589,1/16/2026,Size Issue,893.73,Rejected
1367,204634,5796,9/3/2025,Damaged Product,1850.07,Approved
1368,213531,5995,4/2/2025,Changed Mind,6952.16,Approved
1369,209920,5227,11/24/2024,Size Issue,6056.78,Approved
1370,204894,5097,10/25/2024,Damaged Product,752.7,Processed
1371,206773,5119,12/25/2025,Size Issue,4765.54,Approved
1372,215995,5683,12/11/2025,Wrong Product,762.35,Approved
1373,213710,5118,10/8/2025,Not as Expected,480.95,Approved
1374,212331,5227,1/8/2026,Damaged Product,3118.24,Approved
1375,209076,5894,12/28/2023,Not as Expected,259.42,Approved
1376,214336,5369,8/20/2025,Changed Mind,451.06,Processed
1377,207170,5742,4/22/2024,Late Delivery,2601.83,Approved
1378,205057,5959,12/9/2025,Not as Expected,3740.8,Rejected
1379,213508,5991,5/6/2025,Changed Mind,1861.65,Processed
1380,216852,5311,1/13/2026,Changed Mind,573.42,Approved
1381,215619,5722,1/20/2026,Late Delivery,596.95,Approved
1382,213441,5185,4/8/2025,Size Issue,6076.09,Approved
1383,212046,5656,10/20/2025,Wrong Product,5774.81,Approved
1384,207653,5239,11/26/2025,Late Delivery,362.85,Approved
1385,210006,5217,11/13/2024,Damaged Product,2171.94,Approved
1386,210126,5290,12/20/2023,Wrong Product,1056.19,Approved
1387,211483,5952,11/26/2024,Damaged Product,2049.94,Processed
1388,219990,5904,6/14/2025,Not as Expected,524.21,Approved
1389,201478,5883,2/3/2024,Not as Expected,7277.4,Approved
1390,217195,5195,3/18/2025,Changed Mind,3696.46,Approved
1391,205229,5381,1/12/2026,Wrong Product,1795.43,Rejected
1392,205486,5454,12/17/2025,Changed Mind,2278.19,Approved
1393,201603,5458,6/22/2025,Changed Mind,4992.02,Approved
1394,202118,5036,10/9/2025,Late Delivery,4895.95,Approved
1395,210252,5964,4/9/2025,Wrong Product,473.64,Approved
1396,214739,5078,11/6/2025,Late Delivery,1109.4,Processed
1397,210317,5293,1/16/2025,Not as Expected,6677.01,Approved
1398,205694,5761,12/27/2024,Changed Mind,4692.54,Processed
1399,202377,5229,11/7/2024,Damaged Product,2807.31,Approved
1400,217848,5994,1/8/2026,Changed Mind,8580.8,Approved
1401,210725,5105,1/6/2026,Late Delivery,6909.24,Rejected
1402,201819,5567,6/22/2025,Wrong Product,305.37,Approved
1403,205342,5004,1/23/2026,Not as Expected,7629.2,Approved
1404,208334,5780,11/15/2025,Not as Expected,931.69,Approved
1405,207745,5383,12/3/2025,Wrong Product,21772.83,Processed
1406,202284,5390,3/30/2025,Not as Expected,458.96,Approved
1407,213961,5990,7/7/2025,Late Delivery,1252.26,Approved
1408,206864,5324,3/16/2025,Changed Mind,2721.15,Processed
1409,215237,5679,9/2/2025,Damaged Product,1634.67,Processed
1410,217420,5030,6/3/2024,Not as Expected,828.92,Approved
1411,204874,5587,8/12/2024,Poor Quality,728.18,Approved
1412,213759,5155,9/30/2025,Wrong Product,936.4,Approved
1413,219223,5223,12/4/2025,Changed Mind,967.86,Processed
1414,203669,5042,12/12/2025,Damaged Product,4475.08,Approved
1415,219680,5727,6/10/2024,Not as Expected,619.84,Approved
1416,219921,5096,5/25/2025,Damaged Product,405.15,Approved
1417,210800,5397,12/5/2025,Size Issue,1208.42,Rejected
1418,206750,5336,8/21/2024,Wrong Product,529.15,Processed
1419,205979,5479,2/11/2024,Not as Expected,623.29,Approved
1420,206656,5419,3/19/2025,Not as Expected,84.67,Approved
1421,214423,5402,12/14/2025,Size Issue,2313.97,Approved
1422,203993,5549,4/1/2025,Not as Expected,176.43,Approved
1423,204364,5662,6/6/2025,Changed Mind,2155.29,Processed
1424,207165,5084,4/17/2024,Not as Expected,856.65,Approved
1425,215178,5125,10/28/2024,Late Delivery,1598.07,Approved
1426,208252,5634,10/2/2024,Changed Mind,4329.76,Processed
1427,207575,5371,9/24/2025,Poor Quality,257.65,Processed
1428,205160,5390,10/11/2025,Poor Quality,435.1,Approved
1429,208057,5027,6/21/2025,Poor Quality,2432.44,Approved
1430,203940,5344,1/15/2025,Not as Expected,3795.94,Rejected
1431,210257,5118,1/12/2026,Not as Expected,446.37,Approved
1432,215550,5905,1/14/2025,Size Issue,108.15,Approved
1433,209141,5879,6/7/2025,Poor Quality,898.76,Approved
1434,212026,5418,11/16/2025,Not as Expected,2539.66,Approved
1435,205761,5919,6/10/2023,Wrong Product,2233.03,Approved
1436,206370,5396,11/12/2025,Late Delivery,2982.22,Processed
1437,214982,5113,2/26/2025,Size Issue,1869.63,Approved
1438,209284,5165,12/1/2025,Not as Expected,1978.9,Approved
1439,219227,5482,11/10/2025,Not as Expected,383.1,Processed
1440,213990,5790,9/9/2025,Not as Expected,140.83,Approved
1441,217145,5727,1/25/2024,Not as Expected,614.17,Approved
1442,201140,5453,3/3/2025,Late Delivery,1793.31,Approved
1443,205565,5084,12/20/2025,Not as Expected,1770.49,Approved
1444,215597,5112,10/18/2025,Not as Expected,2871.78,Processed
1445,207066,5357,6/24/2024,Size Issue,914.48,Approved
1446,216286,5516,7/4/2025,Late Delivery,604.26,Approved
1447,206424,5689,1/20/2026,Changed Mind,746.77,Approved
1448,205978,5738,9/18/2025,Poor Quality,451.67,Approved
1449,218790,5685,12/24/2025,Size Issue,394.47,Processed
1450,218526,5084,4/9/2025,Late Delivery,2532.33,Approved
1451,217763,5643,11/22/2025,Changed Mind,5536.26,Approved
1452,209821,5821,4/17/2025,Not as Expected,388.3,Approved
1453,200699,5226,8/19/2023,Damaged Product,3342.88,Rejected
1454,202635,5866,5/12/2025,Late Delivery,5484.36,Approved
1455,217000,5643,1/28/2024,Late Delivery,5427.67,Approved
1456,214775,5348,12/15/2024,Not as Expected,4313.98,Processed
1457,205249,5923,6/18/2025,Poor Quality,1102.46,Processed
1458,207772,5032,10/1/2024,Poor Quality,3515.43,Approved
1459,206299,5186,9/15/2024,Not as Expected,12124.82,Approved
1460,209351,5660,9/2/2024,Not as Expected,1945.44,Processed
1461,208519,5174,1/22/2025,Size Issue,825.15,Processed
1462,219269,5424,6/28/2025,Not as Expected,25250.52,Approved
1463,212212,5312,10/2/2025,Not as Expected,10123.74,Processed
1464,201514,5463,11/6/2024,Not as Expected,2062.86,Approved
1465,207710,5760,9/1/2025,Changed Mind,672.33,Approved
1466,206763,5606,8/15/2025,Not as Expected,1040.24,Approved
1467,203279,5119,7/12/2025,Changed Mind,3399.1,Processed
1468,210153,5987,1/7/2025,Not as Expected,833.4,Approved
1469,215232,5882,12/5/2024,Size Issue,7869.17,Approved
1470,218306,5070,11/21/2025,Late Delivery,5932.53,Approved
1471,200953,5976,1/7/2025,Changed Mind,661.04,Approved
1472,210819,5594,5/29/2025,Not as Expected,106.37,Approved
1473,216980,5351,1/26/2025,Poor Quality,332.3,Processed
1474,216776,5662,6/4/2025,Late Delivery,1031.66,Processed
1475,219098,5139,7/4/2025,Not as Expected,3657.37,Approved
1476,219070,5312,5/25/2025,Not as Expected,19292.29,Processed
1477,212810,5118,1/18/2026,Poor Quality,866.61,Approved
1478,205061,5915,10/28/2024,Size Issue,364.71,Processed
1479,207738,5729,11/6/2023,Changed Mind,872.19,Approved
1480,208112,5830,9/10/2025,Size Issue,1161.44,Rejected
1481,206948,5145,10/27/2024,Not as Expected,20863.21,Approved
1482,214682,5518,7/30/2025,Poor Quality,1070.19,Approved
1483,214506,5723,11/24/2024,Poor Quality,5726.71,Approved
1484,214283,5564,7/8/2025,Size Issue,950.2,Processed
1485,219162,5878,10/7/2025,Late Delivery,2687.48,Approved
1486,208903,5112,2/5/2025,Damaged Product,3234.04,Approved
1487,217968,5424,12/27/2025,Wrong Product,13147.83,Approved
1488,218502,5087,7/13/2025,Not as Expected,775.19,Approved
1489,216454,5489,8/15/2025,Size Issue,362.05,Approved
1490,203384,5052,1/4/2026,Size Issue,9065.97,Approved
1491,204672,5691,4/18/2023,Poor Quality,595.14,Processed
1492,218855,5671,5/7/2024,Size Issue,1999.9,Approved
1493,201204,5420,3/21/2025,Late Delivery,2621.12,Processed
1494,201352,5016,6/24/2025,Not as Expected,378.32,Approved
1495,206574,5140,11/23/2025,Late Delivery,1987.01,Rejected
1496,207678,5816,11/14/2024,Late Delivery,4422.18,Approved
1497,214261,5828,9/24/2025,Changed Mind,5543.54,Approved
1498,213052,5257,12/13/2025,Not as Expected,3500.24,Rejected
1499,200126,5804,6/27/2025,Wrong Product,1535.67,Approved
1500,217360,5119,8/10/2025,Not as Expected,3560.59,Processed
1501,209972,5892,8/31/2025,Not as Expected,6294.6,Processed
1502,200938,5733,2/11/2025,Poor Quality,16584.39,Approved
1503,214064,5183,11/28/2025,Not as Expected,1431.22,Approved
1504,214072,5732,8/27/2025,Size Issue,1033.36,Processed
1505,216549,5394,8/4/2025,Wrong Product,522.37,Processed
1506,208177,5949,7/13/2025,Changed Mind,3042.42,Approved
1507,206378,5600,11/4/2025,Not as Expected,1192.09,Processed
1508,206175,5084,12/7/2025,Not as Expected,875.15,Approved
1509,206330,5392,5/13/2025,Late Delivery,2217.89,Processed
1510,209136,5032,5/26/2025,Wrong Product,5882.5,Approved
1511,207974,5807,7/25/2024,Size Issue,1627.83,Processed
1512,219645,5781,9/18/2025,Not as Expected,2954.56,Approved
1513,209249,5426,12/26/2024,Not as Expected,1269.46,Approved
1514,211705,5753,6/6/2025,Damaged Product,2144.1,Approved
1515,214648,5945,9/12/2025,Changed Mind,1514.44,Approved
1516,217944,5784,9/14/2025,Not as Expected,866.8,Approved
1517,205906,5981,9/19/2025,Not as Expected,3935.43,Approved
1518,200073,5739,7/19/2024,Not as Expected,321.25,Approved
1519,217165,5621,1/24/2024,Not as Expected,1318.72,Approved
1520,217812,5060,5/11/2025,Not as Expected,1721.77,Approved
1521,214968,5675,8/23/2025,Damaged Product,4212.39,Approved
1522,217351,5271,12/8/2025,Not as Expected,7490.4,Approved
1523,201165,5170,4/26/2025,Changed Mind,1868.36,Approved
1524,210341,5398,12/21/2025,Not as Expected,1620.19,Processed
1525,213474,5495,12/17/2025,Not as Expected,1451.33,Approved
1526,218394,5795,2/21/2024,Not as Expected,355.86,Approved
1527,218064,5153,10/11/2025,Late Delivery,695.75,Processed
1528,202630,5763,8/6/2025,Not as Expected,6551.03,Approved
1529,217057,5807,10/30/2025,Not as Expected,1611.4,Processed
1530,213581,5064,1/17/2026,Size Issue,994.96,Processed
1531,218046,5394,7/17/2025,Changed Mind,978.63,Approved
1532,213363,5762,6/22/2024,Damaged Product,364.99,Approved
1533,207398,5791,8/12/2025,Not as Expected,419.47,Approved
1534,208348,5819,8/31/2025,Not as Expected,1078.63,Approved
1535,211172,5787,9/11/2025,Poor Quality,785.07,Approved
1536,213984,5686,10/31/2023,Not as Expected,2134.4,Approved
1537,205215,5574,12/29/2025,Late Delivery,613.73,Approved
1538,216332,5327,7/24/2024,Not as Expected,906.59,Approved
1539,216791,5781,9/21/2025,Wrong Product,921.97,Approved
1540,214005,5802,4/27/2024,Wrong Product,665.32,Processed
1541,214158,5506,6/4/2023,Poor Quality,781.85,Rejected
1542,219613,5706,7/20/2024,Late Delivery,495.23,Approved
1543,218023,5962,1/10/2025,Late Delivery,226.99,Rejected
1544,207998,5963,5/22/2025,Size Issue,3578.09,Approved
1545,208669,5829,3/27/2025,Not as Expected,690.69,Processed
1546,214809,5145,12/30/2025,Late Delivery,6148.37,Approved
1547,218309,5704,10/9/2025,Not as Expected,6812.81,Approved
1548,209364,5032,10/13/2024,Late Delivery,1655.3,Approved
1549,210275,5119,11/7/2023,Not as Expected,1172.13,Approved
1550,204767,5091,7/6/2025,Not as Expected,1719.83,Approved
1551,202017,5957,11/3/2025,Not as Expected,600.39,Processed
1552,215656,5390,8/15/2024,Changed Mind,432.47,Approved
1553,204919,5987,8/21/2024,Size Issue,582.57,Processed
1554,204322,5580,7/11/2024,Not as Expected,492.94,Approved
1555,210666,5215,12/17/2024,Late Delivery,859.94,Approved
1556,211138,5140,11/9/2025,Not as Expected,3703.53,Processed
1557,212123,5763,10/17/2025,Not as Expected,3300,Processed
1558,205895,5514,12/23/2025,Wrong Product,4071.28,Approved
1559,209099,5551,1/11/2026,Not as Expected,1031.32,Approved
1560,202511,5855,7/13/2025,Late Delivery,623.11,Rejected
1561,200042,5306,6/4/2025,Not as Expected,9148.15,Processed
1562,212689,5552,10/18/2025,Size Issue,638.5,Approved
1563,200911,5311,1/4/2026,Damaged Product,606.92,Approved
1564,202808,5442,11/2/2025,Wrong Product,2113.33,Approved
1565,215926,5107,7/28/2025,Not as Expected,1077.86,Approved
1566,217311,5455,12/26/2025,Late Delivery,1335.02,Approved
1567,204881,5566,2/7/2025,Poor Quality,7712.7,Processed
1568,215412,5272,7/30/2025,Changed Mind,1281.98,Approved
1569,201241,5201,5/8/2025,Changed Mind,1117.39,Approved
1570,214617,5333,11/13/2025,Wrong Product,635.97,Approved
1571,211200,5088,4/30/2024,Damaged Product,6584.4,Approved
1572,213371,5479,10/10/2024,Poor Quality,1135.04,Processed
1573,207145,5891,3/28/2024,Changed Mind,795.5,Approved
1574,218038,5298,2/27/2025,Not as Expected,4763.95,Approved
1575,215682,5880,8/19/2025,Not as Expected,4014.99,Approved
1576,215327,5990,4/22/2024,Changed Mind,1219.94,Approved
1577,213551,5885,4/15/2025,Poor Quality,8657.01,Approved
1578,204817,5888,1/27/2026,Size Issue,2178.77,Approved
1579,218951,5589,6/10/2025,Changed Mind,984.29,Approved
1580,204939,5931,10/15/2025,Changed Mind,6056.93,Approved
1581,207955,5601,11/9/2024,Wrong Product,1189.86,Approved
1582,203158,5480,6/29/2025,Not as Expected,589.08,Rejected
1583,200654,5817,1/19/2026,Not as Expected,3834.41,Approved
1584,216236,5849,10/6/2025,Changed Mind,2785.7,Approved
1585,215503,5086,5/23/2024,Poor Quality,6075.09,Approved
1586,214887,5699,10/22/2025,Damaged Product,971.1,Approved
1587,217498,5831,11/6/2024,Not as Expected,618.66,Processed
1588,212635,5733,9/26/2025,Late Delivery,24421.12,Approved
1589,218125,5656,11/17/2025,Changed Mind,2681.32,Approved
1590,205472,5323,9/29/2024,Changed Mind,831.26,Approved
1591,218243,5267,11/13/2025,Wrong Product,902.26,Processed
1592,216858,5860,1/28/2026,Wrong Product,2003.58,Processed
1593,203114,5245,5/23/2025,Poor Quality,2097.82,Approved
1594,211880,5369,1/12/2024,Late Delivery,421.14,Approved
1595,213987,5118,6/29/2025,Damaged Product,2284.43,Approved
1596,202016,5333,10/23/2025,Not as Expected,727.98,Approved
1597,207179,5671,8/1/2025,Size Issue,1894.34,Approved
1598,210559,5427,11/24/2023,Not as Expected,203.86,Processed
1599,210357,5994,7/16/2025,Size Issue,4301.3,Approved
1600,209769,5369,5/31/2024,Size Issue,810.66,Approved
1601,214045,5667,8/12/2025,Size Issue,1875.83,Approved
1602,214854,5183,8/13/2025,Changed Mind,1486.79,Approved
1603,215763,5116,7/23/2024,Late Delivery,601.87,Processed
1604,206425,5784,3/8/2025,Late Delivery,907.83,Processed
1605,211692,5775,9/11/2025,Size Issue,4463.68,Approved
1606,206911,5859,11/4/2024,Late Delivery,1608.74,Processed
1607,215500,5398,4/5/2025,Late Delivery,511.97,Approved
1608,203852,5594,9/16/2025,Poor Quality,106.19,Approved
1609,216039,5032,8/22/2024,Not as Expected,5399.01,Approved
1610,219305,5867,9/17/2025,Changed Mind,1320.78,Approved
1611,205943,5765,7/8/2023,Damaged Product,2118.39,Approved
1612,201199,5586,10/4/2023,Not as Expected,358.27,Approved
1613,217525,5066,4/3/2024,Not as Expected,399.29,Approved
1614,213482,5445,2/13/2024,Late Delivery,868.19,Approved
1615,216476,5984,4/7/2025,Late Delivery,632.44,Approved
1616,208333,5843,1/7/2026,Size Issue,4665.37,Processed
1617,219045,5820,7/3/2025,Size Issue,2347.31,Approved
1618,209294,5711,4/17/2025,Changed Mind,1068.03,Processed
1619,206152,5729,1/30/2025,Not as Expected,1817.31,Approved
1620,216485,5599,11/25/2023,Damaged Product,4640.43,Approved
1621,201960,5979,1/1/2026,Wrong Product,557.35,Approved
1622,211288,5831,5/16/2025,Late Delivery,297.33,Approved
1623,204689,5585,7/21/2025,Poor Quality,1155.84,Approved
1624,215163,5259,12/18/2024,Changed Mind,445.14,Processed
1625,216081,5594,3/30/2024,Not as Expected,202.04,Approved
1626,202980,5563,8/22/2025,Changed Mind,2373.38,Approved
1627,200377,5748,11/20/2025,Not as Expected,940.44,Approved
1628,207433,5103,12/22/2023,Wrong Product,5505.45,Processed
1629,203603,5429,12/17/2025,Wrong Product,256.5,Approved
1630,215837,5380,1/12/2025,Not as Expected,12242.68,Processed
1631,204283,5474,10/4/2024,Size Issue,3923.81,Approved
1632,200237,5528,4/23/2025,Size Issue,469.91,Processed
1633,218232,5453,7/17/2025,Not as Expected,845.22,Processed
1634,218121,5254,7/7/2025,Poor Quality,590.93,Processed
1635,207655,5335,2/18/2025,Late Delivery,15306.2,Processed
1636,213095,5456,12/24/2024,Poor Quality,6801.38,Approved
1637,202944,5807,12/13/2025,Size Issue,5146.77,Approved
1638,216147,5763,12/31/2025,Changed Mind,6442.99,Approved
1639,218229,5896,11/6/2025,Changed Mind,1796.17,Approved
1640,211312,5608,12/28/2025,Not as Expected,1108.34,Processed
1641,209498,5035,11/23/2025,Poor Quality,1446.11,Processed
1642,216113,5004,4/16/2025,Size Issue,7838.39,Processed
1643,203166,5288,9/1/2025,Size Issue,3225.98,Processed
1644,215523,5813,9/27/2025,Poor Quality,1953.11,Rejected
1645,200392,5611,1/31/2025,Size Issue,137.76,Approved
1646,214264,5488,12/17/2024,Changed Mind,950.64,Approved
1647,212847,5311,3/5/2025,Size Issue,553.82,Approved
1648,219886,5596,1/15/2026,Poor Quality,329.79,Processed
1649,200676,5893,9/11/2024,Damaged Product,4717.39,Processed
1650,207364,5914,10/21/2024,Size Issue,3703,Approved
1651,206168,5845,10/1/2024,Changed Mind,548.77,Approved
1652,210689,5766,10/11/2024,Changed Mind,381.61,Approved
1653,206439,5410,7/20/2024,Late Delivery,4658.35,Approved
1654,212538,5228,9/7/2024,Size Issue,461.19,Processed
1655,203163,5990,4/22/2023,Poor Quality,1112.96,Approved
1656,202243,5287,7/3/2025,Not as Expected,3066.5,Approved
1657,208320,5957,4/8/2025,Not as Expected,561.91,Approved
1658,204195,5581,11/22/2023,Wrong Product,1387.23,Approved
1659,217575,5390,3/30/2025,Poor Quality,457.29,Approved
1660,213574,5042,6/21/2024,Size Issue,13630.15,Approved
1661,202315,5682,1/2/2026,Size Issue,2318.78,Approved
1662,208805,5190,8/21/2025,Not as Expected,443.55,Processed
1663,210656,5750,5/17/2025,Changed Mind,741.24,Processed
1664,200677,5411,4/13/2024,Size Issue,1783,Approved
1665,215801,5548,1/6/2026,Changed Mind,7399.07,Approved
1666,206320,5404,5/25/2023,Late Delivery,500.41,Approved
1667,209223,5785,4/8/2025,Size Issue,2345.83,Approved
1668,207176,5392,6/14/2025,Wrong Product,2082.71,Approved
1669,212107,5810,10/1/2025,Late Delivery,583.84,Approved
1670,202582,5640,8/10/2025,Not as Expected,307.37,Processed
1671,217411,5204,11/17/2025,Changed Mind,2632.16,Approved
1672,218452,5301,9/27/2024,Changed Mind,2188.16,Approved
1673,210480,5309,5/11/2025,Changed Mind,967.62,Processed
1674,202936,5640,8/23/2025,Poor Quality,307.14,Approved
1675,212057,5460,9/7/2023,Wrong Product,376.87,Rejected
1676,219454,5952,7/26/2025,Poor Quality,1988.63,Approved
1677,214466,5030,10/5/2025,Not as Expected,212.67,Approved
1678,211272,5670,11/26/2025,Poor Quality,571.7,Approved
1679,205096,5746,12/27/2025,Size Issue,1472.11,Approved
1680,205825,5389,5/27/2025,Size Issue,3491.33,Approved
1681,216409,5686,4/8/2025,Size Issue,2291.21,Approved
1682,204818,5768,8/7/2025,Poor Quality,632.11,Processed
1683,219218,5542,3/27/2023,Poor Quality,1585.98,Approved
1684,215737,5141,5/11/2025,Not as Expected,739.23,Approved
1685,217940,5385,11/25/2025,Damaged Product,20732.18,Approved
1686,216412,5519,12/29/2025,Late Delivery,89.25,Approved
1687,218304,5204,1/5/2026,Size Issue,5500.53,Approved
1688,214628,5202,7/14/2025,Poor Quality,725.11,Processed
1689,218552,5906,4/21/2025,Poor Quality,528.86,Approved
1690,213568,5240,10/21/2024,Not as Expected,11372.94,Rejected
1691,215504,5174,9/1/2024,Poor Quality,893.95,Approved
1692,211183,5974,12/16/2025,Not as Expected,3007.78,Rejected
1693,204456,5359,11/24/2025,Wrong Product,2447.84,Approved
1694,215358,5066,11/30/2023,Size Issue,471.78,Processed
1695,215788,5917,12/13/2025,Late Delivery,2600.97,Approved
1696,214760,5410,1/18/2024,Changed Mind,6175.21,Approved
1697,213211,5859,10/21/2024,Poor Quality,922.81,Processed
1698,213033,5112,9/19/2025,Wrong Product,3031.61,Approved
1699,212428,5736,1/22/2025,Not as Expected,382.38,Approved
1700,202892,5885,9/3/2023,Damaged Product,1544.21,Approved
1701,201261,5883,7/12/2025,Changed Mind,7837.54,Approved
1702,210378,5578,11/4/2025,Not as Expected,1910.26,Approved
1703,208938,5183,8/8/2025,Not as Expected,751.65,Approved
1704,213742,5155,12/16/2024,Size Issue,963.53,Processed
1705,202466,5230,2/1/2025,Poor Quality,438.15,Approved
1706,218987,5492,12/22/2025,Damaged Product,1759.34,Processed
1707,212618,5610,11/26/2024,Not as Expected,1076.48,Approved
1708,200153,5415,6/5/2023,Damaged Product,1963.28,Approved
1709,206367,5454,6/3/2025,Poor Quality,2412.28,Rejected
1710,215776,5379,6/27/2025,Damaged Product,5055.49,Processed
1711,213724,5901,2/2/2024,Late Delivery,146.1,Approved
1712,219926,5159,4/16/2025,Changed Mind,517.32,Approved
1713,219081,5959,8/11/2024,Not as Expected,974.4,Approved
1714,200542,5806,8/6/2023,Changed Mind,4238.38,Processed
1715,211598,5529,5/23/2025,Not as Expected,546.18,Processed
1716,213881,5625,8/15/2025,Not as Expected,534.52,Approved
1717,215173,5119,10/18/2025,Size Issue,1158.56,Approved
1718,206125,5667,10/24/2025,Not as Expected,1719.14,Rejected
1719,203741,5017,4/25/2024,Changed Mind,1651.08,Approved
1720,201136,5162,8/17/2024,Not as Expected,2021.04,Processed
1721,219067,5504,3/27/2024,Late Delivery,245.77,Approved
1722,206840,5559,7/23/2025,Changed Mind,2125.8,Processed
1723,200749,5212,11/26/2025,Not as Expected,299.18,Approved
1724,212701,5013,8/29/2025,Damaged Product,113.19,Approved
1725,217929,5161,6/14/2024,Changed Mind,551.79,Approved
1726,212683,5106,5/10/2025,Size Issue,12141.52,Approved
1727,218073,5850,12/7/2024,Wrong Product,518.53,Rejected
1728,205656,5876,7/13/2025,Late Delivery,3178.6,Processed
1729,210010,5293,1/6/2026,Poor Quality,3554.08,Processed
1730,215384,5766,10/19/2024,Wrong Product,1124.86,Approved
1731,217750,5857,9/20/2025,Late Delivery,3914.92,Approved
1732,207581,5893,8/15/2025,Changed Mind,4428.01,Approved
1733,208943,5907,11/25/2024,Damaged Product,563.66,Processed
1734,212114,5815,12/24/2025,Size Issue,543.74,Approved
1735,200949,5016,1/17/2024,Late Delivery,383.94,Approved
1736,217473,5021,1/12/2024,Changed Mind,1906.07,Approved
1737,200376,5650,12/28/2024,Not as Expected,4113.32,Approved
1738,209735,5686,12/28/2025,Poor Quality,1161.76,Processed
1739,201797,5948,9/9/2025,Not as Expected,1607.08,Processed
1740,216115,5330,12/17/2025,Wrong Product,2010,Approved
1741,204639,5145,6/25/2025,Not as Expected,14335.91,Approved
1742,211418,5944,1/8/2025,Wrong Product,298.27,Approved
1743,216042,5298,6/9/2025,Poor Quality,4387.78,Approved
1744,208226,5037,5/4/2023,Wrong Product,5184.4,Approved
1745,214382,5916,9/3/2025,Not as Expected,3536.02,Approved
1746,203710,5258,10/27/2025,Late Delivery,2492.05,Approved
1747,205321,5679,7/5/2025,Not as Expected,817.55,Approved
1748,201238,5911,2/13/2025,Not as Expected,3119.99,Processed
1749,200562,5945,6/26/2025,Not as Expected,1736.53,Approved
1750,203638,5284,7/14/2025,Not as Expected,5287.94,Approved
1751,213952,5594,7/25/2025,Not as Expected,113.64,Processed
1752,202576,5102,10/21/2025,Not as Expected,821.52,Approved
1753,203296,5648,1/1/2026,Not as Expected,887.18,Processed
1754,204293,5184,5/9/2025,Late Delivery,9634.89,Approved
1755,217735,5252,8/4/2025,Damaged Product,2479.18,Rejected
1756,203361,5358,1/14/2026,Changed Mind,11048.58,Approved
1757,200008,5902,5/9/2025,Not as Expected,8017.28,Approved
1758,212461,5340,2/11/2024,Poor Quality,4903.35,Approved
1759,211770,5974,9/10/2024,Not as Expected,6024.77,Approved
1760,216683,5127,7/6/2025,Not as Expected,5586.38,Approved
1761,219571,5126,2/18/2024,Changed Mind,120.86,Processed
1762,200380,5163,2/20/2023,Poor Quality,875.54,Approved
1763,213496,5004,1/12/2026,Late Delivery,6961.58,Approved
1764,205126,5732,9/1/2025,Damaged Product,1029.4,Approved
1765,218482,5441,7/29/2025,Poor Quality,357.46,Approved
1766,213006,5154,1/10/2026,Damaged Product,814.02,Approved
1767,201621,5917,12/4/2024,Poor Quality,4757.02,Processed
1768,216048,5739,7/2/2024,Damaged Product,312.03,Rejected
1769,212423,5860,6/27/2024,Poor Quality,930.75,Approved
1770,219461,5735,5/29/2025,Not as Expected,1367,Approved
1771,213309,5426,2/8/2025,Wrong Product,2763.05,Approved
1772,203436,5413,10/11/2025,Changed Mind,736.56,Approved
1773,211279,5542,11/9/2025,Changed Mind,512.68,Approved
1774,203788,5377,8/19/2025,Not as Expected,309.35,Approved
1775,206891,5016,9/6/2024,Changed Mind,393.09,Approved
1776,202950,5058,5/3/2025,Wrong Product,3361.64,Approved
1777,208061,5911,1/27/2025,Not as Expected,3095.01,Approved
1778,216814,5120,12/28/2025,Damaged Product,3975.32,Processed
1779,204731,5911,9/27/2024,Size Issue,3280.09,Approved
1780,217512,5533,4/22/2025,Changed Mind,162.74,Approved
1781,205522,5944,5/28/2025,Not as Expected,280.56,Approved
1782,209490,5347,10/29/2025,Damaged Product,1832.24,Approved
1783,214070,5062,7/2/2025,Wrong Product,5189.76,Processed
1784,202049,5001,7/7/2025,Size Issue,649.11,Approved
1785,212942,5730,7/18/2023,Changed Mind,316.49,Approved
1786,217392,5003,7/26/2025,Damaged Product,5109.66,Rejected
1787,209061,5004,10/23/2024,Poor Quality,15036.31,Processed
1788,216019,5616,7/14/2024,Not as Expected,175.81,Approved
1789,215432,5939,10/26/2025,Wrong Product,2086.98,Processed
1790,204852,5874,9/30/2025,Not as Expected,174.51,Approved
1791,202684,5296,3/11/2025,Wrong Product,220.42,Approved
1792,216951,5298,7/27/2025,Wrong Product,13101.99,Approved
1793,210113,5919,11/29/2025,Changed Mind,3922.73,Approved
1794,203408,5882,11/28/2025,Late Delivery,5085.11,Approved
1795,211757,5619,9/16/2025,Changed Mind,1987.23,Approved
1796,213139,5174,3/30/2025,Not as Expected,1895.2,Approved
1797,203725,5210,1/12/2025,Not as Expected,3474.23,Approved
1798,219644,5879,1/14/2026,Wrong Product,900.66,Processed
1799,200850,5561,12/3/2025,Late Delivery,7701.42,Approved
1800,218731,5934,5/6/2025,Changed Mind,539.41,Approved
1801,215029,5904,6/10/2025,Changed Mind,579.8,Approved
1802,200943,5116,11/11/2025,Not as Expected,297.03,Approved
1803,219236,5222,10/5/2024,Late Delivery,4832.47,Approved
1804,202057,5215,8/16/2024,Late Delivery,796.88,Approved
1805,212453,5952,11/15/2025,Not as Expected,2119.36,Approved
1806,213365,5329,3/21/2025,Not as Expected,4253.72,Approved
1807,204576,5569,12/12/2024,Late Delivery,24456.17,Approved
1808,210358,5482,6/1/2024,Not as Expected,1957.89,Approved
1809,217494,5398,8/25/2025,Not as Expected,531.86,Approved
1810,212736,5811,1/28/2024,Changed Mind,7062.58,Approved
1811,209880,5928,8/24/2025,Size Issue,5152.1,Approved
1812,210087,5049,10/6/2025,Poor Quality,4153.46,Approved
1813,200771,5877,9/8/2024,Size Issue,1673.2,Approved
1814,216615,5626,9/22/2025,Not as Expected,1279.02,Approved
1815,219138,5133,12/1/2024,Not as Expected,473,Processed
1816,209607,5045,12/9/2024,Damaged Product,1214.29,Approved
1817,214528,5374,4/2/2024,Changed Mind,137.06,Approved
1818,214908,5351,10/24/2024,Wrong Product,951.09,Approved
1819,216301,5347,10/3/2025,Poor Quality,5607,Approved
1820,201089,5274,2/25/2024,Late Delivery,317.83,Approved
1821,219941,5956,6/15/2025,Not as Expected,3872.95,Approved
1822,200551,5911,12/16/2025,Wrong Product,3103.17,Approved
1823,213982,5093,10/17/2025,Changed Mind,877.36,Approved
1824,204832,5312,6/7/2024,Poor Quality,4668.59,Approved
1825,204011,5816,1/8/2024,Changed Mind,4126.83,Approved
1826,213814,5969,8/27/2025,Size Issue,838.66,Approved
1827,214944,5283,11/30/2025,Size Issue,3185.31,Approved
1828,200144,5189,9/15/2025,Poor Quality,1300.83,Approved
1829,206937,5599,2/18/2025,Poor Quality,9596.5,Processed
1830,206129,5796,12/17/2025,Poor Quality,1828.18,Approved
1831,212269,5276,12/4/2024,Poor Quality,705.73,Approved
1832,212596,5895,1/15/2026,Size Issue,465.11,Approved
1833,203294,5085,1/3/2026,Damaged Product,1221.63,Approved
1834,218905,5514,11/21/2025,Not as Expected,3614.28,Approved
1835,207976,5699,10/20/2025,Not as Expected,1974.01,Approved
1836,214883,5221,12/4/2025,Late Delivery,614.64,Approved
1837,211821,5393,12/12/2025,Size Issue,13449.86,Approved
1838,211767,5569,9/22/2025,Damaged Product,13554.54,Approved
1839,212401,5226,1/7/2026,Not as Expected,2270.74,Approved
1840,209981,5333,3/21/2025,Not as Expected,2845.64,Approved
1841,214061,5117,2/25/2025,Changed Mind,3589.13,Approved
1842,219222,5107,8/12/2025,Damaged Product,5673.23,Approved
1843,209412,5294,2/27/2025,Poor Quality,2140.3,Approved
1844,210388,5112,7/15/2024,Wrong Product,2806.89,Approved
1845,217652,5533,11/21/2025,Not as Expected,226.6,Approved
1846,210822,5603,11/13/2024,Poor Quality,902.08,Processed
1847,204184,5279,5/7/2025,Poor Quality,795.33,Approved
1848,213220,5952,6/24/2025,Not as Expected,2032.5,Approved
1849,207169,5608,3/24/2025,Not as Expected,4753.96,Processed
1850,214952,5857,2/19/2025,Not as Expected,3500.65,Approved
1851,203045,5913,2/9/2025,Not as Expected,246.63,Approved
1852,211363,5850,12/21/2025,Not as Expected,1707.97,Approved
1853,206670,5220,10/18/2025,Not as Expected,4461.96,Rejected
1854,213330,5192,7/13/2025,Wrong Product,1077.94,Approved
1855,200601,5453,2/2/2024,Changed Mind,1595.32,Approved
1856,203485,5884,9/12/2023,Size Issue,6662.86,Approved
1857,208448,5350,9/26/2024,Not as Expected,4332.79,Approved
1858,214305,5905,11/28/2025,Changed Mind,104.65,Approved
1859,203070,5742,10/19/2024,Changed Mind,2480.63,Approved
1860,213501,5579,9/6/2025,Changed Mind,1046.59,Processed
1861,201502,5678,9/4/2024,Late Delivery,647.79,Approved
1862,216065,5859,12/12/2024,Wrong Product,900.38,Approved
1863,211516,5409,11/7/2024,Late Delivery,1194.62,Processed
1864,200526,5168,9/24/2025,Not as Expected,487.46,Processed
1865,206713,5619,4/20/2025,Poor Quality,2805.85,Approved
1866,206113,5602,10/24/2025,Size Issue,1668.69,Processed
1867,213357,5244,5/5/2025,Changed Mind,6372.36,Approved
1868,210492,5462,11/10/2025,Not as Expected,1707.94,Approved
1869,209811,5880,5/21/2025,Wrong Product,13173.71,Approved
1870,217671,5959,1/26/2026,Poor Quality,972.12,Approved
1871,218612,5081,2/7/2025,Changed Mind,258.76,Processed
1872,206925,5005,8/9/2025,Not as Expected,279.33,Approved
1873,212772,5885,9/14/2025,Late Delivery,1544.7,Approved
1874,210574,5545,3/27/2024,Not as Expected,368.95,Rejected
1875,203175,5799,12/26/2025,Not as Expected,9327.83,Approved
1876,203837,5350,5/16/2025,Not as Expected,1412.17,Processed
1877,211126,5586,4/24/2024,Poor Quality,692.98,Approved
1878,208871,5144,4/6/2025,Changed Mind,900.54,Approved
1879,206799,5804,4/19/2025,Not as Expected,3284.57,Approved
1880,214124,5902,9/14/2024,Damaged Product,7426.17,Processed
1881,206427,5222,9/16/2025,Not as Expected,4732.03,Approved
1882,203484,5764,12/22/2025,Not as Expected,1559.78,Approved
1883,214205,5130,7/31/2025,Not as Expected,601.91,Approved
1884,208388,5227,10/1/2024,Changed Mind,3182.39,Approved
1885,209307,5819,5/13/2025,Not as Expected,1009.67,Approved
1886,215725,5670,1/18/2026,Not as Expected,535.08,Approved
1887,219684,5245,9/1/2025,Poor Quality,2078.27,Approved
1888,214840,5651,10/16/2024,Poor Quality,1430.26,Approved
1889,213274,5480,11/28/2023,Poor Quality,588.38,Approved
1890,209420,5991,1/5/2026,Not as Expected,3473.23,Processed
1891,213161,5220,3/1/2025,Changed Mind,4152.38,Approved
1892,212680,5384,1/1/2026,Wrong Product,504.07,Approved
1893,208423,5482,12/18/2025,Changed Mind,352.76,Approved
1894,200630,5032,11/5/2024,Changed Mind,4796.78,Approved
1895,216730,5609,1/28/2024,Not as Expected,413.21,Approved
1896,207090,5609,10/16/2025,Poor Quality,1315.14,Approved
1897,204585,5445,7/20/2025,Late Delivery,2520.51,Approved
1898,210798,5217,6/23/2024,Not as Expected,1902.64,Approved
1899,205816,5240,2/15/2025,Changed Mind,17649.17,Approved
1900,215679,5534,10/26/2024,Poor Quality,208.35,Approved
1901,208157,5764,10/20/2025,Poor Quality,3012.94,Processed
1902,201177,5213,9/11/2025,Changed Mind,8786.42,Approved
1903,217063,5313,3/24/2024,Late Delivery,386.71,Approved
1904,204769,5176,11/19/2024,Damaged Product,857.52,Approved
1905,208906,5692,7/1/2024,Not as Expected,2595.09,Approved
1906,203663,5820,3/20/2025,Not as Expected,2187.87,Processed
1907,206470,5004,9/5/2025,Poor Quality,15177.78,Approved
1908,211014,5200,12/20/2025,Changed Mind,2110.41,Approved
1909,211321,5760,10/17/2025,Changed Mind,367.41,Approved
1910,204474,5013,7/5/2025,Size Issue,243.04,Approved
1911,219317,5884,7/14/2024,Changed Mind,3079.48,Approved
1912,217889,5628,1/3/2026,Damaged Product,9884.3,Approved
1913,216535,5694,10/20/2025,Changed Mind,396.79,Approved
1914,217109,5305,6/8/2023,Poor Quality,153.87,Approved
1915,216894,5617,12/20/2025,Not as Expected,324.86,Approved
1916,214886,5015,10/7/2025,Not as Expected,922.5,Approved
1917,207839,5991,9/20/2025,Late Delivery,1634.53,Approved
1918,210560,5350,5/9/2025,Size Issue,1455.22,Approved
1919,217522,5091,10/18/2025,Not as Expected,3553.51,Approved
1920,204522,5506,1/11/2025,Wrong Product,239.77,Processed
1921,211657,5450,12/30/2025,Not as Expected,912.8,Approved
1922,201823,5466,12/14/2025,Poor Quality,732.38,Approved
1923,213342,5403,7/28/2025,Not as Expected,10501.06,Approved
1924,203914,5220,7/20/2025,Damaged Product,3875.69,Approved
1925,202367,5842,9/15/2025,Not as Expected,174.26,Processed
1926,201853,5282,5/14/2025,Wrong Product,521.51,Approved
1927,219621,5368,9/25/2025,Late Delivery,711.11,Processed
1928,204855,5494,11/2/2025,Changed Mind,1920.48,Processed
1929,201395,5267,4/12/2024,Not as Expected,4759.01,Processed
1930,201657,5155,9/19/2025,Changed Mind,3238.63,Approved
1931,204024,5414,9/22/2025,Changed Mind,465.48,Approved
1932,214170,5509,11/13/2025,Not as Expected,1024.81,Approved
1933,218543,5738,6/12/2025,Wrong Product,434.16,Approved
1934,218018,5004,7/26/2025,Poor Quality,7671.22,Processed
1935,216984,5185,9/13/2025,Late Delivery,5783.61,Approved
1936,204014,5942,9/26/2025,Size Issue,1103.65,Processed
1937,217548,5981,6/21/2025,Changed Mind,3626.09,Approved
1938,217973,5920,11/19/2023,Not as Expected,1131.87,Approved
1939,202274,5693,2/4/2025,Not as Expected,943.91,Approved
1940,218314,5518,9/23/2025,Not as Expected,1170.9,Processed
1941,219037,5684,12/7/2025,Not as Expected,1215.89,Approved
1942,205409,5729,5/4/2025,Not as Expected,1746.66,Approved
1943,214141,5125,9/21/2025,Changed Mind,1573.63,Approved
1944,203918,5818,10/2/2025,Wrong Product,2357.23,Processed
1945,200722,5463,1/2/2026,Not as Expected,2152.79,Approved
1946,200794,5312,2/4/2025,Not as Expected,15441.84,Processed
1947,200958,5523,12/12/2023,Poor Quality,372.64,Approved
1948,212343,5174,6/8/2025,Size Issue,933.03,Approved
1949,219914,5772,7/7/2025,Not as Expected,7363.28,Approved
1950,216832,5711,10/29/2025,Not as Expected,1010.89,Approved
1951,203350,5953,6/10/2024,Changed Mind,404.6,Approved
1952,214555,5754,5/2/2025,Damaged Product,5470.24,Rejected
1953,219900,5141,7/26/2025,Changed Mind,1067.19,Approved
1954,205520,5167,8/9/2025,Changed Mind,1949.04,Approved
1955,203890,5558,4/14/2025,Damaged Product,650.79,Approved
1956,202097,5078,11/24/2023,Late Delivery,587.37,Approved
1957,205754,5878,3/16/2024,Size Issue,493.58,Processed
1958,212561,5499,5/15/2025,Not as Expected,415.41,Approved
1959,217793,5222,9/28/2025,Wrong Product,4831,Approved
1960,209183,5715,1/8/2026,Poor Quality,3127.3,Approved
1961,200500,5765,10/19/2025,Size Issue,2287.98,Approved
1962,213001,5536,5/15/2024,Changed Mind,1855.23,Processed
1963,211899,5350,1/5/2026,Not as Expected,1459.38,Approved
1964,203936,5559,12/12/2025,Not as Expected,969.43,Processed
1965,205387,5589,1/1/2025,Damaged Product,440.59,Approved
1966,207040,5222,1/11/2026,Damaged Product,10272.95,Approved
1967,204111,5924,7/16/2025,Late Delivery,1269.3,Approved
1968,201905,5525,1/10/2026,Not as Expected,441.79,Approved
1969,218184,5797,3/21/2024,Poor Quality,98.61,Approved
1970,204366,5819,5/28/2025,Changed Mind,2025.69,Approved
1971,204683,5962,12/4/2024,Wrong Product,947.79,Approved
1972,201802,5228,12/16/2025,Not as Expected,230.56,Processed
1973,215388,5782,1/7/2024,Late Delivery,1347.95,Approved
1974,200467,5465,12/6/2025,Damaged Product,866.02,Rejected
1975,209124,5558,7/23/2024,Poor Quality,661.82,Processed
1976,200977,5753,11/7/2025,Size Issue,1034.99,Approved
1977,214911,5319,12/13/2023,Wrong Product,912.99,Approved
1978,203548,5984,1/2/2025,Changed Mind,278.45,Processed
1979,201468,5237,12/17/2025,Damaged Product,381.36,Approved
1980,201280,5249,4/22/2025,Damaged Product,1733.48,Approved
1981,208324,5192,7/16/2025,Changed Mind,5701.63,Approved
1982,215094,5171,3/31/2024,Late Delivery,1241.49,Rejected
1983,213320,5697,9/16/2025,Late Delivery,2003.15,Approved
1984,201000,5542,10/11/2024,Late Delivery,1124.22,Rejected
1985,205841,5929,9/10/2025,Damaged Product,1775,Approved
1986,200406,5567,4/28/2025,Poor Quality,279.88,Approved
1987,212577,5698,9/15/2024,Late Delivery,239.52,Approved
1988,206099,5267,11/21/2025,Poor Quality,1907.94,Processed
1989,213977,5740,3/8/2025,Wrong Product,4353.4,Approved
1990,210018,5660,9/4/2024,Late Delivery,1902.18,Approved
1991,204595,5619,7/1/2024,Poor Quality,1003.3,Approved
1992,217800,5612,12/7/2023,Not as Expected,321.95,Processed
1993,211362,5450,1/14/2026,Changed Mind,1726.18,Processed
1994,201505,5136,6/29/2024,Late Delivery,4476.69,Approved
1995,207696,5950,10/23/2025,Not as Expected,102.33,Approved
1996,216544,5974,11/30/2025,Not as Expected,12169.67,Rejected
1997,214847,5176,6/6/2025,Size Issue,942.52,Approved
1998,216250,5384,11/12/2025,Not as Expected,522.03,Approved
1999,217065,5754,6/13/2024,Damaged Product,1078.7,Processed
2000,216783,5135,10/30/2025,Poor Quality,1196.83,Approved
2001,218812,5640,12/19/2025,Changed Mind,314.53,Processed
2002,207691,5070,7/12/2025,Changed Mind,5838.59,Approved
2003,209613,5730,5/27/2025,Changed Mind,615.12,Processed
2004,201264,5476,8/12/2025,Changed Mind,2703.33,Processed
2005,217200,5574,10/22/2025,Not as Expected,191.85,Approved
2006,211341,5404,6/21/2025,Not as Expected,257.6,Approved
2007,208988,5758,12/11/2025,Changed Mind,716.44,Processed
2008,217702,5357,12/29/2025,Size Issue,4636.87,Approved
2009,219955,5272,5/1/2025,Poor Quality,2678.19,Approved
2010,201121,5859,3/8/2024,Changed Mind,825.28,Approved
2011,201325,5049,12/21/2023,Not as Expected,2037.83,Processed
2012,205196,5302,11/30/2025,Not as Expected,721.53,Processed
2013,211277,5586,10/3/2025,Not as Expected,357.9,Approved
2014,212651,5819,7/27/2023,Changed Mind,1038.4,Approved
2015,211659,5127,6/26/2025,Not as Expected,4837.02,Approved
2016,209528,5519,1/5/2026,Late Delivery,89.1,Approved
2017,211158,5783,10/21/2024,Not as Expected,2776.93,Approved
2018,207137,5510,6/25/2025,Late Delivery,821.9,Approved
2019,202799,5060,6/14/2024,Size Issue,1504.61,Processed
2020,200060,5964,8/24/2025,Not as Expected,445.15,Approved
2021,210040,5737,10/26/2025,Not as Expected,330.76,Approved
2022,205848,5320,9/30/2024,Damaged Product,3272.68,Approved
2023,208720,5811,11/8/2024,Late Delivery,3104.19,Approved
2024,211643,5291,3/4/2024,Late Delivery,390.15,Processed
2025,210700,5283,10/23/2025,Late Delivery,6315.4,Approved
2026,210980,5311,4/19/2025,Damaged Product,1225.36,Rejected
2027,219312,5855,6/1/2024,Not as Expected,799.26,Approved
2028,209982,5089,4/12/2025,Poor Quality,2995.51,Processed
2029,207571,5197,11/2/2025,Changed Mind,1764.69,Approved
2030,211223,5267,4/16/2025,Changed Mind,878.81,Approved
2031,201778,5667,9/4/2025,Late Delivery,834.71,Approved
2032,202155,5025,10/9/2024,Changed Mind,1699.99,Processed
2033,210059,5217,12/13/2025,Poor Quality,1974.92,Processed
2034,207375,5996,12/16/2025,Changed Mind,439.56,Processed
2035,215225,5219,2/24/2024,Late Delivery,343.66,Rejected
2036,214313,5473,12/15/2025,Changed Mind,338.88,Approved
2037,205771,5883,2/27/2025,Not as Expected,7368.02,Processed
2038,216816,5063,12/28/2025,Changed Mind,966.66,Approved
2039,218409,5913,9/12/2025,Not as Expected,254.21,Approved
2040,207425,5166,12/12/2024,Wrong Product,953.87,Processed
2041,217474,5812,9/14/2024,Size Issue,426.87,Rejected
2042,211498,5754,12/23/2025,Not as Expected,1207.65,Processed
2043,207507,5116,5/17/2024,Not as Expected,284.83,Approved
2044,211876,5613,9/17/2025,Damaged Product,606.43,Approved
2045,212148,5011,11/29/2025,Late Delivery,20600.68,Approved
2046,209542,5420,8/14/2025,Not as Expected,2849.87,Processed
2047,200243,5435,11/18/2024,Not as Expected,607.94,Approved
2048,207651,5222,2/14/2024,Poor Quality,4631.35,Processed
2049,218178,5091,8/28/2024,Not as Expected,3671.61,Approved
2050,209513,5063,1/16/2025,Not as Expected,1898.39,Approved
2051,201201,5823,12/5/2025,Wrong Product,4248.77,Processed
2052,211478,5735,2/9/2025,Not as Expected,1455.47,Approved
2053,215861,5182,8/21/2025,Not as Expected,2781.35,Approved
2054,219101,5984,1/13/2025,Not as Expected,605.92,Processed
2055,208607,5491,11/26/2025,Damaged Product,13691.94,Processed
2056,214779,5686,11/17/2025,Late Delivery,1123.8,Approved
2057,214444,5572,6/8/2025,Changed Mind,2595.62,Approved
2058,209988,5936,6/27/2025,Late Delivery,413.04,Approved
2059,203075,5177,8/28/2025,Damaged Product,319.57,Approved
2060,200825,5507,10/7/2025,Poor Quality,13044.13,Approved
2061,202775,5729,8/11/2025,Size Issue,979.16,Approved
2062,200388,5666,9/22/2025,Not as Expected,7580.28,Processed
2063,200948,5348,11/21/2024,Poor Quality,2265.51,Approved
2064,208675,5479,9/4/2023,Not as Expected,644.21,Approved
2065,218928,5873,5/3/2023,Not as Expected,400.87,Approved
2066,213915,5978,11/4/2024,Not as Expected,1067.15,Approved
2067,205455,5756,2/13/2025,Changed Mind,2943.98,Approved
2068,206728,5693,4/8/2025,Not as Expected,906.43,Approved
2069,219654,5157,12/20/2025,Size Issue,1242.87,Approved
2070,210105,5344,12/10/2025,Size Issue,4183.89,Approved
2071,218890,5799,6/2/2024,Not as Expected,3193.51,Approved
2072,217767,5457,11/27/2025,Wrong Product,255.41,Processed
2073,209456,5644,12/10/2025,Poor Quality,106.52,Approved
2074,214822,5603,2/18/2025,Size Issue,867.45,Rejected
2075,204248,5064,10/15/2025,Changed Mind,2008.4,Approved
2076,207316,5006,10/14/2024,Late Delivery,600.3,Approved
2077,201088,5724,5/22/2025,Size Issue,1994,Approved
2078,217651,5578,9/9/2025,Poor Quality,4010.88,Approved
2079,214025,5904,3/31/2025,Changed Mind,571.83,Approved
2080,204663,5621,10/24/2023,Wrong Product,1255.94,Approved
2081,217959,5448,12/31/2025,Not as Expected,3398.44,Approved
2082,210344,5403,8/21/2024,Changed Mind,5673.62,Approved
2083,201759,5122,7/6/2025,Wrong Product,4694.53,Processed
2084,205287,5382,4/3/2025,Not as Expected,389.21,Approved
2085,201187,5119,10/14/2025,Late Delivery,1056.02,Approved
2086,213853,5462,1/13/2026,Not as Expected,1927.03,Approved
2087,217941,5969,12/10/2025,Changed Mind,4350.15,Approved
2088,204333,5462,7/24/2025,Changed Mind,7638.75,Approved
2089,202940,5729,2/29/2024,Poor Quality,941.38,Processed
2090,205586,5800,9/27/2024,Not as Expected,1990.18,Approved
2091,204915,5722,6/28/2024,Late Delivery,296.96,Rejected
2092,216361,5987,5/17/2025,Changed Mind,267.31,Approved
2093,214334,5443,7/27/2024,Not as Expected,1590.23,Rejected
2094,206587,5500,2/6/2025,Damaged Product,4452.08,Approved
2095,217141,5154,8/12/2024,Not as Expected,848.67,Approved
2096,211595,5140,9/26/2024,Changed Mind,1804.3,Approved
2097,201607,5905,8/26/2024,Wrong Product,209.26,Approved
2098,216316,5240,5/21/2024,Damaged Product,10902.79,Approved
2099,207317,5691,11/2/2025,Size Issue,2481.79,Approved
2100,217790,5690,10/19/2025,Late Delivery,3286.06,Approved
2101,210366,5733,8/5/2025,Changed Mind,7420.8,Approved
2102,218070,5114,12/21/2025,Changed Mind,363.95,Approved
2103,219494,5799,3/11/2025,Late Delivery,9043.31,Approved
2104,203030,5716,1/13/2026,Late Delivery,3650.91,Approved
2105,211991,5785,8/27/2025,Size Issue,6198.23,Rejected
2106,211730,5993,12/13/2025,Not as Expected,192.37,Approved
2107,205286,5722,10/14/2024,Wrong Product,271.21,Approved
2108,206321,5662,2/27/2024,Damaged Product,2090.64,Approved
2109,203113,5471,6/27/2025,Poor Quality,471.59,Approved
2110,204080,5208,12/18/2025,Size Issue,1639.61,Processed
2111,207144,5730,4/22/2025,Wrong Product,491.11,Processed
2112,202943,5085,6/5/2024,Not as Expected,1400.39,Approved
2113,201584,5996,7/15/2025,Changed Mind,508.7,Approved
2114,203721,5944,12/17/2024,Not as Expected,274.26,Approved
2115,200390,5201,11/24/2025,Damaged Product,1019.33,Processed
2116,210908,5222,8/24/2024,Size Issue,5108.81,Processed
2117,217699,5619,7/13/2025,Changed Mind,2909.47,Approved
2118,207359,5337,10/7/2025,Not as Expected,784.72,Approved
2119,217714,5648,12/1/2025,Changed Mind,274.28,Processed
2120,216889,5499,12/22/2025,Not as Expected,782.94,Approved
2121,200706,5035,8/30/2023,Poor Quality,470.56,Approved
2122,210433,5333,12/23/2025,Not as Expected,725.9,Approved
2123,218199,5536,1/7/2025,Size Issue,1668.63,Approved
2124,210676,5184,12/17/2025,Size Issue,7786.98,Approved
2125,207860,5936,10/30/2024,Changed Mind,424.56,Approved
2126,202332,5518,6/3/2024,Not as Expected,1112.3,Processed
2127,207980,5922,11/29/2025,Wrong Product,1621.72,Processed
2128,209470,5538,1/31/2024,Poor Quality,407.83,Approved
2129,208767,5159,9/7/2023,Not as Expected,245.97,Approved
2130,209189,5169,10/21/2025,Size Issue,5285.04,Approved
2131,209427,5672,9/19/2025,Poor Quality,3772.89,Processed
2132,210768,5944,7/26/2024,Late Delivery,291.11,Approved
2133,214395,5166,4/27/2025,Late Delivery,542.27,Approved
2134,211664,5706,5/9/2025,Late Delivery,455.7,Approved
2135,202732,5846,10/29/2024,Damaged Product,7216.47,Processed
2136,202222,5501,8/6/2024,Not as Expected,971.71,Processed
2137,214216,5884,8/17/2025,Size Issue,3258.97,Approved
2138,212844,5716,4/26/2025,Changed Mind,2548.88,Processed
2139,208977,5882,6/13/2025,Poor Quality,5167.66,Rejected
2140,203565,5200,12/16/2024,Size Issue,3372.35,Approved
2141,213324,5559,7/24/2025,Wrong Product,1063.98,Processed
2142,213260,5176,12/17/2024,Changed Mind,828.93,Approved
2143,209689,5485,9/24/2024,Size Issue,5188.16,Approved
2144,217021,5709,6/18/2025,Changed Mind,99.08,Approved
2145,219572,5230,2/22/2024,Size Issue,466.77,Approved
2146,207409,5314,9/4/2024,Size Issue,2464.28,Approved
2147,213772,5802,10/2/2025,Not as Expected,664.6,Approved
2148,211467,5918,10/11/2025,Not as Expected,2641.77,Approved
2149,203446,5940,7/6/2025,Wrong Product,315.3,Rejected
2150,215407,5024,2/4/2025,Late Delivery,4326.9,Approved
2151,205194,5928,4/10/2025,Changed Mind,1887.23,Processed
2152,217196,5763,1/3/2026,Not as Expected,12147.75,Approved
2153,216604,5479,12/27/2024,Late Delivery,562.41,Approved
2154,211988,5437,9/8/2024,Poor Quality,7414.62,Approved
2155,207831,5231,9/30/2025,Poor Quality,341.02,Approved
2156,203558,5311,1/6/2026,Damaged Product,559.27,Processed
2157,201104,5165,12/27/2025,Not as Expected,1049.88,Approved
2158,211739,5175,11/12/2024,Not as Expected,1817.5,Processed
2159,216450,5063,9/14/2023,Damaged Product,1741.09,Processed
2160,218869,5150,12/26/2025,Size Issue,7251.72,Approved
2161,215484,5239,7/9/2024,Poor Quality,615.8,Approved
2162,207789,5792,9/7/2025,Changed Mind,775.24,Approved
2163,207361,5141,5/29/2025,Changed Mind,379.85,Approved
2164,205330,5832,11/21/2024,Poor Quality,981.15,Approved
2165,204496,5159,9/8/2024,Wrong Product,258.65,Processed
2166,212187,5077,8/10/2024,Not as Expected,6169.84,Processed
2167,211055,5169,11/30/2025,Not as Expected,4893.69,Approved
2168,207231,5827,10/27/2025,Not as Expected,8308.35,Processed
2169,211366,5750,6/10/2025,Damaged Product,222.95,Approved
2170,212359,5584,11/10/2025,Changed Mind,2192.97,Processed
2171,216642,5083,9/7/2025,Changed Mind,692.71,Approved
2172,211437,5041,10/13/2024,Size Issue,6080.33,Approved
2173,215190,5969,12/17/2025,Size Issue,3380.98,Approved
2174,208171,5896,11/8/2024,Not as Expected,1976.64,Approved
2175,219046,5002,11/2/2024,Not as Expected,2371.46,Approved
2176,207915,5259,6/30/2024,Not as Expected,248.85,Approved
2177,204075,5975,3/4/2025,Not as Expected,3231.04,Approved
2178,219785,5095,12/25/2025,Wrong Product,311.23,Processed
2179,219616,5165,1/21/2026,Late Delivery,966.67,Approved
2180,200543,5386,11/17/2025,Late Delivery,535.94,Approved
2181,219796,5999,7/8/2025,Changed Mind,157.87,Approved
2182,208775,5061,8/20/2025,Damaged Product,2624.65,Approved
2183,201271,5898,12/19/2024,Size Issue,8372.52,Approved
2184,204051,5189,10/25/2024,Size Issue,2778.07,Approved
2185,210208,5826,9/23/2025,Changed Mind,3159.61,Approved
2186,204447,5587,12/27/2025,Changed Mind,682.85,Processed
2187,205317,5084,5/9/2024,Wrong Product,856.53,Approved
2188,204450,5195,12/25/2025,Damaged Product,10363.76,Approved
2189,206646,5640,4/7/2024,Poor Quality,603.74,Processed
2190,204834,5013,12/24/2024,Wrong Product,350.05,Approved
2191,206169,5298,3/23/2023,Changed Mind,4722.6,Processed
2192,202530,5453,1/16/2026,Poor Quality,1594.75,Approved
2193,214211,5911,3/28/2023,Not as Expected,3361.98,Approved
2194,202533,5589,9/9/2024,Wrong Product,954.28,Approved
2195,205278,5782,2/15/2024,Not as Expected,1391.48,Approved
2196,212517,5471,5/6/2025,Not as Expected,423.47,Approved
2197,209987,5013,11/16/2025,Late Delivery,120.73,Processed
2198,216205,5516,1/27/2025,Size Issue,291.73,Approved
2199,216749,5955,11/8/2025,Late Delivery,656.6,Approved
2200,204495,5452,7/5/2025,Damaged Product,636.97,Approved
2201,217151,5467,10/20/2025,Wrong Product,2567.4,Approved
2202,210534,5671,7/3/2024,Size Issue,1760.4,Approved
2203,216041,5906,12/20/2025,Not as Expected,256.02,Approved
2204,201930,5622,8/31/2024,Poor Quality,301.51,Rejected
2205,218824,5817,8/15/2025,Changed Mind,3702.64,Approved
2206,213376,5438,9/8/2024,Wrong Product,726.37,Processed
2207,201162,5083,2/23/2025,Poor Quality,719.87,Approved
2208,214791,5599,12/14/2024,Not as Expected,4881.34,Rejected
2209,208251,5719,8/2/2024,Late Delivery,1454.99,Processed
2210,217478,5150,11/20/2023,Not as Expected,3940.08,Approved
2211,204460,5337,1/10/2025,Poor Quality,872.35,Approved
2212,212342,5106,4/20/2025,Late Delivery,12166.71,Approved
2213,217562,5859,9/9/2025,Poor Quality,1783.63,Approved
2214,213670,5588,12/7/2025,Late Delivery,11404.58,Approved
2215,200628,5398,10/14/2025,Late Delivery,585.2,Processed
2216,211317,5298,5/1/2025,Poor Quality,4163.01,Approved
2217,206696,5704,8/4/2025,Late Delivery,6889.9,Approved
2218,213013,5602,4/23/2025,Not as Expected,6917.54,Approved
2219,214942,5923,7/21/2023,Late Delivery,217.9,Approved
2220,203969,5502,9/21/2025,Not as Expected,3018.27,Approved
2221,203062,5625,1/30/2024,Wrong Product,588.26,Approved
2222,206384,5777,8/10/2023,Not as Expected,4820.94,Approved
2223,213243,5470,7/26/2025,Not as Expected,240.97,Approved
2224,205740,5567,12/28/2025,Not as Expected,309.24,Approved
2225,202374,5920,10/29/2025,Not as Expected,615.87,Processed
2226,210869,5882,10/1/2025,Damaged Product,2445.32,Processed
2227,200504,5512,12/30/2025,Wrong Product,3366.67,Approved
2228,209476,5095,7/19/2023,Not as Expected,1473.53,Approved
2229,212364,5906,12/4/2025,Not as Expected,700.43,Processed
2230,200455,5764,8/19/2024,Damaged Product,1490.9,Approved
2231,200807,5183,8/22/2024,Poor Quality,1352.89,Approved
2232,202147,5084,1/3/2026,Not as Expected,1723.54,Approved
2233,218996,5533,12/3/2024,Changed Mind,147.97,Approved
2234,206567,5552,12/15/2025,Not as Expected,662.56,Approved
2235,219308,5012,5/17/2025,Not as Expected,621.36,Processed
2236,217112,5534,11/28/2025,Size Issue,933.69,Approved
2237,210094,5991,9/8/2025,Wrong Product,946.27,Approved
2238,214102,5873,7/12/2025,Damaged Product,1655.74,Approved
2239,202545,5118,9/6/2024,Not as Expected,490.33,Approved
2240,219226,5026,1/6/2025,Not as Expected,5246.52,Approved
2241,207089,5723,11/15/2025,Wrong Product,1422.17,Approved
2242,201597,5603,1/30/2024,Not as Expected,1886.52,Processed
2243,213347,5829,6/7/2025,Not as Expected,673.83,Approved
2244,211370,5790,5/17/2025,Wrong Product,279.81,Approved
2245,202173,5229,9/27/2024,Poor Quality,734.05,Approved
2246,206762,5969,8/22/2023,Poor Quality,805.89,Processed
2247,216910,5383,9/14/2025,Late Delivery,13870.28,Approved
2248,203304,5119,10/13/2024,Changed Mind,1085.78,Approved
2249,206707,5684,10/12/2025,Late Delivery,2420.86,Processed
2250,218549,5735,1/2/2026,Changed Mind,1371.42,Approved
2251,206254,5561,1/7/2026,Not as Expected,1579.81,Approved
2252,201211,5201,1/18/2026,Late Delivery,1119.19,Rejected
2253,212766,5262,12/30/2025,Not as Expected,5093.13,Approved
2254,209751,5288,8/3/2025,Late Delivery,11364.18,Processed
2255,204171,5392,2/28/2024,Not as Expected,2101.39,Approved
2256,207408,5708,12/14/2025,Size Issue,1018.68,Approved
2257,200588,5533,11/8/2025,Poor Quality,163.68,Approved
2258,216849,5213,9/27/2025,Poor Quality,8519.14,Rejected
2259,219436,5124,12/10/2025,Not as Expected,547.52,Approved
2260,201361,5933,3/7/2025,Not as Expected,551.46,Approved
2261,201087,5066,4/8/2025,Poor Quality,780.9,Approved
2262,218877,5444,12/12/2025,Not as Expected,7323.49,Processed
2263,202386,5990,4/11/2025,Changed Mind,2303.78,Approved
2264,219205,5828,8/30/2025,Changed Mind,1256.26,Rejected
2265,207765,5149,10/3/2025,Not as Expected,857.74,Approved
2266,218553,5916,10/9/2023,Late Delivery,17168.12,Approved
2267,215690,5823,11/10/2025,Size Issue,4180.61,Processed
2268,205047,5859,12/6/2025,Poor Quality,804.63,Processed
2269,218994,5760,9/11/2024,Not as Expected,1834.91,Approved
2270,213571,5435,10/2/2025,Late Delivery,555.64,Approved
2271,205102,5988,3/19/2025,Size Issue,440.7,Processed
2272,205950,5084,3/10/2025,Poor Quality,909.04,Approved
2273,207253,5401,3/15/2025,Size Issue,9352.61,Approved
2274,200373,5196,4/1/2024,Not as Expected,1503.86,Approved
2275,200821,5906,4/4/2025,Poor Quality,125.53,Approved
2276,202352,5416,8/15/2025,Size Issue,449.62,Approved
2277,202068,5329,12/16/2025,Changed Mind,1954.17,Processed
2278,213103,5974,7/9/2024,Changed Mind,3089.21,Processed
2279,218217,5619,9/22/2025,Not as Expected,973.61,Processed
2280,208113,5154,10/2/2025,Wrong Product,1650.5,Processed
2281,201902,5608,7/25/2025,Wrong Product,1189.6,Processed
2282,218415,5049,10/8/2025,Poor Quality,1844.39,Approved
2283,217458,5106,1/10/2026,Late Delivery,3994.19,Approved
2284,213736,5587,11/9/2025,Not as Expected,718.07,Processed
2285,216402,5342,5/11/2025,Not as Expected,2946.39,Rejected
2286,208258,5153,1/12/2025,Not as Expected,1376.47,Approved
2287,212757,5547,10/8/2023,Changed Mind,2775.25,Approved
2288,214130,5366,8/24/2025,Changed Mind,6423.51,Approved
2289,202477,5489,5/19/2025,Damaged Product,327.94,Processed
2290,215460,5911,11/2/2023,Wrong Product,3394.74,Approved
2291,218460,5414,2/24/2025,Size Issue,416.08,Approved
2292,215330,5780,11/8/2024,Size Issue,994.18,Approved
2293,216898,5828,11/13/2025,Not as Expected,3599.11,Processed
2294,200812,5762,12/3/2024,Late Delivery,735.06,Processed
2295,218805,5554,12/30/2025,Late Delivery,1606.34,Approved
2296,215013,5104,6/17/2024,Not as Expected,1245.82,Approved
2297,202338,5455,3/18/2025,Changed Mind,593.64,Approved
2298,200242,5092,3/13/2025,Not as Expected,5914.79,Approved
2299,211438,5077,10/30/2023,Changed Mind,11961.22,Rejected
2300,201117,5727,11/6/2024,Not as Expected,570.64,Approved
2301,205471,5532,9/30/2025,Poor Quality,3451.91,Approved
2302,208131,5915,11/8/2025,Late Delivery,403.01,Rejected
2303,217748,5841,11/30/2025,Changed Mind,448.19,Approved
2304,216468,5138,4/1/2024,Not as Expected,2466.61,Approved
2305,210903,5560,10/22/2024,Changed Mind,544.76,Approved
2306,202440,5859,10/5/2025,Size Issue,895.73,Approved
2307,219402,5859,12/21/2025,Size Issue,2371.43,Approved
2308,200515,5703,8/18/2025,Changed Mind,5146.2,Approved
2309,215314,5867,1/5/2026,Size Issue,628.32,Rejected
2310,209976,5550,7/5/2025,Changed Mind,1736.63,Approved
2311,209814,5859,5/25/2025,Damaged Product,747.2,Approved
2312,201749,5435,11/26/2025,Late Delivery,1666.1,Approved
2313,208094,5903,3/4/2024,Not as Expected,1753.44,Approved
2314,203302,5418,7/3/2025,Changed Mind,1237.14,Approved
2315,203083,5471,12/31/2025,Changed Mind,398.2,Approved
2316,200730,5212,1/6/2026,Not as Expected,295.66,Approved
2317,201567,5930,12/21/2025,Not as Expected,169.82,Approved
2318,214713,5471,1/11/2025,Not as Expected,1206.47,Approved
2319,205648,5973,6/22/2025,Wrong Product,1591.71,Processed
2320,208633,5676,1/25/2024,Late Delivery,118.07,Approved
2321,216338,5215,11/28/2025,Poor Quality,801.25,Approved
2322,200350,5722,1/2/2026,Changed Mind,305.61,Processed
2323,207569,5859,10/10/2025,Poor Quality,865.18,Approved
2324,214689,5237,10/12/2025,Not as Expected,715.05,Approved
2325,200832,5463,10/15/2025,Wrong Product,1098.63,Approved
2326,214974,5991,11/20/2025,Late Delivery,2769.55,Processed
2327,217371,5474,4/24/2025,Not as Expected,7949.76,Processed
2328,213060,5523,10/11/2025,Not as Expected,400.88,Approved
2329,217213,5430,5/16/2025,Damaged Product,1374.15,Approved
2330,203529,5859,11/1/2025,Size Issue,3191.87,Approved
2331,205052,5899,6/16/2025,Not as Expected,7211.91,Approved
2332,217797,5387,10/10/2025,Late Delivery,2237.21,Processed
2333,212905,5507,4/22/2024,Not as Expected,3173.04,Approved
2334,214973,5420,12/23/2025,Late Delivery,2779.52,Approved
2335,215956,5865,2/17/2025,Not as Expected,322.11,Approved
2336,211304,5820,12/27/2024,Wrong Product,2524.62,Processed
2337,206491,5955,3/15/2025,Not as Expected,607.64,Approved
2338,218375,5495,2/10/2025,Wrong Product,1460.24,Approved
2339,208435,5854,4/29/2025,Not as Expected,103.96,Approved
2340,206916,5358,10/24/2025,Late Delivery,16923.65,Rejected
2341,208120,5288,4/25/2024,Size Issue,12058.79,Approved
2342,216495,5924,5/14/2025,Not as Expected,649.71,Approved
2343,213174,5124,7/30/2025,Not as Expected,529.93,Processed
2344,206836,5489,6/17/2024,Late Delivery,388.06,Processed
2345,204433,5919,10/13/2025,Not as Expected,2069.76,Approved
2346,219700,5430,12/1/2024,Not as Expected,280.85,Processed
2347,202575,5313,7/12/2025,Changed Mind,388.77,Approved
2348,207487,5518,8/11/2025,Poor Quality,1113.52,Approved
2349,214776,5260,4/22/2024,Not as Expected,271.05,Approved
2350,208091,5368,6/13/2025,Not as Expected,701.41,Approved
2351,219859,5445,9/26/2025,Late Delivery,2799.99,Processed
2352,206049,5754,1/25/2025,Not as Expected,1220.42,Approved
2353,204592,5424,12/22/2025,Wrong Product,6800.15,Rejected
2354,202843,5580,12/13/2024,Changed Mind,1095.89,Approved
2355,213969,5239,5/16/2025,Size Issue,392.31,Approved
2356,212957,5398,1/5/2026,Poor Quality,1730.1,Processed
2357,208694,5217,11/5/2025,Late Delivery,1912.52,Processed
2358,210038,5992,9/9/2025,Size Issue,2724.81,Processed
2359,215782,5083,3/17/2025,Size Issue,2241.54,Approved
2360,202025,5737,11/30/2025,Damaged Product,669.18,Approved
2361,214801,5859,12/19/2025,Size Issue,1614.7,Approved
2362,213681,5147,1/3/2026,Late Delivery,7676.31,Processed
2363,219622,5391,11/22/2025,Size Issue,2509.99,Approved
2364,202687,5758,12/26/2025,Late Delivery,650.49,Rejected
2365,203351,5400,6/17/2025,Not as Expected,1729.1,Approved
2366,209726,5017,1/2/2026,Late Delivery,2945.36,Approved
2367,219920,5181,8/15/2025,Changed Mind,948.97,Approved
2368,209520,5862,12/30/2025,Wrong Product,1250.22,Processed
2369,202992,5218,8/3/2025,Not as Expected,1701.79,Approved
2370,217535,5295,8/28/2023,Not as Expected,3249.22,Approved
2371,219421,5856,2/2/2025,Not as Expected,431.46,Approved
2372,217489,5397,10/15/2025,Damaged Product,3846.98,Approved
2373,208384,5632,8/27/2024,Wrong Product,2677.69,Approved
2374,210134,5090,7/20/2024,Poor Quality,2766.88,Approved
2375,217211,5302,6/14/2025,Changed Mind,729.79,Approved
2376,214309,5877,10/1/2025,Late Delivery,950.93,Approved
2377,205019,5273,3/8/2025,Late Delivery,2772.63,Processed
2378,218024,5312,7/2/2025,Wrong Product,10295.13,Approved
2379,215215,5507,9/22/2024,Late Delivery,9181.38,Approved
2380,203482,5249,1/23/2025,Poor Quality,1822.6,Approved
2381,200728,5597,12/26/2024,Poor Quality,985.15,Approved
2382,204615,5883,12/24/2025,Poor Quality,22178.58,Approved
2383,217540,5512,8/7/2025,Wrong Product,3145.04,Approved
2384,209582,5035,9/18/2025,Not as Expected,481.04,Approved
2385,200234,5165,2/5/2024,Changed Mind,936.57,Approved
2386,204861,5918,12/22/2025,Not as Expected,5127.01,Processed
2387,215671,5695,12/17/2025,Size Issue,4207.72,Approved
2388,214810,5619,8/15/2023,Damaged Product,957.4,Approved
2389,209683,5218,7/11/2025,Not as Expected,5121.65,Processed
2390,213252,5390,3/29/2024,Changed Mind,446.61,Approved
2391,207840,5884,3/22/2025,Late Delivery,6361.43,Approved
2392,215248,5796,11/27/2025,Changed Mind,1703.66,Approved
2393,204600,5717,10/17/2025,Size Issue,486.06,Processed
2394,203185,5337,6/24/2025,Poor Quality,775.44,Approved
2395,204741,5255,7/22/2025,Not as Expected,1489.41,Approved
2396,219974,5688,4/29/2025,Size Issue,2486.62,Approved
2397,208155,5944,1/19/2025,Damaged Product,281.24,Approved
2398,218303,5369,5/15/2025,Wrong Product,423.06,Approved
2399,209795,5543,5/20/2025,Not as Expected,1219.79,Approved
2400,200241,5315,10/14/2023,Not as Expected,826.07,Approved
2401,210584,5286,4/12/2025,Damaged Product,209.13,Approved
2402,200300,5942,5/28/2024,Size Issue,2184.32,Processed
2403,218264,5529,12/8/2025,Late Delivery,1106.39,Approved
2404,217853,5892,4/24/2025,Wrong Product,3268.34,Approved
2405,201451,5312,7/16/2024,Not as Expected,5370.49,Approved
2406,209275,5898,12/4/2025,Not as Expected,8120.73,Processed
2407,208391,5691,7/10/2025,Poor Quality,671.89,Approved
2408,211740,5652,10/26/2025,Not as Expected,2493.64,Approved
2409,204677,5874,8/23/2025,Not as Expected,555.97,Approved
2410,217982,5923,4/3/2025,Not as Expected,215.69,Approved
2411,218917,5636,4/7/2025,Wrong Product,910.06,Approved
2412,211845,5539,7/16/2024,Wrong Product,539.24,Processed
2413,215168,5016,11/11/2024,Late Delivery,408.59,Approved
2414,203955,5815,7/3/2025,Size Issue,605.72,Approved
2415,219341,5753,12/20/2024,Not as Expected,1016.96,Approved
2416,211748,5132,4/17/2025,Poor Quality,2088.58,Processed
2417,204249,5214,1/31/2025,Poor Quality,785.87,Approved
2418,206505,5825,4/27/2024,Changed Mind,331.21,Processed
2419,207129,5097,10/4/2025,Poor Quality,848.67,Approved
2420,201034,5941,12/14/2025,Changed Mind,2978.61,Rejected
2421,214052,5741,8/2/2025,Changed Mind,14406.34,Approved
2422,201016,5664,11/7/2024,Wrong Product,4211.76,Approved
2423,204742,5652,10/4/2025,Not as Expected,1407.14,Approved
2424,213605,5994,7/23/2024,Not as Expected,4219.61,Approved
2425,215508,5421,10/29/2025,Late Delivery,5181.26,Approved
2426,212348,5118,9/14/2024,Damaged Product,470.14,Approved
2427,204711,5833,1/29/2025,Damaged Product,1176.43,Processed
2428,205451,5922,11/26/2025,Changed Mind,1342.84,Processed
2429,203519,5830,10/25/2025,Poor Quality,375.28,Approved
2430,219647,5925,12/28/2025,Late Delivery,1113.96,Approved
2431,219591,5320,3/4/2024,Size Issue,3296.4,Approved
2432,202144,5924,12/17/2025,Not as Expected,732.55,Processed
2433,207093,5222,1/8/2026,Late Delivery,4823.82,Approved
2434,203996,5952,8/8/2024,Late Delivery,10689.62,Processed
2435,208020,5182,6/1/2025,Not as Expected,966.48,Approved
2436,202204,5212,3/17/2025,Poor Quality,327.85,Processed
2437,207723,5866,6/11/2025,Not as Expected,1635.51,Approved
2438,203161,5035,8/19/2024,Late Delivery,1033.14,Approved
2439,206986,5612,11/6/2025,Damaged Product,321.94,Approved
2440,215059,5920,8/18/2024,Not as Expected,607.33,Processed
2441,208579,5260,10/25/2024,Not as Expected,255.38,Approved
2442,206433,5423,9/26/2025,Not as Expected,2766.66,Approved
2443,202904,5351,1/10/2026,Not as Expected,1302.58,Approved
2444,202127,5763,12/30/2025,Damaged Product,6347.16,Approved
2445,219992,5735,12/29/2025,Poor Quality,2782.21,Approved
2446,214233,5161,7/2/2024,Not as Expected,279.29,Approved
2447,219360,5696,7/14/2025,Wrong Product,1005.72,Approved
2448,200800,5114,2/25/2025,Changed Mind,1110.85,Approved
2449,217130,5577,11/8/2025,Not as Expected,1354.32,Processed
2450,205511,5210,9/6/2025,Wrong Product,3603.87,Rejected
2451,215397,5533,8/6/2025,Not as Expected,162.67,Processed
2452,201924,5051,11/27/2025,Not as Expected,3224.94,Approved
2453,202398,5232,11/25/2024,Not as Expected,180.08,Approved
2454,219699,5769,11/23/2025,Wrong Product,1060.75,Processed
2455,213111,5858,1/9/2026,Poor Quality,1208.55,Approved
2456,206028,5448,11/19/2025,Size Issue,10127.64,Approved
2457,215266,5266,6/4/2025,Not as Expected,4625.76,Approved
2458,215023,5035,1/5/2026,Wrong Product,1437.29,Approved
2459,212007,5954,1/18/2025,Not as Expected,486.1,Approved
2460,203848,5558,10/19/2025,Poor Quality,2628.58,Approved
2461,219057,5915,9/27/2025,Size Issue,369.34,Processed
2462,201220,5598,9/30/2024,Not as Expected,1048.9,Approved
2463,214365,5619,1/28/2025,Wrong Product,954.41,Approved
2464,207183,5147,6/29/2024,Not as Expected,1413.06,Approved
2465,209365,5786,10/14/2025,Size Issue,373.8,Approved
2466,204027,5722,6/21/2025,Late Delivery,310.12,Approved
2467,219106,5360,6/1/2024,Poor Quality,3016.14,Processed
2468,215019,5010,10/8/2025,Size Issue,796.26,Approved
2469,208788,5952,12/20/2025,Not as Expected,2043.55,Processed
2470,213338,5115,4/19/2025,Poor Quality,5463.22,Processed
2471,201236,5549,5/30/2025,Not as Expected,759.46,Approved
2472,211711,5326,9/22/2024,Not as Expected,5889.93,Approved
2473,209305,5518,6/5/2025,Late Delivery,2041.94,Processed
2474,211684,5219,12/27/2024,Late Delivery,353.46,Approved
2475,201263,5640,6/13/2025,Changed Mind,287,Processed
2476,201377,5707,9/22/2025,Not as Expected,20867.79,Approved
2477,217632,5119,3/23/2025,Damaged Product,1137.05,Processed
2478,219198,6000,5/30/2025,Changed Mind,845.04,Approved
2479,209530,5586,11/7/2025,Size Issue,352.29,Approved
2480,212146,5420,6/21/2025,Not as Expected,2714.71,Processed
2481,202185,5923,12/10/2023,Not as Expected,204.6,Approved
2482,218683,5333,5/24/2025,Changed Mind,1314.23,Approved
2483,219384,5735,3/24/2025,Size Issue,2812.06,Approved
2484,216505,5276,6/10/2024,Changed Mind,235.73,Approved
2485,210140,5485,12/2/2025,Changed Mind,1563.29,Approved
2486,217675,5733,6/30/2024,Not as Expected,14320.52,Approved
2487,202170,5195,8/17/2025,Not as Expected,3438.86,Approved
2488,203137,5750,7/5/2025,Wrong Product,237.59,Approved
2489,216673,5846,5/31/2025,Late Delivery,7942.39,Approved
2490,202544,5715,12/14/2025,Size Issue,3040.34,Approved
2491,218266,5494,4/5/2025,Not as Expected,5130.58,Approved
2492,208916,5440,1/15/2026,Not as Expected,2868.54,Approved
2493,205622,5237,11/1/2025,Late Delivery,337.77,Approved
2494,207367,5213,3/17/2025,Not as Expected,5602.59,Approved
2495,218981,5744,8/20/2023,Size Issue,1974.47,Processed
2496,217766,5189,5/1/2024,Not as Expected,1324.04,Approved
2497,215006,5895,12/27/2023,Changed Mind,1403.15,Rejected
2498,208573,5919,10/19/2025,Not as Expected,4066.58,Approved
2499,214171,5694,8/19/2025,Size Issue,226.97,Processed
2500,200145,5359,6/13/2025,Size Issue,2375.85,Approved
2501,207106,5210,5/21/2025,Damaged Product,3477.21,Approved
2502,200701,5785,8/17/2025,Poor Quality,8372.04,Approved
2503,215635,5704,11/18/2025,Late Delivery,6653.66,Approved
2504,201482,5655,12/23/2024,Not as Expected,350.31,Approved
2505,201869,5602,1/21/2026,Poor Quality,1807.92,Approved
2506,216573,5992,11/1/2025,Not as Expected,2607.18,Approved
2507,204928,5570,8/17/2025,Not as Expected,6689.7,Approved
2508,217427,5714,9/14/2025,Damaged Product,908.88,Approved
2509,204876,5808,7/13/2023,Late Delivery,2227.15,Approved
2510,212698,5136,3/31/2023,Damaged Product,4765.6,Approved
2511,203190,5245,10/24/2025,Size Issue,4043.58,Approved
2512,214246,5566,10/30/2025,Damaged Product,7904.99,Processed
2513,211962,5435,11/8/2023,Changed Mind,524.01,Rejected
2514,216311,5479,7/8/2025,Not as Expected,2569.18,Approved
2515,215778,5806,6/10/2025,Poor Quality,11756.17,Processed
2516,200408,5315,3/3/2023,Poor Quality,466.23,Rejected
2517,208397,5687,1/8/2026,Not as Expected,9170.28,Approved
2518,215821,5286,7/25/2025,Changed Mind,951.93,Approved
2519,201002,5283,5/9/2025,Late Delivery,9230.21,Approved
2520,218820,5486,10/15/2025,Size Issue,1457.72,Processed
2521,215246,5306,10/15/2025,Late Delivery,2492.27,Processed
2522,205965,5749,7/6/2025,Damaged Product,1496.2,Approved
2523,201289,5675,12/15/2025,Late Delivery,7688.34,Approved
2524,200296,5105,11/2/2025,Not as Expected,19626.29,Processed
2525,204224,5923,11/1/2023,Changed Mind,208.29,Processed
2526,214282,5944,2/15/2024,Late Delivery,289.43,Processed
2527,215120,5342,1/19/2025,Damaged Product,1510.72,Approved
2528,207190,5605,7/21/2023,Late Delivery,853.66,Approved
2529,201901,5489,12/25/2025,Late Delivery,356.12,Approved
2530,200128,5609,10/16/2025,Wrong Product,459.35,Approved
2531,215793,5918,4/18/2025,Changed Mind,2443.15,Processed
2532,209174,5932,7/15/2025,Not as Expected,1917.4,Approved
2533,218403,5894,1/18/2023,Not as Expected,253.29,Processed
2534,205944,5731,12/22/2025,Size Issue,5042.25,Approved
2535,212106,5044,7/30/2025,Poor Quality,4263.72,Processed
2536,216825,5345,3/21/2025,Late Delivery,1385.79,Approved
2537,212165,5136,12/16/2025,Not as Expected,4237.42,Approved
2538,213992,5390,11/15/2025,Poor Quality,1967.54,Approved
2539,215513,5566,12/23/2023,Poor Quality,7927.34,Approved
2540,214735,5593,12/20/2024,Changed Mind,168.92,Approved
2541,218109,5071,12/9/2025,Changed Mind,371.18,Approved
2542,219050,5528,12/8/2025,Not as Expected,493.55,Approved
2543,208727,5153,11/13/2025,Size Issue,704.43,Rejected
2544,214722,5720,11/11/2025,Poor Quality,280.14,Processed
2545,210665,5975,8/13/2024,Wrong Product,3308.8,Approved
2546,210405,5686,11/22/2024,Changed Mind,1106,Processed
2547,214253,5382,9/3/2025,Poor Quality,388.57,Processed
2548,214657,5619,12/27/2025,Changed Mind,1882.41,Approved
2549,210759,5724,12/22/2024,Poor Quality,425.47,Approved
2550,219399,5661,12/5/2023,Changed Mind,418.05,Rejected
2551,209254,5392,10/10/2025,Changed Mind,4727.83,Processed
2552,204614,5950,11/15/2025,Changed Mind,105.06,Approved
2553,201303,5294,8/3/2025,Late Delivery,1590.27,Approved
2554,206973,5306,5/27/2025,Not as Expected,2315.28,Approved
2555,200611,5968,6/14/2024,Poor Quality,2386.17,Rejected
2556,200740,5750,1/1/2025,Changed Mind,253.48,Processed
2557,211680,5629,7/10/2025,Not as Expected,733.26,Rejected
2558,208718,5090,6/30/2024,Not as Expected,5814.96,Approved
2559,209453,5559,7/6/2024,Size Issue,1936.79,Approved
2560,214368,5907,1/7/2026,Changed Mind,1179.51,Approved
2561,216335,5905,9/22/2024,Wrong Product,106.59,Approved
2562,201095,5282,10/12/2025,Not as Expected,529.79,Processed
2563,219103,5678,12/13/2023,Late Delivery,618.14,Approved
2564,202442,5895,9/9/2024,Not as Expected,896.83,Approved
2565,206671,5015,12/19/2025,Wrong Product,178.65,Processed
2566,206791,5997,8/6/2024,Late Delivery,750.93,Approved
2567,216709,5445,5/29/2025,Wrong Product,923.78,Approved
2568,214706,5463,7/14/2024,Size Issue,1111.62,Approved
2569,209684,5400,9/20/2025,Size Issue,559.07,Approved
2570,202053,5910,1/12/2026,Poor Quality,290.79,Processed
2571,212976,5585,1/12/2026,Not as Expected,2184.6,Approved
2572,208485,5882,9/1/2024,Size Issue,2347.98,Approved
2573,216817,5647,11/8/2025,Changed Mind,2246.64,Processed
2574,206795,5601,11/6/2025,Poor Quality,603.73,Approved
2575,208416,5109,7/21/2025,Not as Expected,728.19,Approved
2576,218725,5468,11/26/2023,Size Issue,1288.35,Processed
2577,219775,5704,2/27/2024,Changed Mind,19887.15,Approved
2578,207892,5035,3/21/2025,Not as Expected,502.62,Approved
2579,206442,5051,12/9/2025,Late Delivery,12832.28,Processed
2580,201172,5235,2/15/2024,Not as Expected,205.56,Approved
2581,202412,5813,7/24/2023,Poor Quality,583.98,Approved
2582,207800,5727,8/26/2025,Not as Expected,294.94,Processed
2583,208289,5986,3/9/2025,Poor Quality,911.58,Processed
2584,211586,5982,10/13/2025,Poor Quality,1750.02,Approved
2585,214627,5368,6/12/2025,Late Delivery,766.97,Approved
2586,200534,5646,8/27/2025,Wrong Product,367.72,Approved
2587,212662,5164,6/14/2024,Wrong Product,480.15,Processed
2588,202256,5370,11/14/2023,Wrong Product,309.92,Approved
2589,212578,5004,6/24/2025,Changed Mind,7916.12,Approved
2590,209868,5213,9/8/2025,Late Delivery,2791.95,Approved
2591,202911,5201,9/13/2025,Not as Expected,1021.44,Approved
2592,205129,5613,10/21/2024,Late Delivery,1286.05,Approved
2593,205590,5976,7/11/2025,Not as Expected,654.89,Approved
2594,211606,5889,11/15/2025,Poor Quality,667.16,Processed
2595,213884,5744,10/14/2025,Late Delivery,1836.1,Approved
2596,202984,5915,1/4/2026,Size Issue,723.16,Processed
2597,203256,5579,10/15/2025,Size Issue,1075.87,Processed
2598,219738,5163,8/16/2024,Late Delivery,1736.41,Approved
2599,200352,5358,5/27/2025,Changed Mind,5957.31,Approved
2600,205380,5722,11/6/2024,Changed Mind,311.86,Approved
2601,202358,5431,5/14/2023,Late Delivery,230.16,Processed
2602,202927,5671,12/1/2025,Late Delivery,1956.49,Approved
2603,217391,5567,10/23/2025,Late Delivery,307.81,Approved
2604,219285,5193,10/4/2024,Size Issue,339.44,Approved
2605,211703,5613,4/17/2025,Not as Expected,1278.98,Approved
2606,201981,5209,10/6/2023,Changed Mind,6023.68,Approved
2607,212694,5231,7/16/2025,Damaged Product,314.62,Approved
2608,212854,5333,9/17/2024,Poor Quality,2083.74,Approved
2609,203238,5780,1/31/2025,Size Issue,995.94,Processed
2610,206727,5064,8/9/2025,Wrong Product,1117.11,Processed
2611,207069,5486,10/24/2024,Size Issue,374.2,Approved
2612,205728,5032,10/11/2024,Size Issue,3357.28,Processed
2613,214119,5063,12/31/2025,Not as Expected,871.43,Approved
2614,200292,5686,4/6/2023,Not as Expected,1139.71,Approved
2615,201552,5204,1/20/2025,Size Issue,2570.51,Approved
2616,202314,5945,7/25/2024,Late Delivery,1759.24,Approved
2617,205917,5356,9/5/2025,Damaged Product,1210.44,Rejected
2618,208309,5279,9/18/2025,Not as Expected,405.31,Approved
2619,203462,5951,11/22/2024,Wrong Product,1851.86,Processed
2620,200827,5494,9/3/2025,Late Delivery,3706.73,Approved
2621,204570,5575,11/15/2025,Not as Expected,1325.99,Approved
2622,204352,5165,12/22/2024,Size Issue,949.65,Approved
2623,216953,5599,11/22/2025,Damaged Product,4846.82,Processed
2624,212749,5711,10/20/2025,Size Issue,1227.88,Processed
2625,204747,5656,6/25/2025,Not as Expected,2486.87,Approved
2626,209224,5724,10/17/2025,Changed Mind,896.86,Approved
2627,211836,5051,3/6/2025,Changed Mind,3236.73,Approved
2628,214419,5561,10/16/2025,Poor Quality,4353.94,Approved
2629,201988,5902,4/15/2025,Not as Expected,8327.34,Approved
2630,216946,5029,8/7/2024,Not as Expected,1666.26,Approved
2631,203919,5628,4/17/2025,Late Delivery,20907.27,Approved
2632,214133,5286,7/13/2025,Changed Mind,417.66,Approved
2633,209657,5572,12/3/2024,Late Delivery,1313.42,Approved
2634,205017,5766,1/29/2025,Late Delivery,362.71,Processed
2635,218297,5907,1/30/2024,Late Delivery,1242.83,Rejected
2636,208749,5780,11/20/2025,Size Issue,1006.08,Rejected
2637,200577,5778,11/29/2025,Changed Mind,324.67,Approved
2638,211037,5331,1/3/2026,Not as Expected,4520.93,Approved
2639,217297,5924,11/24/2025,Poor Quality,2624.84,Approved
2640,209511,5858,12/17/2024,Not as Expected,1114.8,Processed
2641,203242,5633,12/12/2025,Size Issue,3400.49,Approved
2642,213890,5002,1/19/2026,Changed Mind,4856.57,Approved
2643,205241,5159,3/7/2024,Wrong Product,526.46,Approved
2644,215284,5727,10/20/2024,Not as Expected,629.03,Processed
2645,217104,5368,11/6/2025,Late Delivery,3072.33,Approved
2646,212478,5266,12/19/2025,Wrong Product,6493.64,Approved
2647,211694,5763,6/4/2025,Wrong Product,16150.71,Approved
2648,208463,5106,11/10/2025,Not as Expected,8902.88,Processed
2649,206648,5231,1/29/2024,Size Issue,1015.61,Approved
2650,204527,5253,12/18/2025,Changed Mind,218.72,Approved
2651,208746,5388,2/10/2025,Poor Quality,627.62,Approved
2652,211686,5222,12/25/2024,Not as Expected,5123.84,Processed
2653,218765,5939,9/5/2024,Late Delivery,2015.51,Approved
2654,216429,5374,12/18/2025,Changed Mind,69.71,Approved
2655,215128,5528,10/17/2025,Not as Expected,1445.26,Approved
2656,210929,5910,5/22/2025,Late Delivery,280.21,Approved
2657,205904,5193,10/21/2025,Size Issue,361.73,Approved
2658,216289,5836,9/23/2025,Changed Mind,639.15,Approved
2659,215978,5164,3/2/2025,Not as Expected,909.19,Processed
2660,214212,5824,11/16/2025,Wrong Product,3664.85,Approved
2661,210962,5238,8/16/2025,Not as Expected,1460.05,Processed
2662,216822,5347,1/1/2025,Not as Expected,1754.5,Approved
2663,213222,5645,10/9/2024,Changed Mind,94.89,Approved
2664,215051,5763,7/1/2025,Wrong Product,3258.14,Processed
2665,214994,5823,1/15/2026,Changed Mind,4090.11,Approved
2666,216070,5539,10/25/2025,Poor Quality,489.64,Rejected
2667,219287,5185,12/23/2025,Size Issue,5746.17,Approved
2668,203635,5182,12/30/2025,Wrong Product,995.96,Approved
2669,200773,5982,10/29/2025,Size Issue,1541.97,Approved
2670,209279,5356,11/26/2024,Not as Expected,1380.31,Approved
2671,201043,5991,7/21/2025,Wrong Product,1800.36,Approved
2672,205095,5792,4/1/2025,Damaged Product,2464.03,Rejected
2673,216449,5816,3/27/2023,Late Delivery,17338.23,Processed
2674,208757,5169,12/25/2025,Poor Quality,5322.86,Processed
2675,218078,5910,1/16/2026,Wrong Product,549.03,Approved
2676,204848,5306,6/27/2025,Changed Mind,2479.93,Approved
2677,214220,5454,9/23/2025,Late Delivery,7076.81,Approved
2678,211587,5306,10/25/2025,Not as Expected,2304.71,Approved
2679,214410,5828,11/26/2025,Size Issue,1321.97,Processed
2680,202189,5517,11/12/2024,Not as Expected,993.69,Approved
2681,213799,5684,10/14/2023,Poor Quality,1291.87,Approved
2682,211769,5017,11/7/2024,Late Delivery,1699.6,Processed
2683,208243,5298,11/12/2024,Not as Expected,12591.35,Approved
2684,218459,5033,8/11/2024,Wrong Product,672.1,Approved
2685,210927,5385,12/8/2025,Not as Expected,3930.27,Approved
2686,213242,5988,3/12/2024,Size Issue,395.76,Approved
2687,203037,5017,10/4/2025,Size Issue,3280.68,Processed
2688,216473,5408,12/26/2024,Damaged Product,584.1,Processed
2689,205752,5612,8/23/2025,Not as Expected,623.04,Approved
2690,214430,5213,9/23/2024,Poor Quality,6057.12,Approved
2691,209845,5444,2/18/2025,Poor Quality,21686.31,Approved
2692,205669,5182,12/14/2025,Size Issue,3811.78,Approved
2693,213564,5875,11/17/2025,Poor Quality,1296.3,Processed
2694,212718,5429,6/27/2025,Not as Expected,872.74,Approved
2695,210519,5781,9/18/2023,Wrong Product,3892.3,Approved
2696,208451,5318,1/9/2026,Not as Expected,452.08,Approved
2697,210944,5153,9/25/2024,Size Issue,772.71,Approved
2698,211502,5565,7/22/2025,Size Issue,522.9,Approved
2699,205954,5897,8/22/2025,Late Delivery,401.96,Processed
2700,200591,5885,7/8/2024,Wrong Product,4539.29,Approved
2701,216091,5434,12/14/2025,Changed Mind,12335.53,Processed
2702,201475,5535,12/23/2025,Poor Quality,1620.78,Approved
2703,219727,5263,7/21/2024,Damaged Product,3296.53,Processed
2704,202867,5807,1/5/2026,Changed Mind,5463.37,Approved
2705,204274,5514,4/21/2023,Size Issue,3795.46,Approved
2706,205712,5976,9/9/2023,Not as Expected,594.89,Approved
2707,215728,5562,5/31/2025,Late Delivery,685.93,Approved
2708,216099,5552,2/14/2024,Size Issue,661.66,Processed
2709,216978,5222,6/5/2025,Size Issue,5091.95,Approved
2710,207482,5492,11/20/2025,Not as Expected,1981.44,Processed
2711,201293,5314,5/20/2025,Size Issue,8988.45,Processed
2712,205822,5223,7/29/2025,Damaged Product,903.06,Approved
2713,211296,5379,10/29/2024,Damaged Product,2282.87,Approved
2714,209176,5051,1/4/2026,Poor Quality,3089.26,Approved
2715,206167,5575,4/9/2024,Size Issue,3567.62,Approved
2716,218257,5659,1/2/2026,Not as Expected,1160.37,Approved
2717,217412,5818,12/8/2025,Size Issue,768.14,Approved
2718,212534,5907,6/8/2025,Wrong Product,603.69,Approved
2719,216148,5523,5/16/2025,Wrong Product,428.02,Approved
2720,208491,5550,3/11/2025,Late Delivery,956.41,Processed
2721,200634,5286,5/28/2024,Poor Quality,365.88,Approved
2722,210026,5455,2/14/2025,Late Delivery,624.3,Approved
2723,214947,5976,12/11/2025,Not as Expected,668.78,Approved
2724,201494,5567,1/6/2026,Poor Quality,276,Processed
2725,209164,5682,12/17/2024,Damaged Product,507.72,Approved
2726,204200,5769,9/16/2024,Late Delivery,3007.91,Approved
2727,215531,5171,12/13/2023,Late Delivery,1245.32,Processed
2728,216528,5746,12/9/2025,Late Delivery,3408.63,Approved
2729,206642,5950,12/11/2024,Not as Expected,325.11,Approved
2730,207621,5817,10/4/2025,Changed Mind,7720.54,Approved
2731,210806,5192,10/23/2025,Wrong Product,3241.06,Approved
2732,214425,5019,1/2/2026,Not as Expected,3047.96,Approved
2733,206855,5105,1/11/2026,Changed Mind,27675.26,Approved
2734,203799,5716,12/19/2025,Changed Mind,940.17,Approved
2735,213056,5122,9/9/2025,Wrong Product,17428.45,Approved
2736,208496,5859,7/15/2025,Not as Expected,812.21,Approved
2737,200833,5260,6/27/2023,Changed Mind,268.71,Approved
2738,204295,5599,8/6/2025,Wrong Product,8785.39,Approved
2739,213079,5950,1/9/2026,Not as Expected,101.18,Approved
2740,200631,5202,10/2/2025,Size Issue,1343.64,Processed
2741,201353,5928,8/8/2025,Wrong Product,3793.14,Approved
2742,211378,5145,2/18/2025,Changed Mind,6461.85,Approved
2743,211089,5655,8/30/2025,Not as Expected,308.05,Approved
2744,213595,5828,9/23/2024,Not as Expected,1373.75,Approved
2745,209832,5004,9/3/2025,Not as Expected,23599.91,Approved
2746,200451,5357,10/22/2025,Size Issue,1696.12,Approved
2747,219985,5811,12/7/2025,Late Delivery,7049.51,Approved
2748,204838,5671,9/8/2025,Wrong Product,4114.47,Processed
2749,216228,5105,4/9/2024,Late Delivery,12987.14,Approved
2750,207321,5850,9/5/2025,Damaged Product,1757.05,Approved
2751,210083,5499,7/31/2025,Not as Expected,375.44,Approved
2752,204206,5725,5/5/2024,Damaged Product,582.89,Approved
2753,219759,5090,7/16/2024,Not as Expected,2571.8,Processed
2754,213620,5148,7/26/2025,Late Delivery,367.44,Processed
2755,207608,5805,5/21/2023,Damaged Product,4767.07,Processed
2756,214180,5602,5/12/2025,Not as Expected,1801.53,Approved
2757,205206,5183,6/19/2025,Late Delivery,747.76,Approved
2758,204910,5670,12/24/2025,Poor Quality,1154.66,Approved
2759,219890,5656,3/27/2025,Changed Mind,5408.9,Approved
2760,217972,5789,5/29/2025,Poor Quality,6278.13,Processed
2761,218750,5333,10/24/2025,Not as Expected,678.38,Approved
2762,207776,5714,12/13/2024,Wrong Product,3841.15,Approved
2763,209660,5220,9/16/2024,Changed Mind,4219.82,Approved
2764,207372,5427,8/28/2025,Size Issue,431.28,Approved
2765,201671,5801,3/12/2025,Wrong Product,1213.41,Approved
2766,204490,5671,7/19/2025,Size Issue,5959.8,Approved
2767,213086,5471,4/12/2025,Size Issue,441.92,Approved
2768,212346,5520,2/20/2025,Wrong Product,5279.67,Approved
2769,213015,5727,3/22/2025,Not as Expected,304.55,Approved
2770,205220,5115,8/29/2025,Damaged Product,1460.63,Approved
2771,212285,5811,5/25/2025,Late Delivery,3541.13,Processed
2772,219043,5493,8/7/2024,Changed Mind,331.95,Processed
2773,210780,5915,10/1/2025,Size Issue,418.58,Approved
2774,208300,5091,8/27/2025,Not as Expected,3753.74,Approved
2775,214520,5283,11/5/2025,Late Delivery,3035.11,Approved
2776,200929,5181,1/16/2025,Late Delivery,1292.67,Approved
2777,217275,5757,10/14/2025,Late Delivery,5532.14,Approved
2778,208908,5350,3/5/2024,Late Delivery,1511.13,Approved
2779,209506,5457,1/4/2026,Changed Mind,248.17,Approved
2780,217641,5920,11/19/2025,Wrong Product,1136.58,Processed
2781,201059,5035,11/3/2025,Changed Mind,1037.02,Processed
2782,201024,5709,9/2/2025,Not as Expected,114.49,Processed
2783,219244,5547,7/4/2024,Size Issue,2643.22,Approved
2784,219938,5612,12/29/2025,Late Delivery,307.45,Processed
2785,203414,5266,1/21/2026,Changed Mind,2120.03,Approved
2786,212162,5658,4/18/2024,Not as Expected,2307.59,Approved
2787,203241,5197,12/9/2025,Not as Expected,6337.27,Approved
2788,218451,5296,10/14/2024,Changed Mind,79.84,Approved
2789,208623,5429,6/12/2025,Not as Expected,501.7,Approved
2790,219749,5390,2/27/2025,Not as Expected,465.65,Approved
2791,205015,5656,10/14/2024,Late Delivery,2724.88,Approved
2792,215846,5190,12/26/2024,Not as Expected,405.87,Approved
2793,201735,5885,12/2/2025,Size Issue,3468,Approved
2794,208392,5722,1/10/2025,Damaged Product,1559.36,Processed
2795,211777,5237,11/18/2025,Late Delivery,381.09,Approved
2796,209899,5368,9/1/2025,Late Delivery,733.18,Approved
2797,205722,5976,10/17/2025,Not as Expected,686.63,Approved
2798,214068,5949,2/16/2025,Changed Mind,9021.42,Approved
2799,211978,5764,3/29/2025,Not as Expected,1599.78,Approved
2800,214864,5251,7/8/2024,Wrong Product,798.48,Approved
2801,206086,5873,10/14/2025,Wrong Product,845.84,Approved
2802,205961,5911,12/16/2025,Not as Expected,3117.69,Processed
2803,218797,5775,10/6/2025,Not as Expected,4923.97,Approved
2804,217856,5359,9/13/2024,Late Delivery,2360.03,Processed
2805,216273,5572,12/13/2024,Changed Mind,1293.83,Processed
2806,205513,5070,4/30/2025,Not as Expected,11328.94,Approved
2807,219853,5254,2/14/2025,Size Issue,1184.4,Approved
2808,209048,5038,12/7/2023,Late Delivery,996.74,Processed
2809,207109,5601,9/30/2025,Changed Mind,611.68,Approved
2810,204000,5762,12/5/2023,Poor Quality,757.6,Approved
2811,205103,5991,5/6/2025,Late Delivery,828.38,Approved
2812,203815,5885,7/14/2025,Late Delivery,1753.64,Approved
2813,210631,5138,6/2/2025,Changed Mind,782.69,Approved
2814,200383,5175,11/9/2025,Damaged Product,3756.95,Approved
2815,207383,5248,12/30/2025,Damaged Product,717.9,Processed
2816,215880,5267,6/19/2025,Not as Expected,1901.09,Processed
2817,216796,5279,1/27/2025,Size Issue,384.56,Approved
2818,218577,5952,9/12/2025,Late Delivery,1983.4,Approved
2819,218168,5570,12/10/2024,Changed Mind,3140.76,Approved
2820,201234,5509,12/24/2025,Poor Quality,527.91,Approved
2821,217397,5591,10/26/2024,Poor Quality,4028.46,Processed
2822,213998,5990,11/19/2024,Changed Mind,1123.03,Approved
2823,209641,5333,6/2/2024,Damaged Product,650.19,Approved
2824,200514,5477,5/3/2025,Not as Expected,3812.35,Approved
2825,212825,5098,8/12/2025,Poor Quality,2106.84,Approved
2826,205415,5689,10/21/2025,Size Issue,1146.42,Approved
2827,210100,5049,6/20/2025,Not as Expected,2085.73,Processed
2828,212536,5950,6/4/2025,Size Issue,108.4,Approved
2829,207174,5017,10/25/2024,Changed Mind,6186.48,Approved
2830,203290,5333,12/5/2025,Not as Expected,2103.32,Approved
2831,205132,5204,5/29/2023,Late Delivery,2562.82,Approved
2832,215485,5546,5/19/2025,Size Issue,578.33,Approved
2833,209975,5528,2/20/2024,Changed Mind,2334.24,Processed
2834,212283,5450,11/16/2025,Changed Mind,441.34,Approved
2835,202930,5118,9/6/2025,Damaged Product,487.54,Processed
2836,218833,5244,11/9/2024,Changed Mind,12465.39,Processed
2837,219673,5306,6/27/2024,Poor Quality,2337.65,Approved
2838,200381,5146,10/13/2023,Late Delivery,5733.94,Approved
2839,205266,5118,3/27/2025,Not as Expected,1467.52,Approved
2840,219693,5675,7/16/2024,Size Issue,4180.22,Approved
2841,215831,5735,9/2/2025,Changed Mind,1342.96,Approved
2842,209187,5084,12/21/2025,Damaged Product,864.79,Processed
2843,200283,5121,8/24/2024,Changed Mind,3735.1,Approved
2844,204988,5259,12/8/2024,Changed Mind,223.35,Approved
2845,203706,5565,7/5/2023,Wrong Product,483.96,Processed
2846,205772,5830,11/16/2025,Not as Expected,432.61,Approved
2847,213190,5552,7/19/2025,Size Issue,1341.12,Rejected
2848,204734,5350,1/6/2026,Wrong Product,1553.02,Approved
2849,211406,5989,6/21/2025,Not as Expected,3931.21,Approved
2850,209627,5587,4/13/2025,Damaged Product,734.01,Approved
2851,218664,5939,12/10/2025,Wrong Product,2076.11,Approved
2852,216713,5473,12/6/2024,Changed Mind,1263.13,Approved
2853,207630,5662,12/2/2024,Changed Mind,3166.77,Approved
2854,200113,5855,11/9/2025,Poor Quality,190.48,Approved
2855,204763,5869,9/9/2023,Wrong Product,1978.35,Processed
2856,215396,5130,7/10/2025,Poor Quality,617.97,Approved
2857,210226,5063,5/17/2025,Not as Expected,892.26,Approved
2858,208389,5022,7/12/2025,Changed Mind,256.7,Rejected
2859,215790,5704,1/21/2026,Wrong Product,14490.71,Rejected
2860,215829,5149,1/10/2025,Late Delivery,411.12,Approved
2861,215734,5805,1/4/2026,Changed Mind,899.78,Rejected
2862,215561,5220,5/16/2025,Late Delivery,4380.59,Approved
2863,202796,5372,4/9/2025,Not as Expected,18163.62,Approved
2864,200359,5714,11/14/2025,Wrong Product,1055.23,Approved
2865,216432,5820,12/17/2025,Late Delivery,4336.39,Approved
2866,211906,5704,2/23/2025,Not as Expected,6475.16,Processed
2867,218969,5104,10/7/2025,Size Issue,1126.2,Approved
2868,210478,5987,11/24/2025,Not as Expected,540.46,Rejected
2869,215783,5470,10/4/2025,Wrong Product,236.19,Approved
2870,200167,5440,12/19/2025,Size Issue,2967.28,Approved
2871,213914,5376,1/30/2024,Not as Expected,2056.6,Approved
2872,205940,5648,8/14/2025,Poor Quality,519.76,Processed
2873,213321,5906,8/15/2025,Not as Expected,248.28,Approved
2874,215828,5675,4/29/2025,Late Delivery,3697.84,Approved
2875,201655,5910,2/1/2025,Size Issue,1194.47,Approved
2876,213535,5884,3/13/2025,Late Delivery,9982.68,Approved
2877,206526,5938,11/20/2025,Size Issue,947.62,Rejected
2878,212471,5675,12/30/2025,Late Delivery,11516.17,Processed
2879,211454,5754,4/29/2025,Late Delivery,1199.04,Processed
2880,209202,5797,4/18/2025,Poor Quality,91.86,Approved
2881,205831,5078,7/13/2025,Not as Expected,1647.65,Approved
2882,217103,5176,3/19/2025,Changed Mind,892.26,Processed
2883,201345,5554,2/28/2025,Late Delivery,273.68,Processed
2884,209598,5344,2/22/2024,Not as Expected,2053.76,Approved
2885,212907,5715,8/11/2025,Changed Mind,3128.64,Approved
2886,202171,5135,2/24/2024,Changed Mind,4642.35,Approved
2887,202116,5444,10/13/2025,Late Delivery,6608.86,Approved
2888,209718,5722,7/21/2025,Not as Expected,600.77,Approved
2889,210827,5333,9/13/2025,Wrong Product,3226.66,Approved
2890,203026,5347,8/28/2025,Wrong Product,1912.73,Approved
2891,216038,5722,1/6/2024,Poor Quality,548.46,Approved
2892,215492,5481,5/22/2025,Size Issue,2159.31,Processed
2893,212834,5523,6/15/2025,Size Issue,803.98,Approved
2894,210732,5859,8/30/2025,Not as Expected,879.78,Approved
2895,217658,5741,4/26/2024,Changed Mind,12483.22,Rejected
2896,205827,5099,7/10/2024,Late Delivery,658.39,Processed
2897,202646,5585,8/29/2025,Late Delivery,1208.27,Approved
2898,214579,5004,6/3/2025,Poor Quality,7153.58,Approved
2899,204562,5820,12/11/2025,Late Delivery,2422.24,Approved
2900,219524,5337,1/30/2025,Changed Mind,888.14,Approved
2901,217820,5496,10/23/2025,Wrong Product,2113.48,Approved
2902,209518,5406,1/8/2026,Late Delivery,151.56,Processed
2903,208900,5379,1/27/2025,Changed Mind,2486.68,Approved
2904,206196,5430,1/29/2026,Poor Quality,1435.49,Approved
2905,210507,5047,10/24/2025,Late Delivery,397.28,Approved
2906,210833,5415,5/27/2024,Not as Expected,1827.55,Approved
2907,209960,5357,9/3/2025,Size Issue,840.2,Approved
2908,217966,5682,3/7/2025,Wrong Product,1082.34,Approved
2909,216996,5523,12/9/2025,Poor Quality,388.15,Processed
2910,217373,5786,7/17/2025,Late Delivery,349.14,Approved
2911,204038,5766,1/17/2026,Not as Expected,1118.67,Approved
2912,218227,5874,12/7/2024,Not as Expected,689.85,Processed
2913,205203,5486,7/25/2024,Changed Mind,810.26,Processed
2914,206112,5491,4/25/2025,Size Issue,13969.62,Approved
2915,208068,5438,3/21/2025,Not as Expected,1465.39,Approved
2916,212666,5888,11/16/2024,Poor Quality,6608.99,Approved
2917,215169,5799,8/1/2025,Late Delivery,3194.3,Processed
2918,206843,5015,2/18/2025,Not as Expected,184.69,Approved
2919,219936,5166,12/13/2025,Wrong Product,511.94,Processed
2920,209100,5957,1/5/2026,Changed Mind,1696.35,Processed
2921,218222,5964,3/17/2024,Poor Quality,958.54,Approved
2922,217286,5451,1/18/2026,Not as Expected,1494.55,Rejected
2923,212224,5398,11/21/2025,Not as Expected,571.57,Approved
2924,216987,5249,10/17/2025,Changed Mind,1705.37,Approved
2925,204290,5891,6/28/2025,Late Delivery,807.13,Approved
2926,200105,5680,6/27/2024,Wrong Product,733.71,Processed
2927,207866,5656,9/8/2025,Late Delivery,8353.95,Approved
2928,205629,5566,11/6/2025,Not as Expected,14576.56,Approved
2929,205273,5839,8/18/2024,Late Delivery,1913.39,Processed
2930,209792,5029,10/21/2024,Damaged Product,3830.13,Processed
2931,219917,5838,8/9/2025,Late Delivery,149.86,Approved
2932,215162,5138,12/17/2024,Damaged Product,772.35,Approved
2933,204453,5413,5/24/2025,Not as Expected,728.86,Approved
2934,211922,5834,1/18/2025,Changed Mind,1228.84,Approved
2935,214238,5236,2/19/2024,Not as Expected,185.55,Approved
2936,211425,5493,3/11/2024,Not as Expected,1077.43,Processed
2937,212136,5118,9/11/2025,Poor Quality,502.44,Approved
2938,213579,5154,7/18/2024,Not as Expected,858.59,Approved
2939,217621,5004,10/28/2023,Not as Expected,14015.89,Processed
2940,219791,5878,6/6/2025,Changed Mind,962.07,Approved
2941,214239,5346,7/1/2025,Not as Expected,22132.99,Approved
2942,202603,5119,9/30/2025,Changed Mind,4288.28,Approved
2943,217756,5778,11/19/2024,Not as Expected,340.84,Approved
2944,212177,5035,10/7/2025,Late Delivery,476.28,Approved
2945,207427,5992,5/2/2025,Size Issue,2610.73,Approved
2946,200363,5030,3/16/2024,Not as Expected,216.73,Processed
2947,213480,5518,10/30/2025,Changed Mind,1065.7,Approved
2948,212213,5034,9/13/2024,Poor Quality,762.08,Approved
2949,219977,5932,1/4/2025,Size Issue,443.47,Rejected
2950,218669,5119,11/8/2025,Size Issue,2347.48,Processed
2951,215554,5780,5/17/2025,Size Issue,1067.32,Approved
2952,205549,5973,5/1/2024,Damaged Product,1538.56,Approved
2953,214741,5580,9/11/2025,Not as Expected,509.98,Rejected
2954,209006,5045,11/15/2025,Not as Expected,1343.68,Approved
2955,216622,5722,9/17/2024,Wrong Product,613.03,Approved
2956,215676,5823,1/21/2025,Late Delivery,4341.51,Processed
2957,206333,5286,12/31/2025,Damaged Product,197.96,Approved
2958,204761,5364,10/25/2025,Not as Expected,1102.08,Processed
2959,219280,5625,12/3/2024,Late Delivery,1118.44,Approved
2960,209023,5608,8/15/2025,Late Delivery,4602.91,Rejected
2961,208204,5750,2/18/2025,Changed Mind,242.85,Approved
2962,210986,5500,8/7/2025,Late Delivery,8555.32,Approved
2963,206289,5438,8/11/2025,Late Delivery,2921.55,Processed
2964,204257,5140,8/29/2025,Damaged Product,1801.5,Approved
2965,212820,5426,1/10/2026,Damaged Product,1290.95,Approved
2966,214694,5595,5/17/2024,Not as Expected,6518.26,Approved
2967,206533,5106,1/7/2026,Not as Expected,8093.76,Approved
2968,212668,5085,5/21/2025,Size Issue,1356.52,Processed
2969,201647,5371,9/11/2024,Not as Expected,259.98,Approved
2970,205085,5685,10/14/2025,Wrong Product,786.99,Approved
2971,205911,5615,8/13/2025,Size Issue,175.13,Processed
2972,212328,5786,6/19/2025,Poor Quality,352.4,Approved
2973,219740,5141,7/6/2025,Wrong Product,356.16,Approved
2974,210322,5660,12/28/2025,Not as Expected,1698.01,Processed
2975,208414,5601,1/28/2024,Late Delivery,1927.65,Approved
2976,212515,5437,5/10/2025,Late Delivery,3348.13,Processed
2977,201967,5754,5/9/2024,Not as Expected,1133.25,Processed
2978,204647,5859,4/17/2025,Not as Expected,1635.97,Approved
2979,211322,5041,7/15/2025,Size Issue,10887.76,Processed
2980,218057,5831,5/19/2025,Changed Mind,298.18,Processed
2981,206814,5882,1/6/2026,Changed Mind,2199.15,Approved
2982,201672,5263,8/25/2025,Late Delivery,663.76,Approved
2983,201020,5859,5/14/2025,Damaged Product,818.69,Approved
2984,203681,5182,7/1/2025,Not as Expected,995.02,Approved
2985,213221,5862,4/12/2024,Changed Mind,2415.39,Rejected
2986,202638,5295,6/4/2024,Size Issue,1617.14,Approved
2987,204219,5017,12/31/2023,Poor Quality,1681.47,Processed
2988,202050,5694,5/4/2025,Damaged Product,226.59,Approved
2989,213804,5400,3/2/2025,Not as Expected,1828.81,Processed
2990,217541,5588,8/4/2025,Poor Quality,2281.3,Approved
2991,213271,5828,1/10/2025,Not as Expected,3935.56,Approved
2992,200901,5080,3/5/2025,Damaged Product,15953.95,Approved
2993,211785,5165,9/12/2025,Poor Quality,1859.98,Processed
2994,203031,5905,7/10/2025,Changed Mind,224.46,Approved
2995,218841,5671,7/23/2025,Size Issue,3586.6,Approved
2996,207318,5146,10/30/2025,Damaged Product,5465.45,Processed
2997,208337,5869,7/6/2025,Not as Expected,1350.85,Rejected
2998,214660,5950,2/6/2024,Size Issue,107.69,Processed
2999,219174,5274,9/2/2023,Late Delivery,681.79,Approved
3000,203014,5632,12/30/2025,Late Delivery,1746.8,Approved
3001,202305,5601,7/5/2025,Not as Expected,615.68,Approved
3002,207332,5638,12/23/2025,Wrong Product,4099.97,Approved
3003,213758,5928,4/17/2025,Wrong Product,1807.47,Approved
3004,210116,5011,10/4/2025,Not as Expected,8903.79,Approved
3005,211902,5921,6/5/2024,Not as Expected,10375.49,Approved
3006,218292,5450,1/27/2025,Wrong Product,429.56,Approved
3007,215560,5333,7/15/2023,Changed Mind,641.64,Approved
3008,219489,5911,12/23/2025,Not as Expected,6703.38,Processed
3009,208674,5679,11/22/2025,Poor Quality,2332.11,Approved
3010,214032,5799,10/15/2025,Not as Expected,3064.78,Rejected
3011,218355,5433,12/12/2025,Poor Quality,4492.5,Approved
3012,200259,5829,1/13/2026,Late Delivery,252.51,Processed
3013,218734,5615,12/13/2025,Poor Quality,911.57,Approved
3014,217624,5310,8/12/2023,Wrong Product,639.94,Approved
3015,211210,5567,12/16/2025,Not as Expected,910.85,Processed
3016,212393,5950,12/13/2025,Damaged Product,104.46,Processed
3017,201816,5018,11/6/2025,Damaged Product,6312.05,Approved
3018,216756,5658,12/4/2025,Not as Expected,2329.56,Approved
3019,212833,5866,7/12/2024,Wrong Product,1877.22,Approved
3020,202750,5910,5/3/2024,Damaged Product,303.93,Approved
3021,205036,5590,11/1/2025,Changed Mind,863.16,Approved
3022,215043,5601,4/30/2025,Wrong Product,659.31,Approved
3023,218433,5592,5/13/2023,Not as Expected,805.8,Approved
3024,216027,5163,2/7/2025,Late Delivery,1450.98,Approved
3025,205302,5919,1/7/2026,Wrong Product,4442.06,Approved
3026,203555,5869,12/29/2024,Damaged Product,625.31,Approved
3027,208947,5372,6/13/2025,Late Delivery,3352.5,Approved
3028,204277,5126,1/20/2026,Damaged Product,124.75,Approved
3029,218888,5911,7/18/2025,Damaged Product,3387.81,Processed
3030,202751,5932,8/16/2025,Not as Expected,470.43,Approved
3031,218098,5840,3/11/2023,Late Delivery,1825.73,Approved
3032,214750,5874,11/8/2025,Changed Mind,483.5,Processed
3033,217868,5797,5/30/2025,Late Delivery,87.25,Processed
3034,202891,5112,4/9/2024,Damaged Product,1430.05,Processed
3035,207658,5934,8/28/2025,Size Issue,1132.32,Processed
3036,205613,5869,1/20/2026,Poor Quality,2030.86,Approved
3037,216044,5756,6/11/2025,Damaged Product,2129.74,Approved
3038,201045,5988,2/10/2025,Late Delivery,403.3,Approved
3039,213479,5672,12/1/2025,Damaged Product,4094.79,Approved
3040,206422,5112,12/1/2025,Not as Expected,1402.53,Approved
3041,200055,5959,12/12/2023,Changed Mind,1966.95,Approved
3042,204981,5261,8/9/2024,Size Issue,1010.69,Approved
3043,202713,5519,7/7/2024,Late Delivery,91.76,Approved
3044,212552,5665,12/31/2025,Poor Quality,408.48,Approved
3045,214153,5164,1/10/2026,Wrong Product,890.81,Approved
3046,210851,5034,1/7/2026,Size Issue,1384.12,Approved
3047,200307,5267,9/8/2025,Not as Expected,835.95,Approved
3048,210130,5115,8/12/2025,Late Delivery,4219.84,Processed
3049,207910,5066,2/13/2025,Not as Expected,410.42,Processed
3050,218954,5385,7/8/2025,Not as Expected,3862.03,Processed
3051,214184,5704,1/23/2026,Not as Expected,13553.32,Processed
3052,219096,5599,12/6/2024,Late Delivery,9995.34,Approved
3053,202903,5910,1/7/2026,Not as Expected,272.6,Approved
3054,215780,5485,11/10/2023,Wrong Product,3137.38,Approved
3055,206262,5963,6/4/2025,Size Issue,3298.18,Processed
3056,204869,5906,3/9/2023,Not as Expected,263.88,Processed
3057,209301,5095,5/4/2025,Changed Mind,287.15,Approved
3058,203072,5433,10/20/2024,Changed Mind,2154.25,Approved
3059,202517,5326,12/13/2025,Not as Expected,1953.64,Approved
3060,202580,5146,11/15/2025,Damaged Product,5816.13,Approved
3061,215005,5247,1/1/2025,Late Delivery,597,Approved
3062,211159,5686,7/15/2024,Size Issue,1019.67,Approved
3063,205992,5222,1/12/2026,Late Delivery,4897.74,Approved
3064,215079,5807,12/7/2025,Size Issue,1778.8,Approved
3065,206021,5212,5/16/2025,Not as Expected,319.13,Approved
3066,210947,5390,7/6/2023,Not as Expected,1870.09,Approved
3067,212702,5034,6/17/2023,Changed Mind,2254.63,Approved
3068,218671,5796,3/17/2025,Not as Expected,1632.8,Approved
3069,213345,5235,8/30/2025,Poor Quality,763.01,Approved
3070,216060,5312,7/24/2024,Not as Expected,5349.26,Approved
3071,200345,5336,8/12/2025,Poor Quality,504.28,Approved
3072,211444,5011,9/11/2024,Late Delivery,4303.65,Approved
3073,207424,5006,3/11/2025,Damaged Product,633.81,Rejected
3074,213406,5006,2/15/2025,Not as Expected,633.83,Processed
3075,209681,5210,12/18/2025,Not as Expected,3249.56,Approved
3076,203881,5740,6/8/2024,Changed Mind,2322.39,Processed
3077,203487,5357,1/1/2026,Not as Expected,864.65,Approved
3078,219999,5080,12/12/2025,Poor Quality,7257.39,Approved
3079,219766,5737,11/5/2024,Changed Mind,339.67,Processed
3080,206636,5110,12/18/2025,Wrong Product,1441.11,Approved
3081,215548,5518,11/20/2024,Not as Expected,1103.62,Approved
3082,217921,5813,1/21/2026,Not as Expected,592.04,Approved
3083,210638,5966,6/4/2025,Size Issue,2160.85,Approved
3084,203932,5408,11/13/2025,Damaged Product,1330.1,Approved
3085,204161,5913,7/3/2025,Changed Mind,254.42,Approved
3086,200083,5068,12/11/2025,Not as Expected,10851.27,Approved
3087,204706,5376,12/12/2025,Not as Expected,2003.28,Processed
3088,216082,5820,6/19/2024,Not as Expected,2213.31,Processed
3089,209185,5392,6/18/2024,Wrong Product,2097.29,Approved
3090,209951,5664,8/26/2024,Size Issue,4488.58,Rejected
3091,206390,5726,9/11/2024,Poor Quality,386.12,Processed
3092,203429,5161,11/14/2025,Not as Expected,281.79,Approved
3093,218668,5495,11/2/2025,Not as Expected,2923.95,Processed
3094,205809,5435,8/7/2025,Poor Quality,1085.36,Rejected
3095,200556,5200,4/17/2025,Not as Expected,2256.53,Approved
3096,210410,5635,9/21/2023,Size Issue,1088.32,Approved
3097,213419,5780,2/6/2024,Size Issue,999.27,Approved
3098,216146,5228,6/6/2025,Not as Expected,1100.96,Approved
3099,212185,5985,5/11/2025,Not as Expected,1986.53,Approved
3100,206098,5244,12/18/2025,Poor Quality,6626.35,Approved
3101,202856,5291,12/1/2025,Wrong Product,433.43,Approved
3102,207009,5889,7/8/2025,Wrong Product,660.23,Approved
3103,211369,5213,3/12/2025,Late Delivery,8863.35,Rejected
3104,213696,5390,10/8/2025,Late Delivery,900.28,Rejected
3105,208673,5254,2/20/2024,Late Delivery,580.62,Approved
3106,207135,5416,12/8/2025,Not as Expected,1467.23,Approved
3107,211511,5787,10/22/2024,Poor Quality,815.19,Approved
3108,208297,5965,4/19/2025,Size Issue,1786.2,Approved
3109,212460,5323,6/10/2025,Late Delivery,837.63,Approved
3110,218197,5700,11/25/2023,Changed Mind,992.4,Approved
3111,213463,5367,8/14/2023,Poor Quality,5986,Approved
3112,209923,5597,8/20/2025,Wrong Product,1085.21,Approved
3113,208811,5149,8/1/2025,Size Issue,433.06,Approved
3114,204529,5895,10/1/2024,Damaged Product,416.09,Approved
3115,204294,5609,11/30/2024,Not as Expected,434.44,Approved
3116,219702,5448,7/1/2025,Not as Expected,3699.49,Approved
3117,214814,5239,12/31/2025,Changed Mind,190.15,Approved
3118,210737,5034,12/29/2024,Not as Expected,2277.52,Approved
3119,206846,5266,2/1/2025,Not as Expected,4761.45,Approved
3120,209281,5974,6/23/2024,Damaged Product,3278.51,Processed
3121,204109,5775,10/17/2025,Not as Expected,2251.7,Approved
3122,201260,5804,11/16/2025,Damaged Product,3303.1,Approved
3123,208025,5119,3/9/2023,Changed Mind,3551.53,Approved
3124,204117,5205,1/30/2024,Not as Expected,2189.33,Approved
3125,219652,5123,4/11/2024,Not as Expected,301.6,Approved
3126,214654,5893,11/30/2025,Not as Expected,4077.5,Processed
3127,217191,5881,10/5/2025,Poor Quality,202.61,Approved
3128,213436,5560,7/26/2024,Size Issue,279.36,Processed
3129,218949,5311,3/13/2024,Late Delivery,579.22,Processed
3130,200278,5329,11/18/2024,Not as Expected,1921.88,Approved
3131,200937,5143,1/28/2025,Poor Quality,1217.84,Processed
3132,203376,5241,12/23/2025,Poor Quality,1562.07,Approved
3133,211520,5174,9/27/2025,Size Issue,843.91,Approved
3134,209647,5366,10/1/2025,Changed Mind,12686.75,Approved
3135,218941,5976,1/13/2026,Not as Expected,604.86,Approved
3136,217148,5659,11/4/2023,Late Delivery,384.12,Approved
3137,212915,5091,11/8/2025,Poor Quality,5376.29,Approved
3138,206016,5355,11/18/2024,Poor Quality,7058.1,Approved
3139,204323,5356,12/7/2025,Size Issue,2592.82,Approved
3140,212519,5212,12/22/2025,Not as Expected,968.26,Approved
3141,217446,5048,11/11/2025,Wrong Product,519.23,Rejected
3142,205738,5213,11/1/2025,Damaged Product,8821.87,Approved
3143,203450,5841,3/21/2025,Size Issue,445.12,Processed
3144,209840,5264,4/20/2024,Changed Mind,488.51,Approved
3145,217231,5674,12/12/2025,Late Delivery,642.16,Approved
3146,208083,5115,11/28/2023,Poor Quality,3031.97,Approved
3147,215054,5350,10/19/2025,Changed Mind,3091.6,Approved
3148,211106,5115,1/23/2025,Changed Mind,1528.5,Approved
3149,216656,5976,5/22/2025,Not as Expected,624.65,Approved
3150,219274,5730,10/27/2025,Not as Expected,165,Processed
3151,211683,5952,10/14/2025,Size Issue,5975.39,Approved
3152,214192,5845,11/14/2023,Damaged Product,545.64,Rejected
3153,200803,5998,11/17/2025,Late Delivery,4088.26,Approved
3154,217943,5403,9/1/2024,Wrong Product,5982.78,Processed
3155,205519,5841,7/23/2025,Not as Expected,1434.35,Approved
3156,218692,5361,7/26/2025,Size Issue,1036.11,Processed
3157,204610,5606,7/13/2025,Size Issue,1016.78,Approved
3158,209069,5036,1/2/2026,Not as Expected,2217.29,Approved
3159,213829,5144,5/1/2025,Wrong Product,1812.25,Approved
3160,204889,5068,10/30/2025,Not as Expected,2039.42,Approved
3161,208975,5171,4/26/2025,Not as Expected,1197.38,Approved
3162,218290,5387,6/20/2025,Poor Quality,1153.38,Processed
3163,205376,5851,2/16/2025,Poor Quality,893.03,Approved
3164,203977,5686,11/19/2024,Not as Expected,1068.23,Approved
3165,201919,5678,1/19/2024,Changed Mind,319.49,Approved
3166,216258,5398,2/27/2025,Changed Mind,1659.25,Approved
3167,210940,5127,7/20/2025,Wrong Product,1710.85,Approved
3168,202703,5521,1/6/2025,Not as Expected,588.12,Processed
3169,208288,5702,7/16/2025,Poor Quality,1620.04,Approved
3170,208826,5276,11/17/2025,Poor Quality,257.39,Processed
3171,213688,5347,2/12/2025,Poor Quality,1788.49,Approved
3172,218157,5144,1/1/2026,Poor Quality,870.03,Approved
3173,209131,5072,12/19/2023,Changed Mind,1112.39,Approved
3174,200780,5595,10/8/2023,Not as Expected,1999.23,Processed
3175,202385,5118,12/17/2025,Changed Mind,478.46,Approved
3176,207461,5333,9/14/2024,Not as Expected,663.85,Approved
3177,201077,5665,1/19/2025,Poor Quality,432.18,Processed
3178,213281,5143,1/6/2026,Wrong Product,1230.95,Approved
3179,206545,5037,3/2/2025,Poor Quality,4784.8,Processed
3180,202410,5536,11/26/2025,Poor Quality,1770.53,Approved
3181,215344,5002,11/19/2025,Poor Quality,4631.04,Approved
3182,208162,5026,1/7/2025,Late Delivery,15929.93,Processed
3183,216192,5351,5/22/2025,Wrong Product,355.29,Approved
3184,200864,5116,12/25/2025,Damaged Product,281.93,Processed
3185,215153,5045,8/22/2024,Not as Expected,1250.76,Approved
3186,201871,5519,10/28/2025,Not as Expected,198.68,Processed
3187,203115,5295,8/15/2024,Poor Quality,878.16,Approved
3188,207381,5188,11/12/2025,Late Delivery,4739.78,Approved
3189,203722,5834,12/24/2024,Late Delivery,1229.43,Approved
3190,201070,5570,11/19/2025,Late Delivery,6368.23,Approved
3191,200056,5292,3/28/2025,Wrong Product,388.42,Processed
3192,211512,5176,5/18/2025,Size Issue,932.6,Approved
3193,218748,5216,9/20/2025,Poor Quality,366.6,Processed
3194,215913,5366,2/6/2024,Changed Mind,5957.15,Approved
3195,217883,5386,8/27/2025,Damaged Product,1030.03,Approved
3196,211863,5220,12/13/2025,Changed Mind,18020.82,Approved
3197,201185,5516,4/26/2024,Not as Expected,639.5,Approved
3198,216252,5864,10/23/2025,Damaged Product,2456.22,Approved
3199,214431,5211,9/24/2025,Poor Quality,3021.75,Approved
3200,215525,5084,7/2/2025,Wrong Product,838.04,Approved
3201,219110,5296,10/14/2023,Damaged Product,81.96,Approved
3202,206156,5565,5/29/2025,Poor Quality,505.18,Approved
3203,219818,5692,12/4/2025,Changed Mind,2463.84,Processed
3204,206902,5566,8/3/2024,Late Delivery,7899.38,Approved
3205,211661,5246,7/27/2025,Late Delivery,619.36,Approved
3206,214198,5471,10/29/2025,Size Issue,467.22,Approved
3207,207756,5356,6/14/2025,Not as Expected,1357.8,Approved
3208,213239,5227,5/4/2025,Wrong Product,2777.47,Approved
3209,200872,5827,1/10/2026,Not as Expected,7751.62,Approved
3210,212392,5224,3/11/2024,Size Issue,591.96,Approved
3211,218955,5626,11/12/2025,Not as Expected,6061.81,Approved
3212,215622,5195,10/3/2025,Wrong Product,3732.48,Processed
3213,217210,5736,10/7/2025,Not as Expected,384.64,Approved
3214,211702,5242,9/18/2023,Changed Mind,2874.79,Processed
3215,212085,5828,9/4/2023,Damaged Product,6556.56,Approved
3216,213905,5580,3/8/2025,Not as Expected,473.72,Rejected
3217,206488,5299,11/12/2023,Changed Mind,4976.29,Processed
3218,219877,5733,1/4/2026,Late Delivery,30073.33,Approved
3219,213988,5740,7/27/2025,Not as Expected,2361.92,Approved
3220,201788,5459,5/26/2024,Changed Mind,200.46,Processed
3221,202470,5729,12/28/2024,Size Issue,1006.55,Approved
3222,212948,5195,8/11/2025,Changed Mind,3662.57,Processed
3223,219708,5663,11/1/2025,Changed Mind,1650.98,Approved
3224,202782,5490,3/17/2025,Not as Expected,2616.35,Approved
3225,210557,5675,8/15/2025,Poor Quality,3735.07,Approved
3226,214677,5913,8/31/2025,Wrong Product,527.69,Processed
3227,219767,5089,11/15/2025,Changed Mind,2719.19,Approved
3228,219270,5078,11/5/2024,Late Delivery,583.16,Processed
3229,214880,5897,12/20/2025,Wrong Product,399.23,Rejected
3230,201252,5671,12/14/2025,Not as Expected,5445.7,Processed
3231,219768,5563,1/23/2026,Damaged Product,2397.17,Rejected
3232,213549,5208,3/31/2025,Not as Expected,1545.93,Approved
3233,211847,5061,3/4/2025,Not as Expected,837.42,Processed
3234,205988,5333,11/18/2025,Changed Mind,2112.51,Approved
3235,218571,5828,7/17/2024,Damaged Product,2588.28,Processed
3236,201941,5858,7/17/2025,Not as Expected,1152.22,Approved
3237,201022,5230,4/3/2025,Changed Mind,436.81,Approved
3238,209021,5753,7/29/2023,Wrong Product,939.78,Approved
3239,218345,5563,10/10/2023,Not as Expected,2598.21,Approved
3240,202362,5545,10/27/2024,Poor Quality,347.06,Approved
3241,207390,5701,7/22/2025,Poor Quality,1082.61,Approved
3242,212122,5118,9/1/2025,Changed Mind,444.16,Approved
3243,204782,5824,11/23/2025,Changed Mind,3456.08,Approved
3244,209588,5725,6/2/2025,Size Issue,521.19,Approved
3245,200759,5951,7/3/2024,Wrong Product,2037.55,Processed
3246,202878,5262,1/20/2025,Wrong Product,10107.73,Approved
3247,201332,5813,12/17/2025,Not as Expected,1211.76,Approved
3248,210233,5114,2/5/2025,Damaged Product,352.65,Processed
3249,214818,5268,4/14/2025,Size Issue,3624.44,Approved
3250,202089,5715,8/14/2025,Late Delivery,3011.75,Approved
3251,213402,5286,1/13/2026,Size Issue,201.05,Approved
3252,210326,5221,12/22/2025,Poor Quality,632.8,Approved
3253,219151,5105,9/13/2025,Late Delivery,6402.4,Approved
3254,216526,5902,9/17/2024,Not as Expected,24159.72,Rejected
3255,203527,5682,8/20/2023,Changed Mind,531.97,Approved
3256,217380,5746,7/24/2025,Wrong Product,3366.87,Approved
3257,210767,5974,10/10/2025,Changed Mind,6729.17,Approved
3258,217873,5470,12/7/2024,Changed Mind,255.8,Processed
3259,213150,5289,12/15/2025,Not as Expected,3258.36,Approved
3260,218047,5181,1/19/2026,Poor Quality,1339.81,Approved
3261,217276,5012,1/30/2025,Not as Expected,585.33,Rejected
3262,202537,5348,2/28/2025,Changed Mind,4472.43,Approved
3263,206703,5339,12/6/2025,Not as Expected,1598.63,Processed
3264,210896,5356,12/10/2024,Late Delivery,1213.96,Approved
3265,205858,5686,8/6/2025,Late Delivery,1133.37,Approved
3266,211077,5266,5/4/2025,Wrong Product,10352.45,Approved
3267,215086,5722,10/6/2024,Size Issue,543.89,Approved
3268,205934,5279,4/12/2023,Changed Mind,418.41,Processed
3269,216383,5781,4/13/2024,Not as Expected,1818.98,Approved
3270,214991,5460,7/5/2025,Late Delivery,679.24,Approved
3271,208016,5564,11/14/2025,Poor Quality,941.36,Approved
3272,203224,5792,12/16/2023,Not as Expected,955.05,Approved
3273,200798,5435,9/24/2025,Changed Mind,617.44,Approved
3274,218176,5342,6/26/2025,Late Delivery,757.43,Approved
3275,205823,5412,1/17/2025,Not as Expected,1842.62,Approved
3276,207356,5699,10/2/2024,Poor Quality,935.14,Processed
3277,202906,5828,10/31/2025,Changed Mind,2498.83,Approved
3278,203215,5877,10/16/2025,Damaged Product,830.22,Approved
3279,211054,5368,12/25/2025,Size Issue,682.05,Processed
3280,206475,5773,2/1/2024,Late Delivery,7444.4,Processed
3281,215979,5666,11/13/2025,Damaged Product,15189.85,Approved
3282,209983,5570,1/1/2026,Size Issue,3384.5,Processed
3283,210615,5891,1/7/2026,Size Issue,794.22,Approved
3284,206188,5589,12/24/2024,Size Issue,469.11,Approved
3285,211667,5872,2/22/2025,Not as Expected,561.68,Processed
3286,201025,5017,1/26/2026,Changed Mind,4610.7,Approved
3287,219465,5756,12/24/2025,Not as Expected,2029.13,Approved
3288,207996,5455,3/6/2025,Wrong Product,633.68,Approved
3289,207856,5336,9/20/2024,Changed Mind,489.36,Processed
3290,215559,5619,1/1/2026,Poor Quality,900.96,Processed
3291,213680,5432,10/23/2024,Poor Quality,1317.36,Approved
3292,212064,5799,8/25/2025,Not as Expected,3010.36,Approved
3293,212717,5500,12/2/2024,Changed Mind,4279.31,Approved
3294,214445,5919,1/22/2025,Poor Quality,4400.31,Approved
3295,217862,5964,7/9/2025,Not as Expected,475.64,Approved
3296,200349,5824,5/13/2025,Damaged Product,3437.22,Processed
3297,214460,5527,12/16/2024,Late Delivery,1609.65,Approved
3298,207827,5267,7/8/2024,Not as Expected,926.52,Approved
3299,205931,5124,6/13/2024,Not as Expected,499.87,Approved
3300,204656,5636,7/18/2024,Wrong Product,453.57,Processed
3301,207269,5672,7/20/2025,Damaged Product,4025.01,Approved
3302,209425,5689,8/28/2023,Size Issue,698.21,Approved
3303,214250,5895,8/17/2025,Size Issue,1388.75,Approved
3304,210981,5453,11/28/2025,Not as Expected,897.1,Approved
3305,216005,5141,1/4/2026,Not as Expected,387.54,Processed
3306,205647,5346,12/18/2025,Poor Quality,8956.68,Approved
3307,204391,5223,11/11/2024,Not as Expected,1812.89,Processed
3308,209926,5974,4/29/2024,Wrong Product,3227.59,Approved
3309,218241,5005,1/8/2025,Changed Mind,269.76,Processed
3310,209629,5878,5/22/2024,Damaged Product,1016.16,Approved
3311,214962,5056,8/11/2024,Poor Quality,1463.12,Approved
3312,211494,5559,1/4/2026,Late Delivery,1937.99,Processed
3313,204124,5643,11/21/2025,Size Issue,5468.3,Approved
3314,212225,5032,2/1/2025,Changed Mind,1758.94,Approved
3315,204802,5203,12/29/2025,Late Delivery,17552.07,Processed
3316,209395,5350,1/9/2026,Wrong Product,2786.89,Approved
3317,206214,5142,5/6/2023,Changed Mind,2394.05,Approved
3318,215859,5333,2/21/2025,Not as Expected,668.88,Approved
3319,202121,5524,10/24/2025,Wrong Product,546.05,Approved
3320,211637,5009,11/9/2025,Poor Quality,9016.06,Approved
3321,211087,5911,12/31/2024,Not as Expected,5905.44,Approved
3322,200115,5030,9/4/2025,Damaged Product,208.14,Approved
3323,211499,5904,8/22/2025,Late Delivery,1154.47,Processed
3324,204895,5915,5/28/2025,Late Delivery,397.89,Rejected
3325,209996,5253,11/18/2025,Poor Quality,656.5,Approved
3326,217970,5552,11/22/2025,Size Issue,646.12,Approved
3327,206601,5437,12/2/2024,Not as Expected,1885.46,Processed
3328,206222,5437,10/25/2024,Size Issue,5676.61,Approved
3329,201193,5542,6/5/2025,Not as Expected,511.34,Approved
3330,210467,5919,2/24/2025,Not as Expected,1939.05,Processed
3331,217239,5094,12/12/2025,Late Delivery,2876.3,Approved
3332,219288,5212,9/18/2025,Changed Mind,314.68,Processed
3333,205986,5002,10/1/2025,Poor Quality,2182.54,Approved
3334,213447,5425,6/4/2025,Changed Mind,1734.63,Processed
3335,208949,5430,12/29/2025,Late Delivery,276.03,Approved
3336,218766,5567,12/19/2025,Size Issue,1206.13,Processed
3337,201254,5911,10/10/2025,Poor Quality,3213.09,Processed
3338,219598,5116,11/4/2025,Size Issue,586.26,Processed
3339,215325,5386,4/24/2025,Not as Expected,527.05,Processed
3340,208881,5351,8/18/2024,Not as Expected,1744.65,Processed
3341,216249,5857,7/26/2025,Late Delivery,6800.85,Approved
3342,217501,5794,12/26/2025,Not as Expected,265.3,Approved
3343,205907,5016,6/26/2025,Size Issue,794.1,Processed
3344,215084,5858,6/7/2025,Not as Expected,1172.55,Processed
3345,209825,5499,10/14/2025,Late Delivery,775.77,Approved
3346,208824,5171,11/11/2024,Size Issue,2292.05,Processed
3347,210372,5338,11/27/2025,Late Delivery,647.26,Processed
3348,211726,5850,3/14/2024,Wrong Product,1035.85,Approved
3349,200678,5467,8/30/2025,Size Issue,8275.58,Processed
3350,211678,5587,8/13/2025,Damaged Product,733.37,Approved
3351,217572,5824,2/16/2025,Changed Mind,18636.86,Approved
3352,204509,5203,1/1/2026,Poor Quality,5789.27,Approved
3353,202916,5681,1/23/2026,Size Issue,1898.64,Approved
3354,201876,5054,7/17/2025,Size Issue,840.29,Processed
3355,211069,5848,9/29/2025,Not as Expected,5684.71,Approved
3356,218189,5843,4/18/2025,Damaged Product,4527.11,Approved
3357,210530,5655,2/8/2025,Wrong Product,652.49,Processed
3358,208961,5424,12/30/2025,Changed Mind,6322.4,Approved
3359,206849,5494,10/31/2025,Size Issue,7179.59,Processed
3360,219026,5031,3/23/2024,Not as Expected,19293.64,Processed
3361,210988,5164,12/23/2025,Size Issue,514.96,Approved
3362,216958,5220,11/4/2025,Not as Expected,7985.33,Processed
3363,205190,5065,8/8/2025,Wrong Product,248.87,Approved
3364,200600,5596,11/19/2025,Poor Quality,307.63,Processed
3365,214189,5083,11/12/2025,Late Delivery,693.69,Approved
3366,217524,5382,3/5/2025,Size Issue,1141.01,Processed
3367,205367,5149,12/23/2025,Late Delivery,452.03,Approved
3368,210416,5162,2/7/2025,Changed Mind,2029.77,Approved
3369,217890,5182,8/7/2024,Wrong Product,4763.61,Rejected
3370,209884,5523,1/6/2026,Late Delivery,374.02,Approved
3371,206576,5189,4/21/2025,Late Delivery,1235,Approved
3372,204252,5984,8/9/2023,Not as Expected,316.88,Approved
3373,204764,5095,12/2/2023,Not as Expected,312.7,Approved
3374,216188,5095,5/1/2025,Poor Quality,599.65,Approved
3375,204286,5130,7/2/2023,Not as Expected,602.89,Approved
3376,203177,5553,6/29/2024,Changed Mind,3473.1,Approved
3377,216010,5483,10/8/2024,Wrong Product,10678.9,Approved
3378,203855,5911,10/25/2024,Size Issue,3158.61,Approved
3379,217799,5885,12/13/2025,Changed Mind,1678.41,Approved
3380,215820,5623,11/27/2024,Not as Expected,638.74,Rejected
3381,212345,5820,11/3/2025,Late Delivery,7468.58,Approved
3382,212848,5615,11/19/2025,Damaged Product,746.92,Processed
3383,212524,5237,8/30/2023,Wrong Product,373.07,Approved
3384,203696,5209,11/7/2025,Late Delivery,6001.98,Approved
3385,212774,5059,1/26/2025,Not as Expected,1276.09,Processed
3386,219482,5079,12/7/2025,Not as Expected,1819.42,Approved
3387,206056,5083,10/1/2024,Changed Mind,694.06,Approved
3388,201229,5296,9/10/2024,Not as Expected,77.12,Approved
3389,213515,5220,5/7/2025,Not as Expected,3944.95,Approved
3390,210254,5743,9/14/2025,Late Delivery,495.19,Approved
3391,201256,5050,11/6/2025,Size Issue,942.2,Approved
3392,204297,5204,2/12/2025,Poor Quality,5699.45,Processed
3393,219948,5704,7/15/2024,Not as Expected,6934.36,Processed
3394,203924,5055,6/1/2025,Size Issue,1821.96,Approved
3395,205748,5685,10/2/2025,Poor Quality,430.5,Approved
3396,219586,5383,6/28/2025,Damaged Product,14937.62,Approved
3397,219728,5917,10/10/2024,Not as Expected,2290.97,Approved
3398,212472,5455,12/22/2025,Not as Expected,1232.34,Processed
3399,215373,5764,3/26/2025,Damaged Product,1642.12,Processed
3400,201799,5118,1/22/2025,Size Issue,440.04,Approved
3401,204099,5683,5/11/2025,Not as Expected,794.44,Rejected
3402,200165,5228,8/8/2024,Size Issue,738.37,Processed
3403,208859,5174,12/26/2025,Size Issue,873.88,Approved
3404,204199,5689,5/21/2025,Poor Quality,334.08,Approved
3405,219792,5329,4/21/2025,Not as Expected,2054.15,Approved
3406,210612,5148,9/3/2025,Wrong Product,184.79,Processed
3407,214341,5130,2/1/2025,Wrong Product,569.85,Rejected
3408,215660,5827,6/2/2024,Poor Quality,7791.86,Approved
3409,212319,5881,2/11/2025,Damaged Product,398.4,Processed
3410,203148,5339,5/11/2024,Late Delivery,593.93,Processed
3411,219412,5916,10/29/2025,Damaged Product,3585.37,Approved
3412,215769,5491,11/22/2025,Not as Expected,4352.97,Approved
3413,215000,5824,9/8/2025,Damaged Product,3476.61,Approved
3414,205935,5029,4/16/2025,Late Delivery,5450.7,Approved
3415,201194,5769,5/16/2025,Damaged Product,2229.78,Processed
3416,207246,5112,11/8/2024,Not as Expected,1578,Rejected
3417,215292,5724,4/29/2025,Damaged Product,1435.49,Approved
3418,203952,5140,10/14/2024,Not as Expected,1863.04,Rejected
3419,208413,5917,8/4/2025,Poor Quality,5039.79,Approved
3420,215759,5330,8/30/2024,Changed Mind,1058.74,Approved
3421,218477,5852,4/24/2025,Damaged Product,1611.84,Approved
3422,209888,5273,8/27/2025,Changed Mind,5737.85,Approved
3423,218694,5694,7/20/2024,Changed Mind,197.05,Processed
3424,206443,5610,8/8/2025,Not as Expected,919.21,Processed
3425,202501,5531,2/28/2024,Not as Expected,579.93,Approved
3426,202821,5122,3/8/2024,Poor Quality,4838.48,Processed
3427,200960,5952,2/14/2025,Changed Mind,2066.1,Approved
3428,207152,5106,5/30/2025,Late Delivery,4429.13,Processed
3429,212949,5839,2/16/2025,Late Delivery,1009.68,Approved
3430,200750,5981,12/19/2025,Not as Expected,7059.13,Processed
3431,207808,5619,5/23/2025,Poor Quality,1963.98,Processed
3432,217263,5778,6/29/2025,Poor Quality,352.5,Approved
3433,201976,5780,9/30/2025,Wrong Product,1054.2,Approved
3434,202726,5671,6/26/2025,Late Delivery,7429.69,Approved
3435,205398,5015,2/12/2025,Wrong Product,359.98,Approved
3436,216053,5653,9/19/2025,Not as Expected,932.92,Approved
3437,208739,5086,4/27/2025,Late Delivery,5986.23,Approved
3438,213897,5924,8/14/2025,Not as Expected,729.73,Processed
3439,200123,5521,12/23/2024,Not as Expected,1710.65,Approved
3440,213452,5609,11/17/2025,Changed Mind,461.19,Approved
3441,203207,5950,3/15/2025,Wrong Product,200.47,Approved
3442,208530,5680,11/15/2025,Size Issue,748.31,Approved
3443,216863,5362,1/10/2026,Damaged Product,988.53,Approved
3444,208899,5457,10/14/2025,Size Issue,246.73,Approved
3445,217496,5928,11/29/2024,Size Issue,9583.53,Approved
3446,200211,5496,5/26/2025,Late Delivery,2113.73,Approved
3447,207922,5143,10/10/2024,Not as Expected,1309.68,Approved
3448,208663,5014,11/8/2024,Not as Expected,1704.27,Approved
3449,214570,5908,7/31/2024,Size Issue,1018.98,Rejected
3450,219058,5675,12/23/2025,Late Delivery,3644.63,Processed
3451,202001,5924,11/10/2025,Not as Expected,725.93,Approved
3452,202797,5534,10/24/2024,Late Delivery,207.67,Rejected
3453,215477,5361,8/19/2024,Not as Expected,1873.82,Approved
3454,219033,5558,5/16/2025,Size Issue,1367.52,Approved
3455,212205,5264,10/9/2024,Not as Expected,248.54,Approved
3456,203798,5572,8/9/2023,Not as Expected,2649.05,Approved
3457,217557,5783,11/26/2025,Wrong Product,2766.44,Approved
3458,211506,5093,7/6/2025,Changed Mind,1780.44,Processed
3459,211464,5422,11/18/2024,Damaged Product,4524.68,Approved
3460,207873,5135,12/7/2025,Poor Quality,2303.01,Approved
3461,206083,5653,12/29/2025,Not as Expected,905.31,Approved
3462,201594,5269,1/4/2026,Not as Expected,1360.97,Rejected
3463,205261,5438,12/28/2025,Late Delivery,648.58,Rejected
3464,216652,5295,12/8/2024,Poor Quality,827.16,Rejected
3465,200755,5016,4/12/2025,Wrong Product,373.64,Approved
3466,207783,5770,4/23/2025,Poor Quality,9241.87,Approved
3467,209860,5378,3/7/2025,Changed Mind,3646.12,Processed
3468,213561,5430,10/12/2025,Not as Expected,842.64,Processed
3469,202029,5105,6/26/2025,Not as Expected,20968.74,Processed
3470,214013,5499,7/11/2025,Late Delivery,414.98,Processed
3471,207074,5222,4/15/2025,Late Delivery,9837.26,Processed
3472,201911,5133,5/27/2024,Not as Expected,503.97,Approved
3473,208312,5786,2/5/2025,Changed Mind,372.55,Rejected
3474,207477,5410,9/6/2024,Changed Mind,1476.75,Processed
3475,211003,5486,12/13/2025,Wrong Product,347.65,Approved
3476,216062,5214,9/25/2025,Poor Quality,245.97,Approved
3477,213282,5538,1/7/2025,Not as Expected,390.52,Approved
3478,208314,5112,5/6/2025,Not as Expected,3155.63,Approved
3479,218373,5726,7/27/2024,Changed Mind,174.3,Processed
3480,201442,5352,8/23/2025,Changed Mind,2806,Approved
3481,200385,5133,4/25/2025,Late Delivery,255.78,Approved
3482,210839,5010,11/9/2025,Poor Quality,1544.27,Approved
3483,205981,5944,5/3/2024,Poor Quality,291.39,Approved
3484,205833,5097,5/12/2025,Late Delivery,1576.6,Approved
3485,219664,5676,9/13/2025,Poor Quality,234.79,Rejected
3486,203230,5480,1/25/2024,Size Issue,602.06,Approved
3487,211012,5718,5/6/2023,Not as Expected,884.53,Processed
3488,215345,5976,9/25/2025,Not as Expected,2556.31,Approved
3489,210727,5454,2/15/2025,Poor Quality,2225.1,Rejected
3490,200365,5699,10/12/2024,Not as Expected,3861.24,Approved
3491,200652,5189,8/19/2025,Not as Expected,1203.98,Approved
3492,201929,5577,1/7/2026,Late Delivery,4051.88,Approved
3493,205689,5139,12/21/2023,Poor Quality,3622.25,Approved
3494,217317,5872,12/16/2025,Poor Quality,269.06,Approved
3495,211541,5401,5/3/2024,Late Delivery,1839.1,Approved
3496,200317,5699,9/8/2025,Not as Expected,3520.28,Processed
3497,207511,5840,11/20/2025,Poor Quality,1701.77,Processed
3498,215385,5002,6/28/2024,Not as Expected,2146.79,Approved
3499,205265,5302,7/13/2024,Size Issue,1107.32,Approved
3500,212622,5859,1/2/2026,Poor Quality,1733.74,Processed
3501,206076,5055,12/26/2025,Late Delivery,1943.58,Processed
3502,212104,5992,8/12/2025,Not as Expected,2857.78,Rejected
3503,218506,5831,12/21/2025,Damaged Product,341.38,Approved
3504,207500,5744,5/8/2024,Changed Mind,3965.55,Processed
3505,207843,5004,10/19/2023,Not as Expected,14285.23,Approved
3506,213960,5669,6/6/2025,Size Issue,2191.02,Processed
3507,210090,5797,2/22/2024,Poor Quality,188.68,Approved
3508,212060,5457,12/31/2025,Not as Expected,230.77,Processed
3509,215435,5031,11/10/2025,Not as Expected,6337.66,Approved
3510,209413,5353,7/28/2023,Changed Mind,1917.11,Approved
3511,206182,5945,8/8/2025,Size Issue,1475.49,Approved
3512,216184,5165,3/25/2025,Late Delivery,969.93,Processed
3513,214111,5182,8/17/2025,Poor Quality,880.49,Approved
3514,200427,5722,4/2/2025,Changed Mind,312.04,Processed
3515,214624,5004,6/14/2025,Changed Mind,21229.53,Approved
3516,203652,5548,11/30/2025,Not as Expected,3636.82,Approved
3517,214658,5606,9/25/2025,Size Issue,2900.01,Approved
3518,213366,5632,10/15/2024,Size Issue,940.15,Approved
3519,206082,5952,7/7/2024,Late Delivery,2108.59,Approved
3520,217664,5339,6/10/2025,Changed Mind,1064.5,Approved
3521,200472,5633,12/19/2024,Late Delivery,1728.09,Approved
3522,215191,5872,10/11/2025,Not as Expected,258.85,Approved
3523,212890,5084,2/23/2025,Not as Expected,3546.47,Processed
3524,209783,5204,2/16/2023,Changed Mind,5294.07,Approved
3525,211784,5386,2/9/2025,Poor Quality,504.44,Approved
3526,204205,5473,12/11/2025,Not as Expected,366.49,Processed
3527,204078,5620,7/25/2025,Changed Mind,2706,Approved
3528,218807,5350,1/1/2026,Not as Expected,3134.22,Approved
3529,210164,5032,1/20/2025,Not as Expected,1902.19,Processed
3530,204025,5602,12/23/2025,Late Delivery,1851.43,Approved
3531,203834,5333,1/13/2026,Damaged Product,653.15,Approved
3532,216619,5660,9/21/2025,Changed Mind,5616.69,Approved
3533,215313,5473,9/12/2025,Damaged Product,1103.21,Processed
3534,214782,5119,9/30/2025,Changed Mind,1159.18,Approved
3535,202974,5514,1/5/2025,Not as Expected,4106.72,Approved
3536,200369,5237,12/6/2025,Late Delivery,349.87,Approved
3537,200320,5385,11/1/2024,Not as Expected,4180.62,Approved
3538,219909,5785,7/19/2025,Size Issue,4461.97,Approved
3539,212752,5797,5/12/2025,Not as Expected,96.23,Approved
3540,219093,5585,2/25/2023,Wrong Product,1092.06,Approved
3541,218638,5410,5/30/2023,Size Issue,1642.15,Approved
3542,209644,5153,10/3/2024,Size Issue,785.66,Approved
3543,208728,5443,2/22/2025,Changed Mind,1516,Rejected
3544,216998,5325,11/19/2025,Not as Expected,1808.82,Processed
3545,211165,5786,7/16/2024,Changed Mind,672.27,Approved
3546,214979,5333,8/9/2025,Not as Expected,641.84,Processed
3547,202683,5409,8/14/2025,Poor Quality,1239.2,Approved
3548,212377,5619,4/7/2025,Late Delivery,1028.92,Approved
3549,206841,5528,12/16/2024,Damaged Product,465.65,Approved
3550,200808,5939,8/29/2025,Poor Quality,10427.48,Approved
3551,200439,5231,1/6/2026,Changed Mind,329.2,Approved
3552,217055,5617,12/3/2024,Changed Mind,367.06,Approved
3553,203723,5905,11/19/2025,Late Delivery,116.47,Rejected
3554,207993,5527,8/24/2025,Poor Quality,771.33,Approved
3555,214307,5323,1/3/2026,Changed Mind,835.49,Rejected
3556,218204,5124,7/25/2025,Size Issue,535.3,Approved
3557,218102,5316,6/14/2024,Poor Quality,1433.02,Approved
3558,219470,5943,1/3/2026,Late Delivery,1933.78,Approved
3559,209610,5049,4/5/2024,Size Issue,1957.61,Approved
3560,202428,5762,7/15/2025,Late Delivery,712.11,Approved
3561,204459,5625,1/8/2026,Size Issue,610.63,Processed
3562,212550,5613,7/21/2025,Damaged Product,1303.99,Approved
3563,207703,5777,4/10/2025,Changed Mind,14429.62,Approved
3564,209977,5681,9/7/2025,Size Issue,1839.2,Approved
3565,204675,5061,7/15/2025,Late Delivery,3990.87,Approved
3566,213769,5900,7/28/2025,Late Delivery,6597.51,Approved
3567,213600,5821,10/30/2024,Changed Mind,744.88,Processed
3568,219978,5897,11/1/2025,Size Issue,386.57,Approved
3569,210491,5120,4/15/2025,Late Delivery,1028.15,Approved
3570,202819,5237,6/15/2025,Not as Expected,1890.76,Rejected
3571,208945,5345,12/16/2025,Not as Expected,1364.52,Approved
3572,204754,5027,12/14/2025,Size Issue,4812.79,Approved
3573,214934,5718,5/27/2024,Changed Mind,420.27,Processed
3574,212505,5976,10/7/2025,Poor Quality,684.81,Approved
3575,212607,5448,4/15/2024,Late Delivery,3492.21,Approved
3576,213461,5744,9/2/2025,Poor Quality,3617.21,Processed
3577,205048,5347,9/1/2025,Not as Expected,1815.92,Approved
3578,215129,5218,12/28/2025,Not as Expected,6497.19,Approved
3579,219501,5469,12/26/2025,Damaged Product,2321.33,Processed
3580,217382,5700,8/2/2025,Not as Expected,3142.94,Approved
3581,205481,5386,9/28/2025,Damaged Product,987.81,Approved
3582,216931,5686,8/16/2024,Changed Mind,1141.67,Approved
3583,203904,5420,1/31/2025,Damaged Product,2712.57,Approved
3584,206960,5756,8/25/2025,Late Delivery,2108.18,Processed
3585,202700,5023,1/9/2026,Late Delivery,1701.12,Approved
3586,205079,5912,4/2/2025,Not as Expected,3960.51,Rejected
3587,205815,5123,6/13/2025,Wrong Product,318.12,Approved
3588,219318,5061,5/18/2025,Not as Expected,2361.89,Rejected
3589,206288,5266,1/1/2026,Size Issue,2175.94,Approved
3590,215302,5879,11/19/2025,Late Delivery,3010.96,Processed
3591,209008,5970,7/14/2024,Size Issue,5893.32,Processed
3592,218293,5534,10/29/2025,Not as Expected,443.34,Processed
3593,210316,5634,12/10/2025,Changed Mind,2230.21,Approved
3594,211080,5192,7/14/2024,Damaged Product,3405.88,Approved
3595,202346,5788,9/28/2024,Wrong Product,2691.22,Approved
3596,204830,5261,10/28/2025,Late Delivery,871.19,Approved
3597,210135,5714,12/22/2025,Not as Expected,1025.01,Approved
3598,207716,5116,1/14/2026,Changed Mind,613.96,Approved
3599,215448,5146,12/1/2023,Not as Expected,5445.41,Approved
3600,210381,5671,10/15/2025,Size Issue,3940.26,Processed
3601,209895,5479,12/26/2025,Not as Expected,605.74,Processed
3602,201413,5359,4/28/2025,Damaged Product,3798.82,Approved
3603,208912,5151,8/16/2025,Not as Expected,2472.25,Approved
3604,200527,5962,9/8/2025,Not as Expected,245.42,Approved
3605,216789,5579,1/18/2026,Wrong Product,496.56,Approved
3606,207944,5064,7/10/2025,Wrong Product,1034.62,Processed
3607,218050,5518,12/31/2025,Size Issue,3430.71,Approved
3608,215973,5580,8/5/2025,Poor Quality,2067.05,Processed
3609,200176,5166,11/7/2025,Poor Quality,532.93,Approved
3610,215148,5868,8/10/2025,Not as Expected,731.43,Processed
3611,200902,5923,10/28/2025,Late Delivery,418.26,Approved
3612,202879,5601,10/11/2025,Poor Quality,2955.26,Approved
3613,213994,5879,1/10/2026,Late Delivery,892.57,Approved
3614,216451,5833,8/29/2024,Size Issue,442.4,Approved
3615,202852,5826,3/24/2025,Not as Expected,2471.21,Approved
3616,203008,5397,6/10/2025,Size Issue,5626.01,Rejected
3617,219209,5882,10/29/2024,Not as Expected,2546.62,Approved
3618,213276,5675,1/22/2026,Poor Quality,7550.02,Approved
3619,208687,5482,6/6/2024,Not as Expected,376.67,Processed
3620,211908,5329,12/14/2025,Changed Mind,7612.21,Approved
3621,213614,5486,7/24/2025,Size Issue,381.91,Rejected
3622,211970,5711,1/11/2026,Size Issue,2176.34,Approved
3623,203267,5991,11/1/2024,Late Delivery,1679.27,Approved
3624,210686,5434,10/23/2024,Changed Mind,6131.6,Approved
3625,203347,5716,12/27/2023,Poor Quality,2830.74,Approved
3626,213230,5629,6/7/2025,Not as Expected,845.53,Approved
3627,209488,5829,6/19/2025,Wrong Product,441.44,Approved
3628,206221,5685,4/20/2025,Wrong Product,823.3,Processed
3629,212399,5945,6/24/2025,Size Issue,3534.99,Approved
3630,209841,5439,3/8/2025,Late Delivery,3174,Approved
3631,206529,5859,4/25/2025,Size Issue,809.93,Approved
3632,212713,5198,7/28/2025,Changed Mind,2508.99,Approved
3633,205806,5990,3/25/2025,Wrong Product,1107.86,Processed
3634,203373,5888,4/24/2024,Poor Quality,8766.09,Processed
3635,216401,5596,12/10/2023,Size Issue,610.94,Approved
3636,218215,5395,8/4/2025,Poor Quality,812.76,Processed
3637,212215,5377,4/29/2025,Late Delivery,345.58,Rejected
3638,205426,5432,8/15/2025,Not as Expected,724.19,Approved
3639,209732,5414,12/31/2025,Poor Quality,965.3,Approved
3640,205901,5574,12/6/2025,Late Delivery,413,Approved
3641,202610,5268,11/6/2024,Late Delivery,1893.18,Processed
3642,210654,5157,12/28/2025,Size Issue,1342.95,Processed
3643,202299,5689,12/28/2025,Changed Mind,737.82,Approved
3644,209090,5857,1/31/2025,Not as Expected,3734.24,Approved
3645,208946,5827,9/18/2025,Not as Expected,8265.34,Processed
3646,218235,5288,10/16/2024,Not as Expected,5972.65,Approved
3647,208624,5650,2/20/2025,Poor Quality,1413.15,Processed
3648,216733,5714,7/27/2024,Not as Expected,1007.92,Approved
3649,213773,5360,10/9/2025,Wrong Product,2841.17,Processed
3650,212257,5229,11/24/2025,Late Delivery,808.34,Approved
3651,203315,5555,4/13/2025,Late Delivery,5293.43,Processed
3652,206503,5214,10/28/2025,Wrong Product,274.87,Approved
3653,211655,5753,12/19/2024,Not as Expected,3734.66,Approved
3654,214859,5255,1/15/2024,Late Delivery,485.94,Processed
3655,202195,5394,3/2/2024,Size Issue,536.56,Approved
3656,219180,5494,10/29/2025,Not as Expected,5575.95,Approved
3657,207880,5996,4/1/2025,Changed Mind,485.56,Approved
3658,204755,5291,10/2/2024,Size Issue,855.28,Approved
3659,218666,5525,12/20/2024,Size Issue,394.58,Approved
3660,208526,5994,5/6/2025,Changed Mind,4014.62,Approved
3661,219649,5577,10/24/2024,Late Delivery,1458.77,Approved
3662,216890,5226,3/10/2024,Not as Expected,1071.26,Approved
3663,204721,5690,10/9/2025,Late Delivery,3008.83,Rejected
3664,217854,5030,5/14/2025,Late Delivery,216.92,Approved
3665,206461,5306,4/11/2025,Wrong Product,4368.21,Approved
3666,205084,5966,1/22/2025,Poor Quality,1067.77,Approved
3667,205803,5952,9/17/2024,Not as Expected,2014.91,Approved
3668,215339,5815,11/24/2024,Damaged Product,569.12,Approved
3669,202111,5091,10/30/2023,Not as Expected,1770.9,Approved
3670,216952,5141,12/7/2025,Poor Quality,357.67,Approved
3671,209995,5756,10/12/2024,Size Issue,995.48,Processed
3672,206280,5220,12/28/2025,Changed Mind,4140.6,Approved
3673,201506,5419,7/26/2025,Damaged Product,172.54,Approved
3674,205673,5126,12/19/2025,Damaged Product,127.08,Approved
3675,215265,5212,12/1/2025,Not as Expected,340.15,Approved
3676,204178,5333,5/31/2025,Wrong Product,666.06,Approved
3677,201206,5523,11/11/2024,Wrong Product,409.88,Processed
3678,217426,5944,1/3/2026,Late Delivery,263.79,Processed
3679,213037,5287,1/4/2026,Size Issue,1520.57,Approved
3680,216883,5567,2/24/2025,Wrong Product,279.98,Approved
3681,212463,5991,9/17/2025,Not as Expected,2634.97,Approved
3682,202214,5479,6/5/2025,Not as Expected,620.04,Approved
3683,214580,5144,10/20/2023,Poor Quality,1788.2,Processed
3684,211275,5059,5/29/2025,Late Delivery,596.45,Approved
3685,215816,5696,12/29/2024,Late Delivery,3162.78,Approved
3686,214438,5986,8/23/2025,Wrong Product,1735.87,Approved
3687,203609,5064,12/25/2025,Poor Quality,2014.84,Approved
3688,213144,5130,3/24/2025,Not as Expected,2280.56,Approved
3689,213510,5166,11/11/2025,Not as Expected,516.9,Processed
3690,217139,5220,10/1/2024,Late Delivery,3954.84,Approved
3691,218440,5269,4/26/2024,Wrong Product,2849.64,Approved
3692,219812,5184,5/18/2025,Size Issue,5577.84,Approved
3693,211911,5267,11/8/2025,Wrong Product,840.6,Approved
3694,204463,5141,4/14/2025,Changed Mind,395.37,Approved
3695,213091,5892,11/10/2025,Late Delivery,3547.95,Approved
3696,210011,5290,1/22/2026,Size Issue,3118.33,Approved
3697,212044,5784,12/29/2025,Changed Mind,860.92,Approved
3698,206887,5334,11/5/2025,Wrong Product,642.5,Approved
3699,209271,5279,7/21/2025,Changed Mind,810.36,Approved
3700,202822,5480,6/6/2025,Changed Mind,1152.12,Processed
3701,216972,5275,11/28/2024,Late Delivery,4188.37,Approved
3702,217739,5070,11/21/2025,Damaged Product,5680.63,Approved
3703,205157,5857,1/4/2026,Wrong Product,7591.48,Approved
3704,205328,5255,11/9/2024,Not as Expected,523.31,Approved
3705,213951,5711,7/16/2025,Not as Expected,2236,Approved
3706,206716,5686,9/27/2024,Poor Quality,3418.62,Approved
3707,219006,5923,1/18/2026,Wrong Product,408.93,Processed
3708,206535,5351,9/12/2025,Poor Quality,1021.01,Approved
3709,204191,5295,9/12/2025,Changed Mind,867.3,Processed
3710,210203,5255,9/17/2024,Not as Expected,497.72,Rejected
3711,208823,5102,7/24/2024,Not as Expected,814.29,Processed
3712,218362,5327,1/20/2025,Poor Quality,977.18,Approved
3713,200076,5638,12/18/2025,Not as Expected,3982.87,Approved
3714,211336,5296,12/25/2025,Damaged Product,79.37,Approved
3715,207925,5957,11/7/2025,Size Issue,1110.95,Processed
3716,206868,5326,5/12/2023,Wrong Product,3635.52,Processed
3717,214743,5050,2/6/2024,Size Issue,931.5,Approved
3718,200361,5617,7/12/2025,Changed Mind,325.66,Approved
3719,212674,5561,10/13/2024,Size Issue,1527.16,Processed
3720,203718,5161,3/18/2025,Not as Expected,281.88,Approved
3721,202071,5546,9/12/2025,Changed Mind,542.46,Approved
3722,211762,5512,5/13/2024,Not as Expected,6098.03,Approved
3723,219913,5346,6/3/2025,Late Delivery,9984.1,Approved
3724,204844,5109,3/5/2024,Wrong Product,679.83,Approved
3725,211665,5239,11/28/2025,Poor Quality,181.4,Approved
3726,205698,5246,12/17/2024,Wrong Product,553.52,Approved
3727,215585,5168,7/18/2025,Not as Expected,1372.09,Processed
3728,218274,5979,2/11/2025,Not as Expected,269.97,Approved
3729,214915,5482,1/11/2025,Changed Mind,1185.99,Approved
3730,204911,5798,5/20/2025,Not as Expected,792.49,Approved
3731,204313,5165,11/9/2025,Not as Expected,1005.48,Approved
3732,218288,5352,9/4/2025,Not as Expected,5899.42,Approved
3733,203442,5435,9/15/2025,Size Issue,2372.55,Approved
3734,208246,5683,5/16/2025,Wrong Product,742.03,Approved
3735,216494,5726,1/6/2026,Late Delivery,175.01,Approved
3736,211737,5859,7/28/2023,Size Issue,843.23,Approved
3737,217046,5675,12/10/2025,Not as Expected,4073.62,Rejected
3738,210443,5237,4/19/2025,Not as Expected,729.29,Approved
3739,214757,5081,9/9/2025,Size Issue,280.98,Processed
3740,203260,5391,7/5/2025,Damaged Product,9605.08,Approved
3741,205424,5192,10/21/2025,Poor Quality,1121.07,Approved
3742,203356,5448,1/13/2026,Changed Mind,14048.77,Approved
3743,207612,5258,1/27/2025,Poor Quality,6895.81,Approved
3744,210400,5757,8/25/2025,Late Delivery,5678.46,Approved
3745,209167,5124,2/16/2025,Size Issue,500.26,Approved
3746,216855,5908,8/28/2024,Poor Quality,1564.78,Approved
3747,216037,5369,3/31/2025,Poor Quality,1310.74,Approved
3748,214298,5217,1/2/2025,Not as Expected,2090.98,Approved
3749,212465,5580,8/4/2025,Size Issue,2071.45,Processed
3750,216522,5463,12/19/2025,Not as Expected,974,Processed
3751,209989,5906,12/7/2025,Not as Expected,127.36,Approved
3752,207276,5255,4/10/2024,Not as Expected,2379.33,Approved
3753,201282,5898,6/5/2025,Wrong Product,3970.06,Approved
3754,205115,5283,1/18/2026,Changed Mind,3388.59,Approved
3755,207810,5628,1/13/2026,Poor Quality,5142.57,Approved
3756,215012,5012,12/22/2024,Damaged Product,602.61,Approved
3757,204444,5182,1/28/2025,Late Delivery,982.35,Approved
3758,213767,5302,5/20/2025,Changed Mind,232.56,Rejected
3759,213396,5165,11/5/2025,Changed Mind,915.97,Processed
3760,204691,5120,3/15/2024,Not as Expected,1118.52,Approved
3761,212405,5865,7/27/2024,Not as Expected,320.24,Approved
3762,201255,5552,12/23/2025,Late Delivery,631.46,Approved
3763,209858,5500,11/9/2025,Damaged Product,2109.36,Processed
3764,206807,5289,1/10/2026,Poor Quality,9435,Approved
3765,214248,5217,7/23/2025,Size Issue,2038.95,Approved
3766,204528,5470,8/4/2023,Changed Mind,472.21,Approved
3767,213610,5637,5/23/2025,Wrong Product,1547.66,Approved
3768,210828,5445,8/14/2025,Damaged Product,836.52,Approved
3769,216924,5403,9/23/2024,Damaged Product,5540.32,Approved
3770,204074,5135,12/29/2025,Changed Mind,2181.38,Approved
3771,209978,5933,12/9/2025,Changed Mind,611.15,Approved
3772,207258,5619,9/4/2024,Not as Expected,1048.39,Approved
3773,201217,5010,4/17/2025,Not as Expected,838.4,Processed
3774,214073,5391,12/3/2025,Poor Quality,4478.98,Approved
3775,213629,5084,2/19/2025,Not as Expected,937.17,Approved
3776,209714,5430,10/23/2025,Size Issue,524.28,Approved
3777,219082,5847,6/3/2024,Not as Expected,587.29,Rejected
3778,209405,5150,12/31/2024,Not as Expected,7787.08,Processed
3779,213356,5250,8/8/2025,Not as Expected,2337.6,Processed
3780,206552,5970,1/9/2026,Changed Mind,3011.93,Approved
3781,207078,5638,9/28/2025,Late Delivery,11988.14,Approved
3782,201138,5584,1/12/2026,Wrong Product,994.19,Processed
3783,218936,5826,2/27/2025,Wrong Product,833.73,Processed
3784,206292,5503,10/11/2025,Late Delivery,1464.82,Approved
3785,218622,5107,9/11/2025,Poor Quality,1165.9,Processed
3786,206803,5872,3/3/2025,Poor Quality,264.9,Processed
3787,203920,5831,1/8/2026,Not as Expected,651.52,Rejected
3788,201860,5744,5/13/2025,Late Delivery,1803.76,Processed
3789,210502,5441,4/21/2024,Wrong Product,312.13,Approved
3790,210213,5984,1/7/2026,Not as Expected,317.84,Processed
3791,216633,5016,12/20/2024,Changed Mind,379.25,Approved
3792,212569,5091,1/4/2024,Wrong Product,1607.56,Processed
3793,213971,5286,1/5/2026,Poor Quality,189.76,Approved
3794,211314,5065,11/16/2025,Not as Expected,734.96,Processed
3795,215034,5625,8/6/2025,Damaged Product,1740.41,Approved
3796,214780,5450,4/22/2024,Changed Mind,466.35,Approved
3797,204702,5237,4/23/2024,Damaged Product,361.95,Processed
3798,205691,5336,11/2/2024,Changed Mind,470.47,Approved
3799,216859,5011,11/23/2025,Size Issue,4685.32,Rejected
3800,219505,5165,12/8/2025,Not as Expected,954.7,Rejected
3801,205312,5450,1/29/2025,Not as Expected,443.12,Approved
3802,202069,5021,6/7/2025,Not as Expected,1780.71,Processed
3803,209578,5060,11/16/2023,Damaged Product,1567.63,Approved
3804,207293,5016,7/19/2025,Not as Expected,819.98,Approved
3805,214065,5733,12/5/2025,Poor Quality,7409.44,Approved
3806,200536,5940,2/13/2025,Not as Expected,894.2,Approved
3807,216487,5331,11/21/2024,Not as Expected,1063.14,Approved
3808,214729,5314,10/31/2025,Wrong Product,2396.74,Approved
3809,208652,5460,5/5/2025,Not as Expected,345.33,Approved
3810,208987,5514,6/5/2025,Not as Expected,3751.93,Approved
3811,203589,5613,10/15/2024,Not as Expected,2263.67,Processed
3812,211285,5264,12/6/2024,Changed Mind,248.17,Approved
3813,215342,5536,6/22/2025,Size Issue,5595.8,Approved
3814,212756,5130,11/13/2025,Not as Expected,1098.31,Approved
3815,200739,5245,12/7/2025,Poor Quality,3987.1,Processed
3816,206623,5799,4/1/2025,Wrong Product,6038.32,Approved
3817,201181,5867,11/13/2025,Not as Expected,678.29,Processed
3818,215553,5800,5/30/2025,Late Delivery,1676.31,Approved
3819,216176,5290,10/2/2024,Late Delivery,1108.24,Approved
3820,215644,5621,11/23/2025,Wrong Product,1354,Approved
3821,211145,5620,12/18/2025,Changed Mind,2862.44,Approved
3822,208148,5326,11/3/2024,Not as Expected,1933.02,Approved
3823,200573,5463,1/11/2026,Late Delivery,3069.17,Approved
3824,207986,5220,1/1/2026,Damaged Product,4197.78,Processed
3825,219668,5056,4/14/2024,Not as Expected,345.38,Processed
3826,216896,5990,8/7/2025,Not as Expected,1138.59,Approved
3827,200097,5141,5/23/2025,Late Delivery,343.71,Processed
3828,209369,5885,12/28/2025,Changed Mind,1592.55,Approved
3829,205872,5921,1/11/2026,Late Delivery,5711.33,Approved
3830,214162,5415,11/25/2025,Changed Mind,1221.53,Processed
3831,216802,5453,9/16/2025,Damaged Product,879.86,Approved
3832,204970,5850,10/6/2024,Poor Quality,1115.35,Approved
3833,202591,5876,7/26/2025,Changed Mind,3430.74,Approved
3834,205899,5655,7/9/2025,Not as Expected,305.29,Approved
3835,217718,5220,10/26/2024,Wrong Product,4161.43,Processed
3836,208362,5333,10/22/2025,Not as Expected,2131.94,Processed
3837,210741,5500,2/26/2025,Damaged Product,2275.24,Approved
3838,204458,5299,4/16/2025,Not as Expected,5245.69,Approved
3839,218332,5255,1/17/2025,Not as Expected,475.84,Approved
3840,217832,5575,4/26/2025,Not as Expected,2590.8,Processed
3841,214039,5891,11/9/2025,Changed Mind,1471.47,Processed
3842,212175,5608,4/24/2025,Late Delivery,2422.01,Approved
3843,201704,5084,8/20/2025,Late Delivery,3579.66,Approved
3844,215037,5226,1/27/2026,Changed Mind,2190.06,Approved
3845,216030,5927,9/17/2025,Late Delivery,3253.19,Approved
3846,212272,5260,11/4/2025,Changed Mind,283.04,Approved
3847,200645,5097,10/17/2025,Late Delivery,765.41,Approved
3848,211043,5875,12/28/2023,Late Delivery,1356.46,Processed
3849,204149,5981,4/17/2025,Not as Expected,7612.39,Approved
3850,200328,5119,1/26/2024,Size Issue,1060.25,Processed
3851,219732,5356,8/6/2024,Damaged Product,1355.35,Approved
3852,201913,5766,1/5/2026,Changed Mind,371.62,Processed
3853,217175,5141,8/19/2025,Not as Expected,358.46,Approved
3854,208546,5764,2/21/2025,Not as Expected,1566.93,Processed
3855,204034,5904,5/11/2025,Late Delivery,531.74,Approved
3856,213121,5208,7/30/2025,Late Delivery,4690.97,Approved
3857,218087,5537,10/2/2025,Changed Mind,1896.65,Approved
3858,218055,5927,1/3/2025,Size Issue,3010.43,Processed
3859,205104,5869,6/19/2025,Not as Expected,669.47,Processed
3860,207410,5327,9/21/2023,Size Issue,916.64,Approved
3861,208990,5664,9/16/2025,Wrong Product,4240.12,Processed
3862,212988,5243,10/6/2025,Wrong Product,4753.03,Approved
3863,216007,5496,7/3/2025,Wrong Product,1974,Approved
3864,211098,5679,12/3/2025,Late Delivery,3929.18,Approved
3865,218533,5603,5/26/2024,Changed Mind,1914.49,Rejected
3866,214295,5430,8/31/2024,Changed Mind,265.98,Approved
3867,202109,5558,11/7/2025,Changed Mind,632.45,Approved
3868,209149,5671,9/15/2025,Not as Expected,2086.14,Approved
3869,200208,5167,5/7/2025,Poor Quality,5923.04,Approved
3870,212438,5667,4/19/2025,Late Delivery,937.37,Approved
3871,216194,5737,5/18/2025,Size Issue,642.69,Approved
3872,203731,5414,8/24/2023,Not as Expected,2314.84,Approved
3873,204938,5482,12/24/2025,Not as Expected,381.9,Processed
3874,209625,5035,3/17/2024,Late Delivery,1434.47,Approved
3875,215175,5906,11/17/2025,Poor Quality,126.57,Approved
3876,203805,5398,12/25/2025,Poor Quality,1532.56,Approved
3877,206579,5939,1/9/2026,Damaged Product,1954.95,Approved
3878,219847,5519,3/9/2025,Wrong Product,97.79,Approved
3879,216265,5574,2/28/2025,Poor Quality,179.49,Approved
3880,216102,5799,10/4/2025,Late Delivery,2928.34,Processed
3881,202834,5248,12/11/2024,Late Delivery,368.07,Processed
3882,219687,5735,6/14/2025,Damaged Product,6507.89,Approved
3883,206884,5063,12/3/2025,Damaged Product,1730.16,Approved
3884,208336,5845,1/6/2025,Not as Expected,541.96,Approved
3885,214263,5671,6/13/2025,Damaged Product,1873.2,Approved
3886,212112,5603,9/17/2025,Poor Quality,901.92,Approved
3887,210675,5561,12/19/2023,Late Delivery,3205.83,Approved
3888,202444,5570,11/19/2024,Changed Mind,6324.36,Approved
3889,207538,5356,9/21/2025,Changed Mind,1229.95,Approved
3890,209443,5453,1/6/2026,Not as Expected,836.96,Rejected
3891,214543,5547,5/12/2025,Changed Mind,2922.44,Processed
3892,215735,5058,12/26/2025,Not as Expected,5158.61,Approved
3893,211602,5552,3/12/2025,Changed Mind,594.33,Approved
3894,216821,5433,1/13/2026,Changed Mind,4420.48,Approved
3895,218633,5960,4/18/2025,Wrong Product,1256.21,Approved
3896,204402,5902,1/23/2025,Changed Mind,15028.09,Processed
3897,207008,5857,1/5/2026,Poor Quality,3533.16,Processed
3898,202690,5192,7/24/2025,Damaged Product,2369.98,Approved
3899,215702,5145,12/7/2025,Late Delivery,6870.1,Rejected
3900,207605,5691,10/10/2024,Not as Expected,1169.94,Approved
3901,218959,5387,12/11/2023,Poor Quality,569.76,Approved
3902,217227,5084,7/5/2025,Late Delivery,893.92,Approved
3903,203103,5764,1/27/2026,Changed Mind,1459.9,Approved
3904,211459,5735,1/15/2026,Poor Quality,1457.56,Processed
3905,213660,5099,12/14/2024,Late Delivery,615.4,Processed
3906,216831,5296,1/5/2025,Changed Mind,78.29,Approved
3907,200804,5866,6/23/2024,Not as Expected,3704.24,Approved
3908,212171,5159,1/4/2024,Size Issue,267.05,Processed
3909,201620,5807,3/27/2024,Changed Mind,8500.7,Approved
3910,219400,5822,8/26/2025,Poor Quality,353.83,Approved
3911,200136,5499,10/8/2025,Poor Quality,1238.8,Approved
3912,204716,5430,2/21/2024,Poor Quality,263.34,Approved
3913,206266,5767,9/23/2023,Damaged Product,742.4,Approved
3914,215984,5757,12/22/2024,Poor Quality,5563.63,Approved
3915,206493,5344,10/27/2025,Size Issue,1932.96,Approved
3916,205174,5017,4/21/2024,Late Delivery,1653.74,Approved
3917,202655,5217,5/15/2025,Changed Mind,4155.54,Processed
3918,208212,5712,11/20/2025,Wrong Product,717.86,Approved
3919,207909,5913,11/30/2025,Wrong Product,263.92,Processed
3920,219444,5782,1/30/2025,Late Delivery,1278.71,Approved
3921,203535,5370,5/19/2025,Size Issue,317.26,Processed
3922,204312,5679,12/8/2025,Not as Expected,784.59,Processed
3923,204368,5492,1/26/2025,Wrong Product,3787.19,Approved
3924,207900,5083,2/28/2025,Changed Mind,708.61,Approved
3925,206303,5099,1/1/2026,Not as Expected,660.01,Processed
3926,208208,5679,11/24/2025,Poor Quality,2217.74,Approved
3927,212939,5324,6/23/2025,Changed Mind,4868.88,Approved
3928,213355,5025,6/26/2025,Size Issue,1585.07,Processed
3929,201424,5812,7/6/2025,Size Issue,1270.07,Approved
3930,210355,5278,8/13/2025,Changed Mind,6266,Approved
3931,208398,5400,12/29/2025,Not as Expected,1205.86,Approved
3932,217422,5160,12/28/2025,Late Delivery,696.84,Approved
3933,212197,5132,5/6/2025,Poor Quality,957.38,Approved
3934,219414,5692,12/12/2025,Not as Expected,2491.06,Processed
3935,214401,5341,5/31/2025,Not as Expected,415.96,Approved
3936,216382,5799,10/13/2023,Wrong Product,2914.88,Processed
3937,202519,5060,3/16/2024,Size Issue,1687.78,Approved
3938,203554,5339,8/16/2023,Late Delivery,579.6,Approved
3939,200999,5686,1/9/2026,Poor Quality,2203.15,Approved
3940,203701,5035,6/30/2024,Not as Expected,507.73,Approved
3941,201629,5790,10/10/2023,Not as Expected,140.49,Approved
3942,210184,5402,9/1/2025,Size Issue,2277.63,Processed
3943,209163,5004,12/3/2023,Late Delivery,7830.26,Approved
3944,202743,5398,7/29/2025,Poor Quality,582.92,Processed
3945,218271,5791,6/22/2025,Not as Expected,421.86,Approved
3946,206531,5525,1/30/2024,Changed Mind,780.16,Approved
3947,213159,5026,1/18/2024,Not as Expected,14575.73,Approved
3948,214518,5943,3/21/2025,Not as Expected,1878.48,Approved
3949,219881,5928,11/3/2025,Not as Expected,1885.43,Approved
3950,211268,5510,1/8/2026,Changed Mind,851.53,Approved
3951,214168,5807,4/17/2025,Size Issue,1732.19,Approved
3952,212788,5947,9/21/2024,Changed Mind,4677.02,Processed
3953,214218,5596,9/13/2025,Poor Quality,1317.87,Approved
3954,207100,5425,9/14/2025,Changed Mind,1811.61,Approved
3955,201665,5171,8/26/2024,Poor Quality,3541.84,Approved
3956,218439,5135,7/10/2024,Late Delivery,2254.5,Processed
3957,213035,5788,7/11/2025,Not as Expected,2825.2,Approved
3958,218938,5153,11/6/2023,Size Issue,744.78,Approved
3959,209276,5382,11/19/2025,Changed Mind,385.62,Processed
3960,200716,5765,6/29/2025,Late Delivery,2282.22,Approved
3961,216751,5859,7/29/2024,Not as Expected,845.24,Approved
3962,203096,5333,1/12/2026,Changed Mind,701.62,Approved
3963,219225,5600,12/30/2025,Late Delivery,397.6,Approved
3964,211947,5204,5/1/2024,Poor Quality,2564.09,Approved
3965,217273,5533,12/29/2025,Changed Mind,82.5,Processed
3966,206351,5266,1/31/2025,Size Issue,2326.59,Processed
3967,215649,5392,12/29/2025,Changed Mind,2274.27,Rejected
3968,211981,5115,4/12/2025,Not as Expected,1486.14,Approved
3969,215438,5990,1/4/2025,Not as Expected,1141.2,Rejected
3970,200195,5054,6/14/2024,Late Delivery,4304.73,Approved
3971,206267,5656,5/13/2025,Poor Quality,2796.76,Approved
3972,219718,5948,5/11/2025,Not as Expected,1689.62,Approved
3973,211716,5451,12/24/2025,Not as Expected,7891.2,Approved
3974,200319,5412,12/29/2025,Not as Expected,1857.44,Approved
3975,217517,5259,6/26/2024,Wrong Product,251.92,Approved
3976,209160,5574,12/28/2025,Not as Expected,198.72,Approved
3977,206771,5288,12/27/2025,Not as Expected,2838.35,Approved
3978,212719,5051,9/20/2025,Damaged Product,3047.86,Approved
3979,208424,5944,9/24/2023,Poor Quality,289.87,Approved
3980,203439,5478,5/17/2025,Changed Mind,459.91,Approved
3981,210730,5314,1/5/2026,Not as Expected,2481.85,Approved
3982,204389,5343,9/15/2025,Late Delivery,1946.74,Processed
3983,208066,5414,5/28/2023,Not as Expected,457.33,Approved
3984,209045,5756,9/12/2025,Changed Mind,949.62,Approved
3985,211073,5893,8/8/2025,Not as Expected,2333.49,Processed
3986,218071,5807,2/8/2025,Size Issue,1666.98,Approved
3987,216722,5698,7/24/2025,Not as Expected,491.92,Approved
3988,216686,5123,10/18/2024,Not as Expected,319.13,Approved
3989,213891,5004,10/13/2025,Not as Expected,21552.78,Approved
3990,211539,5358,6/10/2025,Late Delivery,5975.25,Approved
3991,215988,5068,10/7/2023,Size Issue,1881.08,Approved
3992,205280,5704,3/5/2024,Size Issue,27189.52,Processed
3993,217821,5684,1/5/2026,Late Delivery,1200.68,Approved
3994,211526,5695,12/18/2025,Changed Mind,19986.51,Approved
3995,204007,5693,9/7/2025,Not as Expected,831.71,Processed
3996,207589,5743,7/19/2025,Damaged Product,512.84,Approved
3997,206786,5085,4/7/2023,Not as Expected,1315.24,Rejected
3998,216610,5655,11/29/2025,Not as Expected,342.65,Approved
3999,211921,5717,6/4/2025,Wrong Product,469.69,Processed
4000,215474,5957,7/13/2025,Damaged Product,587.36,Processed
